{
    "variants": {
        "": [
		{ "model": "block/bushy_leaves/oak_leaves1" },
		{ "model": "block/bushy_leaves/oak_leaves2" },
		{ "model": "block/bushy_leaves/oak_leaves3" },
		{ "model": "block/bushy_leaves/oak_leaves4" },
		{ "model": "block/bushy_leaves/oak_leaves5" },
		{ "model": "block/bushy_leaves/oak_leaves6" },
		{ "model": "block/bushy_leaves/oak_leaves7" },
		{ "model": "block/bushy_leaves/oak_leaves8" },
		{ "model": "block/bushy_leaves/oak_leaves9" }
		]
    }
}
