{
	"credit": "Made with Blockbench",
	"textures": {
		"4": "block/cake_side",
		"5": "block/stripped_dark_oak_log_top",
		"6": "block/stripped_dark_oak_log",
		"7": "block/cake_inner",
		"particle": "block/stripped_dark_oak_log_top",
		"top": "block/cake_top"
	},
	"elements": [
		{
			"from": [1, 0, 1],
			"to": [15, 1, 15],
			"faces": {
				"north": {"uv": [0, 0, 14, 1], "texture": "#6"},
				"east": {"uv": [0, 0, 14, 1], "texture": "#6"},
				"south": {"uv": [0, 0, 14, 1], "texture": "#6"},
				"west": {"uv": [0, 0, 14, 1], "texture": "#6"},
				"up": {"uv": [0, 0, 14, 14], "texture": "#6"},
				"down": {"uv": [0, 0, 14, 14], "texture": "#6"}
			}
		},
		{
			"from": [0, 0, 1],
			"to": [1, 2, 15],
			"faces": {
				"north": {"uv": [0, 0, 1, 2], "texture": "#6"},
				"east": {"uv": [0, 0, 14, 2], "texture": "#6"},
				"south": {"uv": [0, 0, 1, 2], "texture": "#6"},
				"west": {"uv": [0, 0, 14, 2], "texture": "#6"},
				"up": {"uv": [0, 0, 1, 14], "texture": "#6"},
				"down": {"uv": [0, 0, 1, 14], "texture": "#6"}
			}
		},
		{
			"from": [15, 0, 1],
			"to": [16, 2, 15],
			"faces": {
				"north": {"uv": [0, 0, 1, 2], "texture": "#6"},
				"east": {"uv": [0, 0, 14, 2], "texture": "#6"},
				"south": {"uv": [0, 0, 1, 2], "texture": "#6"},
				"west": {"uv": [0, 0, 14, 2], "texture": "#6"},
				"up": {"uv": [0, 0, 1, 14], "texture": "#6"},
				"down": {"uv": [0, 0, 1, 14], "texture": "#6"}
			}
		},
		{
			"from": [1, 0, 0],
			"to": [15, 2, 1],
			"faces": {
				"north": {"uv": [0, 0, 14, 2], "texture": "#6"},
				"east": {"uv": [0, 0, 1, 2], "texture": "#6"},
				"south": {"uv": [0, 0, 14, 2], "texture": "#6"},
				"west": {"uv": [0, 0, 1, 2], "texture": "#6"},
				"up": {"uv": [0, 0, 14, 1], "texture": "#6"},
				"down": {"uv": [0, 0, 14, 1], "texture": "#6"}
			}
		},
		{
			"from": [1, 0, 15],
			"to": [15, 2, 16],
			"faces": {
				"north": {"uv": [0, 0, 14, 2], "texture": "#6"},
				"east": {"uv": [0, 0, 1, 2], "texture": "#6"},
				"south": {"uv": [0, 0, 14, 2], "texture": "#6"},
				"west": {"uv": [0, 0, 1, 2], "texture": "#6"},
				"up": {"uv": [0, 0, 14, 1], "texture": "#6"},
				"down": {"uv": [0, 0, 14, 1], "texture": "#6"}
			}
		},
		{
			"from": [0, 2, 1],
			"to": [1, 3, 15],
			"faces": {
				"north": {"uv": [0, 0, 1, 1], "texture": "#5"},
				"east": {"uv": [0, 0, 14, 1], "texture": "#5"},
				"south": {"uv": [0, 0, 1, 1], "texture": "#5"},
				"west": {"uv": [0, 0, 14, 1], "texture": "#5"},
				"up": {"uv": [0, 0, 1, 14], "texture": "#5"},
				"down": {"uv": [0, 0, 1, 14], "texture": "#5"}
			}
		},
		{
			"from": [1, 2, 0],
			"to": [15, 3, 1],
			"faces": {
				"north": {"uv": [0, 0, 14, 1], "texture": "#5"},
				"east": {"uv": [0, 0, 1, 1], "texture": "#5"},
				"south": {"uv": [0, 0, 14, 1], "texture": "#5"},
				"west": {"uv": [0, 0, 1, 1], "texture": "#5"},
				"up": {"uv": [0, 0, 14, 1], "texture": "#5"},
				"down": {"uv": [0, 0, 14, 1], "texture": "#5"}
			}
		},
		{
			"from": [15, 2, 1],
			"to": [16, 3, 15],
			"faces": {
				"north": {"uv": [0, 0, 1, 1], "texture": "#5"},
				"east": {"uv": [0, 0, 14, 1], "texture": "#5"},
				"south": {"uv": [0, 0, 1, 1], "texture": "#5"},
				"west": {"uv": [0, 0, 14, 1], "texture": "#5"},
				"up": {"uv": [0, 0, 1, 14], "texture": "#5"},
				"down": {"uv": [0, 0, 1, 14], "texture": "#5"}
			}
		},
		{
			"from": [1, 2, 15],
			"to": [15, 3, 16],
			"faces": {
				"north": {"uv": [0, 0, 14, 1], "texture": "#5"},
				"east": {"uv": [0, 0, 1, 1], "texture": "#5"},
				"south": {"uv": [0, 0, 14, 1], "texture": "#5"},
				"west": {"uv": [0, 0, 1, 1], "texture": "#5"},
				"up": {"uv": [0, 0, 14, 1], "texture": "#5"},
				"down": {"uv": [0, 0, 14, 1], "texture": "#5"}
			}
		},
		{
			"from": [8, 1, 6],
			"to": [10, 5, 10],
			"faces": {
				"north": {"uv": [3, 10, 5, 14], "texture": "#4"},
				"east": {"uv": [1, 10, 5, 14], "texture": "#4"},
				"south": {"uv": [8, 10, 10, 14], "texture": "#4"},
				"west": {"uv": [8, 8, 12, 12], "texture": "#7"},
				"up": {"uv": [1, 4, 3, 8], "texture": "#top"},
				"down": {"uv": [11, 8, 15, 12], "texture": "#4"}
			}
		},
		{
			"from": [0, 5, 6],
			"to": [1, 6, 10],
			"faces": {
				"north": {"uv": [0, 0, 1, 1], "texture": "#5"},
				"east": {"uv": [0, 0, 4, 1], "texture": "#5"},
				"south": {"uv": [0, 0, 1, 1], "texture": "#5"},
				"west": {"uv": [0, 0, 4, 1], "texture": "#5"},
				"up": {"uv": [0, 0, 1, 4], "texture": "#5"},
				"down": {"uv": [0, 0, 1, 4], "texture": "#5"}
			}
		},
		{
			"from": [0, 3, 5],
			"to": [1, 5, 6],
			"faces": {
				"north": {"uv": [0, 0, 1, 2], "texture": "#5"},
				"east": {"uv": [0, 0, 1, 2], "texture": "#5"},
				"south": {"uv": [0, 0, 1, 2], "texture": "#5"},
				"west": {"uv": [0, 0, 1, 2], "texture": "#5"},
				"up": {"uv": [0, 0, 1, 1], "texture": "#5"},
				"down": {"uv": [0, 0, 1, 1], "texture": "#5"}
			}
		},
		{
			"from": [0, 3, 10],
			"to": [1, 5, 11],
			"faces": {
				"north": {"uv": [0, 0, 1, 2], "texture": "#5"},
				"east": {"uv": [0, 0, 1, 2], "texture": "#5"},
				"south": {"uv": [0, 0, 1, 2], "texture": "#5"},
				"west": {"uv": [0, 0, 1, 2], "texture": "#5"},
				"up": {"uv": [0, 0, 1, 1], "texture": "#5"},
				"down": {"uv": [0, 0, 1, 1], "texture": "#5"}
			}
		},
		{
			"from": [15, 3, 10],
			"to": [16, 5, 11],
			"faces": {
				"north": {"uv": [0, 0, 1, 2], "texture": "#5"},
				"east": {"uv": [0, 0, 1, 2], "texture": "#5"},
				"south": {"uv": [0, 0, 1, 2], "texture": "#5"},
				"west": {"uv": [0, 0, 1, 2], "texture": "#5"},
				"up": {"uv": [0, 0, 1, 1], "texture": "#5"},
				"down": {"uv": [0, 0, 1, 1], "texture": "#5"}
			}
		},
		{
			"from": [15, 5, 6],
			"to": [16, 6, 10],
			"faces": {
				"north": {"uv": [0, 0, 1, 1], "texture": "#5"},
				"east": {"uv": [0, 0, 4, 1], "texture": "#5"},
				"south": {"uv": [0, 0, 1, 1], "texture": "#5"},
				"west": {"uv": [0, 0, 4, 1], "texture": "#5"},
				"up": {"uv": [0, 0, 1, 4], "texture": "#5"},
				"down": {"uv": [0, 0, 1, 4], "texture": "#5"}
			}
		},
		{
			"from": [15, 3, 5],
			"to": [16, 5, 6],
			"faces": {
				"north": {"uv": [0, 0, 1, 2], "texture": "#5"},
				"east": {"uv": [0, 0, 1, 2], "texture": "#5"},
				"south": {"uv": [0, 0, 1, 2], "texture": "#5"},
				"west": {"uv": [0, 0, 1, 2], "texture": "#5"},
				"up": {"uv": [0, 0, 1, 1], "texture": "#5"},
				"down": {"uv": [0, 0, 1, 1], "texture": "#5"}
			}
		}
	]
}