{
	"credit": "Made with Blockbench",
	"textures": {
		"3": "block/cake_bottom",
		"4": "block/cake_side",
		"5": "block/stripped_dark_oak_log_top",
		"6": "block/stripped_dark_oak_log",
		"top": "block/cake_top",
		"particle": "block/stripped_dark_oak_log_top"
	},
	"elements": [
		{
			"from": [1, 0, 1],
			"to": [15, 1, 15],
			"faces": {
				"north": {"uv": [0, 0, 14, 1], "texture": "#6"},
				"east": {"uv": [0, 0, 14, 1], "texture": "#6"},
				"south": {"uv": [0, 0, 14, 1], "texture": "#6"},
				"west": {"uv": [0, 0, 14, 1], "texture": "#6"},
				"up": {"uv": [0, 0, 14, 14], "texture": "#6"},
				"down": {"uv": [0, 0, 14, 14], "texture": "#6"}
			}
		},
		{
			"from": [0, 0, 1],
			"to": [1, 2, 15],
			"faces": {
				"north": {"uv": [0, 0, 1, 2], "texture": "#6"},
				"east": {"uv": [0, 0, 14, 2], "texture": "#6"},
				"south": {"uv": [0, 0, 1, 2], "texture": "#6"},
				"west": {"uv": [0, 0, 14, 2], "texture": "#6"},
				"up": {"uv": [0, 0, 1, 14], "texture": "#6"},
				"down": {"uv": [0, 0, 1, 14], "texture": "#6"}
			}
		},
		{
			"from": [15, 0, 1],
			"to": [16, 2, 15],
			"faces": {
				"north": {"uv": [0, 0, 1, 2], "texture": "#6"},
				"east": {"uv": [0, 0, 14, 2], "texture": "#6"},
				"south": {"uv": [0, 0, 1, 2], "texture": "#6"},
				"west": {"uv": [0, 0, 14, 2], "texture": "#6"},
				"up": {"uv": [0, 0, 1, 14], "texture": "#6"},
				"down": {"uv": [0, 0, 1, 14], "texture": "#6"}
			}
		},
		{
			"from": [1, 0, 0],
			"to": [15, 2, 1],
			"faces": {
				"north": {"uv": [0, 0, 14, 2], "texture": "#6"},
				"east": {"uv": [0, 0, 1, 2], "texture": "#6"},
				"south": {"uv": [0, 0, 14, 2], "texture": "#6"},
				"west": {"uv": [0, 0, 1, 2], "texture": "#6"},
				"up": {"uv": [0, 0, 14, 1], "texture": "#6"},
				"down": {"uv": [0, 0, 14, 1], "texture": "#6"}
			}
		},
		{
			"from": [1, 0, 15],
			"to": [15, 2, 16],
			"faces": {
				"north": {"uv": [0, 0, 14, 2], "texture": "#6"},
				"east": {"uv": [0, 0, 1, 2], "texture": "#6"},
				"south": {"uv": [0, 0, 14, 2], "texture": "#6"},
				"west": {"uv": [0, 0, 1, 2], "texture": "#6"},
				"up": {"uv": [0, 0, 14, 1], "texture": "#6"},
				"down": {"uv": [0, 0, 14, 1], "texture": "#6"}
			}
		},
		{
			"from": [0, 2, 1],
			"to": [1, 3, 15],
			"faces": {
				"north": {"uv": [0, 0, 1, 1], "texture": "#5"},
				"east": {"uv": [0, 0, 14, 1], "texture": "#5"},
				"south": {"uv": [0, 0, 1, 1], "texture": "#5"},
				"west": {"uv": [0, 0, 14, 1], "texture": "#5"},
				"up": {"uv": [0, 0, 1, 14], "texture": "#5"},
				"down": {"uv": [0, 0, 1, 14], "texture": "#5"}
			}
		},
		{
			"from": [1, 2, 0],
			"to": [15, 3, 1],
			"faces": {
				"north": {"uv": [0, 0, 14, 1], "texture": "#5"},
				"east": {"uv": [0, 0, 1, 1], "texture": "#5"},
				"south": {"uv": [0, 0, 14, 1], "texture": "#5"},
				"west": {"uv": [0, 0, 1, 1], "texture": "#5"},
				"up": {"uv": [0, 0, 14, 1], "texture": "#5"},
				"down": {"uv": [0, 0, 14, 1], "texture": "#5"}
			}
		},
		{
			"from": [15, 2, 1],
			"to": [16, 3, 15],
			"faces": {
				"north": {"uv": [0, 0, 1, 1], "texture": "#5"},
				"east": {"uv": [0, 0, 14, 1], "texture": "#5"},
				"south": {"uv": [0, 0, 1, 1], "texture": "#5"},
				"west": {"uv": [0, 0, 14, 1], "texture": "#5"},
				"up": {"uv": [0, 0, 1, 14], "texture": "#5"},
				"down": {"uv": [0, 0, 1, 14], "texture": "#5"}
			}
		},
		{
			"from": [1, 2, 15],
			"to": [15, 3, 16],
			"faces": {
				"north": {"uv": [0, 0, 14, 1], "texture": "#5"},
				"east": {"uv": [0, 0, 1, 1], "texture": "#5"},
				"south": {"uv": [0, 0, 14, 1], "texture": "#5"},
				"west": {"uv": [0, 0, 1, 1], "texture": "#5"},
				"up": {"uv": [0, 0, 14, 1], "texture": "#5"},
				"down": {"uv": [0, 0, 14, 1], "texture": "#5"}
			}
		},
		{
			"from": [6, 1, 6],
			"to": [10, 5, 10],
			"faces": {
				"north": {"uv": [3, 10, 7, 14], "texture": "#4"},
				"east": {"uv": [1, 10, 5, 14], "texture": "#4"},
				"south": {"uv": [6, 10, 10, 14], "texture": "#4"},
				"west": {"uv": [4, 10, 8, 14], "texture": "#4"},
				"up": {"uv": [1, 4, 5, 8], "texture": "#top"},
				"down": {"uv": [11, 8, 15, 12], "texture": "#4"}
			}
		},
		{
			"from": [2, 1, 11],
			"to": [5, 2, 14],
			"faces": {
				"north": {"uv": [4, 10, 7, 11], "texture": "#3"},
				"east": {"uv": [12, 3, 15, 4], "texture": "#3"},
				"south": {"uv": [11, 8, 14, 9], "texture": "#3"},
				"west": {"uv": [6, 8, 9, 9], "texture": "#3"},
				"up": {"uv": [6, 2, 9, 5], "texture": "#3"},
				"down": {"uv": [2, 5, 5, 8], "texture": "#3"}
			}
		},
		{
			"from": [11, 1, 2],
			"to": [14, 2, 5],
			"faces": {
				"north": {"uv": [4, 10, 7, 11], "texture": "#3"},
				"east": {"uv": [12, 3, 15, 4], "texture": "#3"},
				"south": {"uv": [11, 8, 14, 9], "texture": "#3"},
				"west": {"uv": [6, 8, 9, 9], "texture": "#3"},
				"up": {"uv": [6, 2, 9, 5], "texture": "#3"},
				"down": {"uv": [2, 5, 5, 8], "texture": "#3"}
			}
		},
		{
			"from": [2, 3, 11],
			"to": [5, 4, 14],
			"faces": {
				"north": {"uv": [4, 10, 7, 11], "texture": "#3"},
				"east": {"uv": [12, 3, 15, 4], "texture": "#3"},
				"south": {"uv": [11, 8, 14, 9], "texture": "#3"},
				"west": {"uv": [6, 8, 9, 9], "texture": "#3"},
				"up": {"uv": [6, 2, 9, 5], "texture": "#3"},
				"down": {"uv": [2, 5, 5, 8], "texture": "#3"}
			}
		},
		{
			"from": [11, 3, 2],
			"to": [14, 4, 5],
			"faces": {
				"north": {"uv": [4, 10, 7, 11], "texture": "#3"},
				"east": {"uv": [12, 3, 15, 4], "texture": "#3"},
				"south": {"uv": [11, 8, 14, 9], "texture": "#3"},
				"west": {"uv": [6, 8, 9, 9], "texture": "#3"},
				"up": {"uv": [6, 2, 9, 5], "texture": "#3"},
				"down": {"uv": [2, 5, 5, 8], "texture": "#3"}
			}
		},
		{
			"from": [2, 4, 11],
			"to": [5, 5, 14],
			"faces": {
				"north": {"uv": [1, 9, 4, 10], "texture": "#4"},
				"east": {"uv": [12, 10, 15, 11], "texture": "#4"},
				"south": {"uv": [12, 9, 15, 10], "texture": "#4"},
				"west": {"uv": [8, 10, 11, 11], "texture": "#4"},
				"up": {"uv": [12, 8, 15, 11], "texture": "#4"},
				"down": {"uv": [11, 8, 14, 11], "texture": "#4"}
			}
		},
		{
			"from": [11, 4, 2],
			"to": [14, 5, 5],
			"faces": {
				"north": {"uv": [1, 10, 4, 11], "texture": "#4"},
				"east": {"uv": [12, 8, 15, 9], "texture": "#4"},
				"south": {"uv": [11, 10, 14, 11], "texture": "#4"},
				"west": {"uv": [7, 10, 10, 11], "texture": "#4"},
				"up": {"uv": [12, 8, 15, 11], "texture": "#4"},
				"down": {"uv": [11, 8, 14, 11], "texture": "#4"}
			}
		},
		{
			"from": [11, 2, 2],
			"to": [14, 3, 5],
			"faces": {
				"north": {"uv": [4, 10, 7, 11], "texture": "#top"},
				"east": {"uv": [11, 2, 14, 3], "texture": "#top"},
				"south": {"uv": [11, 9, 14, 10], "texture": "#top"},
				"west": {"uv": [12, 9, 15, 10], "texture": "#top"},
				"up": {"uv": [6, 2, 9, 5], "texture": "#top"},
				"down": {"uv": [2, 5, 5, 8], "texture": "#top"}
			}
		},
		{
			"from": [2, 2, 11],
			"to": [5, 3, 14],
			"faces": {
				"north": {"uv": [4, 11, 7, 12], "texture": "#top"},
				"east": {"uv": [11, 2, 14, 3], "texture": "#top"},
				"south": {"uv": [11, 8, 14, 9], "texture": "#top"},
				"west": {"uv": [11, 5, 14, 6], "texture": "#top"},
				"up": {"uv": [6, 2, 9, 5], "texture": "#top"},
				"down": {"uv": [2, 5, 5, 8], "texture": "#top"}
			}
		},
		{
			"from": [7, 5, 7],
			"to": [8, 5.5, 8],
			"faces": {
				"north": {"uv": [7, 8, 8, 9], "texture": "#top"},
				"east": {"uv": [8, 9, 9, 10], "texture": "#top"},
				"south": {"uv": [13, 9, 14, 10], "texture": "#top"},
				"west": {"uv": [9, 8, 10, 9], "texture": "#top"},
				"up": {"uv": [9, 7, 10, 8], "texture": "#top"},
				"down": {"uv": [6, 7, 7, 8], "texture": "#top"}
			}
		},
		{
			"from": [12, 5, 3],
			"to": [13, 5.5, 4],
			"faces": {
				"north": {"uv": [7, 8, 8, 9], "texture": "#top"},
				"east": {"uv": [8, 9, 9, 10], "texture": "#top"},
				"south": {"uv": [13, 9, 14, 10], "texture": "#top"},
				"west": {"uv": [9, 8, 10, 9], "texture": "#top"},
				"up": {"uv": [9, 7, 10, 8], "texture": "#top"},
				"down": {"uv": [6, 7, 7, 8], "texture": "#top"}
			}
		},
		{
			"from": [4, 5, 12],
			"to": [5, 5.5, 13],
			"faces": {
				"north": {"uv": [7, 8, 8, 9], "texture": "#top"},
				"east": {"uv": [8, 9, 9, 10], "texture": "#top"},
				"south": {"uv": [13, 9, 14, 10], "texture": "#top"},
				"west": {"uv": [9, 8, 10, 9], "texture": "#top"},
				"up": {"uv": [9, 7, 10, 8], "texture": "#top"},
				"down": {"uv": [6, 7, 7, 8], "texture": "#top"}
			}
		},
		{
			"from": [0, 5, 6],
			"to": [1, 6, 10],
			"faces": {
				"north": {"uv": [0, 0, 1, 1], "texture": "#5"},
				"east": {"uv": [0, 0, 4, 1], "texture": "#5"},
				"south": {"uv": [0, 0, 1, 1], "texture": "#5"},
				"west": {"uv": [0, 0, 4, 1], "texture": "#5"},
				"up": {"uv": [0, 0, 1, 4], "texture": "#5"},
				"down": {"uv": [0, 0, 1, 4], "texture": "#5"}
			}
		},
		{
			"from": [0, 3, 5],
			"to": [1, 5, 6],
			"faces": {
				"north": {"uv": [0, 0, 1, 2], "texture": "#5"},
				"east": {"uv": [0, 0, 1, 2], "texture": "#5"},
				"south": {"uv": [0, 0, 1, 2], "texture": "#5"},
				"west": {"uv": [0, 0, 1, 2], "texture": "#5"},
				"up": {"uv": [0, 0, 1, 1], "texture": "#5"},
				"down": {"uv": [0, 0, 1, 1], "texture": "#5"}
			}
		},
		{
			"from": [0, 3, 10],
			"to": [1, 5, 11],
			"faces": {
				"north": {"uv": [0, 0, 1, 2], "texture": "#5"},
				"east": {"uv": [0, 0, 1, 2], "texture": "#5"},
				"south": {"uv": [0, 0, 1, 2], "texture": "#5"},
				"west": {"uv": [0, 0, 1, 2], "texture": "#5"},
				"up": {"uv": [0, 0, 1, 1], "texture": "#5"},
				"down": {"uv": [0, 0, 1, 1], "texture": "#5"}
			}
		},
		{
			"from": [15, 3, 10],
			"to": [16, 5, 11],
			"faces": {
				"north": {"uv": [0, 0, 1, 2], "texture": "#5"},
				"east": {"uv": [0, 0, 1, 2], "texture": "#5"},
				"south": {"uv": [0, 0, 1, 2], "texture": "#5"},
				"west": {"uv": [0, 0, 1, 2], "texture": "#5"},
				"up": {"uv": [0, 0, 1, 1], "texture": "#5"},
				"down": {"uv": [0, 0, 1, 1], "texture": "#5"}
			}
		},
		{
			"from": [15, 5, 6],
			"to": [16, 6, 10],
			"faces": {
				"north": {"uv": [0, 0, 1, 1], "texture": "#5"},
				"east": {"uv": [0, 0, 4, 1], "texture": "#5"},
				"south": {"uv": [0, 0, 1, 1], "texture": "#5"},
				"west": {"uv": [0, 0, 4, 1], "texture": "#5"},
				"up": {"uv": [0, 0, 1, 4], "texture": "#5"},
				"down": {"uv": [0, 0, 1, 4], "texture": "#5"}
			}
		},
		{
			"from": [15, 3, 5],
			"to": [16, 5, 6],
			"faces": {
				"north": {"uv": [0, 0, 1, 2], "texture": "#5"},
				"east": {"uv": [0, 0, 1, 2], "texture": "#5"},
				"south": {"uv": [0, 0, 1, 2], "texture": "#5"},
				"west": {"uv": [0, 0, 1, 2], "texture": "#5"},
				"up": {"uv": [0, 0, 1, 1], "texture": "#5"},
				"down": {"uv": [0, 0, 1, 1], "texture": "#5"}
			}
		}
	]
}