{
	"credit": "AlexTestria | https://alex-bauerndistel.de",
	"textures": {
		"particle": "#0"
	},
	"elements": [
		{
			"from": [0, 0.075, 0],
			"to": [16, 10.6666, 1],
			"faces": {
				"north": {"uv": [0, 10.6166, 16, 0], "texture": "#0", "cullface": "north"},
				"east": {"uv": [15, 10.6166, 16, 0], "texture": "#0", "cullface": "east"},
				"south": {"uv": [0, 0, 16, 10.6166], "texture": "#0", "cullface": "down"},
				"west": {"uv": [0, 10.6166, 1, 0], "texture": "#0", "cullface": "west"}
			}
		},
		{
			"from": [15, 0.075, 1],
			"to": [16, 10.6666, 15],
			"faces": {
				"east": {"uv": [1, 10.6166, 15, 0], "texture": "#0", "cullface": "east"},
				"west": {"uv": [0, 0, 14, 10.6166], "texture": "#0", "cullface": "down"}
			}
		},
		{
			"from": [0, 0.075, 1],
			"to": [1, 10.6666, 15],
			"faces": {
				"east": {"uv": [0, 0, 14, 10.6166], "texture": "#0", "cullface": "down"},
				"west": {"uv": [1, 10.6166, 15, 0], "texture": "#0", "cullface": "west"}
			}
		},
		{
			"from": [0, 0.075, 15],
			"to": [16, 10.6666, 16],
			"faces": {
				"north": {"uv": [0, 0, 16, 10.6166], "texture": "#0", "cullface": "down"},
				"east": {"uv": [0, 10.6166, 1, 0], "texture": "#0", "cullface": "east"},
				"south": {"uv": [0, 10.6166, 16, 0], "texture": "#0", "cullface": "south"},
				"west": {"uv": [15, 10.6166, 16, 0], "texture": "#0", "cullface": "west"}
			}
		},
		{
			"from": [0, 0, 1],
			"to": [1, 0.075, 15],
			"faces": {
				"east": {"uv": [0, 0, 14, 0.075], "texture": "#1", "cullface": "down"},
				"west": {"uv": [0, 0, 14, 0.075], "texture": "#1", "cullface": "west"},
				"down": {"uv": [0, 0, 1, 14], "texture": "#1", "cullface": "down"}
			}
		},
		{
			"from": [0, 0, 0],
			"to": [16, 0.075, 1],
			"faces": {
				"north": {"uv": [0, 0, 16, 0.075], "texture": "#1", "cullface": "north"},
				"east": {"uv": [0, 0, 1, 0.075], "texture": "#1", "cullface": "east"},
				"south": {"uv": [0, 0, 16, 0.075], "texture": "#1", "cullface": "down"},
				"west": {"uv": [0, 0, 1, 0.075], "texture": "#1", "cullface": "west"},
				"down": {"uv": [0, 0, 16, 1], "texture": "#1", "cullface": "down"}
			}
		},
		{
			"from": [0, 0, 15],
			"to": [16, 0.075, 16],
			"faces": {
				"north": {"uv": [0, 0, 16, 0.075], "texture": "#1", "cullface": "down"},
				"east": {"uv": [0, 0, 1, 0.075], "texture": "#1", "cullface": "east"},
				"south": {"uv": [0, 0, 16, 0.075], "texture": "#1", "cullface": "south"},
				"west": {"uv": [0, 0, 1, 0.075], "texture": "#1", "cullface": "west"},
				"down": {"uv": [0, 0, 16, 1], "texture": "#1", "cullface": "down"}
			}
		},
		{
			"from": [15, 0, 1],
			"to": [16, 0.075, 15],
			"faces": {
				"east": {"uv": [0, 0, 14, 0.075], "texture": "#1", "cullface": "east"},
				"west": {"uv": [0, 0, 14, 0.075], "texture": "#1", "cullface": "down"},
				"down": {"uv": [0, 0, 1, 14], "texture": "#1", "cullface": "down"}
			}
		},
		{
			"from": [0, 10.6666, 0],
			"to": [16, 10.7416, 16],
			"faces": {
				"north": {"uv": [0, 0, 15.5, 0.05], "texture": "#1", "cullface": "north"},
				"east": {"uv": [0, 0, 15.5, 0.05], "texture": "#1", "cullface": "east"},
				"south": {"uv": [0, 0, 15.5, 0.05], "texture": "#1", "cullface": "south"},
				"west": {"uv": [0, 0, 15.5, 0.05], "texture": "#1", "cullface": "west"},
				"down": {"uv": [0, 0, 15.5, 15.5], "texture": "#1", "cullface": "down"}
			}
		},
		{
			"from": [0, 10.7416, 0],
			"to": [16, 13.3332, 16],
			"rotation": {"angle": 0, "axis": "y", "origin": [0, 10.6532, 0]},
			"faces": {
				"north": {"uv": [0, 0, 16, 2.6166], "texture": "#0", "cullface": "north"},
				"east": {"uv": [0, 0, 16, 2.6166], "texture": "#0", "cullface": "east"},
				"south": {"uv": [0, 0, 16, 2.6166], "texture": "#0", "cullface": "south"},
				"west": {"uv": [0, 0, 16, 2.6166], "texture": "#0", "cullface": "west"}
			}
		},
		{
			"from": [0, 13.3332, 0],
			"to": [16, 13.4082, 16],
			"rotation": {"angle": 0, "axis": "y", "origin": [0, 10.6532, 0]},
			"faces": {
				"north": {"uv": [0, 0, 15.5, 0.05], "texture": "#1", "cullface": "north"},
				"east": {"uv": [0, 0, 15.5, 0.05], "texture": "#1", "cullface": "east"},
				"south": {"uv": [0, 0, 15.5, 0.05], "texture": "#1", "cullface": "south"},
				"west": {"uv": [0, 0, 15.5, 0.05], "texture": "#1", "cullface": "west"}
			}
		},
		{
			"from": [0, 13.4082, 0],
			"to": [16, 16, 16],
			"rotation": {"angle": 0, "axis": "y", "origin": [0, 13.3332, 0]},
			"faces": {
				"north": {"uv": [0, 0, 16, 2.6168], "texture": "#0", "cullface": "north"},
				"east": {"uv": [0, 0, 16, 2.6168], "texture": "#0", "cullface": "east"},
				"south": {"uv": [0, 0, 16, 2.6168], "texture": "#0", "cullface": "south"},
				"west": {"uv": [0, 0, 16, 2.6168], "texture": "#0", "cullface": "west"},
				"up": {"uv": [0, 0, 16, 16], "texture": "#0", "cullface": "up"}
			}
		},
		{
			"name": "octagon",
			"from": [6.55025, 0.075, 4.5],
			"to": [9.44975, 10.75, 5.5],
			"rotation": {"angle": 22.5, "axis": "y", "origin": [8, 8, 8]},
			"faces": {
				"north": {"uv": [0, 0, 2.89949, 10.675], "texture": "#0", "cullface": "down"},
				"south": {"uv": [0, 0, 2.89949, 10.675], "texture": "#0", "cullface": "down"},
				"down": {"uv": [0, 0, 2.89949, 1], "texture": "#0", "cullface": "down"}
			}
		},
		{
			"name": "octagon",
			"from": [6.55025, 0.075, 4.5],
			"to": [9.44975, 10.75, 5.5],
			"rotation": {"angle": -22.5, "axis": "y", "origin": [8, 8, 8]},
			"faces": {
				"north": {"uv": [0, 0, 2.89949, 10.675], "texture": "#0", "cullface": "down"},
				"south": {"uv": [0, 0, 2.89949, 10.675], "texture": "#0", "cullface": "down"},
				"down": {"uv": [0, 0, 2.89949, 1], "texture": "#0", "cullface": "down"}
			}
		},
		{
			"name": "octagon",
			"from": [6.55025, 0.075, 10.5],
			"to": [9.44975, 10.75, 11.5],
			"rotation": {"angle": 22.5, "axis": "y", "origin": [8, 8, 8]},
			"faces": {
				"north": {"uv": [0, 0, 2.89949, 10.675], "texture": "#0", "cullface": "down"},
				"south": {"uv": [0, 0, 2.89949, 10.675], "texture": "#0", "cullface": "down"},
				"down": {"uv": [0, 0, 2.89949, 1], "texture": "#0", "cullface": "down"}
			}
		},
		{
			"name": "octagon",
			"from": [6.55025, 0.075, 10.5],
			"to": [9.44975, 10.75, 11.5],
			"rotation": {"angle": -22.5, "axis": "y", "origin": [8, 8, 8]},
			"faces": {
				"north": {"uv": [0, 0, 2.89949, 10.675], "texture": "#0", "cullface": "down"},
				"south": {"uv": [0, 0, 2.89949, 10.675], "texture": "#0", "cullface": "down"},
				"down": {"uv": [0, 0, 2.89949, 1], "texture": "#0", "cullface": "down"}
			}
		},
		{
			"name": "octagon",
			"from": [4.5, 0.075, 6.55025],
			"to": [5.5, 10.75, 9.44975],
			"rotation": {"angle": 22.5, "axis": "y", "origin": [8, 8, 8]},
			"faces": {
				"east": {"uv": [0, 0, 2.89949, 10.675], "texture": "#0", "cullface": "down"},
				"west": {"uv": [0, 0, 2.89949, 10.675], "texture": "#0", "cullface": "down"},
				"down": {"uv": [0, 0, 1, 2.89949], "texture": "#0", "cullface": "down"}
			}
		},
		{
			"name": "octagon",
			"from": [4.5, 0.075, 6.55025],
			"to": [5.5, 10.75, 9.44975],
			"rotation": {"angle": -22.5, "axis": "y", "origin": [8, 8, 8]},
			"faces": {
				"east": {"uv": [0, 0, 2.89949, 10.675], "texture": "#0", "cullface": "down"},
				"west": {"uv": [0, 0, 2.89949, 10.675], "texture": "#0", "cullface": "down"},
				"down": {"uv": [0, 0, 1, 2.89949], "texture": "#0", "cullface": "down"}
			}
		},
		{
			"name": "octagon",
			"from": [10.5, 0.075, 6.55025],
			"to": [11.5, 10.75, 9.44975],
			"rotation": {"angle": 22.5, "axis": "y", "origin": [8, 8, 8]},
			"faces": {
				"east": {"uv": [0, 0, 2.89949, 10.675], "texture": "#0", "cullface": "down"},
				"west": {"uv": [0, 0, 2.89949, 10.675], "texture": "#0", "cullface": "down"},
				"down": {"uv": [0, 0, 1, 2.89949], "texture": "#0", "cullface": "down"}
			}
		},
		{
			"name": "octagon",
			"from": [10.5, 0.075, 6.55025],
			"to": [11.5, 10.75, 9.44975],
			"rotation": {"angle": -22.5, "axis": "y", "origin": [8, 8, 8]},
			"faces": {
				"east": {"uv": [0, 0, 2.89949, 10.675], "texture": "#0", "cullface": "down"},
				"west": {"uv": [0, 0, 2.89949, 10.675], "texture": "#0", "cullface": "down"},
				"down": {"uv": [0, 0, 1, 2.89949], "texture": "#0", "cullface": "down"}
			}
		}
	],
	"display": {
		"thirdperson_righthand": {
			"rotation": [75, 45, 0],
			"translation": [0, 2.5, 0],
			"scale": [0.375, 0.375, 0.375]
		},
		"thirdperson_lefthand": {
			"rotation": [75, 45, 0],
			"translation": [0, 2.5, 0],
			"scale": [0.375, 0.375, 0.375]
		},
		"firstperson_righthand": {
			"rotation": [0, 45, 0],
			"scale": [0.4, 0.4, 0.4]
		},
		"firstperson_lefthand": {
			"rotation": [0, 225, 0],
			"scale": [0.4, 0.4, 0.4]
		},
		"ground": {
			"translation": [0, 3, 0],
			"scale": [0.25, 0.25, 0.25]
		},
		"gui": {
			"rotation": [30, 225, 0],
			"scale": [0.625, 0.625, 0.625]
		},
		"fixed": {
			"scale": [0.5, 0.5, 0.5]
		}
	},
	"groups": [0, 1, 2, 3, 4, 5, 6, 7, 8, 9, 10, 11,
		{
			"name": "circle_bottom",
			"origin": [8, 8, 8],
			"color": 0,
			"children": [
				{
					"name": "octagon",
					"origin": [8, 8, 8],
					"color": 0,
					"children": [12, 13, 14, 15, 16, 17, 18, 19]
				}
			]
		}
	]
}