{
	"credit": "AlexTestria | https://alex-bauerndistel.de",
	"textures": {
		"particle": "#0"
	},
	"elements": [
		{
			"from": [0, 13.4082, 0],
			"to": [8, 16, 8],
			"rotation": {"angle": 0, "axis": "y", "origin": [0, 13.3332, 0]},
			"faces": {
				"north": {"uv": [0, 0, 8, 2.5918], "texture": "#0", "cullface": "north"},
				"west": {"uv": [0, 0, 8, 2.5918], "texture": "#0", "cullface": "west"},
				"up": {"uv": [0, 0, 8, 8], "texture": "#0", "cullface": "up"}
			}
		},
		{
			"from": [0, 0.075, 0],
			"to": [8, 10.6666, 1],
			"faces": {
				"north": {"uv": [0, 0, 8, 10.5916], "texture": "#1", "cullface": "north"},
				"south": {"uv": [0, 0, 8, 10.5916], "texture": "#1", "cullface": "down"},
				"west": {"uv": [0, 0, 1, 10.5916], "texture": "#1", "cullface": "west"}
			}
		},
		{
			"from": [7, 0.075, 1],
			"to": [8, 10.6666, 7],
			"faces": {
				"west": {"uv": [0, 0, 6, 10.5916], "texture": "#1", "cullface": "down"}
			}
		},
		{
			"from": [8, 0.075, 1],
			"to": [9, 10.6666, 7],
			"faces": {
				"east": {"uv": [0, 0, 6, 10.5916], "texture": "#0", "cullface": "down"}
			}
		},
		{
			"from": [8, 0.075, 9],
			"to": [9, 10.6666, 15],
			"faces": {
				"east": {"uv": [0, 0, 6, 10.5916], "texture": "#0", "cullface": "down"}
			}
		},
		{
			"from": [7, 0.075, 9],
			"to": [8, 10.6666, 15],
			"faces": {
				"west": {"uv": [0, 0, 6, 10.5916], "texture": "#0", "cullface": "down"}
			}
		},
		{
			"from": [8, 0.075, 7],
			"to": [15, 10.6666, 8],
			"faces": {
				"north": {"uv": [0, 0, 7, 10.5916], "texture": "#0", "cullface": "down"}
			}
		},
		{
			"from": [1, 0.075, 8],
			"to": [8, 10.6666, 9],
			"faces": {
				"south": {"uv": [0, 0, 7, 10.5916], "texture": "#0", "cullface": "down"}
			}
		},
		{
			"from": [1, 0.075, 7],
			"to": [8, 10.6666, 8],
			"faces": {
				"north": {"uv": [0, 0, 7, 10.5916], "texture": "#1", "cullface": "down"}
			}
		},
		{
			"from": [8, 0.075, 0],
			"to": [16, 10.6666, 1],
			"faces": {
				"north": {"uv": [0, 0, 8, 10.5916], "texture": "#0", "cullface": "north"},
				"east": {"uv": [0, 0, 1, 10.5916], "texture": "#0", "cullface": "east"},
				"south": {"uv": [0, 0, 8, 10.5916], "texture": "#0", "cullface": "down"}
			}
		},
		{
			"from": [8, 0.075, 8],
			"to": [15, 10.6666, 9],
			"faces": {
				"south": {"uv": [0, 0, 7, 10.5916], "texture": "#0", "cullface": "down"}
			}
		},
		{
			"from": [15, 0.075, 1],
			"to": [16, 10.6666, 8],
			"faces": {
				"east": {"uv": [0, 0, 7, 10.5916], "texture": "#0", "cullface": "east"},
				"west": {"uv": [0, 0, 7, 10.5916], "texture": "#0", "cullface": "down"}
			}
		},
		{
			"from": [15, 0.075, 8],
			"to": [16, 10.6666, 15],
			"faces": {
				"east": {"uv": [0, 0, 7, 10.5916], "texture": "#0", "cullface": "east"},
				"west": {"uv": [0, 0, 7, 10.5916], "texture": "#0", "cullface": "down"}
			}
		},
		{
			"from": [0, 0.075, 1],
			"to": [1, 10.6666, 8],
			"faces": {
				"east": {"uv": [0, 0, 7, 10.5916], "texture": "#1", "cullface": "down"},
				"west": {"uv": [0, 0, 7, 10.5916], "texture": "#1", "cullface": "west"}
			}
		},
		{
			"from": [0, 0.075, 8],
			"to": [1, 10.6666, 15],
			"faces": {
				"east": {"uv": [0, 0, 7, 10.5916], "texture": "#0", "cullface": "down"},
				"west": {"uv": [0, 0, 7, 10.5916], "texture": "#0", "cullface": "west"}
			}
		},
		{
			"from": [0, 0.075, 15],
			"to": [8, 10.6666, 16],
			"faces": {
				"north": {"uv": [0, 0, 8, 10.5916], "texture": "#0", "cullface": "down"},
				"south": {"uv": [0, 0, 8, 10.5916], "texture": "#0", "cullface": "south"},
				"west": {"uv": [0, 0, 1, 10.5916], "texture": "#0", "cullface": "west"}
			}
		},
		{
			"from": [8, 0.075, 15],
			"to": [16, 10.6666, 16],
			"faces": {
				"north": {"uv": [0, 0, 8, 10.5916], "texture": "#0", "cullface": "down"},
				"east": {"uv": [0, 0, 1, 10.5916], "texture": "#0", "cullface": "east"},
				"south": {"uv": [0, 0, 8, 10.5916], "texture": "#0", "cullface": "south"}
			}
		},
		{
			"from": [0, 0, 0],
			"to": [8, 0.075, 1],
			"faces": {
				"north": {"uv": [0, 0, 8, 0.075], "texture": "#2", "cullface": "north"},
				"south": {"uv": [0, 0, 8, 0.075], "texture": "#2", "cullface": "down"},
				"west": {"uv": [0, 0, 1, 0.075], "texture": "#2", "cullface": "west"},
				"down": {"uv": [0, 0, 8, 1], "texture": "#2", "cullface": "down"}
			}
		},
		{
			"from": [0, 0, 1],
			"to": [1, 0.075, 8],
			"faces": {
				"east": {"uv": [0, 0, 7, 0.075], "texture": "#2", "cullface": "down"},
				"west": {"uv": [0, 0, 7, 0.075], "texture": "#2", "cullface": "west"},
				"down": {"uv": [0, 0, 1, 7], "texture": "#2", "cullface": "down"}
			}
		},
		{
			"from": [0, 0, 8],
			"to": [1, 0.075, 15],
			"faces": {
				"east": {"uv": [0, 0, 7, 0.075], "texture": "#2", "cullface": "down"},
				"west": {"uv": [0, 0, 7, 0.075], "texture": "#2", "cullface": "west"},
				"down": {"uv": [0, 0, 1, 7], "texture": "#2", "cullface": "down"}
			}
		},
		{
			"from": [0, 0, 15],
			"to": [8, 0.075, 16],
			"faces": {
				"north": {"uv": [0, 0, 8, 0.075], "texture": "#2", "cullface": "down"},
				"south": {"uv": [0, 0, 8, 0.075], "texture": "#2", "cullface": "south"},
				"west": {"uv": [0, 0, 1, 0.075], "texture": "#2", "cullface": "west"},
				"down": {"uv": [0, 0, 8, 1], "texture": "#2", "cullface": "down"}
			}
		},
		{
			"from": [8, 0, 15],
			"to": [16, 0.075, 16],
			"faces": {
				"north": {"uv": [0, 0, 8, 0.075], "texture": "#2", "cullface": "down"},
				"east": {"uv": [0, 0, 1, 0.075], "texture": "#2", "cullface": "east"},
				"south": {"uv": [0, 0, 8, 0.075], "texture": "#2", "cullface": "south"},
				"down": {"uv": [0, 0, 8, 1], "texture": "#2", "cullface": "down"}
			}
		},
		{
			"from": [8, 0, 0],
			"to": [16, 0.075, 1],
			"faces": {
				"north": {"uv": [0, 0, 8, 0.075], "texture": "#2", "cullface": "north"},
				"east": {"uv": [0, 0, 1, 0.075], "texture": "#2", "cullface": "east"},
				"south": {"uv": [0, 0, 8, 0.075], "texture": "#2", "cullface": "down"},
				"down": {"uv": [0, 0, 8, 1], "texture": "#2", "cullface": "down"}
			}
		},
		{
			"from": [15, 0, 1],
			"to": [16, 0.075, 8],
			"faces": {
				"east": {"uv": [0, 0, 7, 0.075], "texture": "#2", "cullface": "east"},
				"west": {"uv": [0, 0, 7, 0.075], "texture": "#2", "cullface": "down"},
				"down": {"uv": [0, 0, 1, 7], "texture": "#2", "cullface": "down"}
			}
		},
		{
			"from": [15, 0, 8],
			"to": [16, 0.075, 15],
			"faces": {
				"east": {"uv": [0, 0, 7, 0.075], "texture": "#2", "cullface": "east"},
				"west": {"uv": [0, 0, 7, 0.075], "texture": "#2", "cullface": "down"},
				"down": {"uv": [0, 0, 1, 7], "texture": "#2", "cullface": "down"}
			}
		},
		{
			"from": [8, 0, 1],
			"to": [9, 0.075, 7],
			"faces": {
				"east": {"uv": [0, 0, 6, 0.075], "texture": "#2", "cullface": "down"},
				"down": {"uv": [0, 0, 1, 6], "texture": "#2", "cullface": "down"}
			}
		},
		{
			"from": [1, 0, 7],
			"to": [8, 0.075, 8],
			"faces": {
				"north": {"uv": [0, 0, 7, 0.075], "texture": "#2", "cullface": "down"},
				"down": {"uv": [0, 0, 7, 1], "texture": "#2", "cullface": "down"}
			}
		},
		{
			"from": [7, 0, 1],
			"to": [8, 0.075, 7],
			"faces": {
				"west": {"uv": [0, 0, 6, 0.075], "texture": "#2", "cullface": "down"},
				"down": {"uv": [0, 0, 1, 6], "texture": "#2", "cullface": "down"}
			}
		},
		{
			"from": [1, 0, 8],
			"to": [8, 0.075, 9],
			"faces": {
				"south": {"uv": [0, 0, 7, 0.075], "texture": "#2", "cullface": "down"},
				"down": {"uv": [0, 0, 7, 1], "texture": "#2", "cullface": "down"}
			}
		},
		{
			"from": [8, 0, 9],
			"to": [9, 0.075, 15],
			"faces": {
				"east": {"uv": [0, 0, 6, 0.075], "texture": "#2", "cullface": "down"},
				"down": {"uv": [0, 0, 1, 6], "texture": "#2", "cullface": "down"}
			}
		},
		{
			"from": [7, 0, 9],
			"to": [8, 0.075, 15],
			"faces": {
				"west": {"uv": [0, 0, 6, 0.075], "texture": "#2", "cullface": "down"},
				"down": {"uv": [0, 0, 1, 6], "texture": "#2", "cullface": "down"}
			}
		},
		{
			"from": [8, 0, 7],
			"to": [15, 0.075, 8],
			"faces": {
				"north": {"uv": [0, 0, 7, 0.075], "texture": "#2", "cullface": "down"},
				"down": {"uv": [0, 0, 7, 1], "texture": "#2", "cullface": "down"}
			}
		},
		{
			"from": [8, 0, 8],
			"to": [15, 0.075, 9],
			"faces": {
				"south": {"uv": [0, 0, 7, 0.075], "texture": "#2", "cullface": "down"},
				"down": {"uv": [0, 0, 7, 1], "texture": "#2", "cullface": "down"}
			}
		},
		{
			"from": [8, 10.7416, 0],
			"to": [16, 13.3332, 8],
			"rotation": {"angle": 0, "axis": "y", "origin": [0, 10.6532, 0]},
			"faces": {
				"north": {"uv": [0, 0, 8, 2.5916], "texture": "#0", "cullface": "north"},
				"east": {"uv": [0, 0, 8, 2.5916], "texture": "#0", "cullface": "east"}
			}
		},
		{
			"from": [0, 10.6666, 0],
			"to": [16, 10.7416, 16],
			"faces": {
				"north": {"uv": [0, 0, 16, 0.075], "texture": "#2", "cullface": "north"},
				"east": {"uv": [0, 0, 16, 0.075], "texture": "#2", "cullface": "east"},
				"south": {"uv": [0, 0, 16, 0.075], "texture": "#2", "cullface": "south"},
				"west": {"uv": [0, 0, 16, 0.075], "texture": "#2", "cullface": "west"},
				"down": {"uv": [0, 0, 16, 16], "texture": "#2", "cullface": "down"}
			}
		},
		{
			"from": [0, 13.3332, 0],
			"to": [16, 13.4082, 16],
			"rotation": {"angle": 0, "axis": "y", "origin": [0, 10.6532, 0]},
			"faces": {
				"north": {"uv": [0, 0, 16, 0.075], "texture": "#2", "cullface": "north"},
				"east": {"uv": [0, 0, 16, 0.075], "texture": "#2", "cullface": "east"},
				"south": {"uv": [0, 0, 16, 0.075], "texture": "#2", "cullface": "south"},
				"west": {"uv": [0, 0, 16, 0.075], "texture": "#2", "cullface": "west"}
			}
		},
		{
			"from": [8, 13.4082, 0],
			"to": [16, 16, 8],
			"rotation": {"angle": 0, "axis": "y", "origin": [0, 13.3332, 0]},
			"faces": {
				"north": {"uv": [0, 0, 8, 2.5918], "texture": "#0", "cullface": "north"},
				"east": {"uv": [0, 0, 8, 2.5918], "texture": "#0", "cullface": "east"},
				"up": {"uv": [0, 0, 8, 8], "texture": "#0", "cullface": "up"}
			}
		},
		{
			"from": [8, 10.7416, 8],
			"to": [16, 13.3332, 16],
			"rotation": {"angle": 0, "axis": "y", "origin": [0, 10.6532, 0]},
			"faces": {
				"east": {"uv": [0, 0, 8, 2.5916], "texture": "#1", "cullface": "east"},
				"south": {"uv": [0, 0, 8, 2.5916], "texture": "#1", "cullface": "south"}
			}
		},
		{
			"from": [8, 13.4082, 8],
			"to": [16, 16, 16],
			"rotation": {"angle": 0, "axis": "y", "origin": [0, 13.3332, 0]},
			"faces": {
				"east": {"uv": [0, 0, 8, 2.5918], "texture": "#1", "cullface": "east"},
				"south": {"uv": [0, 0, 8, 2.5918], "texture": "#1", "cullface": "south"},
				"up": {"uv": [0, 0, 8, 8], "texture": "#1", "cullface": "up"}
			}
		},
		{
			"from": [0, 10.7416, 8],
			"to": [8, 13.3332, 16],
			"rotation": {"angle": 0, "axis": "y", "origin": [0, 10.6532, 0]},
			"faces": {
				"south": {"uv": [0, 0, 8, 2.5916], "texture": "#0", "cullface": "south"},
				"west": {"uv": [0, 0, 8, 2.5916], "texture": "#0", "cullface": "west"}
			}
		},
		{
			"from": [0, 13.4082, 8],
			"to": [8, 16, 16],
			"rotation": {"angle": 0, "axis": "y", "origin": [0, 13.3332, 0]},
			"faces": {
				"south": {"uv": [0, 0, 8, 2.5918], "texture": "#0", "cullface": "south"},
				"west": {"uv": [0, 0, 8, 2.5918], "texture": "#0", "cullface": "west"},
				"up": {"uv": [0, 0, 8, 8], "texture": "#0", "cullface": "up"}
			}
		},
		{
			"from": [0, 10.7416, 0],
			"to": [8, 13.3332, 8],
			"rotation": {"angle": 0, "axis": "y", "origin": [0, 10.6532, 0]},
			"faces": {
				"north": {"uv": [0, 0, 8, 2.5916], "texture": "#0", "cullface": "north"},
				"west": {"uv": [0, 0, 8, 2.5916], "texture": "#0", "cullface": "west"}
			}
		},
		{
			"name": "hexadecagon",
			"from": [9.5, 16, 11.50272],
			"to": [14.5, 17.25, 12.49728],
			"rotation": {"angle": 45, "axis": "y", "origin": [12, 16.5, 12]},
			"faces": {
				"east": {"uv": [0, 0, 0.99456, 1.25], "texture": "#1", "cullface": "up"},
				"west": {"uv": [0, 0, 0.99456, 1.25], "texture": "#1", "cullface": "up"},
				"up": {"uv": [0, 0, 0.99456, 5], "rotation": 90, "texture": "#1", "cullface": "up"}
			}
		},
		{
			"name": "hexadecagon",
			"from": [9.5, 16, 11.50272],
			"to": [14.5, 17.25, 12.49728],
			"rotation": {"angle": 22.5, "axis": "y", "origin": [12, 16.5, 12]},
			"faces": {
				"east": {"uv": [0, 0, 0.99456, 1.25], "texture": "#1", "cullface": "up"},
				"west": {"uv": [0, 0, 0.99456, 1.25], "texture": "#1", "cullface": "up"},
				"up": {"uv": [0, 0, 0.99456, 5], "rotation": 90, "texture": "#1", "cullface": "up"}
			}
		},
		{
			"name": "hexadecagon",
			"from": [9.5, 16, 11.50272],
			"to": [14.5, 17.25, 12.49728],
			"rotation": {"angle": 0, "axis": "y", "origin": [12, 16.5, 12]},
			"faces": {
				"east": {"uv": [0, 0, 0.99456, 1.25], "texture": "#1", "cullface": "up"},
				"west": {"uv": [0, 0, 0.99456, 1.25], "texture": "#1", "cullface": "up"},
				"up": {"uv": [0, 0, 0.99456, 5], "rotation": 90, "texture": "#1", "cullface": "up"}
			}
		},
		{
			"name": "hexadecagon",
			"from": [9.5, 16, 11.50272],
			"to": [14.5, 17.25, 12.49728],
			"rotation": {"angle": -22.5, "axis": "y", "origin": [12, 16.5, 12]},
			"faces": {
				"east": {"uv": [0, 0, 0.99456, 1.25], "texture": "#1", "cullface": "up"},
				"west": {"uv": [0, 0, 0.99456, 1.25], "texture": "#1", "cullface": "up"},
				"up": {"uv": [0, 0, 0.99456, 5], "rotation": 90, "texture": "#1", "cullface": "up"}
			}
		},
		{
			"name": "hexadecagon",
			"from": [9.5, 16, 11.50272],
			"to": [14.5, 17.25, 12.49728],
			"rotation": {"angle": -45, "axis": "y", "origin": [12, 16.5, 12]},
			"faces": {
				"east": {"uv": [0, 0, 0.99456, 1.25], "texture": "#1", "cullface": "up"},
				"west": {"uv": [0, 0, 0.99456, 1.25], "texture": "#1", "cullface": "up"},
				"up": {"uv": [0, 0, 0.99456, 5], "rotation": 90, "texture": "#1", "cullface": "up"}
			}
		},
		{
			"name": "hexadecagon",
			"from": [11.50272, 16, 9.5],
			"to": [12.49728, 17.25, 14.5],
			"rotation": {"angle": 22.5, "axis": "y", "origin": [12, 16.5, 12]},
			"faces": {
				"north": {"uv": [0, 0, 0.99456, 1.25], "texture": "#1", "cullface": "up"},
				"south": {"uv": [0, 0, 0.99456, 1.25], "texture": "#1", "cullface": "up"},
				"up": {"uv": [0, 0, 5, 0.99456], "rotation": 90, "texture": "#1", "cullface": "up"}
			}
		},
		{
			"name": "hexadecagon",
			"from": [11.50272, 16, 9.5],
			"to": [12.49728, 17.25, 14.5],
			"rotation": {"angle": 0, "axis": "y", "origin": [12, 16.5, 12]},
			"faces": {
				"north": {"uv": [0, 0, 0.99456, 1.25], "texture": "#1", "cullface": "up"},
				"south": {"uv": [0, 0, 0.99456, 1.25], "texture": "#1", "cullface": "up"},
				"up": {"uv": [0, 0, 5, 0.99456], "rotation": 90, "texture": "#1", "cullface": "up"}
			}
		},
		{
			"name": "hexadecagon",
			"from": [11.50272, 16, 9.5],
			"to": [12.49728, 17.25, 14.5],
			"rotation": {"angle": -22.5, "axis": "y", "origin": [12, 16.5, 12]},
			"faces": {
				"north": {"uv": [0, 0, 0.99456, 1.25], "texture": "#1", "cullface": "up"},
				"south": {"uv": [0, 0, 0.99456, 1.25], "texture": "#1", "cullface": "up"},
				"up": {"uv": [0, 0, 5, 0.99456], "rotation": 90, "texture": "#1", "cullface": "up"}
			}
		}
	],
	"display": {
		"thirdperson_righthand": {
			"rotation": [75, 45, 0],
			"translation": [0, 2.5, 0],
			"scale": [0.375, 0.375, 0.375]
		},
		"thirdperson_lefthand": {
			"rotation": [75, 45, 0],
			"translation": [0, 2.5, 0],
			"scale": [-0.375, 0.375, 0.375]
		},
		"firstperson_righthand": {
			"rotation": [0, 45, 0],
			"scale": [0.4, 0.4, 0.4]
		},
		"firstperson_lefthand": {
			"rotation": [0, 225, 0],
			"scale": [0.4, 0.4, 0.4]
		},
		"ground": {
			"translation": [0, 3, 0],
			"scale": [0.25, 0.25, 0.25]
		},
		"gui": {
			"rotation": [30, 135, 0],
			"scale": [0.625, 0.625, 0.625]
		},
		"fixed": {
			"scale": [0.5, 0.5, 0.5]
		}
	},
	"groups": [
		{
			"name": "group",
			"origin": [0, 10.6532, 0],
			"color": 0,
			"children": [0, 1, 2, 3, 4, 5, 6, 7, 8, 9, 10, 11, 12, 13, 14, 15, 16, 17, 18, 19, 20, 21, 22, 23, 24, 25, 26, 27, 28, 29, 30, 31, 32, 33, 34, 35, 36, 37, 38, 39, 40, 41]
		},
		{
			"name": "Noppen",
			"origin": [8, 8, 8],
			"color": 0,
			"children": [
				{
					"name": "hexadecagon",
					"origin": [8, 8, 8],
					"color": 0,
					"children": [42, 43, 44, 45, 46, 47, 48, 49]
				}
			]
		}
	]
}