{
	"credit": "AlexTestria | https://alex-bauerndistel.de",
	"textures": {
		"particle": "#0"
	},
	"elements": [
		{
			"from": [0, 0, 1],
			"to": [1, 0.075, 15],
			"faces": {
				"east": {"uv": [0, 0, 14, 0.075], "texture": "#2", "cullface": "down"},
				"west": {"uv": [1, 1, 15, 1.075], "texture": "#2", "cullface": "west"},
				"down": {"uv": [1, 1, 2, 15], "texture": "#2", "cullface": "down"}
			}
		},
		{
			"from": [0, 0, 0],
			"to": [16, 0.075, 1],
			"faces": {
				"north": {"uv": [0, 1, 16, 1.075], "texture": "#2", "cullface": "north"},
				"east": {"uv": [15, 1, 16, 1.075], "texture": "#2", "cullface": "east"},
				"south": {"uv": [0, 0, 16, 0.075], "texture": "#2", "cullface": "down"},
				"west": {"uv": [0, 1, 1, 1.075], "texture": "#2", "cullface": "west"},
				"down": {"uv": [0, 1, 16, 2], "texture": "#2", "cullface": "down"}
			}
		},
		{
			"from": [0, 0, 15],
			"to": [16, 0.075, 16],
			"faces": {
				"north": {"uv": [0, 0, 16, 0.075], "texture": "#2", "cullface": "down"},
				"east": {"uv": [0, 1, 1, 1.075], "texture": "#2", "cullface": "east"},
				"south": {"uv": [0, 1, 16, 1.075], "texture": "#2", "cullface": "south"},
				"west": {"uv": [15, 1, 16, 1.075], "texture": "#2", "cullface": "west"},
				"down": {"uv": [0, 1, 16, 2], "texture": "#2", "cullface": "down"}
			}
		},
		{
			"from": [15, 0, 1],
			"to": [16, 0.075, 15],
			"faces": {
				"east": {"uv": [1, 1, 15, 1.075], "texture": "#2", "cullface": "east"},
				"west": {"uv": [0, 0, 14, 0.075], "texture": "#2", "cullface": "down"},
				"down": {"uv": [1, 1, 2, 15], "texture": "#2", "cullface": "down"}
			}
		},
		{
			"from": [0, 2.6666, 0],
			"to": [16, 2.7416, 16],
			"faces": {
				"north": {"uv": [0, 0, 15.5, 0.05], "texture": "#2", "cullface": "north"},
				"east": {"uv": [0, 0, 15.5, 0.05], "texture": "#2", "cullface": "east"},
				"south": {"uv": [0, 0, 15.5, 0.05], "texture": "#2", "cullface": "south"},
				"west": {"uv": [0, 0, 15.5, 0.05], "texture": "#2", "cullface": "west"},
				"up": {"uv": [0, 0, 16, 16], "texture": "#0"},
				"down": {"uv": [0, 0, 15.5, 15.5], "texture": "#1", "cullface": "down"}
			}
		},
		{
			"from": [0.25, 8.4916, 0],
			"to": [15.75, 12.8332, 16],
			"rotation": {"angle": 0, "axis": "y", "origin": [0, 10.6532, 0]},
			"faces": {
				"north": {"uv": [0, 2, 16, 6.3416], "texture": "#0", "cullface": "north"},
				"east": {"uv": [0, 0, 16, 10.5916], "texture": "#0", "cullface": "east"},
				"south": {"uv": [0, 2, 16, 6.3416], "texture": "#0", "cullface": "south"},
				"west": {"uv": [0, 0, 16, 10.5916], "texture": "#0", "cullface": "west"}
			}
		},
		{
			"from": [0.25, 3.2416, 0],
			"to": [15.75, 7.5832, 16],
			"rotation": {"angle": 0, "axis": "y", "origin": [0, 10.6532, 0]},
			"faces": {
				"north": {"uv": [0, 2, 16, 6.3416], "texture": "#0", "cullface": "north"},
				"east": {"uv": [0, 0, 16, 10.5916], "texture": "#0", "cullface": "east"},
				"south": {"uv": [0, 2, 16, 6.3416], "texture": "#0", "cullface": "south"},
				"west": {"uv": [0, 0, 16, 10.5916], "texture": "#0", "cullface": "west"}
			}
		},
		{
			"from": [0.25, 1.25392, -0.71977],
			"to": [15.75, 2.10747, -0.36622],
			"rotation": {"angle": 45, "axis": "x", "origin": [8, 3.54972, 7.28023]},
			"faces": {
				"north": {"uv": [0, 2, 16, 2.85355], "texture": "#0", "cullface": "north"},
				"east": {"uv": [1, 1, 1.35355, 1.85355], "texture": "#0", "cullface": "east"},
				"west": {"uv": [1, 1, 1.35355, 1.85355], "texture": "#0", "cullface": "west"}
			}
		},
		{
			"from": [0.25, 6.50392, -0.71977],
			"to": [15.75, 7.35747, -0.36622],
			"rotation": {"angle": 45, "axis": "x", "origin": [8, 8.79972, 7.28023]},
			"faces": {
				"north": {"uv": [0, 2, 16, 2.85355], "texture": "#0", "cullface": "north"},
				"east": {"uv": [1, 1, 1.35355, 1.85355], "texture": "#0", "cullface": "east"},
				"west": {"uv": [1, 1, 1.35355, 1.85355], "texture": "#0", "cullface": "west"}
			}
		},
		{
			"from": [0.25, 8.71733, -0.71977],
			"to": [15.75, 9.57088, -0.36622],
			"rotation": {"angle": -45, "axis": "x", "origin": [8, 7.27508, 7.28023]},
			"faces": {
				"north": {"uv": [0, 2, 16, 2.85355], "texture": "#0", "cullface": "north"},
				"east": {"uv": [1, 1.85355, 1.35355, 1], "texture": "#0", "cullface": "east"},
				"west": {"uv": [1, 1.85355, 1.35355, 1], "texture": "#0", "cullface": "west"}
			}
		},
		{
			"from": [0.25, 13.96733, -0.71977],
			"to": [15.75, 14.82088, -0.36622],
			"rotation": {"angle": -45, "axis": "x", "origin": [8, 12.52508, 7.28023]},
			"faces": {
				"north": {"uv": [0, 2, 16, 2.85355], "texture": "#0", "cullface": "north"},
				"east": {"uv": [1, 1.85355, 1.35355, 1], "texture": "#0", "cullface": "east"},
				"west": {"uv": [1, 1.85355, 1.35355, 1], "texture": "#0", "cullface": "west"}
			}
		},
		{
			"from": [0.25, 6.50392, 16.36622],
			"to": [15.75, 7.35747, 16.71977],
			"rotation": {"angle": -45, "axis": "x", "origin": [8, 8.79972, 8.71977]},
			"faces": {
				"east": {"uv": [1.35355, 1, 1, 1.85355], "texture": "#0", "cullface": "east"},
				"south": {"uv": [0, 2, 16, 2.85355], "texture": "#0", "cullface": "south"},
				"west": {"uv": [1.35355, 1, 1, 1.85355], "texture": "#0", "cullface": "west"}
			}
		},
		{
			"from": [0.25, 13.96733, 16.36622],
			"to": [15.75, 14.82088, 16.71977],
			"rotation": {"angle": 45, "axis": "x", "origin": [8, 12.52508, 8.71977]},
			"faces": {
				"east": {"uv": [1.35355, 1.85355, 1, 1], "texture": "#0", "cullface": "east"},
				"south": {"uv": [0, 2, 16, 2.85355], "texture": "#0", "cullface": "south"},
				"west": {"uv": [1.35355, 1.85355, 1, 1], "texture": "#0", "cullface": "west"}
			}
		},
		{
			"from": [0.25, 1.25392, 16.36622],
			"to": [15.75, 2.10747, 16.71977],
			"rotation": {"angle": -45, "axis": "x", "origin": [8, 3.54972, 8.71977]},
			"faces": {
				"east": {"uv": [1.35355, 1, 1, 1.85355], "texture": "#0", "cullface": "east"},
				"south": {"uv": [0, 2, 16, 2.85355], "texture": "#0", "cullface": "south"},
				"west": {"uv": [1.35355, 1, 1, 1.85355], "texture": "#0", "cullface": "west"}
			}
		},
		{
			"from": [0.25, 8.71733, 16.36622],
			"to": [15.75, 9.57088, 16.71977],
			"rotation": {"angle": 45, "axis": "x", "origin": [8, 7.27508, 8.71977]},
			"faces": {
				"east": {"uv": [1.35355, 1.85355, 1, 1], "texture": "#0", "cullface": "east"},
				"south": {"uv": [0, 2, 16, 2.85355], "texture": "#0", "cullface": "south"},
				"west": {"uv": [1.35355, 1.85355, 1, 1], "texture": "#0", "cullface": "west"}
			}
		},
		{
			"from": [0, 2.7416, 0.5],
			"to": [16, 13.3332, 15.5],
			"rotation": {"angle": 0, "axis": "y", "origin": [0, 10.7448, -0.5]},
			"faces": {
				"north": {"uv": [0, 0, 16, 10.5916], "texture": "#0"},
				"east": {"uv": [0.5, 0, 15.5, 10.5916], "texture": "#0", "cullface": "east"},
				"south": {"uv": [0, 0, 16, 10.5916], "texture": "#0"},
				"west": {"uv": [0.5, 0, 15.5, 10.5916], "texture": "#0", "cullface": "west"}
			}
		},
		{
			"from": [16, 13.3332, 16],
			"to": [0, 2.7416, 0],
			"rotation": {"angle": 0, "axis": "y", "origin": [16, 21.3364, 15]},
			"faces": {
				"north": {"uv": [0, 2, 16, 12.5916], "texture": "#0"},
				"east": {"uv": [0, 2, 16, 12.5916], "texture": "#0"},
				"south": {"uv": [0, 2, 16, 12.5916], "texture": "#0"},
				"west": {"uv": [0, 2, 16, 12.5916], "texture": "#0"}
			}
		},
		{
			"from": [0, 13.3332, 0],
			"to": [16, 13.4082, 16],
			"rotation": {"angle": 0, "axis": "y", "origin": [0, 10.6532, 0]},
			"faces": {
				"north": {"uv": [0, 0, 15.5, 0.05], "texture": "#2", "cullface": "north"},
				"east": {"uv": [0, 0, 15.5, 0.05], "texture": "#2", "cullface": "east"},
				"south": {"uv": [0, 0, 15.5, 0.05], "texture": "#2", "cullface": "south"},
				"west": {"uv": [0, 0, 15.5, 0.05], "texture": "#2", "cullface": "west"},
				"down": {"uv": [0, 0, 16, 16], "texture": "#0"}
			}
		},
		{
			"from": [0, 0.075, 0],
			"to": [16, 2.6666, 16],
			"rotation": {"angle": 0, "axis": "y", "origin": [16, 0, 0]},
			"faces": {
				"north": {"uv": [0, 0, 16, 2.5916], "texture": "#1", "cullface": "north"},
				"east": {"uv": [0, 0, 16, 2.5916], "texture": "#1", "cullface": "east"},
				"south": {"uv": [0, 0, 16, 2.5916], "texture": "#1", "cullface": "south"},
				"west": {"uv": [0, 0, 16, 2.5916], "texture": "#1", "cullface": "west"}
			}
		},
		{
			"from": [15, 2.6666, 15],
			"to": [1, 0.075, 1],
			"rotation": {"angle": 0, "axis": "y", "origin": [16, 1.5916, 0]},
			"faces": {
				"north": {"uv": [1, 0, 15, 2.5916], "texture": "#1", "cullface": "down"},
				"east": {"uv": [1, 0, 15, 2.5916], "texture": "#1", "cullface": "down"},
				"south": {"uv": [1, 0, 15, 2.5916], "texture": "#1", "cullface": "down"},
				"west": {"uv": [1, 0, 15, 2.5916], "texture": "#1", "cullface": "down"}
			}
		},
		{
			"from": [0, 13.4082, 0],
			"to": [16, 16, 16],
			"rotation": {"angle": 0, "axis": "y", "origin": [0, 13.3332, 0]},
			"faces": {
				"north": {"uv": [0, 0, 16, 2.6168], "texture": "#1", "cullface": "north"},
				"east": {"uv": [0, 0, 16, 2.6168], "texture": "#1", "cullface": "east"},
				"south": {"uv": [0, 0, 16, 2.6168], "texture": "#1", "cullface": "south"},
				"west": {"uv": [0, 0, 16, 2.6168], "texture": "#1", "cullface": "west"},
				"up": {"uv": [0, 0, 16, 16], "texture": "#1", "cullface": "up"}
			}
		},
		{
			"name": "hexadecagon",
			"from": [7.30381, 0.075, 4.5],
			"to": [8.69619, 2.75, 5.5],
			"rotation": {"angle": -45, "axis": "y", "origin": [8, 8, 8]},
			"faces": {
				"north": {"uv": [1, 1, 2.39238, 3.675], "texture": "#1", "cullface": "down"},
				"south": {"uv": [1, 1, 2.39238, 3.675], "texture": "#1", "cullface": "down"},
				"down": {"uv": [1, 1, 2.39239, 2], "texture": "#1", "cullface": "down"}
			}
		},
		{
			"name": "hexadecagon",
			"from": [7.30381, 0.075, 4.5],
			"to": [8.69619, 2.75, 5.5],
			"rotation": {"angle": -22.5, "axis": "y", "origin": [8, 8, 8]},
			"faces": {
				"north": {"uv": [1, 1, 2.39238, 3.675], "texture": "#1", "cullface": "down"},
				"south": {"uv": [1, 1, 2.39238, 3.675], "texture": "#1", "cullface": "down"},
				"down": {"uv": [1, 1, 2.39239, 2], "texture": "#1", "cullface": "down"}
			}
		},
		{
			"name": "hexadecagon",
			"from": [7.30381, 0.075, 4.5],
			"to": [8.69619, 2.75, 5.5],
			"rotation": {"angle": 0, "axis": "y", "origin": [8, 8, 8]},
			"faces": {
				"north": {"uv": [1, 1, 2.39238, 3.675], "texture": "#1", "cullface": "down"},
				"south": {"uv": [1, 1, 2.39238, 3.675], "texture": "#1", "cullface": "down"},
				"down": {"uv": [1, 1, 2.39239, 2], "texture": "#1", "cullface": "down"}
			}
		},
		{
			"name": "hexadecagon",
			"from": [7.30381, 0.075, 4.5],
			"to": [8.69619, 2.75, 5.5],
			"rotation": {"angle": 22.5, "axis": "y", "origin": [8, 8, 8]},
			"faces": {
				"north": {"uv": [1, 1, 2.39238, 3.675], "texture": "#1", "cullface": "down"},
				"south": {"uv": [1, 1, 2.39238, 3.675], "texture": "#1", "cullface": "down"},
				"down": {"uv": [1, 1, 2.39239, 2], "texture": "#1", "cullface": "down"}
			}
		},
		{
			"name": "hexadecagon",
			"from": [7.30381, 0.075, 4.5],
			"to": [8.69619, 2.75, 5.5],
			"rotation": {"angle": 45, "axis": "y", "origin": [8, 8, 8]},
			"faces": {
				"north": {"uv": [1, 1, 2.39238, 3.675], "texture": "#1", "cullface": "down"},
				"south": {"uv": [1, 1, 2.39238, 3.675], "texture": "#1", "cullface": "down"},
				"down": {"uv": [1, 1, 2.39238, 2], "texture": "#1", "cullface": "down"}
			}
		},
		{
			"name": "hexadecagon",
			"from": [7.30381, 0.075, 10.5],
			"to": [8.69619, 2.75, 11.5],
			"rotation": {"angle": -45, "axis": "y", "origin": [8, 8, 8]},
			"faces": {
				"north": {"uv": [1, 1, 2.39238, 3.675], "texture": "#1", "cullface": "down"},
				"south": {"uv": [1, 1, 2.39238, 3.675], "texture": "#1", "cullface": "down"},
				"down": {"uv": [1, 1, 2.39239, 2], "texture": "#1", "cullface": "down"}
			}
		},
		{
			"name": "hexadecagon",
			"from": [7.30381, 0.075, 10.5],
			"to": [8.69619, 2.75, 11.5],
			"rotation": {"angle": -22.5, "axis": "y", "origin": [8, 8, 8]},
			"faces": {
				"north": {"uv": [1, 1, 2.39238, 3.675], "texture": "#1", "cullface": "down"},
				"south": {"uv": [1, 1, 2.39238, 3.675], "texture": "#1", "cullface": "down"},
				"down": {"uv": [1, 1, 2.39239, 2], "texture": "#1", "cullface": "down"}
			}
		},
		{
			"name": "hexadecagon",
			"from": [7.30381, 0.075, 10.5],
			"to": [8.69619, 2.75, 11.5],
			"rotation": {"angle": 0, "axis": "y", "origin": [8, 8, 8]},
			"faces": {
				"north": {"uv": [1, 1, 2.39238, 3.675], "texture": "#1", "cullface": "down"},
				"south": {"uv": [1, 1, 2.39238, 3.675], "texture": "#1", "cullface": "down"},
				"down": {"uv": [1, 1, 2.39239, 2], "texture": "#1", "cullface": "down"}
			}
		},
		{
			"name": "hexadecagon",
			"from": [7.30381, 0.075, 10.5],
			"to": [8.69619, 2.75, 11.5],
			"rotation": {"angle": 22.5, "axis": "y", "origin": [8, 8, 8]},
			"faces": {
				"north": {"uv": [1, 1, 2.39238, 3.675], "texture": "#1", "cullface": "down"},
				"south": {"uv": [1, 1, 2.39238, 3.675], "texture": "#1", "cullface": "down"},
				"down": {"uv": [1, 1, 2.39239, 2], "texture": "#1", "cullface": "down"}
			}
		},
		{
			"name": "hexadecagon",
			"from": [7.30381, 0.075, 10.5],
			"to": [8.69619, 2.75, 11.5],
			"rotation": {"angle": 45, "axis": "y", "origin": [8, 8, 8]},
			"faces": {
				"north": {"uv": [1, 1, 2.39238, 3.675], "texture": "#1", "cullface": "down"},
				"south": {"uv": [1, 1, 2.39238, 3.675], "texture": "#1", "cullface": "down"},
				"down": {"uv": [1, 1, 2.39239, 2], "texture": "#1", "cullface": "down"}
			}
		},
		{
			"name": "hexadecagon",
			"from": [4.5, 0.075, 7.30381],
			"to": [5.5, 2.75, 8.69619],
			"rotation": {"angle": -22.5, "axis": "y", "origin": [8, 8, 8]},
			"faces": {
				"east": {"uv": [1, 1, 2.39238, 3.675], "texture": "#1", "cullface": "down"},
				"west": {"uv": [1, 1, 2.39238, 3.675], "texture": "#1", "cullface": "down"},
				"down": {"uv": [1, 1, 2, 2.39239], "texture": "#1", "cullface": "down"}
			}
		},
		{
			"name": "hexadecagon",
			"from": [4.5, 0.075, 7.30381],
			"to": [5.5, 2.75, 8.69619],
			"rotation": {"angle": 0, "axis": "y", "origin": [8, 8, 8]},
			"faces": {
				"east": {"uv": [1, 1, 2.39238, 3.675], "texture": "#1", "cullface": "down"},
				"west": {"uv": [1, 1, 2.39238, 3.675], "texture": "#1", "cullface": "down"},
				"down": {"uv": [1, 1, 2, 2.39239], "texture": "#1", "cullface": "down"}
			}
		},
		{
			"name": "hexadecagon",
			"from": [4.5, 0.075, 7.30381],
			"to": [5.5, 2.75, 8.69619],
			"rotation": {"angle": 22.5, "axis": "y", "origin": [8, 8, 8]},
			"faces": {
				"east": {"uv": [1, 1, 2.39238, 3.675], "texture": "#1", "cullface": "down"},
				"west": {"uv": [1, 1, 2.39238, 3.675], "texture": "#1", "cullface": "down"},
				"down": {"uv": [1, 1, 2, 2.39239], "texture": "#1", "cullface": "down"}
			}
		},
		{
			"name": "hexadecagon",
			"from": [10.5, 0.075, 7.30381],
			"to": [11.5, 2.75, 8.69619],
			"rotation": {"angle": -22.5, "axis": "y", "origin": [8, 8, 8]},
			"faces": {
				"east": {"uv": [1, 1, 2.39238, 3.675], "texture": "#1", "cullface": "down"},
				"west": {"uv": [1, 1, 2.39238, 3.675], "texture": "#1", "cullface": "down"},
				"down": {"uv": [1, 1, 2, 2.39239], "texture": "#1", "cullface": "down"}
			}
		},
		{
			"name": "hexadecagon",
			"from": [10.5, 0.075, 7.30381],
			"to": [11.5, 2.75, 8.69619],
			"rotation": {"angle": 0, "axis": "y", "origin": [8, 8, 8]},
			"faces": {
				"east": {"uv": [1, 1, 2.39238, 3.675], "texture": "#1", "cullface": "down"},
				"west": {"uv": [1, 1, 2.39238, 3.675], "texture": "#1", "cullface": "down"},
				"down": {"uv": [1, 1, 2, 2.39239], "texture": "#1", "cullface": "down"}
			}
		},
		{
			"name": "hexadecagon",
			"from": [10.5, 0.075, 7.30381],
			"to": [11.5, 2.75, 8.69619],
			"rotation": {"angle": 22.5, "axis": "y", "origin": [8, 8, 8]},
			"faces": {
				"east": {"uv": [1, 1, 2.39238, 3.675], "texture": "#1", "cullface": "down"},
				"west": {"uv": [1, 1, 2.39238, 3.675], "texture": "#1", "cullface": "down"},
				"down": {"uv": [1, 1, 2, 2.39239], "texture": "#1", "cullface": "down"}
			}
		},
		{
			"name": "hexadecagon",
			"from": [11.50272, 16, 1.5],
			"to": [12.49728, 17.25, 6.5],
			"rotation": {"angle": -45, "axis": "y", "origin": [12, 16.5, 4]},
			"faces": {
				"north": {"uv": [1, 1, 1.99456, 2.25], "texture": "#1", "cullface": "up"},
				"south": {"uv": [1, 1, 1.99456, 2.25], "texture": "#1", "cullface": "up"},
				"up": {"uv": [1, 1, 1.99456, 6], "texture": "#1", "cullface": "up"}
			}
		},
		{
			"name": "hexadecagon",
			"from": [11.50272, 16, 1.5],
			"to": [12.49728, 17.25, 6.5],
			"rotation": {"angle": -22.5, "axis": "y", "origin": [12, 16.5, 4]},
			"faces": {
				"north": {"uv": [1, 1, 1.99456, 2.25], "texture": "#1", "cullface": "up"},
				"south": {"uv": [1, 1, 1.99456, 2.25], "texture": "#1", "cullface": "up"},
				"up": {"uv": [1, 1, 1.99456, 6], "texture": "#1", "cullface": "up"}
			}
		},
		{
			"name": "hexadecagon",
			"from": [11.50272, 16, 1.5],
			"to": [12.49728, 17.25, 6.5],
			"rotation": {"angle": 0, "axis": "y", "origin": [12, 16.5, 4]},
			"faces": {
				"north": {"uv": [1, 1, 1.99456, 2.25], "texture": "#1", "cullface": "up"},
				"south": {"uv": [1, 1, 1.99456, 2.25], "texture": "#1", "cullface": "up"},
				"up": {"uv": [1, 1, 1.99456, 6], "texture": "#1", "cullface": "up"}
			}
		},
		{
			"name": "hexadecagon",
			"from": [11.50272, 16, 1.5],
			"to": [12.49728, 17.25, 6.5],
			"rotation": {"angle": 22.5, "axis": "y", "origin": [12, 16.5, 4]},
			"faces": {
				"north": {"uv": [1, 1, 1.99456, 2.25], "texture": "#1", "cullface": "up"},
				"south": {"uv": [1, 1, 1.99456, 2.25], "texture": "#1", "cullface": "up"},
				"up": {"uv": [1, 1, 1.99456, 6], "texture": "#1", "cullface": "up"}
			}
		},
		{
			"name": "hexadecagon",
			"from": [11.50272, 16, 1.5],
			"to": [12.49728, 17.25, 6.5],
			"rotation": {"angle": 45, "axis": "y", "origin": [12, 16.5, 4]},
			"faces": {
				"north": {"uv": [1, 1, 1.99456, 2.25], "texture": "#1", "cullface": "up"},
				"south": {"uv": [1, 1, 1.99456, 2.25], "texture": "#1", "cullface": "up"},
				"up": {"uv": [1, 1, 1.99456, 6], "texture": "#1", "cullface": "up"}
			}
		},
		{
			"name": "hexadecagon",
			"from": [9.5, 16, 3.50272],
			"to": [14.5, 17.25, 4.49728],
			"rotation": {"angle": -22.5, "axis": "y", "origin": [12, 16.5, 4]},
			"faces": {
				"east": {"uv": [1, 1, 1.99456, 2.25], "texture": "#1", "cullface": "up"},
				"west": {"uv": [1, 1, 1.99456, 2.25], "texture": "#1", "cullface": "up"},
				"up": {"uv": [1, 1, 6, 1.99456], "texture": "#1", "cullface": "up"}
			}
		},
		{
			"name": "hexadecagon",
			"from": [9.5, 16, 3.50272],
			"to": [14.5, 17.25, 4.49728],
			"rotation": {"angle": 0, "axis": "y", "origin": [12, 16.5, 4]},
			"faces": {
				"east": {"uv": [1, 1, 1.99456, 2.25], "texture": "#1", "cullface": "up"},
				"west": {"uv": [1, 1, 1.99456, 2.25], "texture": "#1", "cullface": "up"},
				"up": {"uv": [1, 1, 6, 1.99456], "texture": "#1", "cullface": "up"}
			}
		},
		{
			"name": "hexadecagon",
			"from": [9.5, 16, 3.50272],
			"to": [14.5, 17.25, 4.49728],
			"rotation": {"angle": 22.5, "axis": "y", "origin": [12, 16.5, 4]},
			"faces": {
				"east": {"uv": [1, 1, 1.99456, 2.25], "texture": "#1", "cullface": "up"},
				"west": {"uv": [1, 1, 1.99456, 2.25], "texture": "#1", "cullface": "up"},
				"up": {"uv": [1, 1, 6, 1.99456], "texture": "#1", "cullface": "up"}
			}
		},
		{
			"name": "hexadecagon",
			"from": [3.50272, 16, 1.5],
			"to": [4.49728, 17.25, 6.5],
			"rotation": {"angle": 45, "axis": "y", "origin": [4, 16.5, 4]},
			"faces": {
				"north": {"uv": [1, 1, 1.99456, 2.25], "texture": "#1", "cullface": "up"},
				"south": {"uv": [1, 1, 1.99456, 2.25], "texture": "#1", "cullface": "up"},
				"up": {"uv": [1, 1, 1.99456, 6], "texture": "#1", "cullface": "up"}
			}
		},
		{
			"name": "hexadecagon",
			"from": [3.50272, 16, 1.5],
			"to": [4.49728, 17.25, 6.5],
			"rotation": {"angle": 22.5, "axis": "y", "origin": [4, 16.5, 4]},
			"faces": {
				"north": {"uv": [1, 1, 1.99456, 2.25], "texture": "#1", "cullface": "up"},
				"south": {"uv": [1, 1, 1.99456, 2.25], "texture": "#1", "cullface": "up"},
				"up": {"uv": [1, 1, 1.99456, 6], "texture": "#1", "cullface": "up"}
			}
		},
		{
			"name": "hexadecagon",
			"from": [3.50272, 16, 1.5],
			"to": [4.49728, 17.25, 6.5],
			"rotation": {"angle": 0, "axis": "y", "origin": [4, 16.5, 4]},
			"faces": {
				"north": {"uv": [1, 1, 1.99456, 2.25], "texture": "#1", "cullface": "up"},
				"south": {"uv": [1, 1, 1.99456, 2.25], "texture": "#1", "cullface": "up"},
				"up": {"uv": [1, 1, 1.99456, 6], "texture": "#1", "cullface": "up"}
			}
		},
		{
			"name": "hexadecagon",
			"from": [3.50272, 16, 1.5],
			"to": [4.49728, 17.25, 6.5],
			"rotation": {"angle": -22.5, "axis": "y", "origin": [4, 16.5, 4]},
			"faces": {
				"north": {"uv": [1, 1, 1.99456, 2.25], "texture": "#1", "cullface": "up"},
				"south": {"uv": [1, 1, 1.99456, 2.25], "texture": "#1", "cullface": "up"},
				"up": {"uv": [1, 1, 1.99456, 6], "texture": "#1", "cullface": "up"}
			}
		},
		{
			"name": "hexadecagon",
			"from": [3.50272, 16, 1.5],
			"to": [4.49728, 17.25, 6.5],
			"rotation": {"angle": -45, "axis": "y", "origin": [4, 16.5, 4]},
			"faces": {
				"north": {"uv": [1, 1, 1.99456, 2.25], "texture": "#1", "cullface": "up"},
				"south": {"uv": [1, 1, 1.99456, 2.25], "texture": "#1", "cullface": "up"},
				"up": {"uv": [1, 1, 1.99456, 6], "texture": "#1", "cullface": "up"}
			}
		},
		{
			"name": "hexadecagon",
			"from": [1.5, 16, 3.50272],
			"to": [6.5, 17.25, 4.49728],
			"rotation": {"angle": 22.5, "axis": "y", "origin": [4, 16.5, 4]},
			"faces": {
				"east": {"uv": [1, 1, 1.99456, 2.25], "texture": "#1", "cullface": "up"},
				"west": {"uv": [1, 1, 1.99456, 2.25], "texture": "#1", "cullface": "up"},
				"up": {"uv": [1, 1, 6, 1.99456], "texture": "#1", "cullface": "up"}
			}
		},
		{
			"name": "hexadecagon",
			"from": [1.5, 16, 3.50272],
			"to": [6.5, 17.25, 4.49728],
			"rotation": {"angle": 0, "axis": "y", "origin": [4, 16.5, 4]},
			"faces": {
				"east": {"uv": [1, 1, 1.99456, 2.25], "texture": "#1", "cullface": "up"},
				"west": {"uv": [1, 1, 1.99456, 2.25], "texture": "#1", "cullface": "up"},
				"up": {"uv": [1, 1, 6, 1.99456], "texture": "#1", "cullface": "up"}
			}
		},
		{
			"name": "hexadecagon",
			"from": [1.5, 16, 3.50272],
			"to": [6.5, 17.25, 4.49728],
			"rotation": {"angle": -22.5, "axis": "y", "origin": [4, 16.5, 4]},
			"faces": {
				"east": {"uv": [1, 1, 1.99456, 2.25], "texture": "#1", "cullface": "up"},
				"west": {"uv": [1, 1, 1.99456, 2.25], "texture": "#1", "cullface": "up"},
				"up": {"uv": [1, 1, 6, 1.99456], "texture": "#1", "cullface": "up"}
			}
		},
		{
			"name": "hexadecagon",
			"from": [3.50272, 16, 9.5],
			"to": [4.49728, 17.25, 14.5],
			"rotation": {"angle": -45, "axis": "y", "origin": [4, 16.5, 12]},
			"faces": {
				"north": {"uv": [1, 1, 1.99456, 2.25], "texture": "#1", "cullface": "up"},
				"south": {"uv": [1, 1, 1.99456, 2.25], "texture": "#1", "cullface": "up"},
				"up": {"uv": [1, 1, 1.99456, 6], "texture": "#1", "cullface": "up"}
			}
		},
		{
			"name": "hexadecagon",
			"from": [3.50272, 16, 9.5],
			"to": [4.49728, 17.25, 14.5],
			"rotation": {"angle": -22.5, "axis": "y", "origin": [4, 16.5, 12]},
			"faces": {
				"north": {"uv": [1, 1, 1.99456, 2.25], "texture": "#1", "cullface": "up"},
				"south": {"uv": [1, 1, 1.99456, 2.25], "texture": "#1", "cullface": "up"},
				"up": {"uv": [1, 1, 1.99456, 6], "texture": "#1", "cullface": "up"}
			}
		},
		{
			"name": "hexadecagon",
			"from": [3.50272, 16, 9.5],
			"to": [4.49728, 17.25, 14.5],
			"rotation": {"angle": 0, "axis": "y", "origin": [4, 16.5, 12]},
			"faces": {
				"north": {"uv": [1, 1, 1.99456, 2.25], "texture": "#1", "cullface": "up"},
				"south": {"uv": [1, 1, 1.99456, 2.25], "texture": "#1", "cullface": "up"},
				"up": {"uv": [1, 1, 1.99456, 6], "texture": "#1", "cullface": "up"}
			}
		},
		{
			"name": "hexadecagon",
			"from": [3.50272, 16, 9.5],
			"to": [4.49728, 17.25, 14.5],
			"rotation": {"angle": 22.5, "axis": "y", "origin": [4, 16.5, 12]},
			"faces": {
				"north": {"uv": [1, 1, 1.99456, 2.25], "texture": "#1", "cullface": "up"},
				"south": {"uv": [1, 1, 1.99456, 2.25], "texture": "#1", "cullface": "up"},
				"up": {"uv": [1, 1, 1.99456, 6], "texture": "#1", "cullface": "up"}
			}
		},
		{
			"name": "hexadecagon",
			"from": [3.50272, 16, 9.5],
			"to": [4.49728, 17.25, 14.5],
			"rotation": {"angle": 45, "axis": "y", "origin": [4, 16.5, 12]},
			"faces": {
				"north": {"uv": [1, 1, 1.99456, 2.25], "texture": "#1", "cullface": "up"},
				"south": {"uv": [1, 1, 1.99456, 2.25], "texture": "#1", "cullface": "up"},
				"up": {"uv": [1, 1, 1.99456, 6], "texture": "#1", "cullface": "up"}
			}
		},
		{
			"name": "hexadecagon",
			"from": [1.5, 16, 11.50272],
			"to": [6.5, 17.25, 12.49728],
			"rotation": {"angle": -22.5, "axis": "y", "origin": [4, 16.5, 12]},
			"faces": {
				"east": {"uv": [1, 1, 1.99456, 2.25], "texture": "#1", "cullface": "up"},
				"west": {"uv": [1, 1, 1.99456, 2.25], "texture": "#1", "cullface": "up"},
				"up": {"uv": [1, 1, 6, 1.99456], "texture": "#1", "cullface": "up"}
			}
		},
		{
			"name": "hexadecagon",
			"from": [1.5, 16, 11.50272],
			"to": [6.5, 17.25, 12.49728],
			"rotation": {"angle": 0, "axis": "y", "origin": [4, 16.5, 12]},
			"faces": {
				"east": {"uv": [1, 1, 1.99456, 2.25], "texture": "#1", "cullface": "up"},
				"west": {"uv": [1, 1, 1.99456, 2.25], "texture": "#1", "cullface": "up"},
				"up": {"uv": [1, 1, 6, 1.99456], "texture": "#1", "cullface": "up"}
			}
		},
		{
			"name": "hexadecagon",
			"from": [1.5, 16, 11.50272],
			"to": [6.5, 17.25, 12.49728],
			"rotation": {"angle": 22.5, "axis": "y", "origin": [4, 16.5, 12]},
			"faces": {
				"east": {"uv": [1, 1, 1.99456, 2.25], "texture": "#1", "cullface": "up"},
				"west": {"uv": [1, 1, 1.99456, 2.25], "texture": "#1", "cullface": "up"},
				"up": {"uv": [1, 1, 6, 1.99456], "texture": "#1", "cullface": "up"}
			}
		},
		{
			"name": "hexadecagon",
			"from": [11.50272, 16, 9.5],
			"to": [12.49728, 17.25, 14.5],
			"rotation": {"angle": 45, "axis": "y", "origin": [12, 16.5, 12]},
			"faces": {
				"north": {"uv": [1, 1, 1.99456, 2.25], "texture": "#1", "cullface": "up"},
				"south": {"uv": [1, 1, 1.99456, 2.25], "texture": "#1", "cullface": "up"},
				"up": {"uv": [1, 1, 1.99456, 6], "texture": "#1", "cullface": "up"}
			}
		},
		{
			"name": "hexadecagon",
			"from": [11.50272, 16, 9.5],
			"to": [12.49728, 17.25, 14.5],
			"rotation": {"angle": 22.5, "axis": "y", "origin": [12, 16.5, 12]},
			"faces": {
				"north": {"uv": [1, 1, 1.99456, 2.25], "texture": "#1", "cullface": "up"},
				"south": {"uv": [1, 1, 1.99456, 2.25], "texture": "#1", "cullface": "up"},
				"up": {"uv": [1, 1, 1.99456, 6], "texture": "#1", "cullface": "up"}
			}
		},
		{
			"name": "hexadecagon",
			"from": [11.50272, 16, 9.5],
			"to": [12.49728, 17.25, 14.5],
			"rotation": {"angle": 0, "axis": "y", "origin": [12, 16.5, 12]},
			"faces": {
				"north": {"uv": [1, 1, 1.99456, 2.25], "texture": "#1", "cullface": "up"},
				"south": {"uv": [1, 1, 1.99456, 2.25], "texture": "#1", "cullface": "up"},
				"up": {"uv": [1, 1, 1.99456, 6], "texture": "#1", "cullface": "up"}
			}
		},
		{
			"name": "hexadecagon",
			"from": [11.50272, 16, 9.5],
			"to": [12.49728, 17.25, 14.5],
			"rotation": {"angle": -22.5, "axis": "y", "origin": [12, 16.5, 12]},
			"faces": {
				"north": {"uv": [1, 1, 1.99456, 2.25], "texture": "#1", "cullface": "up"},
				"south": {"uv": [1, 1, 1.99456, 2.25], "texture": "#1", "cullface": "up"},
				"up": {"uv": [1, 1, 1.99456, 6], "texture": "#1", "cullface": "up"}
			}
		},
		{
			"name": "hexadecagon",
			"from": [11.50272, 16, 9.5],
			"to": [12.49728, 17.25, 14.5],
			"rotation": {"angle": -45, "axis": "y", "origin": [12, 16.5, 12]},
			"faces": {
				"north": {"uv": [1, 1, 1.99456, 2.25], "texture": "#1", "cullface": "up"},
				"south": {"uv": [1, 1, 1.99456, 2.25], "texture": "#1", "cullface": "up"},
				"up": {"uv": [1, 1, 1.99456, 6], "texture": "#1", "cullface": "up"}
			}
		},
		{
			"name": "hexadecagon",
			"from": [9.5, 16, 11.50272],
			"to": [14.5, 17.25, 12.49728],
			"rotation": {"angle": 22.5, "axis": "y", "origin": [12, 16.5, 12]},
			"faces": {
				"east": {"uv": [1, 1, 1.99456, 2.25], "texture": "#1", "cullface": "up"},
				"west": {"uv": [1, 1, 1.99456, 2.25], "texture": "#1", "cullface": "up"},
				"up": {"uv": [1, 1, 6, 1.99456], "texture": "#1", "cullface": "up"}
			}
		},
		{
			"name": "hexadecagon",
			"from": [9.5, 16, 11.50272],
			"to": [14.5, 17.25, 12.49728],
			"rotation": {"angle": 0, "axis": "y", "origin": [12, 16.5, 12]},
			"faces": {
				"east": {"uv": [1, 1, 1.99456, 2.25], "texture": "#1", "cullface": "up"},
				"west": {"uv": [1, 1, 1.99456, 2.25], "texture": "#1", "cullface": "up"},
				"up": {"uv": [1, 1, 6, 1.99456], "texture": "#1", "cullface": "up"}
			}
		},
		{
			"name": "hexadecagon",
			"from": [9.5, 16, 11.50272],
			"to": [14.5, 17.25, 12.49728],
			"rotation": {"angle": -22.5, "axis": "y", "origin": [12, 16.5, 12]},
			"faces": {
				"east": {"uv": [1, 1, 1.99456, 2.25], "texture": "#1", "cullface": "up"},
				"west": {"uv": [1, 1, 1.99456, 2.25], "texture": "#1", "cullface": "up"},
				"up": {"uv": [1, 1, 6, 1.99456], "texture": "#1", "cullface": "up"}
			}
		}
	],
	"display": {
		"thirdperson_righthand": {
			"rotation": [75, 45, 0],
			"translation": [0, 2.5, 0],
			"scale": [0.375, 0.375, 0.375]
		},
		"thirdperson_lefthand": {
			"rotation": [75, 45, 0],
			"translation": [0, 2.5, 0],
			"scale": [-0.375, 0.375, 0.375]
		},
		"firstperson_righthand": {
			"rotation": [0, 135, 0],
			"scale": [0.4, 0.4, 0.4]
		},
		"firstperson_lefthand": {
			"rotation": [0, 135, 0],
			"scale": [0.4, 0.4, 0.4]
		},
		"ground": {
			"translation": [0, 3, 0],
			"scale": [0.25, 0.25, 0.25]
		},
		"gui": {
			"rotation": [30, 135, 0],
			"scale": [0.625, 0.625, 0.625]
		},
		"fixed": {
			"scale": [0.5, 0.5, 0.5]
		}
	},
	"groups": [0, 1, 2, 3, 4, 5, 6, 7, 8, 9, 10, 11, 12, 13, 14, 15, 16, 17, 18, 19, 20,
		{
			"name": "circle_bottom",
			"origin": [8, 8, 8],
			"color": 0,
			"children": [
				{
					"name": "hexadecagon",
					"origin": [8, 8, 8],
					"color": 0,
					"children": [21, 22, 23, 24, 25, 26, 27, 28, 29, 30, 31, 32, 33, 34, 35, 36]
				}
			]
		},
		{
			"name": "studs",
			"origin": [8, 8, 8],
			"color": 0,
			"children": [
				{
					"name": "hexadecagon",
					"origin": [8, 8, 8],
					"color": 0,
					"children": [37, 38, 39, 40, 41, 42, 43, 44]
				},
				{
					"name": "hexadecagon",
					"origin": [8, 8, 8],
					"color": 0,
					"children": [45, 46, 47, 48, 49, 50, 51, 52]
				},
				{
					"name": "hexadecagon",
					"origin": [8, 8, 8],
					"color": 0,
					"children": [53, 54, 55, 56, 57, 58, 59, 60]
				},
				{
					"name": "hexadecagon",
					"origin": [8, 8, 8],
					"color": 0,
					"children": [61, 62, 63, 64, 65, 66, 67, 68]
				}
			]
		}
	]
}