{
	"credit": "AlexTestria | https://alex-bauerndistel.de",
	"textures": {
		"particle": "#0"
	},
	"elements": [
		{
			"from": [15, 8.0748, 0],
			"to": [16, 10.6664, 16],
			"rotation": {"angle": 0, "axis": "y", "origin": [16, 7.9998, 0]},
			"faces": {
				"north": {"uv": [0, 0, 1, 2.5916], "texture": "#2", "cullface": "north"},
				"east": {"uv": [0, 0, 16, 2.5916], "texture": "#2", "cullface": "east"},
				"south": {"uv": [0, 0, 1, 2.5916], "texture": "#2", "cullface": "south"},
				"west": {"uv": [0, 0, 16, 2.5916], "texture": "#2"}
			}
		},
		{
			"from": [1, 8.0748, 15],
			"to": [15, 10.6664, 16],
			"rotation": {"angle": 0, "axis": "y", "origin": [16, 7.9998, 0]},
			"faces": {
				"north": {"uv": [0, 0, 14, 2.5916], "texture": "#2"},
				"south": {"uv": [1, 0, 15, 2.5916], "texture": "#2", "cullface": "south"}
			}
		},
		{
			"from": [1, 8.0748, 0],
			"to": [15, 10.6664, 1],
			"rotation": {"angle": 0, "axis": "y", "origin": [16, 7.9998, 0]},
			"faces": {
				"north": {"uv": [1, 0, 15, 2.5916], "texture": "#2", "cullface": "north"},
				"south": {"uv": [0, 0, 14, 2.5916], "texture": "#2"}
			}
		},
		{
			"from": [0, 8.0748, 0],
			"to": [1, 10.6664, 16],
			"rotation": {"angle": 0, "axis": "y", "origin": [16, 7.9998, 0]},
			"faces": {
				"north": {"uv": [0, 0, 1, 2.5916], "texture": "#2", "cullface": "north"},
				"east": {"uv": [0, 0, 16, 2.5916], "texture": "#2"},
				"south": {"uv": [0, 0, 1, 2.5916], "texture": "#2", "cullface": "south"},
				"west": {"uv": [0, 0, 16, 2.5916], "texture": "#2", "cullface": "west"}
			}
		},
		{
			"from": [1, 7.9998, 0],
			"to": [15, 8.0748, 1],
			"rotation": {"angle": 0, "axis": "y", "origin": [16, 7.9998, 0]},
			"faces": {
				"north": {"uv": [0, 0, 14, 0.075], "texture": "#1", "cullface": "north"},
				"south": {"uv": [0, 0, 14, 0.075], "texture": "#1"},
				"down": {"uv": [0, 0, 1, 14], "rotation": 270, "texture": "#1"}
			}
		},
		{
			"from": [15, 7.9998, 0],
			"to": [16, 8.0748, 16],
			"rotation": {"angle": 0, "axis": "y", "origin": [16, 7.9998, 0]},
			"faces": {
				"north": {"uv": [0, 0, 1, 0.075], "texture": "#1", "cullface": "north"},
				"east": {"uv": [0, 0, 16, 0.075], "texture": "#1", "cullface": "east"},
				"south": {"uv": [0, 0, 1, 0.075], "texture": "#1", "cullface": "south"},
				"west": {"uv": [0, 0, 16, 0.075], "texture": "#1"},
				"down": {"uv": [0, 0, 16, 1], "rotation": 270, "texture": "#1"}
			}
		},
		{
			"from": [0, 7.9998, 0],
			"to": [1, 8.0748, 16],
			"rotation": {"angle": 0, "axis": "y", "origin": [16, 7.9998, 0]},
			"faces": {
				"north": {"uv": [0, 0, 1, 0.075], "texture": "#1", "cullface": "north"},
				"east": {"uv": [0, 0, 16, 0.075], "texture": "#1"},
				"south": {"uv": [0, 0, 1, 0.075], "texture": "#1", "cullface": "south"},
				"west": {"uv": [0, 0, 16, 0.075], "texture": "#1", "cullface": "west"},
				"down": {"uv": [0, 0, 16, 1], "rotation": 270, "texture": "#1"}
			}
		},
		{
			"from": [1, 7.9998, 15],
			"to": [15, 8.0748, 16],
			"rotation": {"angle": 0, "axis": "y", "origin": [16, 7.9998, 0]},
			"faces": {
				"north": {"uv": [0, 0, 14, 0.075], "texture": "#1"},
				"south": {"uv": [0, 0, 14, 0.075], "texture": "#1", "cullface": "south"},
				"down": {"uv": [0, 0, 1, 14], "rotation": 270, "texture": "#1"}
			}
		},
		{
			"from": [0, 10.6664, 0],
			"to": [16, 10.7414, 16],
			"rotation": {"angle": 0, "axis": "y", "origin": [16, 7.9998, 0]},
			"faces": {
				"north": {"uv": [0, 0, 15.5, 0.05], "texture": "#1", "cullface": "north"},
				"east": {"uv": [0, 0, 15.5, 0.05], "texture": "#1", "cullface": "east"},
				"south": {"uv": [0, 0, 15.5, 0.05], "texture": "#1", "cullface": "south"},
				"west": {"uv": [0, 0, 15.5, 0.05], "texture": "#1", "cullface": "west"},
				"down": {"uv": [0, 0, 15.5, 15.5], "rotation": 270, "texture": "#2"}
			}
		},
		{
			"from": [0, 13.3332, 0],
			"to": [16, 13.4082, 16],
			"rotation": {"angle": 0, "axis": "y", "origin": [16, 10.6532, 0]},
			"faces": {
				"north": {"uv": [0, 0, 15.5, 0.05], "texture": "#1", "cullface": "north"},
				"east": {"uv": [0, 0, 15.5, 0.05], "texture": "#1", "cullface": "east"},
				"south": {"uv": [0, 0, 15.5, 0.05], "texture": "#1", "cullface": "south"},
				"west": {"uv": [0, 0, 15.5, 0.05], "texture": "#1", "cullface": "west"}
			}
		},
		{
			"from": [0, 13.4082, 0],
			"to": [16, 16, 16],
			"rotation": {"angle": 0, "axis": "y", "origin": [8, 14.7041, 8]},
			"faces": {
				"north": {"uv": [0, 0, 16, 2.6168], "texture": "#3", "cullface": "north"},
				"east": {"uv": [0, 0, 16, 2.6168], "texture": "#3", "cullface": "east"},
				"south": {"uv": [0, 0, 16, 2.6168], "texture": "#3", "cullface": "south"},
				"west": {"uv": [0, 0, 16, 2.6168], "texture": "#3", "cullface": "west"},
				"up": {"uv": [0, 0, 16, 16], "rotation": 90, "texture": "#3", "cullface": "up"}
			}
		},
		{
			"from": [0, 10.7414, 0],
			"to": [16, 13.3332, 16],
			"rotation": {"angle": 0, "axis": "y", "origin": [16, 10.6664, 0]},
			"faces": {
				"north": {"uv": [0, 0, 16, 2.6168], "texture": "#0", "cullface": "north"},
				"east": {"uv": [0, 0, 16, 2.6168], "texture": "#0", "cullface": "east"},
				"south": {"uv": [0, 0, 16, 2.6168], "texture": "#0", "cullface": "south"},
				"west": {"uv": [0, 0, 16, 2.6168], "texture": "#0", "cullface": "west"}
			}
		},
		{
			"name": "hexadecagon",
			"from": [7.30381, 8.0748, 10.5],
			"to": [8.69619, 10.7498, 11.5],
			"rotation": {"angle": 45, "axis": "y", "origin": [8, 9.4123, 8]},
			"faces": {
				"north": {"uv": [0, 0, 1.39239, 10.7], "texture": "#2"},
				"south": {"uv": [0, 0, 1.39238, 2.675], "texture": "#2"},
				"down": {"uv": [0, 0, 1, 1.39238], "rotation": 270, "texture": "#2"}
			}
		},
		{
			"name": "hexadecagon",
			"from": [7.30381, 8.0748, 4.5],
			"to": [8.69619, 10.7498, 5.5],
			"rotation": {"angle": 45, "axis": "y", "origin": [8, 9.4123, 8]},
			"faces": {
				"north": {"uv": [0, 0, 1.39238, 2.675], "texture": "#2"},
				"south": {"uv": [0, 0, 1.39238, 2.675], "texture": "#2"},
				"down": {"uv": [0, 0, 1, 1.39238], "rotation": 270, "texture": "#2"}
			}
		},
		{
			"name": "hexadecagon",
			"from": [4.5, 8.0748, 7.30381],
			"to": [5.5, 10.7498, 8.69619],
			"rotation": {"angle": -22.5, "axis": "y", "origin": [8, 9.4123, 8]},
			"faces": {
				"east": {"uv": [0, 0, 1.39238, 2.675], "texture": "#2"},
				"west": {"uv": [0, 0, 1.39238, 2.675], "texture": "#2"},
				"down": {"uv": [0, 0, 1, 1.39238], "texture": "#2"}
			}
		},
		{
			"name": "hexadecagon",
			"from": [10.5, 8.0748, 7.30381],
			"to": [11.5, 10.7498, 8.69619],
			"rotation": {"angle": -22.5, "axis": "y", "origin": [8, 9.4123, 8]},
			"faces": {
				"east": {"uv": [0, 0, 1.39238, 2.675], "texture": "#2"},
				"west": {"uv": [0, 0, 1.39239, 10.7], "texture": "#2"},
				"down": {"uv": [0, 0, 1, 1.39238], "texture": "#2"}
			}
		},
		{
			"name": "hexadecagon",
			"from": [4.5, 8.0748, 7.30381],
			"to": [5.5, 10.7498, 8.69619],
			"rotation": {"angle": 0, "axis": "y", "origin": [8, 9.4123, 8]},
			"faces": {
				"east": {"uv": [0, 0, 1.39238, 2.675], "texture": "#2"},
				"west": {"uv": [0, 0, 1.39238, 2.675], "texture": "#2"},
				"down": {"uv": [0, 0, 1, 1.39238], "texture": "#2"}
			}
		},
		{
			"name": "hexadecagon",
			"from": [10.5, 8.0748, 7.30381],
			"to": [11.5, 10.7498, 8.69619],
			"rotation": {"angle": 0, "axis": "y", "origin": [8, 9.4123, 8]},
			"faces": {
				"east": {"uv": [0, 0, 1.39238, 2.675], "texture": "#2"},
				"west": {"uv": [0, 0, 1.39239, 10.7], "texture": "#2"},
				"down": {"uv": [0, 0, 1, 1.39238], "texture": "#2"}
			}
		},
		{
			"name": "hexadecagon",
			"from": [4.5, 8.0748, 7.30381],
			"to": [5.5, 10.7498, 8.69619],
			"rotation": {"angle": 22.5, "axis": "y", "origin": [8, 9.4123, 8]},
			"faces": {
				"east": {"uv": [0, 0, 1.39238, 2.675], "texture": "#2"},
				"west": {"uv": [0, 0, 1.39238, 2.675], "texture": "#2"},
				"down": {"uv": [0, 0, 1, 1.39238], "texture": "#2"}
			}
		},
		{
			"name": "hexadecagon",
			"from": [10.5, 8.0748, 7.30381],
			"to": [11.5, 10.7498, 8.69619],
			"rotation": {"angle": 22.5, "axis": "y", "origin": [8, 9.4123, 8]},
			"faces": {
				"east": {"uv": [0, 0, 1.39238, 2.675], "texture": "#2"},
				"west": {"uv": [0, 0, 1.39239, 10.7], "texture": "#2"},
				"down": {"uv": [0, 0, 1, 1.39238], "texture": "#2"}
			}
		},
		{
			"name": "hexadecagon",
			"from": [7.30381, 8.0748, 10.5],
			"to": [8.69619, 10.7498, 11.5],
			"rotation": {"angle": -22.5, "axis": "y", "origin": [8, 9.4123, 8]},
			"faces": {
				"north": {"uv": [0, 0, 1.39238, 2.675], "texture": "#2"},
				"south": {"uv": [0, 0, 1.39238, 2.675], "texture": "#2"},
				"down": {"uv": [0, 0, 1, 1.39238], "rotation": 90, "texture": "#2"}
			}
		},
		{
			"name": "hexadecagon",
			"from": [7.30381, 8.0748, 4.5],
			"to": [8.69619, 10.7498, 5.5],
			"rotation": {"angle": -22.5, "axis": "y", "origin": [8, 9.4123, 8]},
			"faces": {
				"north": {"uv": [0, 0, 1.39238, 2.675], "texture": "#2"},
				"south": {"uv": [0, 0, 1.39239, 10.7], "texture": "#2"},
				"down": {"uv": [0, 0, 1, 1.39238], "rotation": 90, "texture": "#2"}
			}
		},
		{
			"name": "hexadecagon",
			"from": [7.30381, 8.0748, 4.5],
			"to": [8.69619, 10.7498, 5.5],
			"rotation": {"angle": 0, "axis": "y", "origin": [8, 9.4123, 8]},
			"faces": {
				"north": {"uv": [0, 0, 1.39238, 2.675], "texture": "#2"},
				"south": {"uv": [0, 0, 1.39239, 10.7], "texture": "#2"},
				"down": {"uv": [0, 0, 1, 1.39238], "rotation": 90, "texture": "#2"}
			}
		},
		{
			"name": "hexadecagon",
			"from": [7.30381, 8.0748, 10.5],
			"to": [8.69619, 10.7498, 11.5],
			"rotation": {"angle": 0, "axis": "y", "origin": [8, 9.4123, 8]},
			"faces": {
				"north": {"uv": [0, 0, 1.39238, 2.675], "texture": "#2"},
				"south": {"uv": [0, 0, 1.39238, 2.675], "texture": "#2"},
				"down": {"uv": [0, 0, 1, 1.39238], "rotation": 90, "texture": "#2"}
			}
		},
		{
			"name": "hexadecagon",
			"from": [7.30381, 8.0748, 4.5],
			"to": [8.69619, 10.7498, 5.5],
			"rotation": {"angle": 22.5, "axis": "y", "origin": [8, 9.4123, 8]},
			"faces": {
				"north": {"uv": [0, 0, 1.39238, 2.675], "texture": "#2"},
				"south": {"uv": [0, 0, 1.39239, 10.7], "texture": "#2"},
				"down": {"uv": [0, 0, 1, 1.39238], "rotation": 90, "texture": "#2"}
			}
		},
		{
			"name": "hexadecagon",
			"from": [7.30381, 8.0748, 10.5],
			"to": [8.69619, 10.7498, 11.5],
			"rotation": {"angle": 22.5, "axis": "y", "origin": [8, 9.4123, 8]},
			"faces": {
				"north": {"uv": [0, 0, 1.39238, 2.675], "texture": "#2"},
				"south": {"uv": [0, 0, 1.39238, 2.675], "texture": "#2"},
				"down": {"uv": [0, 0, 1, 1.39238], "rotation": 90, "texture": "#2"}
			}
		},
		{
			"name": "hexadecagon",
			"from": [4.5, 8.0748, 7.30381],
			"to": [5.5, 10.7498, 8.69619],
			"rotation": {"angle": 45, "axis": "y", "origin": [8, 9.4123, 8]},
			"faces": {
				"east": {"uv": [0, 0, 1.39238, 2.675], "texture": "#2"},
				"west": {"uv": [0, 0, 1.39238, 2.675], "texture": "#2"},
				"down": {"uv": [0, 0, 1, 1.39238], "texture": "#2"}
			}
		},
		{
			"name": "hexadecagon",
			"from": [10.5, 8.0748, 7.30381],
			"to": [11.5, 10.7498, 8.69619],
			"rotation": {"angle": 45, "axis": "y", "origin": [8, 9.4123, 8]},
			"faces": {
				"east": {"uv": [0, 0, 1.39238, 2.675], "texture": "#2"},
				"west": {"uv": [0, 0, 1.39239, 10.7], "texture": "#2"},
				"down": {"uv": [0, 0, 1, 1.39238], "texture": "#2"}
			}
		}
	],
	"display": {
		"thirdperson_righthand": {
			"rotation": [75, 45, 0],
			"translation": [0, 2.5, 0],
			"scale": [0.375, 0.375, 0.375]
		},
		"thirdperson_lefthand": {
			"rotation": [75, 45, 0],
			"translation": [0, 2.5, 0],
			"scale": [-0.375, 0.375, 0.375]
		},
		"firstperson_righthand": {
			"rotation": [0, 45, 0],
			"scale": [0.4, 0.4, 0.4]
		},
		"firstperson_lefthand": {
			"rotation": [0, 225, 0],
			"scale": [0.4, 0.4, 0.4]
		},
		"ground": {
			"translation": [0, 3, 0],
			"scale": [0.25, 0.25, 0.25]
		},
		"gui": {
			"rotation": [30, 135, 0],
			"scale": [0.625, 0.625, 0.625]
		},
		"fixed": {
			"scale": [0.5, 0.5, 0.5]
		}
	},
	"groups": [0, 1, 2, 3, 4, 5, 6, 7, 8, 9, 10, 11,
		{
			"name": "hexadecagon",
			"origin": [8, 8, 8],
			"color": 0,
			"children": [12, 13, 14, 15, 16, 17, 18, 19, 20, 21, 22, 23, 24, 25, 26, 27]
		}
	]
}