{
	"credit": "AlexTestria | https://alex-bauerndistel.de",
	"textures": {
		"particle": "#0"
	},
	"elements": [
		{
			"from": [0, 0.075, 0],
			"to": [16, 2.6666, 16],
			"rotation": {"angle": 0, "axis": "y", "origin": [16, 0, 0]},
			"faces": {
				"north": {"uv": [0, 0, 16, 2.5916], "texture": "#2", "cullface": "north"},
				"east": {"uv": [0, 0, 16, 2.5916], "texture": "#2", "cullface": "east"},
				"south": {"uv": [0, 0, 16, 2.5916], "texture": "#2", "cullface": "south"},
				"west": {"uv": [0, 0, 16, 2.5916], "texture": "#2", "cullface": "west"}
			}
		},
		{
			"from": [15, 2.6666, 15],
			"to": [1, 0.075, 1],
			"rotation": {"angle": 0, "axis": "y", "origin": [31, 2.5916, 15]},
			"faces": {
				"north": {"uv": [0, 2.5916, 16, 0], "texture": "#2", "cullface": "down"},
				"east": {"uv": [0, 2.5916, 16, 0], "texture": "#2", "cullface": "down"},
				"south": {"uv": [0, 2.5916, 16, 0], "texture": "#2", "cullface": "down"},
				"west": {"uv": [0, 2.5916, 16, 0], "texture": "#2", "cullface": "down"}
			}
		},
		{
			"from": [1, 0, 0],
			"to": [15, 0.075, 1],
			"rotation": {"angle": 0, "axis": "y", "origin": [16, 0, 0]},
			"faces": {
				"north": {"uv": [1, 1, 15, 1.075], "texture": "#3", "cullface": "north"},
				"south": {"uv": [1, 1, 15, 1.075], "texture": "#3", "cullface": "down"},
				"down": {"uv": [0, 0, 1, 14], "rotation": 270, "texture": "#3", "cullface": "down"}
			}
		},
		{
			"from": [15, 0, 0],
			"to": [16, 0.075, 16],
			"rotation": {"angle": 0, "axis": "y", "origin": [16, 0, 0]},
			"faces": {
				"north": {"uv": [1, 1, 2, 1.075], "texture": "#3", "cullface": "north"},
				"east": {"uv": [0, 1, 16, 1.075], "texture": "#3", "cullface": "east"},
				"south": {"uv": [14, 1, 15, 1.075], "texture": "#3", "cullface": "south"},
				"west": {"uv": [0, 1, 16, 1.075], "texture": "#3", "cullface": "down"},
				"down": {"uv": [0, 0, 16, 1], "rotation": 270, "texture": "#3", "cullface": "down"}
			}
		},
		{
			"from": [0, 0, 0],
			"to": [1, 0.075, 16],
			"rotation": {"angle": 0, "axis": "y", "origin": [16, 0, 0]},
			"faces": {
				"north": {"uv": [14, 1, 15, 1.075], "texture": "#3", "cullface": "north"},
				"east": {"uv": [0, 1, 16, 1.075], "texture": "#3", "cullface": "down"},
				"south": {"uv": [1, 1, 2, 1.075], "texture": "#3", "cullface": "south"},
				"west": {"uv": [0, 1, 16, 1.075], "texture": "#3", "cullface": "west"},
				"down": {"uv": [0, 0, 16, 1], "rotation": 270, "texture": "#3", "cullface": "down"}
			}
		},
		{
			"from": [1, 0, 15],
			"to": [15, 0.075, 16],
			"rotation": {"angle": 0, "axis": "y", "origin": [16, 0, 0]},
			"faces": {
				"north": {"uv": [1, 1, 15, 1.075], "texture": "#3", "cullface": "down"},
				"south": {"uv": [1, 1, 15, 1.075], "texture": "#3", "cullface": "south"},
				"down": {"uv": [0, 0, 1, 14], "rotation": 270, "texture": "#3", "cullface": "down"}
			}
		},
		{
			"from": [0, 2.6666, 0],
			"to": [16, 2.7416, 16],
			"rotation": {"angle": 0, "axis": "y", "origin": [16, 0, 0]},
			"faces": {
				"north": {"uv": [0, 1, 16, 1.075], "texture": "#3", "cullface": "north"},
				"east": {"uv": [0, 1, 16, 1.075], "texture": "#3", "cullface": "east"},
				"south": {"uv": [0, 1, 16, 1.075], "texture": "#3", "cullface": "south"},
				"west": {"uv": [0, 1, 16, 1.075], "texture": "#3", "cullface": "west"},
				"down": {"uv": [0, 0, 16, 16], "texture": "#2", "cullface": "down"}
			}
		},
		{
			"from": [0, 5.3334, 0],
			"to": [16, 5.4084, 16],
			"rotation": {"angle": 0, "axis": "y", "origin": [16, 2.6534, 0]},
			"faces": {
				"north": {"uv": [0, 1, 16, 1.075], "texture": "#3", "cullface": "north"},
				"east": {"uv": [0, 1, 16, 1.075], "texture": "#3", "cullface": "east"},
				"south": {"uv": [0, 1, 16, 1.075], "texture": "#3", "cullface": "south"},
				"west": {"uv": [0, 1, 16, 1.075], "texture": "#3", "cullface": "west"}
			}
		},
		{
			"from": [0, 5.4084, 0],
			"to": [16, 8.0002, 16],
			"rotation": {"angle": 0, "axis": "y", "origin": [8, 6.7043, 8]},
			"faces": {
				"north": {"uv": [0, 0, 16, 2.6168], "texture": "#1", "cullface": "north"},
				"east": {"uv": [0, 0, 16, 2.6168], "texture": "#1", "cullface": "east"},
				"south": {"uv": [0, 0, 16, 2.6168], "texture": "#1", "cullface": "south"},
				"west": {"uv": [0, 0, 16, 2.6168], "texture": "#1", "cullface": "west"},
				"up": {"uv": [0, 0, 16, 16], "texture": "#1"}
			}
		},
		{
			"from": [0, 2.7416, 0],
			"to": [16, 5.3334, 16],
			"rotation": {"angle": 0, "axis": "y", "origin": [16, 2.6666, 0]},
			"faces": {
				"north": {"uv": [0, 0, 16, 2.6168], "texture": "#0", "cullface": "north"},
				"east": {"uv": [0, 0, 16, 2.6168], "texture": "#0", "cullface": "east"},
				"south": {"uv": [0, 0, 16, 2.6168], "texture": "#0", "cullface": "south"},
				"west": {"uv": [0, 0, 16, 2.6168], "texture": "#0", "cullface": "west"}
			}
		},
		{
			"name": "hexadecagon",
			"from": [7.30381, 0.075, 10.5],
			"to": [8.69619, 2.75, 11.5],
			"rotation": {"angle": 45, "axis": "y", "origin": [8, 1.4125, 8]},
			"faces": {
				"north": {"uv": [1, 1, 2.39238, 3.675], "texture": "#2", "cullface": "down"},
				"south": {"uv": [1, 1, 2.39238, 3.675], "texture": "#2", "cullface": "down"},
				"down": {"uv": [1, 1, 2, 2.39238], "rotation": 270, "texture": "#2", "cullface": "down"}
			}
		},
		{
			"name": "hexadecagon",
			"from": [7.30381, 0.075, 4.5],
			"to": [8.69619, 2.75, 5.5],
			"rotation": {"angle": 45, "axis": "y", "origin": [8, 1.4125, 8]},
			"faces": {
				"north": {"uv": [1, 1, 2.39238, 3.675], "texture": "#2", "cullface": "down"},
				"south": {"uv": [1, 1, 2.39238, 3.675], "texture": "#2", "cullface": "down"},
				"down": {"uv": [1, 1, 2, 2.39238], "rotation": 270, "texture": "#2", "cullface": "down"}
			}
		},
		{
			"name": "hexadecagon",
			"from": [4.5, 0.075, 7.30381],
			"to": [5.5, 2.75, 8.69619],
			"rotation": {"angle": -22.5, "axis": "y", "origin": [8, 1.4125, 8]},
			"faces": {
				"east": {"uv": [1, 1, 2.39238, 3.675], "texture": "#2", "cullface": "down"},
				"west": {"uv": [1, 1, 2.39238, 3.675], "texture": "#2", "cullface": "down"},
				"down": {"uv": [1, 1, 2, 2.39238], "texture": "#2", "cullface": "down"}
			}
		},
		{
			"name": "hexadecagon",
			"from": [10.5, 0.075, 7.30381],
			"to": [11.5, 2.75, 8.69619],
			"rotation": {"angle": -22.5, "axis": "y", "origin": [8, 1.4125, 8]},
			"faces": {
				"east": {"uv": [1, 1, 2.39238, 3.675], "texture": "#2", "cullface": "down"},
				"west": {"uv": [1, 1, 2.39238, 3.675], "texture": "#2", "cullface": "down"},
				"down": {"uv": [1, 1, 2, 2.39238], "texture": "#2", "cullface": "down"}
			}
		},
		{
			"name": "hexadecagon",
			"from": [4.5, 0.075, 7.30381],
			"to": [5.5, 2.75, 8.69619],
			"rotation": {"angle": 0, "axis": "y", "origin": [8, 1.4125, 8]},
			"faces": {
				"east": {"uv": [1, 1, 2.39238, 3.675], "texture": "#2", "cullface": "down"},
				"west": {"uv": [1, 1, 2.39238, 3.675], "texture": "#2", "cullface": "down"},
				"down": {"uv": [1, 1, 2, 2.39238], "texture": "#2", "cullface": "down"}
			}
		},
		{
			"name": "hexadecagon",
			"from": [10.5, 0.075, 7.30381],
			"to": [11.5, 2.75, 8.69619],
			"rotation": {"angle": 0, "axis": "y", "origin": [8, 1.4125, 8]},
			"faces": {
				"east": {"uv": [1, 1, 2.39238, 3.675], "texture": "#2", "cullface": "down"},
				"west": {"uv": [1, 1, 2.39238, 3.675], "texture": "#2", "cullface": "down"},
				"down": {"uv": [1, 1, 2, 2.39238], "texture": "#2", "cullface": "down"}
			}
		},
		{
			"name": "hexadecagon",
			"from": [4.5, 0.075, 7.30381],
			"to": [5.5, 2.75, 8.69619],
			"rotation": {"angle": 22.5, "axis": "y", "origin": [8, 1.4125, 8]},
			"faces": {
				"east": {"uv": [1, 1, 2.39238, 3.675], "texture": "#2", "cullface": "down"},
				"west": {"uv": [1, 1, 2.39238, 3.675], "texture": "#2", "cullface": "down"},
				"down": {"uv": [1, 1, 2, 2.39238], "texture": "#2", "cullface": "down"}
			}
		},
		{
			"name": "hexadecagon",
			"from": [10.5, 0.075, 7.30381],
			"to": [11.5, 2.75, 8.69619],
			"rotation": {"angle": 22.5, "axis": "y", "origin": [8, 1.4125, 8]},
			"faces": {
				"east": {"uv": [1, 1, 2.39238, 3.675], "texture": "#2", "cullface": "down"},
				"west": {"uv": [1, 1, 2.39238, 3.675], "texture": "#2", "cullface": "down"},
				"down": {"uv": [1, 1, 2, 2.39238], "texture": "#2", "cullface": "down"}
			}
		},
		{
			"name": "hexadecagon",
			"from": [7.30381, 0.075, 10.5],
			"to": [8.69619, 2.75, 11.5],
			"rotation": {"angle": -22.5, "axis": "y", "origin": [8, 1.4125, 8]},
			"faces": {
				"north": {"uv": [1, 1, 2.39238, 3.675], "texture": "#2", "cullface": "down"},
				"south": {"uv": [1, 1, 2.39238, 3.675], "texture": "#2", "cullface": "down"},
				"down": {"uv": [1, 1, 2, 2.39238], "rotation": 90, "texture": "#2", "cullface": "down"}
			}
		},
		{
			"name": "hexadecagon",
			"from": [7.30381, 0.075, 4.5],
			"to": [8.69619, 2.75, 5.5],
			"rotation": {"angle": -22.5, "axis": "y", "origin": [8, 1.4125, 8]},
			"faces": {
				"north": {"uv": [1, 1, 2.39238, 3.675], "texture": "#2", "cullface": "down"},
				"south": {"uv": [1, 1, 2.39238, 3.675], "texture": "#2", "cullface": "down"},
				"down": {"uv": [1, 1, 2, 2.39238], "rotation": 90, "texture": "#2", "cullface": "down"}
			}
		},
		{
			"name": "hexadecagon",
			"from": [7.30381, 0.075, 4.5],
			"to": [8.69619, 2.75, 5.5],
			"rotation": {"angle": 0, "axis": "y", "origin": [8, 1.4125, 8]},
			"faces": {
				"north": {"uv": [1, 1, 2.39238, 3.675], "texture": "#2", "cullface": "down"},
				"south": {"uv": [1, 1, 2.39238, 3.675], "texture": "#2", "cullface": "down"},
				"down": {"uv": [1, 1, 2, 2.39238], "rotation": 90, "texture": "#2", "cullface": "down"}
			}
		},
		{
			"name": "hexadecagon",
			"from": [7.30381, 0.075, 10.5],
			"to": [8.69619, 2.75, 11.5],
			"rotation": {"angle": 0, "axis": "y", "origin": [8, 1.4125, 8]},
			"faces": {
				"north": {"uv": [1, 1, 2.39238, 3.675], "texture": "#2", "cullface": "down"},
				"south": {"uv": [1, 1, 2.39238, 3.675], "texture": "#2", "cullface": "down"},
				"down": {"uv": [1, 1, 2, 2.39238], "rotation": 90, "texture": "#2", "cullface": "down"}
			}
		},
		{
			"name": "hexadecagon",
			"from": [7.30381, 0.075, 4.5],
			"to": [8.69619, 2.75, 5.5],
			"rotation": {"angle": 22.5, "axis": "y", "origin": [8, 1.4125, 8]},
			"faces": {
				"north": {"uv": [1, 1, 2.39238, 3.675], "texture": "#2", "cullface": "down"},
				"south": {"uv": [1, 1, 2.39238, 3.675], "texture": "#2", "cullface": "down"},
				"down": {"uv": [1, 1, 2, 2.39238], "rotation": 90, "texture": "#2", "cullface": "down"}
			}
		},
		{
			"name": "hexadecagon",
			"from": [7.30381, 0.075, 10.5],
			"to": [8.69619, 2.75, 11.5],
			"rotation": {"angle": 22.5, "axis": "y", "origin": [8, 1.4125, 8]},
			"faces": {
				"north": {"uv": [1, 1, 2.39238, 3.675], "texture": "#2", "cullface": "down"},
				"south": {"uv": [1, 1, 2.39238, 3.675], "texture": "#2", "cullface": "down"},
				"down": {"uv": [1, 1, 2, 2.39238], "rotation": 90, "texture": "#2", "cullface": "down"}
			}
		},
		{
			"name": "hexadecagon",
			"from": [4.5, 0.075, 7.30381],
			"to": [5.5, 2.75, 8.69619],
			"rotation": {"angle": 45, "axis": "y", "origin": [8, 1.4125, 8]},
			"faces": {
				"east": {"uv": [1, 1, 2.39238, 3.675], "texture": "#2", "cullface": "down"},
				"west": {"uv": [1, 1, 2.39238, 3.675], "texture": "#2", "cullface": "down"},
				"down": {"uv": [1, 1, 2, 2.39238], "texture": "#2", "cullface": "down"}
			}
		},
		{
			"name": "hexadecagon",
			"from": [10.5, 0.075, 7.30381],
			"to": [11.5, 2.75, 8.69619],
			"rotation": {"angle": 45, "axis": "y", "origin": [8, 1.4125, 8]},
			"faces": {
				"east": {"uv": [1, 1, 2.39238, 3.675], "texture": "#2", "cullface": "down"},
				"west": {"uv": [1, 1, 2.39238, 3.675], "texture": "#2", "cullface": "down"},
				"down": {"uv": [1, 1, 2, 2.39238], "texture": "#2", "cullface": "down"}
			}
		},
		{
			"name": "hexadecagon",
			"from": [11.50272, 8, 1.5],
			"to": [12.49728, 9.25, 6.5],
			"rotation": {"angle": -45, "axis": "y", "origin": [12, 8.5, 4]},
			"faces": {
				"north": {"uv": [1, 1, 1.99456, 2.25], "texture": "#1"},
				"south": {"uv": [1, 1, 1.99456, 2.25], "texture": "#1"},
				"up": {"uv": [1, 1, 1.99456, 6], "texture": "#1"}
			}
		},
		{
			"name": "hexadecagon",
			"from": [11.50272, 8, 1.5],
			"to": [12.49728, 9.25, 6.5],
			"rotation": {"angle": -22.5, "axis": "y", "origin": [12, 8.5, 4]},
			"faces": {
				"north": {"uv": [1, 1, 1.99456, 2.25], "texture": "#1"},
				"south": {"uv": [1, 1, 1.99456, 2.25], "texture": "#1"},
				"up": {"uv": [1, 1, 1.99456, 6], "texture": "#1"}
			}
		},
		{
			"name": "hexadecagon",
			"from": [11.50272, 8, 1.5],
			"to": [12.49728, 9.25, 6.5],
			"rotation": {"angle": 0, "axis": "y", "origin": [12, 8.5, 4]},
			"faces": {
				"north": {"uv": [1, 1, 1.99456, 2.25], "texture": "#1"},
				"south": {"uv": [1, 1, 1.99456, 2.25], "texture": "#1"},
				"up": {"uv": [1, 1, 1.99456, 6], "texture": "#1"}
			}
		},
		{
			"name": "hexadecagon",
			"from": [11.50272, 8, 1.5],
			"to": [12.49728, 9.25, 6.5],
			"rotation": {"angle": 22.5, "axis": "y", "origin": [12, 8.5, 4]},
			"faces": {
				"north": {"uv": [1, 1, 1.99456, 2.25], "texture": "#1"},
				"south": {"uv": [1, 1, 1.99456, 2.25], "texture": "#1"},
				"up": {"uv": [1, 1, 1.99456, 6], "texture": "#1"}
			}
		},
		{
			"name": "hexadecagon",
			"from": [11.50272, 8, 1.5],
			"to": [12.49728, 9.25, 6.5],
			"rotation": {"angle": 45, "axis": "y", "origin": [12, 8.5, 4]},
			"faces": {
				"north": {"uv": [1, 1, 1.99456, 2.25], "texture": "#1"},
				"south": {"uv": [1, 1, 1.99456, 2.25], "texture": "#1"},
				"up": {"uv": [1, 1, 1.99456, 6], "texture": "#1"}
			}
		},
		{
			"name": "hexadecagon",
			"from": [9.5, 8, 3.50272],
			"to": [14.5, 9.25, 4.49728],
			"rotation": {"angle": -22.5, "axis": "y", "origin": [12, 8.5, 4]},
			"faces": {
				"east": {"uv": [1, 1, 1.99456, 2.25], "texture": "#1"},
				"west": {"uv": [1, 1, 1.99456, 2.25], "texture": "#1"},
				"up": {"uv": [1, 1, 6, 1.99456], "texture": "#1"}
			}
		},
		{
			"name": "hexadecagon",
			"from": [9.5, 8, 3.50272],
			"to": [14.5, 9.25, 4.49728],
			"rotation": {"angle": 0, "axis": "y", "origin": [12, 8.5, 4]},
			"faces": {
				"east": {"uv": [1, 1, 1.99456, 2.25], "texture": "#1"},
				"west": {"uv": [1, 1, 1.99456, 2.25], "texture": "#1"},
				"up": {"uv": [1, 1, 6, 1.99456], "texture": "#1"}
			}
		},
		{
			"name": "hexadecagon",
			"from": [9.5, 8, 3.50272],
			"to": [14.5, 9.25, 4.49728],
			"rotation": {"angle": 22.5, "axis": "y", "origin": [12, 8.5, 4]},
			"faces": {
				"east": {"uv": [1, 1, 1.99456, 2.25], "texture": "#1"},
				"west": {"uv": [1, 1, 1.99456, 2.25], "texture": "#1"},
				"up": {"uv": [1, 1, 6, 1.99456], "texture": "#1"}
			}
		},
		{
			"name": "hexadecagon",
			"from": [3.50272, 8, 1.5],
			"to": [4.49728, 9.25, 6.5],
			"rotation": {"angle": 45, "axis": "y", "origin": [4, 8.5, 4]},
			"faces": {
				"north": {"uv": [1, 1, 1.99456, 2.25], "texture": "#1"},
				"south": {"uv": [1, 1, 1.99456, 2.25], "texture": "#1"},
				"up": {"uv": [1, 1, 1.99456, 6], "texture": "#1"}
			}
		},
		{
			"name": "hexadecagon",
			"from": [3.50272, 8, 1.5],
			"to": [4.49728, 9.25, 6.5],
			"rotation": {"angle": 22.5, "axis": "y", "origin": [4, 8.5, 4]},
			"faces": {
				"north": {"uv": [1, 1, 1.99456, 2.25], "texture": "#1"},
				"south": {"uv": [1, 1, 1.99456, 2.25], "texture": "#1"},
				"up": {"uv": [1, 1, 1.99456, 6], "texture": "#1"}
			}
		},
		{
			"name": "hexadecagon",
			"from": [3.50272, 8, 1.5],
			"to": [4.49728, 9.25, 6.5],
			"rotation": {"angle": 0, "axis": "y", "origin": [4, 8.5, 4]},
			"faces": {
				"north": {"uv": [1, 1, 1.99456, 2.25], "texture": "#1"},
				"south": {"uv": [1, 1, 1.99456, 2.25], "texture": "#1"},
				"up": {"uv": [1, 1, 1.99456, 6], "texture": "#1"}
			}
		},
		{
			"name": "hexadecagon",
			"from": [3.50272, 8, 1.5],
			"to": [4.49728, 9.25, 6.5],
			"rotation": {"angle": -22.5, "axis": "y", "origin": [4, 8.5, 4]},
			"faces": {
				"north": {"uv": [1, 1, 1.99456, 2.25], "texture": "#1"},
				"south": {"uv": [1, 1, 1.99456, 2.25], "texture": "#1"},
				"up": {"uv": [1, 1, 1.99456, 6], "texture": "#1"}
			}
		},
		{
			"name": "hexadecagon",
			"from": [3.50272, 8, 1.5],
			"to": [4.49728, 9.25, 6.5],
			"rotation": {"angle": -45, "axis": "y", "origin": [4, 8.5, 4]},
			"faces": {
				"north": {"uv": [1, 1, 1.99456, 2.25], "texture": "#1"},
				"south": {"uv": [1, 1, 1.99456, 2.25], "texture": "#1"},
				"up": {"uv": [1, 1, 1.99456, 6], "texture": "#1"}
			}
		},
		{
			"name": "hexadecagon",
			"from": [1.5, 8, 3.50272],
			"to": [6.5, 9.25, 4.49728],
			"rotation": {"angle": 22.5, "axis": "y", "origin": [4, 8.5, 4]},
			"faces": {
				"east": {"uv": [1, 1, 1.99456, 2.25], "texture": "#1"},
				"west": {"uv": [1, 1, 1.99456, 2.25], "texture": "#1"},
				"up": {"uv": [1, 1, 6, 1.99456], "texture": "#1"}
			}
		},
		{
			"name": "hexadecagon",
			"from": [1.5, 8, 3.50272],
			"to": [6.5, 9.25, 4.49728],
			"rotation": {"angle": 0, "axis": "y", "origin": [4, 8.5, 4]},
			"faces": {
				"east": {"uv": [1, 1, 1.99456, 2.25], "texture": "#1"},
				"west": {"uv": [1, 1, 1.99456, 2.25], "texture": "#1"},
				"up": {"uv": [1, 1, 6, 1.99456], "texture": "#1"}
			}
		},
		{
			"name": "hexadecagon",
			"from": [1.5, 8, 3.50272],
			"to": [6.5, 9.25, 4.49728],
			"rotation": {"angle": -22.5, "axis": "y", "origin": [4, 8.5, 4]},
			"faces": {
				"east": {"uv": [1, 1, 1.99456, 2.25], "texture": "#1"},
				"west": {"uv": [1, 1, 1.99456, 2.25], "texture": "#1"},
				"up": {"uv": [1, 1, 6, 1.99456], "texture": "#1"}
			}
		},
		{
			"name": "hexadecagon",
			"from": [3.50272, 8, 9.5],
			"to": [4.49728, 9.25, 14.5],
			"rotation": {"angle": -45, "axis": "y", "origin": [4, 8.5, 12]},
			"faces": {
				"north": {"uv": [1, 1, 1.99456, 2.25], "texture": "#1"},
				"south": {"uv": [1, 1, 1.99456, 2.25], "texture": "#1"},
				"up": {"uv": [1, 1, 1.99456, 6], "texture": "#1"}
			}
		},
		{
			"name": "hexadecagon",
			"from": [3.50272, 8, 9.5],
			"to": [4.49728, 9.25, 14.5],
			"rotation": {"angle": -22.5, "axis": "y", "origin": [4, 8.5, 12]},
			"faces": {
				"north": {"uv": [1, 1, 1.99456, 2.25], "texture": "#1"},
				"south": {"uv": [1, 1, 1.99456, 2.25], "texture": "#1"},
				"up": {"uv": [1, 1, 1.99456, 6], "texture": "#1"}
			}
		},
		{
			"name": "hexadecagon",
			"from": [3.50272, 8, 9.5],
			"to": [4.49728, 9.25, 14.5],
			"rotation": {"angle": 0, "axis": "y", "origin": [4, 8.5, 12]},
			"faces": {
				"north": {"uv": [1, 1, 1.99456, 2.25], "texture": "#1"},
				"south": {"uv": [1, 1, 1.99456, 2.25], "texture": "#1"},
				"up": {"uv": [1, 1, 1.99456, 6], "texture": "#1"}
			}
		},
		{
			"name": "hexadecagon",
			"from": [3.50272, 8, 9.5],
			"to": [4.49728, 9.25, 14.5],
			"rotation": {"angle": 22.5, "axis": "y", "origin": [4, 8.5, 12]},
			"faces": {
				"north": {"uv": [1, 1, 1.99456, 2.25], "texture": "#1"},
				"south": {"uv": [1, 1, 1.99456, 2.25], "texture": "#1"},
				"up": {"uv": [1, 1, 1.99456, 6], "texture": "#1"}
			}
		},
		{
			"name": "hexadecagon",
			"from": [3.50272, 8, 9.5],
			"to": [4.49728, 9.25, 14.5],
			"rotation": {"angle": 45, "axis": "y", "origin": [4, 8.5, 12]},
			"faces": {
				"north": {"uv": [1, 1, 1.99456, 2.25], "texture": "#1"},
				"south": {"uv": [1, 1, 1.99456, 2.25], "texture": "#1"},
				"up": {"uv": [1, 1, 1.99456, 6], "texture": "#1"}
			}
		},
		{
			"name": "hexadecagon",
			"from": [1.5, 8, 11.50272],
			"to": [6.5, 9.25, 12.49728],
			"rotation": {"angle": -22.5, "axis": "y", "origin": [4, 8.5, 12]},
			"faces": {
				"east": {"uv": [1, 1, 1.99456, 2.25], "texture": "#1"},
				"west": {"uv": [1, 1, 1.99456, 2.25], "texture": "#1"},
				"up": {"uv": [1, 1, 6, 1.99456], "texture": "#1"}
			}
		},
		{
			"name": "hexadecagon",
			"from": [1.5, 8, 11.50272],
			"to": [6.5, 9.25, 12.49728],
			"rotation": {"angle": 0, "axis": "y", "origin": [4, 8.5, 12]},
			"faces": {
				"east": {"uv": [1, 1, 1.99456, 2.25], "texture": "#1"},
				"west": {"uv": [1, 1, 1.99456, 2.25], "texture": "#1"},
				"up": {"uv": [1, 1, 6, 1.99456], "texture": "#1"}
			}
		},
		{
			"name": "hexadecagon",
			"from": [1.5, 8, 11.50272],
			"to": [6.5, 9.25, 12.49728],
			"rotation": {"angle": 22.5, "axis": "y", "origin": [4, 8.5, 12]},
			"faces": {
				"east": {"uv": [1, 1, 1.99456, 2.25], "texture": "#1"},
				"west": {"uv": [1, 1, 1.99456, 2.25], "texture": "#1"},
				"up": {"uv": [1, 1, 6, 1.99456], "texture": "#1"}
			}
		},
		{
			"name": "hexadecagon",
			"from": [11.50272, 8, 9.5],
			"to": [12.49728, 9.25, 14.5],
			"rotation": {"angle": 45, "axis": "y", "origin": [12, 8.5, 12]},
			"faces": {
				"north": {"uv": [1, 1, 1.99456, 2.25], "texture": "#1"},
				"south": {"uv": [1, 1, 1.99456, 2.25], "texture": "#1"},
				"up": {"uv": [1, 1, 1.99456, 6], "texture": "#1"}
			}
		},
		{
			"name": "hexadecagon",
			"from": [11.50272, 8, 9.5],
			"to": [12.49728, 9.25, 14.5],
			"rotation": {"angle": 22.5, "axis": "y", "origin": [12, 8.5, 12]},
			"faces": {
				"north": {"uv": [1, 1, 1.99456, 2.25], "texture": "#1"},
				"south": {"uv": [1, 1, 1.99456, 2.25], "texture": "#1"},
				"up": {"uv": [1, 1, 1.99456, 6], "texture": "#1"}
			}
		},
		{
			"name": "hexadecagon",
			"from": [11.50272, 8, 9.5],
			"to": [12.49728, 9.25, 14.5],
			"rotation": {"angle": 0, "axis": "y", "origin": [12, 8.5, 12]},
			"faces": {
				"north": {"uv": [1, 1, 1.99456, 2.25], "texture": "#1"},
				"south": {"uv": [1, 1, 1.99456, 2.25], "texture": "#1"},
				"up": {"uv": [1, 1, 1.99456, 6], "texture": "#1"}
			}
		},
		{
			"name": "hexadecagon",
			"from": [11.50272, 8, 9.5],
			"to": [12.49728, 9.25, 14.5],
			"rotation": {"angle": -22.5, "axis": "y", "origin": [12, 8.5, 12]},
			"faces": {
				"north": {"uv": [1, 1, 1.99456, 2.25], "texture": "#1"},
				"south": {"uv": [1, 1, 1.99456, 2.25], "texture": "#1"},
				"up": {"uv": [1, 1, 1.99456, 6], "texture": "#1"}
			}
		},
		{
			"name": "hexadecagon",
			"from": [11.50272, 8, 9.5],
			"to": [12.49728, 9.25, 14.5],
			"rotation": {"angle": -45, "axis": "y", "origin": [12, 8.5, 12]},
			"faces": {
				"north": {"uv": [1, 1, 1.99456, 2.25], "texture": "#1"},
				"south": {"uv": [1, 1, 1.99456, 2.25], "texture": "#1"},
				"up": {"uv": [1, 1, 1.99456, 6], "texture": "#1"}
			}
		},
		{
			"name": "hexadecagon",
			"from": [9.5, 8, 11.50272],
			"to": [14.5, 9.25, 12.49728],
			"rotation": {"angle": 22.5, "axis": "y", "origin": [12, 8.5, 12]},
			"faces": {
				"east": {"uv": [1, 1, 1.99456, 2.25], "texture": "#1"},
				"west": {"uv": [1, 1, 1.99456, 2.25], "texture": "#1"},
				"up": {"uv": [1, 1, 6, 1.99456], "texture": "#1"}
			}
		},
		{
			"name": "hexadecagon",
			"from": [9.5, 8, 11.50272],
			"to": [14.5, 9.25, 12.49728],
			"rotation": {"angle": 0, "axis": "y", "origin": [12, 8.5, 12]},
			"faces": {
				"east": {"uv": [1, 1, 1.99456, 2.25], "texture": "#1"},
				"west": {"uv": [1, 1, 1.99456, 2.25], "texture": "#1"},
				"up": {"uv": [1, 1, 6, 1.99456], "texture": "#1"}
			}
		},
		{
			"name": "hexadecagon",
			"from": [9.5, 8, 11.50272],
			"to": [14.5, 9.25, 12.49728],
			"rotation": {"angle": -22.5, "axis": "y", "origin": [12, 8.5, 12]},
			"faces": {
				"east": {"uv": [1, 1, 1.99456, 2.25], "texture": "#1"},
				"west": {"uv": [1, 1, 1.99456, 2.25], "texture": "#1"},
				"up": {"uv": [1, 1, 6, 1.99456], "texture": "#1"}
			}
		}
	],
	"display": {
		"thirdperson_righthand": {
			"rotation": [75, 45, 0],
			"translation": [0, 2.5, 0],
			"scale": [0.375, 0.375, 0.375]
		},
		"thirdperson_lefthand": {
			"rotation": [75, 45, 0],
			"translation": [0, 2.5, 0],
			"scale": [-0.375, 0.375, 0.375]
		},
		"firstperson_righthand": {
			"rotation": [0, 45, 0],
			"scale": [0.4, 0.4, 0.4]
		},
		"firstperson_lefthand": {
			"rotation": [0, 225, 0],
			"scale": [0.4, 0.4, 0.4]
		},
		"ground": {
			"translation": [0, 3, 0],
			"scale": [0.25, 0.25, 0.25]
		},
		"gui": {
			"rotation": [30, 135, 0],
			"scale": [0.625, 0.625, 0.625]
		},
		"fixed": {
			"scale": [0.5, 0.5, 0.5]
		}
	},
	"groups": [0, 1, 2, 3, 4, 5, 6, 7, 8, 9,
		{
			"name": "hexadecagon",
			"origin": [8, 8, 8],
			"color": 0,
			"children": [10, 11, 12, 13, 14, 15, 16, 17, 18, 19, 20, 21, 22, 23, 24, 25]
		},
		{
			"name": "studs",
			"origin": [8, 8, 8],
			"color": 0,
			"children": [
				{
					"name": "hexadecagon",
					"origin": [8, 8, 8],
					"color": 0,
					"children": [26, 27, 28, 29, 30, 31, 32, 33]
				},
				{
					"name": "hexadecagon",
					"origin": [8, 8, 8],
					"color": 0,
					"children": [34, 35, 36, 37, 38, 39, 40, 41]
				},
				{
					"name": "hexadecagon",
					"origin": [8, 8, 8],
					"color": 0,
					"children": [42, 43, 44, 45, 46, 47, 48, 49]
				},
				{
					"name": "hexadecagon",
					"origin": [8, 8, 8],
					"color": 0,
					"children": [50, 51, 52, 53, 54, 55, 56, 57]
				}
			]
		}
	]
}