{
	"credit": "AlexTestria | https://alex-bauerndistel.de",
	"textures": {
		"0": "brickcraft/material/plastics/shader_support/plastic30",
		"3": "brickcraft/material/plastics/shader_support/plastic05",
		"particle": "brickcraft/material/plastics/shader_support/plastic30"
	},
	"elements": [
		{
			"name": "hexadecagon",
			"from": [0.75, 19.25, 7.50272],
			"to": [5.75, 20.5, 8.49728],
			"rotation": {"angle": -45, "axis": "y", "origin": [3.25, 19.75, 8]},
			"faces": {
				"east": {"uv": [0, 0, 0.99456, 1.25], "texture": "#1"},
				"west": {"uv": [0, 0, 0.99456, 1.25], "texture": "#1"},
				"up": {"uv": [0, 0, 0.99456, 5], "rotation": 90, "texture": "#1"}
			}
		},
		{
			"name": "hexadecagon",
			"from": [0.75, 19.25, 7.50272],
			"to": [5.75, 20.5, 8.49728],
			"rotation": {"angle": -22.5, "axis": "y", "origin": [3.25, 19.75, 8]},
			"faces": {
				"east": {"uv": [0, 0, 0.99456, 1.25], "texture": "#1"},
				"west": {"uv": [0, 0, 0.99456, 1.25], "texture": "#1"},
				"up": {"uv": [0, 0, 0.99456, 5], "rotation": 90, "texture": "#1"}
			}
		},
		{
			"name": "hexadecagon",
			"from": [0.75, 19.25, 7.50272],
			"to": [5.75, 20.5, 8.49728],
			"rotation": {"angle": 0, "axis": "y", "origin": [3.25, 19.75, 8]},
			"faces": {
				"east": {"uv": [0, 0, 0.99456, 1.25], "texture": "#1"},
				"west": {"uv": [0, 0, 0.99456, 1.25], "texture": "#1"},
				"up": {"uv": [0, 0, 0.99456, 5], "rotation": 90, "texture": "#1"}
			}
		},
		{
			"name": "hexadecagon",
			"from": [0.75, 19.25, 7.50272],
			"to": [5.75, 20.5, 8.49728],
			"rotation": {"angle": 22.5, "axis": "y", "origin": [3.25, 19.75, 8]},
			"faces": {
				"east": {"uv": [0, 0, 0.99456, 1.25], "texture": "#1"},
				"west": {"uv": [0, 0, 0.99456, 1.25], "texture": "#1"},
				"up": {"uv": [0, 0, 0.99456, 5], "rotation": 90, "texture": "#1"}
			}
		},
		{
			"name": "hexadecagon",
			"from": [0.75, 19.25, 7.50272],
			"to": [5.75, 20.5, 8.49728],
			"rotation": {"angle": 45, "axis": "y", "origin": [3.25, 19.75, 8]},
			"faces": {
				"east": {"uv": [0, 0, 0.99456, 1.25], "texture": "#1"},
				"west": {"uv": [0, 0, 0.99456, 1.25], "texture": "#1"},
				"up": {"uv": [0, 0, 0.99456, 5], "rotation": 90, "texture": "#1"}
			}
		},
		{
			"name": "hexadecagon",
			"from": [2.75272, 19.25, 5.5],
			"to": [3.74728, 20.5, 10.5],
			"rotation": {"angle": -22.5, "axis": "y", "origin": [3.25, 19.75, 8]},
			"faces": {
				"north": {"uv": [0, 0, 0.99456, 1.25], "texture": "#1"},
				"south": {"uv": [0, 0, 0.99456, 1.25], "texture": "#1"},
				"up": {"uv": [0, 0, 5, 0.99456], "rotation": 90, "texture": "#1"}
			}
		},
		{
			"name": "hexadecagon",
			"from": [2.75272, 19.25, 5.5],
			"to": [3.74728, 20.5, 10.5],
			"rotation": {"angle": 0, "axis": "y", "origin": [3.25, 19.75, 8]},
			"faces": {
				"north": {"uv": [0, 0, 0.99456, 1.25], "texture": "#1"},
				"south": {"uv": [0, 0, 0.99456, 1.25], "texture": "#1"},
				"up": {"uv": [0, 0, 5, 0.99456], "rotation": 90, "texture": "#1"}
			}
		},
		{
			"name": "hexadecagon",
			"from": [2.75272, 19.25, 5.5],
			"to": [3.74728, 20.5, 10.5],
			"rotation": {"angle": 22.5, "axis": "y", "origin": [3.25, 19.75, 8]},
			"faces": {
				"north": {"uv": [0, 0, 0.99456, 1.25], "texture": "#1"},
				"south": {"uv": [0, 0, 0.99456, 1.25], "texture": "#1"},
				"up": {"uv": [0, 0, 5, 0.99456], "rotation": 90, "texture": "#1"}
			}
		},
		{
			"from": [-0.75, 16.6584, 4],
			"to": [7.25, 19.25, 12],
			"rotation": {"angle": 0, "axis": "y", "origin": [16.25, 14.07, -4]},
			"faces": {
				"north": {"uv": [0, 0, 8, 2.5916], "texture": "#1"},
				"east": {"uv": [0, 0, 8, 2.5916], "texture": "#1"},
				"south": {"uv": [0, 0, 8, 2.5916], "texture": "#1"},
				"west": {"uv": [0, 0, 8, 2.5916], "texture": "#1"},
				"up": {"uv": [0, 0, 8, 8], "rotation": 90, "texture": "#1"}
			}
		},
		{
			"from": [-0.75, 14.0668, 4],
			"to": [7.25, 16.6584, 12],
			"rotation": {"angle": 0, "axis": "y", "origin": [8, 11.4784, 8]},
			"faces": {
				"north": {"uv": [0, 0, 8, 2.5916], "texture": "#2"},
				"east": {"uv": [0, 0, 8, 2.5916], "texture": "#2"},
				"south": {"uv": [0, 0, 8, 2.5916], "texture": "#2"},
				"west": {"uv": [0, 0, 8, 2.5916], "texture": "#2"},
				"down": {"uv": [0, 0, 8, 8], "rotation": 270, "texture": "#2"}
			}
		},
		{
			"name": "hexadecagon",
			"from": [1.75, 5.75, 7.70163],
			"to": [4.75, 12.75, 8.29837],
			"rotation": {"angle": -45, "axis": "y", "origin": [3.25, 5.75, 8]},
			"faces": {
				"east": {"uv": [0, 0, 0.59674, 7], "texture": "#0"},
				"west": {"uv": [0, 0, 0.59674, 7], "texture": "#0"}
			}
		},
		{
			"name": "hexadecagon",
			"from": [1.75, 5.75, 7.70163],
			"to": [4.75, 12.75, 8.29837],
			"rotation": {"angle": -22.5, "axis": "y", "origin": [3.25, 5.75, 8]},
			"faces": {
				"east": {"uv": [0, 0, 0.59674, 7], "texture": "#0"},
				"west": {"uv": [0, 0, 0.59674, 7], "texture": "#0"}
			}
		},
		{
			"name": "hexadecagon",
			"from": [1.75, 5.75, 7.70163],
			"to": [4.75, 12.75, 8.29837],
			"rotation": {"angle": 0, "axis": "y", "origin": [3.25, 5.75, 8]},
			"faces": {
				"east": {"uv": [0, 0, 0.59674, 7], "texture": "#0"},
				"west": {"uv": [0, 0, 0.59674, 7], "texture": "#0"}
			}
		},
		{
			"name": "hexadecagon",
			"from": [1.75, 5.75, 7.70163],
			"to": [4.75, 12.75, 8.29837],
			"rotation": {"angle": 22.5, "axis": "y", "origin": [3.25, 5.75, 8]},
			"faces": {
				"east": {"uv": [0, 0, 0.59674, 7], "texture": "#0"},
				"west": {"uv": [0, 0, 0.59674, 7], "texture": "#0"}
			}
		},
		{
			"name": "hexadecagon",
			"from": [1.75, 5.75, 7.70163],
			"to": [4.75, 12.75, 8.29837],
			"rotation": {"angle": 45, "axis": "y", "origin": [3.25, 5.75, 8]},
			"faces": {
				"east": {"uv": [0, 0, 0.59674, 7], "texture": "#0"},
				"west": {"uv": [0, 0, 0.59674, 7], "texture": "#0"}
			}
		},
		{
			"name": "hexadecagon",
			"from": [2.95163, 5.75, 6.5],
			"to": [3.54837, 12.75, 9.5],
			"rotation": {"angle": -22.5, "axis": "y", "origin": [3.25, 5.75, 8]},
			"faces": {
				"north": {"uv": [0, 0, 0.59674, 7], "texture": "#0"},
				"south": {"uv": [0, 0, 0.59674, 7], "texture": "#0"}
			}
		},
		{
			"name": "hexadecagon",
			"from": [2.95163, 5.75, 6.5],
			"to": [3.54837, 12.75, 9.5],
			"rotation": {"angle": 0, "axis": "y", "origin": [3.25, 5.75, 8]},
			"faces": {
				"north": {"uv": [0, 0, 0.59674, 7], "texture": "#0"},
				"south": {"uv": [0, 0, 0.59674, 7], "texture": "#0"}
			}
		},
		{
			"name": "hexadecagon",
			"from": [2.95163, 5.75, 6.5],
			"to": [3.54837, 12.75, 9.5],
			"rotation": {"angle": 22.5, "axis": "y", "origin": [3.25, 5.75, 8]},
			"faces": {
				"north": {"uv": [0, 0, 0.59674, 7], "texture": "#0"},
				"south": {"uv": [0, 0, 0.59674, 7], "texture": "#0"}
			}
		},
		{
			"name": "hexadecagon",
			"from": [0.75, 2, 7.50272],
			"to": [5.75, 5.75, 8.49728],
			"rotation": {"angle": -45, "axis": "y", "origin": [3.25, 2.5, 8]},
			"faces": {
				"east": {"uv": [0, 0, 0.99456, 3.75], "texture": "#0"},
				"west": {"uv": [0, 0, 0.99456, 3.75], "texture": "#0"},
				"up": {"uv": [0, 0, 0.99456, 5], "rotation": 90, "texture": "#0"}
			}
		},
		{
			"name": "hexadecagon",
			"from": [0.75, 2, 7.50272],
			"to": [5.75, 5.75, 8.49728],
			"rotation": {"angle": -22.5, "axis": "y", "origin": [3.25, 2.5, 8]},
			"faces": {
				"east": {"uv": [0, 0, 0.99456, 3.75], "texture": "#0"},
				"west": {"uv": [0, 0, 0.99456, 3.75], "texture": "#0"},
				"up": {"uv": [0, 0, 0.99456, 5], "rotation": 90, "texture": "#0"}
			}
		},
		{
			"name": "hexadecagon",
			"from": [0.75, 2, 7.50272],
			"to": [5.75, 5.75, 8.49728],
			"rotation": {"angle": 0, "axis": "y", "origin": [3.25, 2.5, 8]},
			"faces": {
				"east": {"uv": [0, 0, 0.99456, 3.75], "texture": "#0"},
				"west": {"uv": [0, 0, 0.99456, 3.75], "texture": "#0"},
				"up": {"uv": [0, 0, 0.99456, 5], "rotation": 90, "texture": "#0"}
			}
		},
		{
			"name": "hexadecagon",
			"from": [0.75, 2, 7.50272],
			"to": [5.75, 5.75, 8.49728],
			"rotation": {"angle": 22.5, "axis": "y", "origin": [3.25, 2.5, 8]},
			"faces": {
				"east": {"uv": [0, 0, 0.99456, 3.75], "texture": "#0"},
				"west": {"uv": [0, 0, 0.99456, 3.75], "texture": "#0"},
				"up": {"uv": [0, 0, 0.99456, 5], "rotation": 90, "texture": "#0"}
			}
		},
		{
			"name": "hexadecagon",
			"from": [0.75, 2, 7.50272],
			"to": [5.75, 5.75, 8.49728],
			"rotation": {"angle": 45, "axis": "y", "origin": [3.25, 2.5, 8]},
			"faces": {
				"east": {"uv": [0, 0, 0.99456, 3.75], "texture": "#0"},
				"west": {"uv": [0, 0, 0.99456, 3.75], "texture": "#0"},
				"up": {"uv": [0, 0, 0.99456, 5], "rotation": 90, "texture": "#0"}
			}
		},
		{
			"name": "hexadecagon",
			"from": [2.75272, 2, 5.5],
			"to": [3.74728, 5.75, 10.5],
			"rotation": {"angle": -22.5, "axis": "y", "origin": [3.25, 2.5, 8]},
			"faces": {
				"north": {"uv": [0, 0, 0.99456, 3.75], "texture": "#0"},
				"south": {"uv": [0, 0, 0.99456, 3.75], "texture": "#0"},
				"up": {"uv": [0, 0, 5, 0.99456], "rotation": 90, "texture": "#0"}
			}
		},
		{
			"name": "hexadecagon",
			"from": [2.75272, 2, 5.5],
			"to": [3.74728, 5.75, 10.5],
			"rotation": {"angle": 0, "axis": "y", "origin": [3.25, 2.5, 8]},
			"faces": {
				"north": {"uv": [0, 0, 0.99456, 3.75], "texture": "#0"},
				"south": {"uv": [0, 0, 0.99456, 3.75], "texture": "#0"},
				"up": {"uv": [0, 0, 5, 0.99456], "rotation": 90, "texture": "#0"}
			}
		},
		{
			"name": "hexadecagon",
			"from": [2.75272, 2, 5.5],
			"to": [3.74728, 5.75, 10.5],
			"rotation": {"angle": 22.5, "axis": "y", "origin": [3.25, 2.5, 8]},
			"faces": {
				"north": {"uv": [0, 0, 0.99456, 3.75], "texture": "#0"},
				"south": {"uv": [0, 0, 0.99456, 3.75], "texture": "#0"},
				"up": {"uv": [0, 0, 5, 0.99456], "rotation": 90, "texture": "#0"}
			}
		},
		{
			"name": "hexadecagon",
			"from": [0.75, 12.675, 7.50272],
			"to": [5.75, 14.075, 8.49728],
			"rotation": {"angle": -45, "axis": "y", "origin": [3.25, 12.075, 8]},
			"faces": {
				"east": {"uv": [0, 0, 0.99456, 1.4], "texture": "#0"},
				"west": {"uv": [0, 0, 0.99456, 1.4], "texture": "#0"},
				"up": {"uv": [0, 0, 0.99456, 5], "rotation": 90, "texture": "#0"},
				"down": {"uv": [0, 0, 0.99456, 5], "rotation": 270, "texture": "#0"}
			}
		},
		{
			"name": "hexadecagon",
			"from": [0.75, 12.675, 7.50272],
			"to": [5.75, 14.075, 8.49728],
			"rotation": {"angle": -22.5, "axis": "y", "origin": [3.25, 12.075, 8]},
			"faces": {
				"east": {"uv": [0, 0, 0.99456, 1.4], "texture": "#0"},
				"west": {"uv": [0, 0, 0.99456, 1.4], "texture": "#0"},
				"up": {"uv": [0, 0, 0.99456, 5], "rotation": 90, "texture": "#0"},
				"down": {"uv": [0, 0, 0.99456, 5], "rotation": 270, "texture": "#0"}
			}
		},
		{
			"name": "hexadecagon",
			"from": [0.75, 12.675, 7.50272],
			"to": [5.75, 14.075, 8.49728],
			"rotation": {"angle": 0, "axis": "y", "origin": [3.25, 12.075, 8]},
			"faces": {
				"east": {"uv": [0, 0, 0.99456, 1.4], "texture": "#0"},
				"west": {"uv": [0, 0, 0.99456, 1.4], "texture": "#0"},
				"down": {"uv": [0, 0, 0.99456, 5], "rotation": 270, "texture": "#0"}
			}
		},
		{
			"name": "hexadecagon",
			"from": [0.75, 12.675, 7.50272],
			"to": [5.75, 14.075, 8.49728],
			"rotation": {"angle": 22.5, "axis": "y", "origin": [3.25, 12.075, 8]},
			"faces": {
				"east": {"uv": [0, 0, 0.99456, 1.4], "texture": "#0"},
				"west": {"uv": [0, 0, 0.99456, 1.4], "texture": "#0"},
				"up": {"uv": [0, 0, 0.99456, 5], "rotation": 90, "texture": "#0"},
				"down": {"uv": [0, 0, 0.99456, 5], "rotation": 270, "texture": "#0"}
			}
		},
		{
			"name": "hexadecagon",
			"from": [0.75, 12.675, 7.50272],
			"to": [5.75, 14.075, 8.49728],
			"rotation": {"angle": 45, "axis": "y", "origin": [3.25, 12.075, 8]},
			"faces": {
				"east": {"uv": [0, 0, 0.99456, 1.4], "texture": "#0"},
				"west": {"uv": [0, 0, 0.99456, 1.4], "texture": "#0"},
				"up": {"uv": [0, 0, 0.99456, 5], "rotation": 90, "texture": "#0"},
				"down": {"uv": [0, 0, 0.99456, 5], "rotation": 270, "texture": "#0"}
			}
		},
		{
			"name": "hexadecagon",
			"from": [2.75272, 12.675, 5.5],
			"to": [3.74728, 14.075, 10.5],
			"rotation": {"angle": -22.5, "axis": "y", "origin": [3.25, 12.075, 8]},
			"faces": {
				"north": {"uv": [0, 0, 0.99456, 1.4], "texture": "#0"},
				"south": {"uv": [0, 0, 0.99456, 1.4], "texture": "#0"},
				"up": {"uv": [0, 0, 5, 0.99456], "rotation": 90, "texture": "#0"},
				"down": {"uv": [0, 0, 5, 0.99456], "rotation": 270, "texture": "#0"}
			}
		},
		{
			"name": "hexadecagon",
			"from": [2.75272, 12.675, 5.5],
			"to": [3.74728, 14.075, 10.5],
			"rotation": {"angle": 0, "axis": "y", "origin": [3.25, 12.075, 8]},
			"faces": {
				"north": {"uv": [0, 0, 0.99456, 1.4], "texture": "#0"},
				"south": {"uv": [0, 0, 0.99456, 1.4], "texture": "#0"},
				"down": {"uv": [0, 0, 5, 0.99456], "rotation": 270, "texture": "#0"}
			}
		},
		{
			"name": "hexadecagon",
			"from": [2.75272, 12.675, 5.5],
			"to": [3.74728, 14.075, 10.5],
			"rotation": {"angle": 22.5, "axis": "y", "origin": [3.25, 12.075, 8]},
			"faces": {
				"north": {"uv": [0, 0, 0.99456, 1.4], "texture": "#0"},
				"south": {"uv": [0, 0, 0.99456, 1.4], "texture": "#0"},
				"up": {"uv": [0, 0, 5, 0.99456], "rotation": 90, "texture": "#0"},
				"down": {"uv": [0, 0, 5, 0.99456], "rotation": 270, "texture": "#0"}
			}
		},
		{
			"name": "hexadecagon",
			"from": [0, 0, 7.35353],
			"to": [6.5, 2, 8.64647],
			"rotation": {"angle": -45, "axis": "y", "origin": [3.25, 0.5, 8]},
			"faces": {
				"east": {"uv": [0, 0, 1.29293, 2], "texture": "#0"},
				"west": {"uv": [0, 0, 1.29293, 2], "texture": "#0"},
				"up": {"uv": [0, 0, 1.29293, 6.5], "rotation": 90, "texture": "#0"},
				"down": {"uv": [0, 0, 1.29293, 6.5], "rotation": 270, "texture": "#0", "cullface": "down"}
			}
		},
		{
			"name": "hexadecagon",
			"from": [0, 0, 7.35353],
			"to": [6.5, 2, 8.64647],
			"rotation": {"angle": -22.5, "axis": "y", "origin": [3.25, 0.5, 8]},
			"faces": {
				"east": {"uv": [0, 0, 1.29293, 2], "texture": "#0"},
				"west": {"uv": [0, 0, 1.29293, 2], "texture": "#0"},
				"up": {"uv": [0, 0, 1.29293, 6.5], "rotation": 90, "texture": "#0"},
				"down": {"uv": [0, 0, 1.29293, 6.5], "rotation": 270, "texture": "#0", "cullface": "down"}
			}
		},
		{
			"name": "hexadecagon",
			"from": [0, 0, 7.35353],
			"to": [6.5, 2, 8.64647],
			"rotation": {"angle": 0, "axis": "y", "origin": [3.25, 0.5, 8]},
			"faces": {
				"east": {"uv": [0, 0, 1.29293, 2], "texture": "#0"},
				"west": {"uv": [0, 0, 1.29293, 2], "texture": "#0"},
				"up": {"uv": [0, 0, 1.29293, 6.5], "rotation": 90, "texture": "#0"},
				"down": {"uv": [0, 0, 1.29293, 6.5], "rotation": 270, "texture": "#0", "cullface": "down"}
			}
		},
		{
			"name": "hexadecagon",
			"from": [0, 0, 7.35353],
			"to": [6.5, 2, 8.64647],
			"rotation": {"angle": 22.5, "axis": "y", "origin": [3.25, 0.5, 8]},
			"faces": {
				"east": {"uv": [0, 0, 1.29293, 2], "texture": "#0"},
				"west": {"uv": [0, 0, 1.29293, 2], "texture": "#0"},
				"up": {"uv": [0, 0, 1.29293, 6.5], "rotation": 90, "texture": "#0"},
				"down": {"uv": [0, 0, 1.29293, 6.5], "rotation": 270, "texture": "#0", "cullface": "down"}
			}
		},
		{
			"name": "hexadecagon",
			"from": [0, 0, 7.35353],
			"to": [6.5, 2, 8.64647],
			"rotation": {"angle": 45, "axis": "y", "origin": [3.25, 0.5, 8]},
			"faces": {
				"east": {"uv": [0, 0, 1.29293, 2], "texture": "#0"},
				"west": {"uv": [0, 0, 1.29293, 2], "texture": "#0"},
				"up": {"uv": [0, 0, 1.29293, 6.5], "rotation": 90, "texture": "#0"},
				"down": {"uv": [0, 0, 1.29293, 6.5], "rotation": 270, "texture": "#0", "cullface": "down"}
			}
		},
		{
			"name": "hexadecagon",
			"from": [2.60353, 0, 4.75],
			"to": [3.89647, 2, 11.25],
			"rotation": {"angle": -22.5, "axis": "y", "origin": [3.25, 0.5, 8]},
			"faces": {
				"north": {"uv": [0, 0, 1.29293, 2], "texture": "#0"},
				"south": {"uv": [0, 0, 1.29293, 2], "texture": "#0"},
				"up": {"uv": [0, 0, 6.5, 1.29293], "rotation": 90, "texture": "#0"},
				"down": {"uv": [0, 0, 6.5, 1.29293], "rotation": 270, "texture": "#0", "cullface": "down"}
			}
		},
		{
			"name": "hexadecagon",
			"from": [2.60353, 0, 4.75],
			"to": [3.89647, 2, 11.25],
			"rotation": {"angle": 0, "axis": "y", "origin": [3.25, 0.5, 8]},
			"faces": {
				"north": {"uv": [0, 0, 1.29293, 2], "texture": "#0"},
				"south": {"uv": [0, 0, 1.29293, 2], "texture": "#0"},
				"up": {"uv": [0, 0, 6.5, 1.29293], "rotation": 90, "texture": "#0"},
				"down": {"uv": [0, 0, 6.5, 1.29293], "rotation": 270, "texture": "#0", "cullface": "down"}
			}
		},
		{
			"name": "hexadecagon",
			"from": [2.60353, 0, 4.75],
			"to": [3.89647, 2, 11.25],
			"rotation": {"angle": 22.5, "axis": "y", "origin": [3.25, 0.5, 8]},
			"faces": {
				"north": {"uv": [0, 0, 1.29293, 2], "texture": "#0"},
				"south": {"uv": [0, 0, 1.29293, 2], "texture": "#0"},
				"up": {"uv": [0, 0, 6.5, 1.29293], "rotation": 90, "texture": "#0"},
				"down": {"uv": [0, 0, 6.5, 1.29293], "rotation": 270, "texture": "#0", "cullface": "down"}
			}
		},
		{
			"name": "hexadecagon",
			"from": [0.75, 7.675, 7.50272],
			"to": [5.75, 9.075, 8.49728],
			"rotation": {"angle": -45, "axis": "y", "origin": [3.25, 7.075, 8]},
			"faces": {
				"north": {"uv": [0, 0, 5, 1.4], "texture": "#3"},
				"east": {"uv": [0, 0, 0.99456, 1.4], "texture": "#3"},
				"west": {"uv": [0, 0, 0.99456, 1.4], "texture": "#3"},
				"up": {"uv": [0, 0, 0.99456, 5], "rotation": 90, "texture": "#3"},
				"down": {"uv": [0, 0, 0.99456, 5], "rotation": 270, "texture": "#3"}
			}
		},
		{
			"name": "hexadecagon",
			"from": [0.75, 7.675, 7.50272],
			"to": [3.75, 9.075, 8.49728],
			"rotation": {"angle": -22.5, "axis": "y", "origin": [3.25, 7.075, 8]},
			"faces": {
				"west": {"uv": [0, 0, 0.99456, 1.4], "texture": "#3"},
				"up": {"uv": [0, 0, 0.99456, 3], "rotation": 90, "texture": "#3"},
				"down": {"uv": [0, 0, 0.99456, 3], "rotation": 270, "texture": "#3"}
			}
		},
		{
			"name": "hexadecagon",
			"from": [0, 7.675, 7.00272],
			"to": [3.75, 9.075, 8.99728],
			"rotation": {"angle": 0, "axis": "y", "origin": [3.25, 7.075, 8]},
			"faces": {
				"north": {"uv": [0, 0, 3.75, 1.4], "texture": "#3"},
				"south": {"uv": [0, 0, 3.75, 1.4], "texture": "#3"},
				"west": {"uv": [0, 0, 1.99456, 1.4], "texture": "#3"},
				"up": {"uv": [0, 0, 1.99456, 3.75], "rotation": 90, "texture": "#3"},
				"down": {"uv": [0, 0, 1.99456, 3.75], "rotation": 270, "texture": "#3"}
			}
		},
		{
			"name": "hexadecagon",
			"from": [0.75, 7.675, 7.50272],
			"to": [2.75, 9.075, 8.49728],
			"rotation": {"angle": 22.5, "axis": "y", "origin": [3.25, 7.075, 8]},
			"faces": {
				"west": {"uv": [0, 0, 0.99456, 1.4], "texture": "#3"},
				"up": {"uv": [0, 0, 0.99456, 2], "rotation": 90, "texture": "#3"},
				"down": {"uv": [0, 0, 0.99456, 2], "rotation": 270, "texture": "#3"}
			}
		},
		{
			"name": "hexadecagon",
			"from": [0.75, 7.675, 7.50272],
			"to": [5.75, 9.075, 8.49728],
			"rotation": {"angle": 45, "axis": "y", "origin": [3.25, 7.075, 8]},
			"faces": {
				"east": {"uv": [0, 0, 0.99456, 1.4], "texture": "#3"},
				"south": {"uv": [0, 0, 5, 1.4], "texture": "#3"},
				"west": {"uv": [0, 0, 0.99456, 1.4], "texture": "#3"},
				"up": {"uv": [0, 0, 0.99456, 5], "rotation": 90, "texture": "#3"},
				"down": {"uv": [0, 0, 0.99456, 5], "rotation": 270, "texture": "#3"}
			}
		},
		{
			"name": "hexadecagon",
			"from": [2.75272, 7.675, 5.5],
			"to": [3.74728, 9.075, 10.5],
			"rotation": {"angle": -22.5, "axis": "y", "origin": [3.25, 7.075, 8]},
			"faces": {
				"north": {"uv": [0, 0, 0.99456, 1.4], "texture": "#3"},
				"south": {"uv": [0, 0, 0.99456, 1.4], "texture": "#3"},
				"up": {"uv": [0, 0, 5, 0.99456], "rotation": 90, "texture": "#3"},
				"down": {"uv": [0, 0, 5, 0.99456], "rotation": 270, "texture": "#3"}
			}
		},
		{
			"name": "hexadecagon",
			"from": [2.75272, 7.675, 5.5],
			"to": [3.74728, 9.075, 10.5],
			"rotation": {"angle": 0, "axis": "y", "origin": [3.25, 7.075, 8]},
			"faces": {
				"north": {"uv": [0, 0, 0.99456, 1.4], "texture": "#3"},
				"south": {"uv": [0, 0, 0.99456, 1.4], "texture": "#3"},
				"up": {"uv": [0, 0, 5, 0.99456], "rotation": 90, "texture": "#3"},
				"down": {"uv": [0, 0, 5, 0.99456], "rotation": 270, "texture": "#3"}
			}
		},
		{
			"name": "hexadecagon",
			"from": [2.75272, 7.675, 5.5],
			"to": [3.74728, 9.075, 10.5],
			"rotation": {"angle": 22.5, "axis": "y", "origin": [3.25, 7.075, 8]},
			"faces": {
				"north": {"uv": [0, 0, 0.99456, 1.4], "texture": "#3"},
				"south": {"uv": [0, 0, 0.99456, 1.4], "texture": "#3"},
				"up": {"uv": [0, 0, 5, 0.99456], "rotation": 90, "texture": "#3"},
				"down": {"uv": [0, 0, 5, 0.99456], "rotation": 270, "texture": "#3"}
			}
		}
	],
	"display": {
		"thirdperson_righthand": {
			"rotation": [75, 45, 0],
			"translation": [0, 2.5, 0],
			"scale": [0.375, 0.375, 0.375]
		},
		"thirdperson_lefthand": {
			"rotation": [75, 45, 0],
			"translation": [0, 2.5, 0],
			"scale": [0.375, 0.375, 0.375]
		},
		"firstperson_righthand": {
			"rotation": [0, 45, 0],
			"translation": [0, 2.75, 0],
			"scale": [0.4, 0.4, 0.4]
		},
		"firstperson_lefthand": {
			"rotation": [0, 45, 0],
			"translation": [0, 2.75, 0],
			"scale": [0.4, 0.4, 0.4]
		},
		"ground": {
			"translation": [0, 3, 0],
			"scale": [0.25, 0.25, 0.25]
		},
		"gui": {
			"rotation": [30, 225, 0],
			"translation": [0, -1.25, 0],
			"scale": [0.625, 0.625, 0.625]
		},
		"fixed": {
			"translation": [0, -1.25, -1.75],
			"scale": [0.5, 0.5, 0.5]
		}
	},
	"groups": [
		{
			"name": "hexadecagon",
			"origin": [8, 8, 8],
			"color": 0,
			"children": [0, 1, 2, 3, 4, 5, 6, 7, 8, 9]
		},
		{
			"name": "hexadecagon",
			"origin": [8, 8, 8],
			"color": 0,
			"children": [10, 11, 12, 13, 14, 15, 16, 17]
		},
		{
			"name": "hexadecagon",
			"origin": [8, 8, 8],
			"color": 0,
			"children": [18, 19, 20, 21, 22, 23, 24, 25]
		},
		{
			"name": "hexadecagon",
			"origin": [8, 8, 8],
			"color": 0,
			"children": [26, 27, 28, 29, 30, 31, 32, 33]
		},
		{
			"name": "hexadecagon",
			"origin": [8, 8, 8],
			"color": 0,
			"children": [34, 35, 36, 37, 38, 39, 40, 41]
		},
		{
			"name": "hexadecagon",
			"origin": [8, 8, 8],
			"color": 0,
			"children": [42, 43, 44, 45, 46, 47, 48, 49]
		}
	]
}