{
	"credit": "AlexTestria | https://alex-bauerndistel.de",
	"textures": {
		"0": "brickcraft/material/plastics/shader_support/plastic30",
		"particle": "brickcraft/material/plastics/shader_support/plastic30"
	},
	"elements": [
		{
			"name": "hexadecagon",
			"from": [7.50272, 19.25, 5.5],
			"to": [8.49728, 20.5, 10.5],
			"rotation": {"angle": -45, "axis": "y", "origin": [8, 19.75, 8]},
			"faces": {
				"north": {"uv": [0, 0, 0.99456, 1.25], "texture": "#1"},
				"south": {"uv": [0, 0, 0.99456, 1.25], "texture": "#1"},
				"up": {"uv": [0, 0, 0.99456, 5], "texture": "#1"}
			}
		},
		{
			"name": "hexadecagon",
			"from": [7.50272, 19.25, 5.5],
			"to": [8.49728, 20.5, 10.5],
			"rotation": {"angle": -22.5, "axis": "y", "origin": [8, 19.75, 8]},
			"faces": {
				"north": {"uv": [0, 0, 0.99456, 1.25], "texture": "#1"},
				"south": {"uv": [0, 0, 0.99456, 1.25], "texture": "#1"},
				"up": {"uv": [0, 0, 0.99456, 5], "texture": "#1"}
			}
		},
		{
			"name": "hexadecagon",
			"from": [7.50272, 19.25, 5.5],
			"to": [8.49728, 20.5, 10.5],
			"rotation": {"angle": 0, "axis": "y", "origin": [8, 19.75, 8]},
			"faces": {
				"north": {"uv": [0, 0, 0.99456, 1.25], "texture": "#1"},
				"south": {"uv": [0, 0, 0.99456, 1.25], "texture": "#1"},
				"up": {"uv": [0, 0, 0.99456, 5], "texture": "#1"}
			}
		},
		{
			"name": "hexadecagon",
			"from": [7.50272, 19.25, 5.5],
			"to": [8.49728, 20.5, 10.5],
			"rotation": {"angle": 22.5, "axis": "y", "origin": [8, 19.75, 8]},
			"faces": {
				"north": {"uv": [0, 0, 0.99456, 1.25], "texture": "#1"},
				"south": {"uv": [0, 0, 0.99456, 1.25], "texture": "#1"},
				"up": {"uv": [0, 0, 0.99456, 5], "texture": "#1"}
			}
		},
		{
			"name": "hexadecagon",
			"from": [7.50272, 19.25, 5.5],
			"to": [8.49728, 20.5, 10.5],
			"rotation": {"angle": 45, "axis": "y", "origin": [8, 19.75, 8]},
			"faces": {
				"north": {"uv": [0, 0, 0.99456, 1.25], "texture": "#1"},
				"south": {"uv": [0, 0, 0.99456, 1.25], "texture": "#1"},
				"up": {"uv": [0, 0, 0.99456, 5], "texture": "#1"}
			}
		},
		{
			"name": "hexadecagon",
			"from": [5.5, 19.25, 7.50272],
			"to": [10.5, 20.5, 8.49728],
			"rotation": {"angle": -22.5, "axis": "y", "origin": [8, 19.75, 8]},
			"faces": {
				"east": {"uv": [0, 0, 0.99456, 1.25], "texture": "#1"},
				"west": {"uv": [0, 0, 0.99456, 1.25], "texture": "#1"},
				"up": {"uv": [0, 0, 5, 0.99456], "texture": "#1"}
			}
		},
		{
			"name": "hexadecagon",
			"from": [5.5, 19.25, 7.50272],
			"to": [10.5, 20.5, 8.49728],
			"rotation": {"angle": 0, "axis": "y", "origin": [8, 19.75, 8]},
			"faces": {
				"east": {"uv": [0, 0, 0.99456, 1.25], "texture": "#1"},
				"west": {"uv": [0, 0, 0.99456, 1.25], "texture": "#1"},
				"up": {"uv": [0, 0, 5, 0.99456], "texture": "#1"}
			}
		},
		{
			"name": "hexadecagon",
			"from": [5.5, 19.25, 7.50272],
			"to": [10.5, 20.5, 8.49728],
			"rotation": {"angle": 22.5, "axis": "y", "origin": [8, 19.75, 8]},
			"faces": {
				"east": {"uv": [0, 0, 0.99456, 1.25], "texture": "#1"},
				"west": {"uv": [0, 0, 0.99456, 1.25], "texture": "#1"},
				"up": {"uv": [0, 0, 5, 0.99456], "texture": "#1"}
			}
		},
		{
			"from": [4, 16.6584, 4],
			"to": [12, 19.25, 12],
			"rotation": {"angle": 0, "axis": "y", "origin": [-4, 14.07, -5]},
			"faces": {
				"north": {"uv": [0, 0, 8, 2.5916], "texture": "#1"},
				"east": {"uv": [0, 0, 8, 2.5916], "texture": "#1"},
				"south": {"uv": [0, 0, 8, 2.5916], "texture": "#1"},
				"west": {"uv": [0, 0, 8, 2.5916], "texture": "#1"},
				"up": {"uv": [0, 0, 8, 8], "texture": "#1"}
			}
		},
		{
			"from": [4, 14.0668, 4],
			"to": [12, 16.6584, 12],
			"rotation": {"angle": 0, "axis": "y", "origin": [-4, 11.4784, -5]},
			"faces": {
				"north": {"uv": [0, 0, 8, 2.5916], "texture": "#2"},
				"east": {"uv": [0, 0, 8, 2.5916], "texture": "#2"},
				"south": {"uv": [0, 0, 8, 2.5916], "texture": "#2"},
				"west": {"uv": [0, 0, 8, 2.5916], "texture": "#2"},
				"down": {"uv": [0, 0, 8, 8], "texture": "#2"}
			}
		},
		{
			"name": "hexadecagon",
			"from": [7.70163, 5.75, 6.5],
			"to": [8.29837, 12.75, 9.5],
			"rotation": {"angle": -45, "axis": "y", "origin": [8, 5.75, 8]},
			"faces": {
				"north": {"uv": [0, 0, 0.59674, 7], "texture": "#0"},
				"south": {"uv": [0, 0, 0.59674, 7], "texture": "#0"}
			}
		},
		{
			"name": "hexadecagon",
			"from": [7.70163, 5.75, 6.5],
			"to": [8.29837, 12.75, 9.5],
			"rotation": {"angle": -22.5, "axis": "y", "origin": [8, 5.75, 8]},
			"faces": {
				"north": {"uv": [0, 0, 0.59674, 7], "texture": "#0"},
				"south": {"uv": [0, 0, 0.59674, 7], "texture": "#0"}
			}
		},
		{
			"name": "hexadecagon",
			"from": [7.70163, 5.75, 6.5],
			"to": [8.29837, 12.75, 9.5],
			"rotation": {"angle": 0, "axis": "y", "origin": [8, 5.75, 8]},
			"faces": {
				"north": {"uv": [0, 0, 0.59674, 7], "texture": "#0"},
				"south": {"uv": [0, 0, 0.59674, 7], "texture": "#0"}
			}
		},
		{
			"name": "hexadecagon",
			"from": [7.70163, 5.75, 6.5],
			"to": [8.29837, 12.75, 9.5],
			"rotation": {"angle": 22.5, "axis": "y", "origin": [8, 5.75, 8]},
			"faces": {
				"north": {"uv": [0, 0, 0.59674, 7], "texture": "#0"},
				"south": {"uv": [0, 0, 0.59674, 7], "texture": "#0"}
			}
		},
		{
			"name": "hexadecagon",
			"from": [7.70163, 5.75, 6.5],
			"to": [8.29837, 12.75, 9.5],
			"rotation": {"angle": 45, "axis": "y", "origin": [8, 5.75, 8]},
			"faces": {
				"north": {"uv": [0, 0, 0.59674, 7], "texture": "#0"},
				"south": {"uv": [0, 0, 0.59674, 7], "texture": "#0"}
			}
		},
		{
			"name": "hexadecagon",
			"from": [6.5, 5.75, 7.70163],
			"to": [9.5, 12.75, 8.29837],
			"rotation": {"angle": -22.5, "axis": "y", "origin": [8, 5.75, 8]},
			"faces": {
				"east": {"uv": [0, 0, 0.59674, 7], "texture": "#0"},
				"west": {"uv": [0, 0, 0.59674, 7], "texture": "#0"}
			}
		},
		{
			"name": "hexadecagon",
			"from": [6.5, 5.75, 7.70163],
			"to": [9.5, 12.75, 8.29837],
			"rotation": {"angle": 0, "axis": "y", "origin": [8, 5.75, 8]},
			"faces": {
				"east": {"uv": [0, 0, 0.59674, 7], "texture": "#0"},
				"west": {"uv": [0, 0, 0.59674, 7], "texture": "#0"}
			}
		},
		{
			"name": "hexadecagon",
			"from": [6.5, 5.75, 7.70163],
			"to": [9.5, 12.75, 8.29837],
			"rotation": {"angle": 22.5, "axis": "y", "origin": [8, 5.75, 8]},
			"faces": {
				"east": {"uv": [0, 0, 0.59674, 7], "texture": "#0"},
				"west": {"uv": [0, 0, 0.59674, 7], "texture": "#0"}
			}
		},
		{
			"name": "hexadecagon",
			"from": [7.50272, 2, 5.5],
			"to": [8.49728, 5.75, 10.5],
			"rotation": {"angle": -45, "axis": "y", "origin": [8, 2.5, 8]},
			"faces": {
				"north": {"uv": [0, 0, 0.99456, 3.75], "texture": "#0"},
				"south": {"uv": [0, 0, 0.99456, 3.75], "texture": "#0"},
				"up": {"uv": [0, 0, 0.99456, 5], "texture": "#0"}
			}
		},
		{
			"name": "hexadecagon",
			"from": [7.50272, 2, 5.5],
			"to": [8.49728, 5.75, 10.5],
			"rotation": {"angle": -22.5, "axis": "y", "origin": [8, 2.5, 8]},
			"faces": {
				"north": {"uv": [0, 0, 0.99456, 3.75], "texture": "#0"},
				"south": {"uv": [0, 0, 0.99456, 3.75], "texture": "#0"},
				"up": {"uv": [0, 0, 0.99456, 5], "texture": "#0"}
			}
		},
		{
			"name": "hexadecagon",
			"from": [7.50272, 2, 5.5],
			"to": [8.49728, 5.75, 10.5],
			"rotation": {"angle": 0, "axis": "y", "origin": [8, 2.5, 8]},
			"faces": {
				"north": {"uv": [0, 0, 0.99456, 3.75], "texture": "#0"},
				"south": {"uv": [0, 0, 0.99456, 3.75], "texture": "#0"},
				"up": {"uv": [0, 0, 0.99456, 5], "texture": "#0"}
			}
		},
		{
			"name": "hexadecagon",
			"from": [7.50272, 2, 5.5],
			"to": [8.49728, 5.75, 10.5],
			"rotation": {"angle": 22.5, "axis": "y", "origin": [8, 2.5, 8]},
			"faces": {
				"north": {"uv": [0, 0, 0.99456, 3.75], "texture": "#0"},
				"south": {"uv": [0, 0, 0.99456, 3.75], "texture": "#0"},
				"up": {"uv": [0, 0, 0.99456, 5], "texture": "#0"}
			}
		},
		{
			"name": "hexadecagon",
			"from": [7.50272, 2, 5.5],
			"to": [8.49728, 5.75, 10.5],
			"rotation": {"angle": 45, "axis": "y", "origin": [8, 2.5, 8]},
			"faces": {
				"north": {"uv": [0, 0, 0.99456, 3.75], "texture": "#0"},
				"south": {"uv": [0, 0, 0.99456, 3.75], "texture": "#0"},
				"up": {"uv": [0, 0, 0.99456, 5], "texture": "#0"}
			}
		},
		{
			"name": "hexadecagon",
			"from": [5.5, 2, 7.50272],
			"to": [10.5, 5.75, 8.49728],
			"rotation": {"angle": -22.5, "axis": "y", "origin": [8, 2.5, 8]},
			"faces": {
				"east": {"uv": [0, 0, 0.99456, 3.75], "texture": "#0"},
				"west": {"uv": [0, 0, 0.99456, 3.75], "texture": "#0"},
				"up": {"uv": [0, 0, 5, 0.99456], "texture": "#0"}
			}
		},
		{
			"name": "hexadecagon",
			"from": [5.5, 2, 7.50272],
			"to": [10.5, 5.75, 8.49728],
			"rotation": {"angle": 0, "axis": "y", "origin": [8, 2.5, 8]},
			"faces": {
				"east": {"uv": [0, 0, 0.99456, 3.75], "texture": "#0"},
				"west": {"uv": [0, 0, 0.99456, 3.75], "texture": "#0"},
				"up": {"uv": [0, 0, 5, 0.99456], "texture": "#0"}
			}
		},
		{
			"name": "hexadecagon",
			"from": [5.5, 2, 7.50272],
			"to": [10.5, 5.75, 8.49728],
			"rotation": {"angle": 22.5, "axis": "y", "origin": [8, 2.5, 8]},
			"faces": {
				"east": {"uv": [0, 0, 0.99456, 3.75], "texture": "#0"},
				"west": {"uv": [0, 0, 0.99456, 3.75], "texture": "#0"},
				"up": {"uv": [0, 0, 5, 0.99456], "texture": "#0"}
			}
		},
		{
			"name": "hexadecagon",
			"from": [7.50272, 12.675, 5.5],
			"to": [8.49728, 14.075, 10.5],
			"rotation": {"angle": -45, "axis": "y", "origin": [8, 12.075, 8]},
			"faces": {
				"north": {"uv": [0, 0, 0.99456, 1.4], "texture": "#0"},
				"south": {"uv": [0, 0, 0.99456, 1.4], "texture": "#0"},
				"up": {"uv": [0, 0, 0.99456, 5], "texture": "#0"},
				"down": {"uv": [0, 0, 0.99456, 5], "texture": "#0"}
			}
		},
		{
			"name": "hexadecagon",
			"from": [7.50272, 12.675, 5.5],
			"to": [8.49728, 14.075, 10.5],
			"rotation": {"angle": -22.5, "axis": "y", "origin": [8, 12.075, 8]},
			"faces": {
				"north": {"uv": [0, 0, 0.99456, 1.4], "texture": "#0"},
				"south": {"uv": [0, 0, 0.99456, 1.4], "texture": "#0"},
				"up": {"uv": [0, 0, 0.99456, 5], "texture": "#0"},
				"down": {"uv": [0, 0, 0.99456, 5], "texture": "#0"}
			}
		},
		{
			"name": "hexadecagon",
			"from": [7.50272, 12.675, 5.5],
			"to": [8.49728, 14.075, 10.5],
			"rotation": {"angle": 0, "axis": "y", "origin": [8, 12.075, 8]},
			"faces": {
				"north": {"uv": [0, 0, 0.99456, 1.4], "texture": "#0"},
				"south": {"uv": [0, 0, 0.99456, 1.4], "texture": "#0"},
				"up": {"uv": [0, 0, 0.99456, 5], "texture": "#0"},
				"down": {"uv": [0, 0, 0.99456, 5], "texture": "#0"}
			}
		},
		{
			"name": "hexadecagon",
			"from": [7.50272, 12.675, 5.5],
			"to": [8.49728, 14.075, 10.5],
			"rotation": {"angle": 22.5, "axis": "y", "origin": [8, 12.075, 8]},
			"faces": {
				"north": {"uv": [0, 0, 0.99456, 1.4], "texture": "#0"},
				"south": {"uv": [0, 0, 0.99456, 1.4], "texture": "#0"},
				"up": {"uv": [0, 0, 0.99456, 5], "texture": "#0"},
				"down": {"uv": [0, 0, 0.99456, 5], "texture": "#0"}
			}
		},
		{
			"name": "hexadecagon",
			"from": [7.50272, 12.675, 5.5],
			"to": [8.49728, 14.075, 10.5],
			"rotation": {"angle": 45, "axis": "y", "origin": [8, 12.075, 8]},
			"faces": {
				"north": {"uv": [0, 0, 0.99456, 1.4], "texture": "#0"},
				"south": {"uv": [0, 0, 0.99456, 1.4], "texture": "#0"},
				"up": {"uv": [0, 0, 0.99456, 5], "texture": "#0"},
				"down": {"uv": [0, 0, 0.99456, 5], "texture": "#0"}
			}
		},
		{
			"name": "hexadecagon",
			"from": [5.5, 12.675, 7.50272],
			"to": [10.5, 14.075, 8.49728],
			"rotation": {"angle": -22.5, "axis": "y", "origin": [8, 12.075, 8]},
			"faces": {
				"east": {"uv": [0, 0, 0.99456, 1.4], "texture": "#0"},
				"west": {"uv": [0, 0, 0.99456, 1.4], "texture": "#0"},
				"up": {"uv": [0, 0, 5, 0.99456], "texture": "#0"},
				"down": {"uv": [0, 0, 5, 0.99456], "texture": "#0"}
			}
		},
		{
			"name": "hexadecagon",
			"from": [5.5, 12.675, 7.50272],
			"to": [10.5, 14.075, 8.49728],
			"rotation": {"angle": 0, "axis": "y", "origin": [8, 12.075, 8]},
			"faces": {
				"east": {"uv": [0, 0, 0.99456, 1.4], "texture": "#0"},
				"west": {"uv": [0, 0, 0.99456, 1.4], "texture": "#0"},
				"up": {"uv": [0, 0, 5, 0.99456], "texture": "#0"},
				"down": {"uv": [0, 0, 5, 0.99456], "texture": "#0"}
			}
		},
		{
			"name": "hexadecagon",
			"from": [5.5, 12.675, 7.50272],
			"to": [10.5, 14.075, 8.49728],
			"rotation": {"angle": 22.5, "axis": "y", "origin": [8, 12.075, 8]},
			"faces": {
				"east": {"uv": [0, 0, 0.99456, 1.4], "texture": "#0"},
				"west": {"uv": [0, 0, 0.99456, 1.4], "texture": "#0"},
				"up": {"uv": [0, 0, 5, 0.99456], "texture": "#0"},
				"down": {"uv": [0, 0, 5, 0.99456], "texture": "#0"}
			}
		},
		{
			"name": "hexadecagon",
			"from": [7.35353, 0, 4.75],
			"to": [8.64647, 2, 11.25],
			"rotation": {"angle": -45, "axis": "y", "origin": [8, 0.5, 8]},
			"faces": {
				"north": {"uv": [0, 0, 1.29293, 2], "texture": "#0"},
				"south": {"uv": [0, 0, 1.29293, 2], "texture": "#0"},
				"up": {"uv": [0, 0, 1.29293, 6.5], "texture": "#0"},
				"down": {"uv": [0, 0, 1.29293, 6.5], "texture": "#0", "cullface": "down"}
			}
		},
		{
			"name": "hexadecagon",
			"from": [7.35353, 0, 4.75],
			"to": [8.64647, 2, 11.25],
			"rotation": {"angle": -22.5, "axis": "y", "origin": [8, 0.5, 8]},
			"faces": {
				"north": {"uv": [0, 0, 1.29293, 2], "texture": "#0"},
				"south": {"uv": [0, 0, 1.29293, 2], "texture": "#0"},
				"up": {"uv": [0, 0, 1.29293, 6.5], "texture": "#0"},
				"down": {"uv": [0, 0, 1.29293, 6.5], "texture": "#0", "cullface": "down"}
			}
		},
		{
			"name": "hexadecagon",
			"from": [7.35353, 0, 4.75],
			"to": [8.64647, 2, 11.25],
			"rotation": {"angle": 0, "axis": "y", "origin": [8, 0.5, 8]},
			"faces": {
				"north": {"uv": [0, 0, 1.29293, 2], "texture": "#0"},
				"south": {"uv": [0, 0, 1.29293, 2], "texture": "#0"},
				"up": {"uv": [0, 0, 1.29293, 6.5], "texture": "#0"},
				"down": {"uv": [0, 0, 1.29293, 6.5], "texture": "#0", "cullface": "down"}
			}
		},
		{
			"name": "hexadecagon",
			"from": [7.35353, 0, 4.75],
			"to": [8.64647, 2, 11.25],
			"rotation": {"angle": 22.5, "axis": "y", "origin": [8, 0.5, 8]},
			"faces": {
				"north": {"uv": [0, 0, 1.29293, 2], "texture": "#0"},
				"south": {"uv": [0, 0, 1.29293, 2], "texture": "#0"},
				"up": {"uv": [0, 0, 1.29293, 6.5], "texture": "#0"},
				"down": {"uv": [0, 0, 1.29293, 6.5], "texture": "#0", "cullface": "down"}
			}
		},
		{
			"name": "hexadecagon",
			"from": [7.35353, 0, 4.75],
			"to": [8.64647, 2, 11.25],
			"rotation": {"angle": 45, "axis": "y", "origin": [8, 0.5, 8]},
			"faces": {
				"north": {"uv": [0, 0, 1.29293, 2], "texture": "#0"},
				"south": {"uv": [0, 0, 1.29293, 2], "texture": "#0"},
				"up": {"uv": [0, 0, 1.29293, 6.5], "texture": "#0"},
				"down": {"uv": [0, 0, 1.29293, 6.5], "texture": "#0", "cullface": "down"}
			}
		},
		{
			"name": "hexadecagon",
			"from": [4.75, 0, 7.35353],
			"to": [11.25, 2, 8.64647],
			"rotation": {"angle": -22.5, "axis": "y", "origin": [8, 0.5, 8]},
			"faces": {
				"east": {"uv": [0, 0, 1.29293, 2], "texture": "#0"},
				"west": {"uv": [0, 0, 1.29293, 2], "texture": "#0"},
				"up": {"uv": [0, 0, 6.5, 1.29293], "texture": "#0"},
				"down": {"uv": [0, 0, 6.5, 1.29293], "texture": "#0", "cullface": "down"}
			}
		},
		{
			"name": "hexadecagon",
			"from": [4.75, 0, 7.35353],
			"to": [11.25, 2, 8.64647],
			"rotation": {"angle": 0, "axis": "y", "origin": [8, 0.5, 8]},
			"faces": {
				"east": {"uv": [0, 0, 1.29293, 2], "texture": "#0"},
				"west": {"uv": [0, 0, 1.29293, 2], "texture": "#0"},
				"up": {"uv": [0, 0, 6.5, 1.29293], "texture": "#0"},
				"down": {"uv": [0, 0, 6.5, 1.29293], "texture": "#0", "cullface": "down"}
			}
		},
		{
			"name": "hexadecagon",
			"from": [4.75, 0, 7.35353],
			"to": [11.25, 2, 8.64647],
			"rotation": {"angle": 22.5, "axis": "y", "origin": [8, 0.5, 8]},
			"faces": {
				"east": {"uv": [0, 0, 1.29293, 2], "texture": "#0"},
				"west": {"uv": [0, 0, 1.29293, 2], "texture": "#0"},
				"up": {"uv": [0, 0, 6.5, 1.29293], "texture": "#0"},
				"down": {"uv": [0, 0, 6.5, 1.29293], "texture": "#0", "cullface": "down"}
			}
		}
	],
	"display": {
		"thirdperson_righthand": {
			"rotation": [75, 45, 0],
			"translation": [0, 2.5, 0],
			"scale": [0.375, 0.375, 0.375]
		},
		"thirdperson_lefthand": {
			"rotation": [75, 45, 0],
			"translation": [0, 2.5, 0],
			"scale": [0.375, 0.375, 0.375]
		},
		"firstperson_righthand": {
			"rotation": [0, 45, 0],
			"translation": [0, 1.25, 0],
			"scale": [0.4, 0.4, 0.4]
		},
		"firstperson_lefthand": {
			"rotation": [0, 45, 0],
			"translation": [0, 1.25, 0],
			"scale": [0.4, 0.4, 0.4]
		},
		"ground": {
			"translation": [0, 3, 0],
			"scale": [0.25, 0.25, 0.25]
		},
		"gui": {
			"rotation": [30, 225, 0],
			"translation": [0, -1.25, 0],
			"scale": [0.625, 0.625, 0.625]
		},
		"fixed": {
			"translation": [0, -1.25, -1.75],
			"scale": [0.5, 0.5, 0.5]
		}
	},
	"groups": [
		{
			"name": "hexadecagon",
			"origin": [8, 8, 8],
			"color": 0,
			"children": [0, 1, 2, 3, 4, 5, 6, 7, 8, 9]
		},
		{
			"name": "hexadecagon",
			"origin": [8, 8, 8],
			"color": 0,
			"children": [10, 11, 12, 13, 14, 15, 16, 17]
		},
		{
			"name": "hexadecagon",
			"origin": [8, 8, 8],
			"color": 0,
			"children": [18, 19, 20, 21, 22, 23, 24, 25]
		},
		{
			"name": "hexadecagon",
			"origin": [8, 8, 8],
			"color": 0,
			"children": [26, 27, 28, 29, 30, 31, 32, 33]
		},
		{
			"name": "hexadecagon",
			"origin": [8, 8, 8],
			"color": 0,
			"children": [34, 35, 36, 37, 38, 39, 40, 41]
		}
	]
}