{
	"credit": "Made by Ecorn",
	"parent": "minecraft:block/cross",
	"textures": {
		"particle": "block/crimson_fungus",
		"cross": "block/crimson_fungus"
	},
	"elements": [
		{
			"from": [5.5, 0, 5.5],
			"to": [7.5, 5, 7.5],
			"rotation": {"angle": -45, "axis": "y", "origin": [6.5, 6.66667, 6.5]},
			"faces": {
				"north": {"uv": [0, 11, 2, 16], "texture": "#cross"},
				"east": {"uv": [0, 11, 2, 16], "texture": "#cross"},
				"south": {"uv": [0, 11, 2, 16], "texture": "#cross"},
				"west": {"uv": [0, 11, 2, 16], "texture": "#cross"},
				"up": {"uv": [0, 11, 2, 13], "texture": "#cross"},
				"down": {"uv": [0, 11, 2, 13], "texture": "#cross"}
			}
		},
		{
			"from": [2.5, 5, 2.5],
			"to": [10.5, 9, 10.5],
			"rotation": {"angle": -45, "axis": "y", "origin": [6.5, 6.66667, 6.5]},
			"faces": {
				"north": {"uv": [0, 7, 8, 11], "texture": "#cross"},
				"east": {"uv": [0, 7, 8, 11], "texture": "#cross"},
				"south": {"uv": [0, 7, 8, 11], "texture": "#cross"},
				"west": {"uv": [0, 7, 8, 11], "texture": "#cross"},
				"up": {"uv": [8, 0, 16, 8], "texture": "#cross"},
				"down": {"uv": [8, 8, 16, 16], "texture": "#cross"}
			}
		},
		{
			"from": [4.5, 9, 4.5],
			"to": [8.5, 12, 8.5],
			"rotation": {"angle": -45, "axis": "y", "origin": [6.5, 6.66667, 6.5]},
			"faces": {
				"north": {"uv": [3, 5, 7, 8], "texture": "#cross"},
				"east": {"uv": [3, 5, 7, 8], "texture": "#cross"},
				"south": {"uv": [3, 5, 7, 8], "texture": "#cross"},
				"west": {"uv": [3, 5, 7, 8], "texture": "#cross"},
				"up": {"uv": [3, 4, 7, 8], "texture": "#cross"},
				"down": {"uv": [2, 4, 6, 8], "texture": "#cross"}
			}
		},
		{
			"from": [11.5, 0, 11.5],
			"to": [12.5, 3, 12.5],
			"rotation": {"angle": 0, "axis": "y", "origin": [7.25, 5.16667, 7.25]},
			"faces": {
				"north": {"uv": [0, 11, 1, 14], "texture": "#cross"},
				"east": {"uv": [0, 11, 1, 14], "texture": "#cross"},
				"south": {"uv": [0, 11, 1, 14], "texture": "#cross"},
				"west": {"uv": [0, 11, 1, 14], "texture": "#cross"},
				"up": {"uv": [0, 11, 1, 12], "rotation": 180, "texture": "#cross"},
				"down": {"uv": [0, 11, 1, 12], "rotation": 180, "texture": "#cross"}
			}
		},
		{
			"from": [10.5, 3, 10.5],
			"to": [13.5, 5, 13.5],
			"rotation": {"angle": 0, "axis": "y", "origin": [7.25, 5.16667, 7.25]},
			"faces": {
				"north": {"uv": [10, 2, 13, 4], "texture": "#cross"},
				"east": {"uv": [2, 5, 5, 7], "texture": "#cross"},
				"south": {"uv": [10, 2, 13, 4], "texture": "#cross"},
				"west": {"uv": [10, 2, 13, 4], "texture": "#cross"},
				"up": {"uv": [10, 4, 13, 7], "rotation": 180, "texture": "#cross"},
				"down": {"uv": [9, 9, 12, 12], "rotation": 180, "texture": "#cross"}
			}
		},
		{
			"from": [11.5, 5, 11.5],
			"to": [12.5, 6, 12.5],
			"rotation": {"angle": 0, "axis": "y", "origin": [7.25, 5.16667, 7.25]},
			"faces": {
				"north": {"uv": [4, 5, 5, 6], "texture": "#cross"},
				"east": {"uv": [4, 5, 5, 6], "texture": "#cross"},
				"south": {"uv": [4, 5, 5, 6], "texture": "#cross"},
				"west": {"uv": [4, 5, 5, 6], "texture": "#cross"},
				"up": {"uv": [4, 5, 5, 6], "rotation": 180, "texture": "#cross"},
				"down": {"uv": [4, 5, 5, 6], "rotation": 180, "texture": "#cross"}
			}
		}
	]
}