{
	"credit": "Made by Ecorn",
	"parent": "minecraft:block/cross",
	"textures": {
		"particle": "block/crimson_fungus",
		"cross": "block/crimson_fungus"
	},
	"elements": [
		{
			"from": [9, 0, 4],
			"to": [11, 5, 6],
			"rotation": {"angle": -45, "axis": "y", "origin": [7, 6, 6]},
			"faces": {
				"north": {"uv": [0, 11, 2, 16], "texture": "#cross"},
				"east": {"uv": [0, 11, 2, 16], "texture": "#cross"},
				"south": {"uv": [0, 11, 2, 16], "texture": "#cross"},
				"west": {"uv": [0, 11, 2, 16], "texture": "#cross"},
				"up": {"uv": [0, 11, 2, 13], "texture": "#cross"},
				"down": {"uv": [0, 11, 2, 13], "texture": "#cross"}
			}
		},
		{
			"from": [7, 5, 2],
			"to": [13, 8, 8],
			"rotation": {"angle": -45, "axis": "y", "origin": [7, 6, 6]},
			"faces": {
				"north": {"uv": [10, 6, 16, 9], "texture": "#cross"},
				"east": {"uv": [0, 8, 6, 11], "texture": "#cross"},
				"south": {"uv": [2, 8, 8, 11], "texture": "#cross"},
				"west": {"uv": [2, 8, 8, 11], "texture": "#cross"},
				"up": {"uv": [9, 1, 15, 7], "texture": "#cross"},
				"down": {"uv": [9, 9, 15, 15], "texture": "#cross"}
			}
		},
		{
			"from": [8, 8, 3],
			"to": [12, 10, 7],
			"rotation": {"angle": -45, "axis": "y", "origin": [7, 6, 6]},
			"faces": {
				"north": {"uv": [8, 6, 12, 8], "texture": "#cross"},
				"east": {"uv": [11, 6, 15, 8], "texture": "#cross"},
				"south": {"uv": [8, 6, 12, 8], "texture": "#cross"},
				"west": {"uv": [12, 6, 16, 8], "texture": "#cross"},
				"up": {"uv": [11, 1, 15, 5], "texture": "#cross"},
				"down": {"uv": [0, 0, 4, 4], "texture": "#cross"}
			}
		}
	]
}