{
	"credit": "Made by Ecorn",
	"parent": "minecraft:block/cross",
	"textures": {
		"particle": "block/crimson_fungus",
		"cross": "block/crimson_fungus"
	},
	"elements": [
		{
			"from": [9, 0, 9],
			"to": [11, 5, 11],
			"rotation": {"angle": -45, "axis": "y", "origin": [10, 6.66667, 10]},
			"faces": {
				"north": {"uv": [0, 11, 2, 16], "texture": "#cross"},
				"east": {"uv": [0, 11, 2, 16], "texture": "#cross"},
				"south": {"uv": [0, 11, 2, 16], "texture": "#cross"},
				"west": {"uv": [0, 11, 2, 16], "texture": "#cross"},
				"up": {"uv": [0, 11, 2, 13], "rotation": 180, "texture": "#cross"},
				"down": {"uv": [0, 11, 2, 13], "rotation": 180, "texture": "#cross"}
			}
		},
		{
			"from": [6, 5, 6],
			"to": [14, 9, 14],
			"rotation": {"angle": -45, "axis": "y", "origin": [10, 6.66667, 10]},
			"faces": {
				"north": {"uv": [0, 7, 8, 11], "texture": "#cross"},
				"east": {"uv": [0, 7, 8, 11], "texture": "#cross"},
				"south": {"uv": [0, 7, 8, 11], "texture": "#cross"},
				"west": {"uv": [0, 7, 8, 11], "texture": "#cross"},
				"up": {"uv": [8, 0, 16, 8], "rotation": 180, "texture": "#cross"},
				"down": {"uv": [8, 8, 16, 16], "rotation": 180, "texture": "#cross"}
			}
		},
		{
			"from": [8, 9, 8],
			"to": [12, 12, 12],
			"rotation": {"angle": -45, "axis": "y", "origin": [10, 6.66667, 10]},
			"faces": {
				"north": {"uv": [3, 5, 7, 8], "texture": "#cross"},
				"east": {"uv": [3, 5, 7, 8], "texture": "#cross"},
				"south": {"uv": [3, 5, 7, 8], "texture": "#cross"},
				"west": {"uv": [3, 5, 7, 8], "texture": "#cross"},
				"up": {"uv": [3, 4, 7, 8], "rotation": 180, "texture": "#cross"},
				"down": {"uv": [2, 4, 6, 8], "rotation": 180, "texture": "#cross"}
			}
		},
		{
			"from": [4, 0, 4],
			"to": [5, 3, 5],
			"faces": {
				"north": {"uv": [0, 11, 1, 14], "texture": "#cross"},
				"east": {"uv": [0, 11, 1, 14], "texture": "#cross"},
				"south": {"uv": [0, 11, 1, 14], "texture": "#cross"},
				"west": {"uv": [0, 11, 1, 14], "texture": "#cross"},
				"up": {"uv": [0, 11, 1, 12], "texture": "#cross"},
				"down": {"uv": [0, 11, 1, 12], "texture": "#cross"}
			}
		},
		{
			"from": [3, 3, 3],
			"to": [6, 5, 6],
			"faces": {
				"north": {"uv": [10, 2, 13, 4], "texture": "#cross"},
				"east": {"uv": [10, 2, 13, 4], "texture": "#cross"},
				"south": {"uv": [10, 2, 13, 4], "texture": "#cross"},
				"west": {"uv": [2, 5, 5, 7], "texture": "#cross"},
				"up": {"uv": [10, 4, 13, 7], "texture": "#cross"},
				"down": {"uv": [9, 9, 12, 12], "texture": "#cross"}
			}
		},
		{
			"from": [4, 5, 4],
			"to": [5, 6, 5],
			"faces": {
				"north": {"uv": [4, 5, 5, 6], "texture": "#cross"},
				"east": {"uv": [4, 5, 5, 6], "texture": "#cross"},
				"south": {"uv": [4, 5, 5, 6], "texture": "#cross"},
				"west": {"uv": [4, 5, 5, 6], "texture": "#cross"},
				"up": {"uv": [4, 5, 5, 6], "texture": "#cross"},
				"down": {"uv": [4, 5, 5, 6], "texture": "#cross"}
			}
		}
	]
}