{
	"credit": "Made with Blockbench",
	"parent": "minecraft:block/carpet",
	"textures": {
		"1": "block/moss_side",
		"wool": "block/moss_block",
		"particle": "block/moss_side"
	},
	"elements": [
		{
			"from": [-0.5, 0, -0.5],
			"to": [16.5, 1, 16.5],
			"faces": {
				"north": {"uv": [0, 1, 16, 2], "texture": "#wool"},
				"east": {"uv": [0, 1, 16, 2], "texture": "#wool"},
				"south": {"uv": [0, 1, 16, 2], "texture": "#wool"},
				"west": {"uv": [0, 1, 16, 2], "texture": "#wool"},
				"up": {"uv": [0, 0, 16, 16], "texture": "#wool"},
				"down": {"uv": [0, 0, 16, 16], "texture": "#wool"}
			}
		},
		{
			"from": [-0.5, -7, -0.5],
			"to": [16.5, 0, 0],
			"faces": {
				"north": {"uv": [0, 0, 16, 7], "texture": "#1"},
				"east": {"uv": [15.5, 0, 16, 7], "texture": "#1"},
				"west": {"uv": [0, 0, 0.5, 7], "texture": "#1"}
			}
		},
		{
			"from": [-0.5, -7, 16],
			"to": [16.5, 0, 16.5],
			"faces": {
				"east": {"uv": [0, 0, 0.5, 7], "texture": "#1"},
				"south": {"uv": [0, 0, 16, 7], "texture": "#1"},
				"west": {"uv": [15.5, 0, 16, 7], "texture": "#1"}
			}
		},
		{
			"from": [-0.5, -7, 0],
			"to": [0, 0, 16],
			"rotation": {"angle": 0, "axis": "y", "origin": [8, -3.5, 8]},
			"faces": {
				"west": {"uv": [0.5, 0, 15.5, 7], "texture": "#1"}
			}
		},
		{
			"from": [16, -7, 0],
			"to": [16.5, 0, 16],
			"rotation": {"angle": 0, "axis": "y", "origin": [16.25, -3.5, 8]},
			"faces": {
				"east": {"uv": [0.5, 0, 15.5, 7], "texture": "#1"}
			}
		}
	],
	"display": {
		"thirdperson_righthand": {
			"rotation": [75, 45, 0],
			"translation": [0, 2.5, 2.5],
			"scale": [0.375, 0.375, 0.375]
		},
		"thirdperson_lefthand": {
			"rotation": [75, 45, 0],
			"translation": [0, 2.5, 2.5],
			"scale": [0.375, 0.375, 0.375]
		},
		"firstperson_righthand": {
			"rotation": [0, 45, 0],
			"translation": [0, 6, 0],
			"scale": [0.4, 0.4, 0.4]
		},
		"firstperson_lefthand": {
			"rotation": [0, 45, 0],
			"translation": [0, 6, 0],
			"scale": [0.4, 0.4, 0.4]
		},
		"ground": {
			"translation": [0, 3.75, 0],
			"scale": [0.25, 0.25, 0.25]
		},
		"gui": {
			"rotation": [30, 225, 0],
			"translation": [0, 4, 0],
			"scale": [0.625, 0.625, 0.625]
		},
		"head": {
			"translation": [0, 13.75, 0]
		},
		"fixed": {
			"translation": [0, 5.75, 0],
			"scale": [0.5, 0.5, 0.5]
		}
	}
}