{
	"credit": "Made by Ecorn",
	"ambientocclusion": false,
	"textures": {
		"2": "block/crimson_fungus",
		"particle": "block/flower_pot",
		"flowerpot": "block/flower_pot",
		"dirt": "block/dirt"
	},
	"elements": [
		{
			"from": [5, 0, 5],
			"to": [6, 6, 11],
			"faces": {
				"north": {"uv": [10, 10, 11, 16], "texture": "#flowerpot"},
				"east": {"uv": [5, 10, 11, 16], "texture": "#flowerpot"},
				"south": {"uv": [5, 10, 6, 16], "texture": "#flowerpot"},
				"west": {"uv": [5, 10, 11, 16], "texture": "#flowerpot"},
				"up": {"uv": [5, 5, 6, 11], "texture": "#flowerpot"},
				"down": {"uv": [5, 5, 6, 11], "texture": "#flowerpot", "cullface": "down"}
			}
		},
		{
			"from": [10, 0, 5],
			"to": [11, 6, 11],
			"faces": {
				"north": {"uv": [5, 10, 6, 16], "texture": "#flowerpot"},
				"east": {"uv": [5, 10, 11, 16], "texture": "#flowerpot"},
				"south": {"uv": [10, 10, 11, 16], "texture": "#flowerpot"},
				"west": {"uv": [5, 10, 11, 16], "texture": "#flowerpot"},
				"up": {"uv": [10, 5, 11, 11], "texture": "#flowerpot"},
				"down": {"uv": [10, 5, 11, 11], "texture": "#flowerpot", "cullface": "down"}
			}
		},
		{
			"from": [6, 0, 5],
			"to": [10, 6, 6],
			"faces": {
				"north": {"uv": [6, 10, 10, 16], "texture": "#flowerpot"},
				"south": {"uv": [6, 10, 10, 16], "texture": "#flowerpot"},
				"up": {"uv": [6, 5, 10, 6], "texture": "#flowerpot"},
				"down": {"uv": [6, 10, 10, 11], "texture": "#flowerpot", "cullface": "down"}
			}
		},
		{
			"from": [6, 0, 10],
			"to": [10, 6, 11],
			"faces": {
				"north": {"uv": [6, 10, 10, 16], "texture": "#flowerpot"},
				"south": {"uv": [6, 10, 10, 16], "texture": "#flowerpot"},
				"up": {"uv": [6, 10, 10, 11], "texture": "#flowerpot"},
				"down": {"uv": [6, 5, 10, 6], "texture": "#flowerpot", "cullface": "down"}
			}
		},
		{
			"from": [6, 0, 6],
			"to": [10, 4, 10],
			"faces": {
				"up": {"uv": [6, 6, 10, 10], "texture": "#dirt"},
				"down": {"uv": [6, 12, 10, 16], "texture": "#flowerpot", "cullface": "down"}
			}
		},
		{
			"from": [7, 4, 7],
			"to": [9, 9, 9],
			"rotation": {"angle": 0, "axis": "y", "origin": [8, 6.66667, 8]},
			"faces": {
				"north": {"uv": [0, 11, 2, 16], "texture": "#2"},
				"east": {"uv": [0, 11, 2, 16], "texture": "#2"},
				"south": {"uv": [0, 11, 2, 16], "texture": "#2"},
				"west": {"uv": [0, 11, 2, 16], "texture": "#2"},
				"up": {"uv": [0, 11, 2, 13], "rotation": 270, "texture": "#2"},
				"down": {"uv": [0, 11, 2, 13], "rotation": 90, "texture": "#2"}
			}
		},
		{
			"from": [4, 9, 4],
			"to": [12, 13, 12],
			"rotation": {"angle": 0, "axis": "y", "origin": [8, 6.66667, 8]},
			"faces": {
				"north": {"uv": [0, 7, 8, 11], "texture": "#2"},
				"east": {"uv": [0, 7, 8, 11], "texture": "#2"},
				"south": {"uv": [0, 7, 8, 11], "texture": "#2"},
				"west": {"uv": [0, 7, 8, 11], "texture": "#2"},
				"up": {"uv": [8, 0, 16, 8], "rotation": 270, "texture": "#2"},
				"down": {"uv": [8, 8, 16, 16], "rotation": 90, "texture": "#2"}
			}
		},
		{
			"from": [6, 13, 6],
			"to": [10, 16, 10],
			"rotation": {"angle": 0, "axis": "y", "origin": [8, 6.66667, 8]},
			"faces": {
				"north": {"uv": [3, 5, 7, 8], "texture": "#2"},
				"east": {"uv": [3, 5, 7, 8], "texture": "#2"},
				"south": {"uv": [3, 5, 7, 8], "texture": "#2"},
				"west": {"uv": [3, 5, 7, 8], "texture": "#2"},
				"up": {"uv": [3, 4, 7, 8], "rotation": 270, "texture": "#2"},
				"down": {"uv": [2, 4, 6, 8], "rotation": 90, "texture": "#2"}
			}
		}
	]
}