{
	"credit": "Made by Ecorn",
	"parent": "block/block",
	"textures": {
		"particle": "#sapling"
	},
	"elements": [
		{
			"from": [0, 16, 0],
			"to": [16, 16, 16],
			"faces": {
				"up": {"uv": [0, 0, 16, 16], "texture": "#top", "cullface": "up"},
				"down": {"uv": [0, 16, 16, 0], "texture": "#top"}
			}
		},
		{
			"from": [0, 5, 0],
			"to": [16, 16, 0.01],
			"faces": {
				"north": {"uv": [0, 0, 16, 11], "texture": "#side", "cullface": "north"},
				"south": {"uv": [16, 0, 0, 11], "texture": "#side"}
			}
		},
		{
			"from": [0, 5, 15.99],
			"to": [16, 16, 16],
			"faces": {
				"north": {"uv": [16, 0, 0, 11], "texture": "#side"},
				"south": {"uv": [0, 0, 16, 11], "texture": "#side", "cullface": "south"}
			}
		},
		{
			"from": [0, 5, 0],
			"to": [0.01, 16, 16],
			"faces": {
				"east": {"uv": [16, 0, 0, 11], "texture": "#side"},
				"west": {"uv": [0, 0, 16, 11], "texture": "#side", "cullface": "west"}
			}
		},
		{
			"from": [15.99, 5, 0],
			"to": [16, 16, 16],
			"faces": {
				"east": {"uv": [0, 0, 16, 11], "texture": "#side", "cullface": "east"},
				"west": {"uv": [16, 0, 0, 11], "texture": "#side"}
			}
		},
		{
			"from": [0.1, 0, 8],
			"to": [15.9, 15.9, 8],
			"rotation": {"angle": 45, "axis": "y", "origin": [8, 8, 8], "rescale": true},
			"faces": {
				"north": {"uv": [0, 0, 16, 16], "texture": "#sapling"},
				"south": {"uv": [0, 0, 16, 16], "texture": "#sapling"}
			}
		},
		{
			"from": [8, 0, 0.1],
			"to": [8, 15.9, 15.9],
			"rotation": {"angle": 45, "axis": "y", "origin": [8, 8, 8], "rescale": true},
			"faces": {
				"east": {"uv": [0, 0, 16, 16], "texture": "#sapling"},
				"west": {"uv": [0, 0, 16, 16], "texture": "#sapling"}
			}
		}
	]
}