{
	"credit": "Made by Ecorn",
	"parent": "minecraft:block/block",
	"textures": {
		"particle": "block/warped_fungus",
		"cross": "block/warped_fungus"
	},
	"elements": [
		{
			"from": [3, 0, 3],
			"to": [5, 5, 5],
			"rotation": {"angle": 0, "axis": "y", "origin": [7.5, 3.75, 7.5]},
			"faces": {
				"north": {"uv": [0, 11, 2, 16], "texture": "#cross"},
				"east": {"uv": [0, 11, 2, 16], "texture": "#cross"},
				"south": {"uv": [0, 11, 2, 16], "texture": "#cross"},
				"west": {"uv": [0, 11, 2, 16], "texture": "#cross"},
				"up": {"uv": [0, 11, 2, 13], "rotation": 90, "texture": "#cross"},
				"down": {"uv": [0, 11, 2, 13], "rotation": 270, "texture": "#cross"}
			}
		},
		{
			"from": [0, 5, 0],
			"to": [8, 9, 8],
			"rotation": {"angle": 0, "axis": "y", "origin": [7.5, 3.75, 7.5]},
			"faces": {
				"north": {"uv": [0, 7, 8, 11], "texture": "#cross"},
				"east": {"uv": [0, 7, 8, 11], "texture": "#cross"},
				"south": {"uv": [0, 7, 8, 11], "texture": "#cross"},
				"west": {"uv": [0, 7, 8, 11], "texture": "#cross"},
				"up": {"uv": [8, 0, 16, 8], "rotation": 90, "texture": "#cross"},
				"down": {"uv": [8, 8, 16, 16], "rotation": 270, "texture": "#cross"}
			}
		},
		{
			"from": [10, 0, 10],
			"to": [12, 3, 12],
			"rotation": {"angle": -45, "axis": "y", "origin": [11, 2.75, 11]},
			"faces": {
				"north": {"uv": [0, 12, 2, 15], "texture": "#cross"},
				"east": {"uv": [0, 12, 2, 15], "texture": "#cross"},
				"south": {"uv": [0, 12, 2, 15], "texture": "#cross"},
				"west": {"uv": [0, 12, 2, 15], "texture": "#cross"},
				"up": {"uv": [0, 12, 2, 14], "rotation": 180, "texture": "#cross"},
				"down": {"uv": [0, 12, 2, 14], "rotation": 180, "texture": "#cross"}
			}
		},
		{
			"from": [8, 3, 8],
			"to": [14, 5, 14],
			"rotation": {"angle": -45, "axis": "y", "origin": [11, 2.75, 11]},
			"faces": {
				"north": {"uv": [2, 11, 8, 13], "texture": "#cross"},
				"east": {"uv": [1, 9, 7, 11], "texture": "#cross"},
				"south": {"uv": [2, 11, 8, 13], "texture": "#cross"},
				"west": {"uv": [2, 8, 8, 10], "texture": "#cross"},
				"up": {"uv": [9, 1, 15, 7], "rotation": 180, "texture": "#cross"},
				"down": {"uv": [0, 0, 6, 6], "rotation": 180, "texture": "#cross"}
			}
		}
	]
}