{
	"credit": "Made by Ecorn",
	"parent": "minecraft:block/block",
	"textures": {
		"particle": "block/warped_fungus",
		"cross": "block/warped_fungus"
	},
	"elements": [
		{
			"from": [10, 0, 10],
			"to": [12, 5, 12],
			"rotation": {"angle": 45, "axis": "y", "origin": [11, 4.75, 11]},
			"faces": {
				"north": {"uv": [0, 11, 2, 16], "texture": "#cross"},
				"east": {"uv": [0, 11, 2, 16], "texture": "#cross"},
				"south": {"uv": [0, 11, 2, 16], "texture": "#cross"},
				"west": {"uv": [0, 11, 2, 16], "texture": "#cross"},
				"up": {"uv": [0, 11, 2, 13], "texture": "#cross"},
				"down": {"uv": [0, 11, 2, 13], "texture": "#cross"}
			}
		},
		{
			"from": [7, 5, 7],
			"to": [15, 9, 15],
			"rotation": {"angle": 45, "axis": "y", "origin": [11, 4.75, 11]},
			"faces": {
				"north": {"uv": [0, 7, 8, 11], "texture": "#cross"},
				"east": {"uv": [0, 7, 8, 11], "texture": "#cross"},
				"south": {"uv": [0, 7, 8, 11], "texture": "#cross"},
				"west": {"uv": [0, 7, 8, 11], "texture": "#cross"},
				"up": {"uv": [8, 0, 16, 8], "texture": "#cross"},
				"down": {"uv": [8, 8, 16, 16], "texture": "#cross"}
			}
		},
		{
			"from": [3, 0, 3],
			"to": [5, 3, 5],
			"rotation": {"angle": 0, "axis": "y", "origin": [8, 4.75, 8]},
			"faces": {
				"north": {"uv": [0, 12, 2, 15], "texture": "#cross"},
				"east": {"uv": [0, 12, 2, 15], "texture": "#cross"},
				"south": {"uv": [0, 12, 2, 15], "texture": "#cross"},
				"west": {"uv": [0, 12, 2, 15], "texture": "#cross"},
				"up": {"uv": [0, 12, 2, 14], "texture": "#cross"},
				"down": {"uv": [0, 12, 2, 14], "texture": "#cross"}
			}
		},
		{
			"from": [1, 3, 1],
			"to": [7, 5, 7],
			"rotation": {"angle": 0, "axis": "y", "origin": [8, 4.75, 8]},
			"faces": {
				"north": {"uv": [2, 11, 8, 13], "texture": "#cross"},
				"east": {"uv": [2, 8, 8, 10], "texture": "#cross"},
				"south": {"uv": [2, 11, 8, 13], "texture": "#cross"},
				"west": {"uv": [1, 9, 7, 11], "texture": "#cross"},
				"up": {"uv": [9, 1, 15, 7], "texture": "#cross"},
				"down": {"uv": [0, 0, 6, 6], "texture": "#cross"}
			}
		}
	]
}