{
	"credit": "Made by Ecorn",
	"parent": "minecraft:block/block",
	"textures": {
		"particle": "block/warped_fungus",
		"cross": "block/warped_fungus"
	},
	"elements": [
		{
			"from": [7, 0, 7],
			"to": [9, 5, 9],
			"rotation": {"angle": 0, "axis": "y", "origin": [8, 4.75, 8]},
			"faces": {
				"north": {"uv": [0, 11, 2, 16], "texture": "#cross"},
				"east": {"uv": [0, 11, 2, 16], "texture": "#cross"},
				"south": {"uv": [0, 11, 2, 16], "texture": "#cross"},
				"west": {"uv": [0, 11, 2, 16], "texture": "#cross"},
				"up": {"uv": [0, 11, 2, 13], "texture": "#cross"},
				"down": {"uv": [0, 11, 2, 13], "texture": "#cross"}
			}
		},
		{
			"from": [4, 5, 4],
			"to": [12, 9, 12],
			"rotation": {"angle": 0, "axis": "y", "origin": [8, 4.75, 8]},
			"faces": {
				"north": {"uv": [0, 7, 8, 11], "texture": "#cross"},
				"east": {"uv": [0, 7, 8, 11], "texture": "#cross"},
				"south": {"uv": [0, 7, 8, 11], "texture": "#cross"},
				"west": {"uv": [0, 7, 8, 11], "texture": "#cross"},
				"up": {"uv": [8, 0, 16, 8], "texture": "#cross"},
				"down": {"uv": [8, 8, 16, 16], "texture": "#cross"}
			}
		}
	]
}