{
	"credit": "Made by Clyred",
	"textures": {
		"particle": "#texture"
	},
	"elements": [
		{
			"from": [5, 0, 6],
			"to": [11, 2, 10],
			"faces": {
				"north": {"uv": [5, 6, 11, 8], "texture": "#texture"},
				"east": {"uv": [9, 6, 11, 10], "rotation": 90, "texture": "#texture"},
				"south": {"uv": [5, 8, 11, 10], "texture": "#texture"},
				"west": {"uv": [5, 6, 7, 10], "rotation": 90, "texture": "#texture"},
				"up": {"uv": [5, 10, 11, 6], "texture": "#texture"},
				"down": {"uv": [5, 6, 11, 10], "texture": "#texture", "cullface": "down"}
			}
		}
	]
}