{
  "credit": "Made by Clyred",
  "ambientocclusion": false,
  "textures": {
    "particle": "#top"
  },
  "elements": [
    {
    "from": [ 0,  0,  0 ],
    "to":   [ 3, 16, 16 ],
    "faces": {
      "up":    { "uv": [  7, 0,  4, 16 ], "texture": "#sides", "rotation": 180, "cullface": "up"    },
      "north": { "uv": [ 11, 0,  8, 16 ], "texture": "#sides", "cullface": "north" },
      "south": { "uv": [  3, 0,  0, 16 ], "texture": "#sides", "cullface": "south" },
      "west":  { "uv": [ 16, 0,  0, 16 ], "texture": "#top", "cullface":   "west"  },
      "east":  { "uv": [  0, 0, 16, 16 ], "texture": "#top" }
      }
    }
  ]
}
