{
	"credit": "Made by Clyred",
	"ambientocclusion": false,
	"elements": [
		{
			"from": [0, 0, 6],
			"to": [16, 16, 9],
			"rotation": {"angle": 0, "axis": "y", "origin": [8, 8, 14]},
			"faces": {
				"north": {"uv": [0, 0, 16, 16], "texture": "#bottom", "cullface": "west"},
				"east": {"uv": [0, 0, 3, 16], "texture": "#bottom_sides", "cullface": "north"},
				"south": {"uv": [16, 0, 0, 16], "texture": "#bottom"},
				"west": {"uv": [8, 0, 11, 16], "texture": "#bottom_sides", "cullface": "south"},
				"down": {"uv": [12, 16, 15, 0], "rotation": 270, "texture": "#bottom_sides", "cullface": "down"}
			}
		},
		{
			"from": [0, 16, 6],
			"to": [16, 32, 9],
			"rotation": {"angle": 0, "axis": "y", "origin": [8, 24, 14]},
			"faces": {
				"north": {"uv": [0, 0, 16, 16], "texture": "#top", "cullface": "west"},
				"east": {"uv": [0, 0, 3, 16], "texture": "#top_sides", "cullface": "north"},
				"south": {"uv": [16, 0, 0, 16], "texture": "#top"},
				"west": {"uv": [8, 0, 11, 16], "texture": "#top_sides", "cullface": "south"},
				"up": {"uv": [4, 0, 7, 16], "rotation": 90, "texture": "#top_sides", "cullface": "up"}
			}
		}
	],
	"display": {
		"thirdperson_righthand": {
			"rotation": [75, -45, 0],
			"translation": [0, 0.75, -2.25],
			"scale": [0.3, 0.3, 0.3]
		},
		"thirdperson_lefthand": {
			"rotation": [75, -45, 0],
			"translation": [0, 0.75, -1.5],
			"scale": [0.2, 0.2, 0.2]
		},
		"firstperson_righthand": {
			"rotation": [0, -45, 0],
			"translation": [0, -3.5, 0],
			"scale": [0.3, 0.3, 0.3]
		},
		"firstperson_lefthand": {
			"rotation": [0, -45, 0],
			"translation": [0, -3.5, 0],
			"scale": [0.3, 0.3, 0.3]
		},
		"ground": {
			"translation": [0, 3, 0],
			"scale": [0.25, 0.25, 0.25]
		},
		"gui": {
			"rotation": [15, -45, 0],
			"translation": [0, -3, 0],
			"scale": [0.5, 0.4, 0.475]
		},
		"head": {
			"rotation": [-10, 0, 0],
			"translation": [0, -25, 8.25],
			"scale": [0.8, 0.8, 0.8]
		},
		"fixed": {
			"translation": [0, -4, -0.5],
			"scale": [0.5, 0.5, 0.5]
		}
	},
	"groups": [
		{
			"name": "door_bottom",
			"origin": [8, 8, 8],
			"children": [0]
		},
		{
			"name": "door_top",
			"origin": [8, 8, 8],
			"children": [1]
		}
	]
}