{
  "credit": "Made by Clyred",
  "ambientocclusion": false,
  "textures": {
    "particle": "#top"
  },
  "elements": [
    {
    "from": [ 0,  0,  0 ],
    "to":   [ 3, 16, 16 ],
    "faces": {
      "up":    { "uv": [  4, 0,  7, 16 ], "texture": "#sides", "cullface": "up"    },
      "north": { "uv": [  0, 0,  3, 16 ], "texture": "#sides", "cullface": "north" },
      "south": { "uv": [  8, 0, 11, 16 ], "texture": "#sides", "cullface": "south" },
      "west":  { "uv": [  0, 0, 16, 16 ], "texture": "#top",   "cullface": "west"  },
      "east":  { "uv": [ 16, 0,  0, 16 ], "texture": "#top" }
      }
    }
  ]
}
