{
  "credit": "Made by Clyred",
  "ambientocclusion": false,
  "textures": {
    "particle": "#bottom"
  },
  "elements": [
    {
    "from": [ 0,  0,  0 ],
    "to":   [ 3, 16, 16 ],
    "faces": {
      "down":  { "uv": [ 12, 16, 15,  0 ], "texture": "#sides",  "cullface": "down"  },
      "north": { "uv": [  0,  0,  3, 16 ], "texture": "#sides",  "cullface": "north" },
      "south": { "uv": [  8,  0, 11, 16 ], "texture": "#sides",  "cullface": "south" },
      "west":  { "uv": [  0,  0, 16, 16 ], "texture": "#bottom", "cullface": "west"  },
      "east":  { "uv": [ 16,  0,  0, 16 ], "texture": "#bottom" }
      }
    }
  ]
}
