{
  "credit": "Made by Clyred",
  "ambientocclusion": false,
  "textures": {
    "particle": "#bottom"
  },
  "elements": [
    {
    "from": [ 0,  0,  0 ],
    "to":   [ 3, 16, 16 ],
    "faces": {
      "down":  { "uv": [ 15, 0, 12, 16 ], "texture": "#sides", "rotation": 180, "cullface": "down"  },
      "north": { "uv": [ 11, 0,  8, 16 ], "texture": "#sides", "cullface": "north" },
      "south": { "uv": [  3, 0,  0, 16 ], "texture": "#sides", "cullface": "south" },
      "west":  { "uv": [ 16, 0,  0, 16 ], "texture": "#bottom", "cullface": "west"  },
      "east":  { "uv": [  0, 0, 16, 16 ], "texture": "#bottom" }
      }
    }
  ]
}
