{
	"credit": "Made by Clyred",
	"textures": {
		"particle": "#texture"
	},
	"elements": [
		{
			"name": "top bar",
			"from": [7, 12, 0],
			"to": [9, 15, 9],
			"faces": {
				"east": {"uv": [0, 1, 9, 4], "texture": "#texture"},
				"west": {"uv": [0, 1, 9, 4], "texture": "#texture"},
				"up": {"uv": [0, 8, 9, 10], "rotation": 90, "texture": "#texture"},
				"down": {"uv": [0, 8, 9, 10], "rotation": 90, "texture": "#texture"}
			}
		},
		{
			"name": "lower bar",
			"from": [7, 6, 0],
			"to": [9, 9, 9],
			"faces": {
				"east": {"uv": [0, 5, 9, 8], "texture": "#texture"},
				"west": {"uv": [0, 5, 9, 8], "texture": "#texture"},
				"up": {"uv": [0, 12, 9, 14], "rotation": 90, "texture": "#texture"},
				"down": {"uv": [0, 12, 9, 14], "rotation": 90, "texture": "#texture"}
			}
		}
	]
}
