{
	"credit": "Made by Clyred",
	"parent": "block/block",
	"textures": {
		"particle": "#texture"
	},
	"elements": [
		{
			"name": "Upper horizontal bar of right-hand gate door",
			"from": [14, 12, 7],
			"to": [16, 15, 15],
			"rotation": {"angle": 0, "axis": "y", "origin": [15, 8, 15]},
			"faces": {
				"north": {"uv": [6, 1, 8, 4], "texture": "#texture"},
				"east": {"uv": [0, 1, 6, 4], "texture": "#texture"},
				"south": {"uv": [6, 1, 8, 4], "texture": "#texture"},
				"west": {"uv": [0, 1, 8, 4], "texture": "#texture"},
				"up": {"uv": [0, 5, 8, 7], "rotation": 270, "texture": "#texture"},
				"down": {"uv": [0, 13, 8, 15], "rotation": 90, "texture": "#texture"}
			}
		},
		{
			"name": "Lower horizontal bar of right-hand gate door",
			"from": [14, 6, 7],
			"to": [16, 9, 15],
			"rotation": {"angle": 0, "axis": "y", "origin": [15, 8, 15]},
			"faces": {
				"north": {"uv": [6, 9, 8, 12], "texture": "#texture"},
				"east": {"uv": [0, 9, 8, 12], "texture": "#texture"},
				"south": {"uv": [6, 9, 8, 12], "texture": "#texture"},
				"west": {"uv": [0, 9, 8, 12], "texture": "#texture"},
				"up": {"uv": [0, 13, 8, 15], "rotation": 270, "texture": "#texture"},
				"down": {"uv": [0, 5, 8, 7], "rotation": 90, "texture": "#texture"}
			}
		},
		{
			"name": "Upper horizontal bar of left-hand gate door",
			"from": [0, 12, 7],
			"to": [2, 15, 15],
			"rotation": {"angle": 0, "axis": "y", "origin": [1, 8, 15]},
			"faces": {
				"north": {"uv": [6, 1, 8, 4], "texture": "#texture"},
				"east": {"uv": [6, 1, 14, 4], "texture": "#texture"},
				"south": {"uv": [6, 1, 8, 4], "texture": "#texture"},
				"west": {"uv": [6, 1, 12, 4], "texture": "#texture"},
				"up": {"uv": [8, 5, 16, 7], "rotation": 90, "texture": "#texture"},
				"down": {"uv": [8, 13, 16, 15], "rotation": 270, "texture": "#texture"}
			}
		},
		{
			"name": "Lower horizontal bar of left-hand gate door",
			"from": [0, 6, 7],
			"to": [2, 9, 15],
			"rotation": {"angle": 0, "axis": "y", "origin": [1, 8, 15]},
			"faces": {
				"north": {"uv": [6, 9, 8, 12], "texture": "#texture"},
				"east": {"uv": [6, 9, 14, 12], "texture": "#texture"},
				"south": {"uv": [6, 9, 8, 12], "texture": "#texture"},
				"west": {"uv": [6, 9, 14, 12], "texture": "#texture"},
				"up": {"uv": [8, 13, 16, 15], "rotation": 90, "texture": "#texture"},
				"down": {"uv": [8, 5, 16, 7], "rotation": 270, "texture": "#texture"}
			}
		},
		{
			"name": "Inner vertical post of right-hand gate door",
			"from": [14, 9, 13],
			"to": [16, 12, 15],
			"rotation": {"angle": 0, "axis": "y", "origin": [15, 8, 15]},
			"faces": {
				"north": {"uv": [6, 5, 8, 8], "texture": "#texture"},
				"east": {"uv": [4, 5, 6, 8], "texture": "#texture"},
				"south": {"uv": [6, 5, 8, 8], "texture": "#texture"},
				"west": {"uv": [4, 5, 6, 8], "texture": "#texture"}
			}
		},
		{
			"name": "Inner vertical post of left-hand gate door",
			"from": [0, 9, 13],
			"to": [2, 12, 15],
			"rotation": {"angle": 0, "axis": "y", "origin": [1, 8, 15]},
			"faces": {
				"north": {"uv": [10, 5, 12, 8], "texture": "#texture"},
				"east": {"uv": [8, 5, 10, 8], "texture": "#texture"},
				"south": {"uv": [10, 5, 12, 8], "texture": "#texture"},
				"west": {"uv": [8, 5, 10, 8], "texture": "#texture"}
			}
		},
		{
			"name": "Right-hand post",
			"from": [14, 9, 7],
			"to": [16, 12, 9],
			"faces": {
				"north": {"uv": [4, 5, 6, 8], "texture": "#texture"},
				"east": {"uv": [6, 5, 8, 8], "texture": "#texture"},
				"south": {"uv": [4, 5, 6, 8], "texture": "#texture"},
				"west": {"uv": [6, 5, 8, 8], "texture": "#texture"}
			}
		},
		{
			"name": "Left-hand post",
			"from": [0, 9, 7],
			"to": [2, 12, 9],
			"faces": {
				"north": {"uv": [8, 5, 10, 8], "texture": "#texture"},
				"east": {"uv": [10, 5, 12, 8], "texture": "#texture"},
				"south": {"uv": [8, 5, 10, 8], "texture": "#texture"},
				"west": {"uv": [10, 5, 12, 8], "texture": "#texture"}
			}
		}
	],
	"display": {
		"gui": {
			"rotation": [30, 45, 0],
			"translation": [0, -1, 0],
			"scale": [0.8, 0.8, 0.8]
		},
		"head": {
			"translation": [0, -3, -6]
		}
	}
}