{
	"credit": "Made by Clyred",
	"parent": "block/block",
	"ambientocclusion": false,
	"textures": {
		"particle": "#texture"
	},
	"elements": [
		{
			"name": "Left post",
			"from": [6, 0, 0],
			"to": [10, 16, 4],
			"faces": {
				"north": {"uv": [0, 12, 16, 16], "rotation": 90, "texture": "#texture"},
				"east": {"uv": [0, 8, 16, 12], "rotation": 90, "texture": "#texture"},
				"south": {"uv": [0, 4, 16, 8], "rotation": 90, "texture": "#texture"},
				"west": {"uv": [0, 0, 16, 4], "rotation": 90, "texture": "#texture"},
				"up": {"uv": [0, 0, 4, 4], "texture": "#texture"},
				"down": {"uv": [0, 12, 4, 16], "texture": "#texture"}
			}
		},
		{
			"name": "Right post",
			"from": [6, 0, 12],
			"to": [10, 16, 16],
			"faces": {
				"north": {"uv": [0, 12, 16, 16], "rotation": 90, "texture": "#texture"},
				"east": {"uv": [0, 8, 16, 12], "rotation": 90, "texture": "#texture"},
				"south": {"uv": [0, 4, 16, 8], "rotation": 90, "texture": "#texture"},
				"west": {"uv": [0, 0, 16, 4], "rotation": 90, "texture": "#texture"},
				"up": {"uv": [0, 0, 4, 4], "texture": "#texture"},
				"down": {"uv": [0, 12, 4, 16], "texture": "#texture"}
			}
		},
		{
			"name": "Top bar",
			"from": [7, 12, -2],
			"to": [9, 15, 18],
			"faces": {
				"north": {"uv": [0, 1, 2, 4], "texture": "#texture"},
				"east": {"uv": [0, 1, 16, 4], "texture": "#texture"},
				"south": {"uv": [14, 1, 16, 4], "texture": "#texture"},
				"west": {"uv": [0, 1, 16, 4], "texture": "#texture"},
				"up": {"uv": [0, 4, 16, 6], "rotation": 90, "texture": "#texture"},
				"down": {"uv": [0, 12, 16, 14], "rotation": 90, "texture": "#texture"}
			}
		},
		{
			"name": "Lower bar",
			"from": [7, 6, -2],
			"to": [9, 9, 18],
			"rotation": {"angle": 0, "axis": "y", "origin": [8, 9, 8]},
			"faces": {
				"north": {"uv": [0, 9, 2, 12], "texture": "#texture"},
				"east": {"uv": [0, 9, 16, 12], "texture": "#texture"},
				"south": {"uv": [14, 9, 16, 12], "texture": "#texture"},
				"west": {"uv": [0, 9, 16, 12], "texture": "#texture"},
				"up": {"uv": [0, 12, 16, 14], "rotation": 90, "texture": "#texture"},
				"down": {"uv": [0, 4, 16, 6], "rotation": 90, "texture": "#texture"}
			}
		}
	],
	"display": {
		"thirdperson_righthand": {
			"rotation": [75, 45, 0],
			"translation": [0, 2.5, 0],
			"scale": [0.3, 0.3, 0.3]
		},
		"thirdperson_lefthand": {
			"rotation": [75, -135, 0],
			"translation": [0, 2.5, 0],
			"scale": [0.3, 0.3, 0.3]
		},
		"firstperson_righthand": {
			"rotation": [0, 45, 0],
			"scale": [0.3, 0.3, 0.3]
		},
		"firstperson_lefthand": {
			"rotation": [0, -135, 0],
			"scale": [0.3, 0.3, 0.3]
		},
		"gui": {
			"rotation": [15, 45, 0],
			"scale": [0.6, 0.6, 0.6]
		}
	}
}