{
	"credit": "Made by Clyred",
	"parent": "block/fence_gate_inventory",
	"textures": {
		"particle": "#texture"
	},
	"elements": [
		{
			"name": "Left-hand post",
			"from": [0, 9, 7],
			"to": [2, 12, 9],
			"faces": {
				"north": {"uv": [8, 5, 10, 8], "texture": "#texture"},
				"east": {"uv": [10, 5, 12, 8], "texture": "#texture"},
				"south": {"uv": [8, 5, 10, 8], "texture": "#texture"},
				"west": {"uv": [10, 5, 12, 8], "texture": "#texture"}
			}
		},
		{
			"name": "Right-hand post",
			"from": [14, 9, 7],
			"to": [16, 12, 9],
			"faces": {
				"north": {"uv": [4, 5, 6, 8], "texture": "#texture"},
				"east": {"uv": [6, 5, 8, 8], "texture": "#texture"},
				"south": {"uv": [4, 5, 6, 8], "texture": "#texture"},
				"west": {"uv": [6, 5, 8, 8], "texture": "#texture"}
			}
		},
		{
			"name": "Inner vertical post of left-hand gate door",
			"from": [6, 9, 7],
			"to": [8, 12, 9],
			"faces": {
				"north": {"uv": [8, 5, 10, 8], "texture": "#texture"},
				"east": {"uv": [10, 5, 12, 8], "texture": "#texture"},
				"south": {"uv": [8, 5, 10, 8], "texture": "#texture"},
				"west": {"uv": [10, 5, 12, 8], "texture": "#texture"}
			}
		},
		{
			"name": "Inner vertical post of right-hand gate door",
			"from": [8, 9, 7],
			"to": [10, 12, 9],
			"faces": {
				"north": {"uv": [4, 5, 6, 8], "texture": "#texture"},
				"east": {"uv": [6, 5, 8, 8], "texture": "#texture"},
				"south": {"uv": [4, 5, 6, 8], "texture": "#texture"},
				"west": {"uv": [6, 5, 8, 8], "texture": "#texture"}
			}
		},
		{
			"name": "Lower horizontal bar of left-hand gate door",
			"from": [0, 6, 7],
			"to": [8, 9, 9],
			"faces": {
				"north": {"uv": [6, 9, 14, 12], "texture": "#texture"},
				"east": {"uv": [6, 9, 8, 12], "texture": "#texture"},
				"south": {"uv": [6, 9, 14, 12], "texture": "#texture"},
				"west": {"uv": [6, 9, 8, 12], "texture": "#texture"},
				"up": {"uv": [8, 13, 16, 15], "texture": "#texture"},
				"down": {"uv": [8, 5, 16, 7], "texture": "#texture"}
			}
		},
		{
			"name": "Upper horizontal bar of left-hand gate door",
			"from": [0, 12, 7],
			"to": [8, 15, 9],
			"faces": {
				"north": {"uv": [6, 1, 14, 4], "texture": "#texture"},
				"east": {"uv": [6, 1, 8, 4], "texture": "#texture"},
				"south": {"uv": [6, 1, 12, 4], "texture": "#texture"},
				"west": {"uv": [6, 1, 8, 4], "texture": "#texture"},
				"up": {"uv": [8, 5, 16, 7], "texture": "#texture"},
				"down": {"uv": [8, 13, 16, 15], "texture": "#texture"}
			}
		},
		{
			"name": "Lower horizontal bar of right-hand gate door",
			"from": [8, 6, 7],
			"to": [16, 9, 9],
			"faces": {
				"north": {"uv": [0, 9, 8, 12], "texture": "#texture"},
				"east": {"uv": [6, 9, 8, 12], "texture": "#texture"},
				"south": {"uv": [0, 9, 8, 12], "texture": "#texture"},
				"west": {"uv": [6, 9, 8, 12], "texture": "#texture"},
				"up": {"uv": [0, 13, 8, 15], "texture": "#texture"},
				"down": {"uv": [0, 5, 8, 7], "texture": "#texture"}
			}
		},
		{
			"name": "Upper horizontal bar of right-hand gate door",
			"from": [8, 12, 7],
			"to": [16, 15, 9],
			"faces": {
				"north": {"uv": [0, 1, 8, 4], "texture": "#texture"},
				"east": {"uv": [6, 1, 8, 4], "texture": "#texture"},
				"south": {"uv": [0, 1, 6, 4], "texture": "#texture"},
				"west": {"uv": [6, 1, 8, 4], "texture": "#texture"},
				"up": {"uv": [0, 5, 8, 7], "texture": "#texture"},
				"down": {"uv": [0, 13, 8, 15], "texture": "#texture"}
			}
		}
	]
}
