{
	"credit": "Made by Clyred",
	"parent": "block/block",
	"display": {
    "gui": {
      "rotation": [15, 135, 0],
      "translation": [ 0, -2, 0],
      "scale": [0.75, 0.75, 0.75]
    },
		"thirdperson_righthand": {
			"rotation": [ 75, -45, 0 ],
			"translation": [ 0, 2.5, 0 ],
			"scale": [ 0.3, 0.3, 0.3 ]
		},
		"thirdperson_lefthand": {
			"rotation": [ 75, -45, 0 ],
			"translation": [ 0, 2.5, 0 ],
			"scale": [ 0.3, 0.3, 0.3 ]
		},
		"firstperson_righthand": {
			"rotation": [ 0, -45, 0 ],
			"scale": [ 0.3, 0.3, 0.3 ]
		},
		"firstperson_lefthand": {
			"rotation": [ 0, -45, 0 ],
			"scale": [ 0.3, 0.3, 0.3 ]
		}
  }
}
