{
	"credit": "Made by Clyred",
	"parent": "minecraft:block/block",
	"ambientocclusion": false,
	"textures": {
		"particle": "#texture"
	},
	"elements": [
		{
			"from": [0, 0, 0],
			"to": [16, 3, 16],
			"faces": {
				"north": {"uv": [12, 16, 15, 0], "rotation": 90, "texture": "#sides", "cullface": "north"},
				"east": {"uv": [0, 16, 3, 0], "rotation": 90, "texture": "#sides", "cullface": "east"},
				"south": {"uv": [4, 0, 7, 16], "rotation": 90, "texture": "#sides", "cullface": "south"},
				"west": {"uv": [8, 0, 11, 16], "rotation": 90, "texture": "#sides", "cullface": "west"},
				"up": {"uv": [16, 16, 0, 0], "texture": "#texture"},
				"down": {"uv": [16, 0, 0, 16], "texture": "#texture", "cullface": "down"}
			}
		}
	],
	"display": {
		"thirdperson_righthand": {
			"rotation": [-23, 0, -45],
			"translation": [1.25, 2.75, -0.75],
			"scale": [0.3, 0.3, 0.3]
		},
		"thirdperson_lefthand": {
			"rotation": [-23, 0, -45],
			"translation": [1.25, 2.75, -0.75],
			"scale": [0.3, 0.3, 0.3]
		},
		"firstperson_righthand": {
			"rotation": [-90, 0, 135],
			"scale": [0.3, 0.3, 0.3]
		},
		"firstperson_lefthand": {
			"rotation": [-90, 0, 135],
			"scale": [0.3, 0.3, 0.3]
		},
		"ground": {
			"rotation": [-90, 0, 0],
			"translation": [0, 3, -2],
			"scale": [0.3, 0.3, 0.3]
		},
		"gui": {
			"rotation": [-75, 0, -45],
			"translation": [2.75, 1, 0],
			"scale": [0.6, 0.6, 0.6]
		},
		"fixed": {
			"translation": [0, 0, 3],
			"scale": [0.75, 0.75, 0.75]
		}
	}
}