{
	"credit": "Made by Clyred",
	"parent": "minecraft:block/block",
	"ambientocclusion": false,
	"textures": {
		"particle": "#texture"
	},
	"elements": [
		{
			"from": [	 0, 13,  0	],
			"to": 	[	16, 16, 16	],
			"faces": {
				"up":			{"uv": [	16, 16,  0,  0	], "texture": "#texture", "cullface": "top"},
				"down":		{"uv": [	16,  0,  0, 16	], "texture": "#texture"},
				"north":	{"uv": [	12, 16, 15,  0	], "rotation": 90, "texture": "#sides", "cullface": "north"},
				"south":	{"uv": [	 4,  0,  7, 16	], "rotation": 90, "texture": "#sides", "cullface": "south"},
				"west": 	{"uv": [	 8,  0, 11, 16	], "rotation": 90, "texture": "#sides", "cullface": "west"},
				"east": 	{"uv": [	 4, 16,  7,  0	], "rotation": 90, "texture": "#sides", "cullface": "east"}
			}
		}
	]
}
