{
	"credit": "Made by Clyred",
	"parent": "minecraft:block/block",
	"ambientocclusion": false,
	"textures": {
		"particle": "#texture"
	},
	"elements": [
		{
			"from": [0, 0, 13],
			"to": [16, 16, 16],
			"faces": {
				"up": 		{"uv": [	12,  0, 15, 16	], "rotation": 90, "texture": "#sides"},
				"down": 	{"uv": [	 4,  0,  7, 16	], "rotation": 90, "texture": "#sides"},
				"north":	{"uv": [	 0, 16, 16,  0	], "texture": "#texture"},
				"east": 	{"uv": [	 0, 16,  3,  0	], "texture": "#sides", "cullface": "east"},
				"south":	{"uv": [	16, 16,  0,  0	], "texture": "#texture", "cullface": "south"},
				"west": 	{"uv": [	 8, 16, 11,  0	], "texture": "#sides", "cullface": "west"}
			}
		}
	]
}
