{
    "parent": "block/block",
    "textures": {
		"particle": "block/redstone_torch",
        "torch": "block/redstone_torch"
    },
	"elements": [
        {   "__comment": "torch base",
            "from": [ 7, 0, 7 ],
            "to": [ 9, 10, 9 ],
			"shade": false,
            "faces": {
                "north": { "uv": [ 7, 6, 9, 16 ], "texture": "#torch" },
                "south": { "uv": [ 7, 6, 9, 16 ], "texture": "#torch" },
				"west": { "uv": [ 7, 6, 9, 16 ], "texture": "#torch" },
                "east": { "uv": [ 7, 6, 9, 16 ], "texture": "#torch" },
				"up": { "uv": [ 7, 6, 9, 8 ], "texture": "#torch" }
            }
        },
		{   "__comment": "torch glow",
			"from": [ 9.5, 10.5, 9.5 ],
            "to": [ 6.5, 7.51, 6.5 ],
			"shade": false,
            "faces": {
				"north": { "uv": [ 0, 0, 4, 4 ], "texture": "#torch" },
				"south": { "uv": [ 0, 0, 4, 4 ], "texture": "#torch" },
				"west": { "uv": [ 0, 0, 4, 4 ], "texture": "#torch" },
				"east": { "uv": [ 0, 0, 4, 4 ], "texture": "#torch" },
				"up": { "uv": [ 0, 0, 4, 4 ], "texture": "#torch" },
				"down": { "uv": [ 0, 0, 4, 4 ], "texture": "#torch" }
            }
        }
	]
}
