{
    "parent": "block/block",
    "textures": {
		"particle": "block/redstone_torch",
        "torch": "block/redstone_torch"
    },
	"elements": [
        {   "__comment": "torch base",
            "from": [ -1, 3.5, 7 ],
            "to": [ 1, 13.5, 9 ],
			"rotation": { "origin": [ 0, 3.5, 8 ], "axis": "z", "angle": -22.5 },
			"shade": false,
            "faces": {
                "north": { "uv": [ 7, 6, 9, 16 ], "texture": "#torch" },
                "south": { "uv": [ 7, 6, 9, 16 ], "texture": "#torch" },
				"west": { "uv": [ 7, 6, 9, 16 ], "texture": "#torch" },
                "east": { "uv": [ 7, 6, 9, 16 ], "texture": "#torch" },
				"up": { "uv": [ 7, 6, 9, 8 ], "texture": "#torch" }
            }
        },
		{   "__comment": "torch glow",
			"from": [ 1.5, 14, 9.5 ],
            "to": [ -1.5, 11, 6.5 ],
			"rotation": { "origin": [ 0, 3.5, 8 ], "axis": "z", "angle": -22.5 },
			"shade": false,
            "faces": {
				"north": { "uv": [ 0, 0, 4, 4 ], "texture": "#torch" },
				"south": { "uv": [ 0, 0, 4, 4 ], "texture": "#torch" },
				"west": { "uv": [ 0, 0, 4, 4 ], "texture": "#torch" },
				"east": { "uv": [ 0, 0, 4, 4 ], "texture": "#torch" },
				"up": { "uv": [ 0, 0, 4, 4 ], "texture": "#torch" },
				"down": { "uv": [ 0, 0, 4, 4 ], "texture": "#torch" }
            }
        }
	]
}
