{
	"credit": "Made with Blockbench",
	"parent": "block/block",
	"ambientocclusion": false,
	"textures": {
		"0": "block/acacia_log",
		"1": "block/acacia_planks",
		"particle": "block/acacia_log"
	},
	"elements": [
		{
			"name": "Left post",
			"from": [6, 0, -2],
			"to": [10, 16, 2],
			"rotation": {"angle": 0, "axis": "y", "origin": [8, 8, 6]},
			"faces": {
				"north": {"uv": [6, 0, 10, 16], "texture": "#0"},
				"east": {"uv": [0, 0, 4, 16], "texture": "#0"},
				"south": {"uv": [6, 0, 10, 16], "texture": "#0"},
				"west": {"uv": [0, 0, 4, 16], "texture": "#0"},
				"up": {"uv": [6, 0, 10, 4], "texture": "#0"},
				"down": {"uv": [6, 0, 10, 4], "texture": "#0", "cullface": "down"}
			}
		},
		{
			"name": "Right post",
			"from": [6, 0, 14],
			"to": [10, 16, 18],
			"rotation": {"angle": 0, "axis": "y", "origin": [8, 8, 10]},
			"faces": {
				"north": {"uv": [6, 0, 10, 16], "texture": "#0"},
				"east": {"uv": [12, 0, 16, 16], "texture": "#0"},
				"south": {"uv": [6, 0, 10, 16], "texture": "#0"},
				"west": {"uv": [12, 0, 16, 16], "texture": "#0"},
				"up": {"uv": [6, 12, 10, 16], "texture": "#0"},
				"down": {"uv": [6, 12, 10, 16], "texture": "#0", "cullface": "down"}
			}
		},
		{
			"from": [7, 15, 8],
			"to": [9, 16, 14],
			"rotation": {"angle": 0, "axis": "y", "origin": [15, 23, 16]},
			"faces": {
				"north": {"uv": [0, 0, 2, 1], "texture": "#0"},
				"east": {"uv": [10, 15, 16, 16], "texture": "#0"},
				"west": {"uv": [10, 14, 16, 15], "texture": "#0"},
				"up": {"uv": [14, 8, 16, 14], "texture": "#0"},
				"down": {"uv": [12, 8, 14, 14], "texture": "#0"}
			}
		},
		{
			"from": [7, 0, 8],
			"to": [9, 1, 14],
			"rotation": {"angle": 0, "axis": "y", "origin": [15, 8, 16]},
			"faces": {
				"north": {"uv": [0, 0, 2, 1], "texture": "#0"},
				"east": {"uv": [0, 15, 6, 16], "texture": "#0"},
				"west": {"uv": [0, 14, 6, 15], "texture": "#0"},
				"up": {"uv": [2, 8, 4, 14], "texture": "#0"},
				"down": {"uv": [0, 8, 2, 14], "texture": "#0"}
			}
		},
		{
			"from": [7.5, 1, 8],
			"to": [8.5, 3, 14],
			"rotation": {"angle": 0, "axis": "y", "origin": [15, 9, 16]},
			"faces": {
				"north": {"uv": [0, 0, 1, 1], "texture": "#1"},
				"east": {"uv": [9, 13, 15, 15], "texture": "#1"},
				"west": {"uv": [9, 13, 15, 15], "texture": "#1"},
				"up": {"uv": [9, 14, 15, 15], "rotation": 90, "texture": "#1"}
			}
		},
		{
			"from": [7.5, 4, 8],
			"to": [8.5, 6, 14],
			"rotation": {"angle": 0, "axis": "y", "origin": [15, 12, 16]},
			"faces": {
				"north": {"uv": [0, 0, 1, 1], "texture": "#1"},
				"east": {"uv": [9, 12, 15, 14], "texture": "#1"},
				"west": {"uv": [9, 13, 15, 15], "texture": "#1"},
				"up": {"uv": [9, 13, 15, 14], "rotation": 90, "texture": "#1"},
				"down": {"uv": [9, 13, 15, 14], "rotation": 90, "texture": "#1"}
			}
		},
		{
			"from": [7.5, 7, 8],
			"to": [8.5, 9, 14],
			"rotation": {"angle": 0, "axis": "y", "origin": [15, 15, 16]},
			"faces": {
				"north": {"uv": [0, 0, 1, 1], "texture": "#1"},
				"east": {"uv": [1, 12, 7, 14], "texture": "#1"},
				"west": {"uv": [1, 12, 7, 14], "texture": "#1"},
				"up": {"uv": [9, 12, 15, 13], "rotation": 90, "texture": "#1"},
				"down": {"uv": [9, 12, 15, 13], "rotation": 90, "texture": "#1"}
			}
		},
		{
			"from": [7.5, 10, 8],
			"to": [8.5, 12, 14],
			"rotation": {"angle": 0, "axis": "y", "origin": [15, 18, 16]},
			"faces": {
				"north": {"uv": [0, 0, 1, 2], "texture": "#1"},
				"east": {"uv": [9, 9, 15, 11], "texture": "#1"},
				"west": {"uv": [9, 9, 15, 11], "texture": "#1"},
				"up": {"uv": [0, 0, 6, 1], "rotation": 90, "texture": "#1"},
				"down": {"uv": [0, 0, 6, 1], "rotation": 90, "texture": "#1"}
			}
		},
		{
			"from": [7.5, 13, 8],
			"to": [8.5, 15, 14],
			"rotation": {"angle": 0, "axis": "y", "origin": [15, 21, 16]},
			"faces": {
				"north": {"uv": [0, 0, 1, 1], "texture": "#1"},
				"east": {"uv": [0, 8, 6, 10], "texture": "#1"},
				"west": {"uv": [0, 8, 6, 10], "texture": "#1"},
				"down": {"uv": [9, 8, 15, 9], "rotation": 90, "texture": "#1"}
			}
		},
		{
			"from": [7, 15, 2],
			"to": [9, 16, 8],
			"rotation": {"angle": 0, "axis": "y", "origin": [8, 23, 8]},
			"faces": {
				"east": {"uv": [10, 14, 16, 15], "texture": "#0"},
				"south": {"uv": [0, 0, 2, 1], "texture": "#0"},
				"west": {"uv": [10, 15, 16, 16], "texture": "#0"},
				"up": {"uv": [14, 8, 16, 14], "rotation": 180, "texture": "#0"},
				"down": {"uv": [12, 8, 14, 14], "rotation": 180, "texture": "#0"}
			}
		},
		{
			"from": [7, 0, 2],
			"to": [9, 1, 8],
			"rotation": {"angle": 0, "axis": "y", "origin": [8, 23, 8]},
			"faces": {
				"east": {"uv": [0, 14, 6, 15], "texture": "#0"},
				"south": {"uv": [0, 0, 2, 1], "texture": "#0"},
				"west": {"uv": [0, 15, 6, 16], "texture": "#0"},
				"up": {"uv": [2, 8, 4, 14], "rotation": 180, "texture": "#0"},
				"down": {"uv": [0, 8, 2, 14], "rotation": 180, "texture": "#0"}
			}
		},
		{
			"from": [7.5, 1, 2],
			"to": [8.5, 3, 8],
			"rotation": {"angle": 0, "axis": "y", "origin": [8, 23, 8]},
			"faces": {
				"east": {"uv": [9, 13, 15, 15], "texture": "#1"},
				"south": {"uv": [0, 0, 1, 1], "texture": "#1"},
				"west": {"uv": [9, 13, 15, 15], "texture": "#1"},
				"up": {"uv": [9, 14, 15, 15], "rotation": 270, "texture": "#1"}
			}
		},
		{
			"from": [7.5, 4, 2],
			"to": [8.5, 6, 8],
			"rotation": {"angle": 0, "axis": "y", "origin": [8, 23, 8]},
			"faces": {
				"east": {"uv": [9, 13, 15, 15], "texture": "#1"},
				"south": {"uv": [0, 0, 1, 1], "texture": "#1"},
				"west": {"uv": [9, 12, 15, 14], "texture": "#1"},
				"up": {"uv": [9, 13, 15, 14], "rotation": 270, "texture": "#1"},
				"down": {"uv": [9, 13, 15, 14], "rotation": 270, "texture": "#1"}
			}
		},
		{
			"from": [7.5, 7, 2],
			"to": [8.5, 9, 8],
			"rotation": {"angle": 0, "axis": "y", "origin": [8, 23, 8]},
			"faces": {
				"east": {"uv": [1, 12, 7, 14], "texture": "#1"},
				"south": {"uv": [0, 0, 1, 1], "texture": "#1"},
				"west": {"uv": [1, 12, 7, 14], "texture": "#1"},
				"up": {"uv": [9, 12, 15, 13], "rotation": 270, "texture": "#1"},
				"down": {"uv": [9, 12, 15, 13], "rotation": 270, "texture": "#1"}
			}
		},
		{
			"from": [7.5, 10, 2],
			"to": [8.5, 12, 8],
			"rotation": {"angle": 0, "axis": "y", "origin": [8, 23, 8]},
			"faces": {
				"east": {"uv": [9, 9, 15, 11], "texture": "#1"},
				"south": {"uv": [0, 0, 1, 2], "texture": "#1"},
				"west": {"uv": [9, 9, 15, 11], "texture": "#1"},
				"up": {"uv": [0, 0, 6, 1], "rotation": 270, "texture": "#1"},
				"down": {"uv": [0, 0, 6, 1], "rotation": 270, "texture": "#1"}
			}
		},
		{
			"from": [7.5, 13, 2],
			"to": [8.5, 15, 8],
			"rotation": {"angle": 0, "axis": "y", "origin": [8, 23, 8]},
			"faces": {
				"east": {"uv": [0, 8, 6, 10], "texture": "#1"},
				"south": {"uv": [0, 0, 1, 1], "texture": "#1"},
				"west": {"uv": [0, 8, 6, 10], "texture": "#1"},
				"down": {"uv": [9, 8, 15, 9], "rotation": 270, "texture": "#1"}
			}
		}
	],
	"display": {
		"gui": {
			"rotation": [30, 135, 0],
			"scale": [0.625, 0.625, 0.625]
		},
		"fixed": {
			"rotation": [0, 90, 0],
			"scale": [0.5, 0.5, 0.5]
		}
	},
	"groups": [
		{
			"name": "fence_inventory",
			"origin": [8, 8, 8],
			"color": 0,
			"children": [0, 1]
		},
		{
			"name": "acacia_fence_side",
			"origin": [8, 8, 8],
			"color": 0,
			"children": [2, 3, 4, 5, 6, 7, 8]
		},
		{
			"name": "acacia_fence_side",
			"origin": [8, 8, 8],
			"color": 0,
			"children": [9, 10, 11, 12, 13, 14, 15]
		}
	]
}