{
	"parent": "block/block",
	"credit": "Made with Blockbench",
	"textures": {
		"0": "block/birch_planks_vertical",
		"particle": "block/birch_planks_vertical"
	},
	"elements": [
		{
			"from": [11, 0, 7],
			"to": [13, 16, 9],
			"faces": {
				"north": {"uv": [9, 0, 11, 16], "texture": "#0"},
				"east": {"uv": [1, 0, 3, 16], "texture": "#0"},
				"south": {"uv": [13, 0, 15, 16], "texture": "#0"},
				"west": {"uv": [5, 0, 7, 16], "texture": "#0"},
				"up": {"uv": [4, 3, 6, 5], "rotation": 90, "texture": "#0"},
				"down": {"uv": [6, 0, 8, 2], "rotation": 270, "texture": "#0"}
			}
		},
		{
			"from": [3, 0, 7],
			"to": [5, 16, 9],
			"faces": {
				"north": {"uv": [13, 0, 15, 16], "texture": "#0"},
				"east": {"uv": [5, 0, 7, 16], "texture": "#0"},
				"south": {"uv": [9, 0, 11, 16], "texture": "#0"},
				"west": {"uv": [1, 0, 3, 16], "texture": "#0"},
				"up": {"uv": [4, 3, 6, 5], "rotation": 270, "texture": "#0"},
				"down": {"uv": [6, 0, 8, 2], "rotation": 90, "texture": "#0"}
			}
		},
		{
			"from": [8, 0, 7],
			"to": [10, 16, 9],
			"rotation": {"angle": 0, "axis": "y", "origin": [5, 8, 8]},
			"faces": {
				"north": {"uv": [9, 0, 11, 16], "texture": "#0"},
				"east": {"uv": [1, 0, 3, 16], "texture": "#0"},
				"south": {"uv": [13, 0, 15, 16], "texture": "#0"},
				"west": {"uv": [5, 0, 7, 16], "texture": "#0"},
				"up": {"uv": [4, 3, 6, 5], "rotation": 90, "texture": "#0"},
				"down": {"uv": [6, 0, 8, 2], "rotation": 270, "texture": "#0"}
			}
		},
		{
			"from": [6, 0, 7],
			"to": [8, 16, 9],
			"faces": {
				"north": {"uv": [13, 0, 15, 16], "texture": "#0"},
				"east": {"uv": [5, 0, 7, 16], "texture": "#0"},
				"south": {"uv": [9, 0, 11, 16], "texture": "#0"},
				"west": {"uv": [1, 0, 3, 16], "texture": "#0"},
				"up": {"uv": [4, 3, 6, 5], "rotation": 270, "texture": "#0"},
				"down": {"uv": [6, 0, 8, 2], "rotation": 90, "texture": "#0"}
			}
		},
		{
			"from": [14, 0, 7],
			"to": [16, 16, 9],
			"faces": {
				"north": {"uv": [5, 0, 7, 16], "texture": "#0"},
				"east": {"uv": [13, 0, 15, 16], "texture": "#0"},
				"south": {"uv": [1, 0, 3, 16], "texture": "#0"},
				"west": {"uv": [9, 0, 11, 16], "texture": "#0"},
				"up": {"uv": [4, 3, 6, 5], "rotation": 90, "texture": "#0"},
				"down": {"uv": [6, 0, 8, 2], "rotation": 270, "texture": "#0"}
			}
		},
		{
			"from": [0, 0, 7],
			"to": [2, 16, 9],
			"faces": {
				"north": {"uv": [1, 0, 3, 16], "texture": "#0"},
				"east": {"uv": [9, 0, 11, 16], "texture": "#0"},
				"south": {"uv": [5, 0, 7, 16], "texture": "#0"},
				"west": {"uv": [13, 0, 15, 16], "texture": "#0"},
				"up": {"uv": [4, 3, 6, 5], "rotation": 270, "texture": "#0"},
				"down": {"uv": [6, 0, 8, 2], "rotation": 90, "texture": "#0"}
			}
		},
		{
			"from": [10, 13, 7.5],
			"to": [16, 14, 8.5],
			"faces": {
				"north": {"uv": [3, 0, 4, 1], "texture": "#0"},
				"south": {"uv": [3, 0, 4, 1], "texture": "#0"},
				"up": {"uv": [3, 0, 4, 1], "rotation": 90, "texture": "#0"},
				"down": {"uv": [3, 0, 4, 1], "rotation": 270, "texture": "#0"}
			}
		},
		{
			"from": [0, 13, 7.5],
			"to": [6, 14, 8.5],
			"faces": {
				"north": {"uv": [3, 0, 4, 1], "texture": "#0"},
				"south": {"uv": [3, 0, 4, 1], "texture": "#0"},
				"up": {"uv": [3, 0, 4, 1], "rotation": 270, "texture": "#0"},
				"down": {"uv": [3, 0, 4, 1], "rotation": 90, "texture": "#0"}
			}
		},
		{
			"from": [10, 2, 7.5],
			"to": [16, 3, 8.5],
			"faces": {
				"north": {"uv": [3, 0, 4, 1], "texture": "#0"},
				"south": {"uv": [3, 0, 4, 1], "texture": "#0"},
				"up": {"uv": [3, 0, 4, 1], "rotation": 90, "texture": "#0"},
				"down": {"uv": [3, 0, 4, 1], "rotation": 270, "texture": "#0"}
			}
		},
		{
			"from": [0, 2, 7.5],
			"to": [6, 3, 8.5],
			"faces": {
				"north": {"uv": [3, 0, 4, 1], "texture": "#0"},
				"south": {"uv": [3, 0, 4, 1], "texture": "#0"},
				"up": {"uv": [3, 0, 4, 1], "rotation": 270, "texture": "#0"},
				"down": {"uv": [3, 0, 4, 1], "rotation": 90, "texture": "#0"}
			}
		}
	]
}