{
	"credit": "Made with Blockbench",
	"parent": "block/block",
	"ambientocclusion": false,
	"textures": {
		"4_0": "block/stripped_birch_log",
		"4_1": "block/birch_planks",
		"particle": "block/birch_planks_vertical",
		"6_0": "block/birch_planks_vertical"
	},
	"elements": [
		{
			"from": [6.5, 16, -1.5],
			"to": [9.5, 16.5, 1.5],
			"rotation": {"angle": 0, "axis": "y", "origin": [15, 23, 7]},
			"faces": {
				"north": {"uv": [6, 11, 9, 12], "texture": "#4_1"},
				"east": {"uv": [9, 11, 12, 12], "texture": "#4_1"},
				"south": {"uv": [3, 11, 6, 12], "texture": "#4_1"},
				"west": {"uv": [0, 11, 3, 12], "texture": "#4_1"},
				"up": {"uv": [6, 6, 9, 9], "texture": "#4_0"}
			}
		},
		{
			"from": [6, 0, -2],
			"to": [10, 16, 2],
			"rotation": {"angle": 0, "axis": "y", "origin": [14, 8, 6]},
			"faces": {
				"north": {"uv": [0, 0, 4, 16], "texture": "#4_0"},
				"east": {"uv": [12, 0, 16, 16], "texture": "#4_0"},
				"south": {"uv": [8, 0, 12, 16], "texture": "#4_0"},
				"west": {"uv": [4, 0, 8, 16], "texture": "#4_0"},
				"up": {"uv": [6, 6, 10, 10], "texture": "#4_0"},
				"down": {"uv": [0, 0, 4, 4], "texture": "#4_0"}
			}
		},
		{
			"from": [6, 16.5, -2],
			"to": [10, 17, 2],
			"rotation": {"angle": 0, "axis": "y", "origin": [14, 25, 6]},
			"faces": {
				"north": {"uv": [0, 0, 4, 1], "texture": "#4_0", "cullface": "up"},
				"east": {"uv": [12, 0, 16, 1], "texture": "#4_0", "cullface": "up"},
				"south": {"uv": [4, 0, 8, 1], "texture": "#4_0", "cullface": "up"},
				"west": {"uv": [8, 0, 12, 1], "texture": "#4_0", "cullface": "up"},
				"up": {"uv": [6, 6, 10, 10], "texture": "#4_0", "cullface": "up"},
				"down": {"uv": [0, 0, 4, 4], "texture": "#4_0", "cullface": "up"}
			}
		},
		{
			"from": [6.5, 16, 14.5],
			"to": [9.5, 16.5, 17.5],
			"rotation": {"angle": 0, "axis": "y", "origin": [15, 23, 23]},
			"faces": {
				"north": {"uv": [6, 11, 9, 12], "texture": "#4_1"},
				"east": {"uv": [9, 11, 12, 12], "texture": "#4_1"},
				"south": {"uv": [3, 11, 6, 12], "texture": "#4_1"},
				"west": {"uv": [0, 11, 3, 12], "texture": "#4_1"},
				"up": {"uv": [6, 6, 9, 9], "texture": "#4_0"}
			}
		},
		{
			"from": [6, 0, 14],
			"to": [10, 16, 18],
			"rotation": {"angle": 0, "axis": "y", "origin": [14, 8, 22]},
			"faces": {
				"north": {"uv": [0, 0, 4, 16], "texture": "#4_0"},
				"east": {"uv": [12, 0, 16, 16], "texture": "#4_0"},
				"south": {"uv": [8, 0, 12, 16], "texture": "#4_0"},
				"west": {"uv": [4, 0, 8, 16], "texture": "#4_0"},
				"up": {"uv": [6, 6, 10, 10], "texture": "#4_0"},
				"down": {"uv": [0, 0, 4, 4], "texture": "#4_0"}
			}
		},
		{
			"from": [6, 16.5, 14],
			"to": [10, 17, 18],
			"rotation": {"angle": 0, "axis": "y", "origin": [14, 25, 22]},
			"faces": {
				"north": {"uv": [0, 0, 4, 1], "texture": "#4_0", "cullface": "up"},
				"east": {"uv": [12, 0, 16, 1], "texture": "#4_0", "cullface": "up"},
				"south": {"uv": [4, 0, 8, 1], "texture": "#4_0", "cullface": "up"},
				"west": {"uv": [8, 0, 12, 1], "texture": "#4_0", "cullface": "up"},
				"up": {"uv": [6, 6, 10, 10], "texture": "#4_0", "cullface": "up"},
				"down": {"uv": [0, 0, 4, 4], "texture": "#4_0", "cullface": "up"}
			}
		},
		{
			"from": [7, 0, 11.5],
			"to": [9, 16, 13.5],
			"rotation": {"angle": 0, "axis": "y", "origin": [15, 8, 19]},
			"faces": {
				"north": {"uv": [1, 0, 3, 16], "texture": "#6_0"},
				"east": {"uv": [13, 0, 15, 16], "texture": "#6_0"},
				"south": {"uv": [5, 0, 7, 16], "texture": "#6_0"},
				"west": {"uv": [9, 0, 11, 16], "texture": "#6_0"},
				"up": {"uv": [4, 3, 6, 5], "texture": "#6_0"},
				"down": {"uv": [6, 0, 8, 2], "texture": "#6_0"}
			}
		},
		{
			"from": [7, 0, 8.5],
			"to": [9, 16, 10.5],
			"rotation": {"angle": 0, "axis": "y", "origin": [15, 8, 16]},
			"faces": {
				"north": {"uv": [13, 0, 15, 16], "texture": "#6_0"},
				"east": {"uv": [1, 0, 3, 16], "texture": "#6_0"},
				"south": {"uv": [9, 0, 11, 16], "texture": "#6_0"},
				"west": {"uv": [5, 0, 7, 16], "texture": "#6_0"},
				"up": {"uv": [4, 3, 6, 5], "texture": "#6_0"},
				"down": {"uv": [6, 0, 8, 2], "texture": "#6_0"}
			}
		},
		{
			"from": [7.5, 13, 8],
			"to": [8.5, 14, 14],
			"rotation": {"angle": 0, "axis": "y", "origin": [16, 21, 16]},
			"faces": {
				"north": {"uv": [3, 0, 4, 1], "texture": "#6_0"},
				"east": {"uv": [3, 0, 4, 1], "texture": "#6_0"},
				"south": {"uv": [3, 0, 4, 1], "texture": "#6_0"},
				"west": {"uv": [3, 0, 4, 1], "texture": "#6_0"},
				"up": {"uv": [3, 0, 4, 1], "texture": "#6_0"},
				"down": {"uv": [3, 0, 4, 1], "texture": "#6_0"}
			}
		},
		{
			"from": [7.5, 2, 8],
			"to": [8.5, 3, 14],
			"rotation": {"angle": 0, "axis": "y", "origin": [16, 10, 16]},
			"faces": {
				"north": {"uv": [3, 0, 4, 1], "texture": "#6_0"},
				"east": {"uv": [3, 0, 4, 1], "texture": "#6_0"},
				"south": {"uv": [3, 0, 4, 1], "texture": "#6_0"},
				"west": {"uv": [3, 0, 4, 1], "texture": "#6_0"},
				"up": {"uv": [3, 0, 4, 1], "texture": "#6_0"},
				"down": {"uv": [3, 0, 4, 1], "texture": "#6_0"}
			}
		},
		{
			"from": [7, 0, 2.5],
			"to": [9, 16, 4.5],
			"faces": {
				"north": {"uv": [5, 0, 7, 16], "texture": "#6_0"},
				"east": {"uv": [9, 0, 11, 16], "texture": "#6_0"},
				"south": {"uv": [1, 0, 3, 16], "texture": "#6_0"},
				"west": {"uv": [13, 0, 15, 16], "texture": "#6_0"},
				"up": {"uv": [4, 3, 6, 5], "rotation": 180, "texture": "#6_0"},
				"down": {"uv": [6, 0, 8, 2], "rotation": 180, "texture": "#6_0"}
			}
		},
		{
			"from": [7, 0, 5.5],
			"to": [9, 16, 7.5],
			"faces": {
				"north": {"uv": [9, 0, 11, 16], "texture": "#6_0"},
				"east": {"uv": [5, 0, 7, 16], "texture": "#6_0"},
				"south": {"uv": [13, 0, 15, 16], "texture": "#6_0"},
				"west": {"uv": [1, 0, 3, 16], "texture": "#6_0"},
				"up": {"uv": [4, 3, 6, 5], "rotation": 180, "texture": "#6_0"},
				"down": {"uv": [6, 0, 8, 2], "rotation": 180, "texture": "#6_0"}
			}
		},
		{
			"from": [7.5, 13, 2],
			"to": [8.5, 14, 8],
			"faces": {
				"north": {"uv": [3, 0, 4, 1], "texture": "#6_0"},
				"east": {"uv": [3, 0, 4, 1], "texture": "#6_0"},
				"south": {"uv": [3, 0, 4, 1], "texture": "#6_0"},
				"west": {"uv": [3, 0, 4, 1], "texture": "#6_0"},
				"up": {"uv": [3, 0, 4, 1], "rotation": 180, "texture": "#6_0"},
				"down": {"uv": [3, 0, 4, 1], "rotation": 180, "texture": "#6_0"}
			}
		},
		{
			"from": [7.5, 2, 2],
			"to": [8.5, 3, 8],
			"faces": {
				"north": {"uv": [3, 0, 4, 1], "texture": "#6_0"},
				"east": {"uv": [3, 0, 4, 1], "texture": "#6_0"},
				"south": {"uv": [3, 0, 4, 1], "texture": "#6_0"},
				"west": {"uv": [3, 0, 4, 1], "texture": "#6_0"},
				"up": {"uv": [3, 0, 4, 1], "rotation": 180, "texture": "#6_0"},
				"down": {"uv": [3, 0, 4, 1], "rotation": 180, "texture": "#6_0"}
			}
		}
	],
	"display": {
		"gui": {
			"rotation": [30, 135, 0],
			"scale": [0.625, 0.625, 0.625]
		},
		"fixed": {
			"rotation": [0, 90, 0],
			"scale": [0.5, 0.5, 0.5]
		}
	},
	"groups": [
		{
			"name": "birch_fence_post",
			"origin": [8, 8, 8],
			"color": 0,
			"children": [0, 1, 2]
		},
		{
			"name": "birch_fence_post",
			"origin": [8, 8, 8],
			"color": 0,
			"children": [3, 4, 5]
		},
		{
			"name": "birch_fence_side",
			"origin": [8, 8, 8],
			"color": 0,
			"children": [6, 7, 8, 9]
		},
		{
			"name": "birch_fence_side",
			"origin": [8, 8, 8],
			"color": 0,
			"children": [10, 11, 12, 13]
		}
	]
}