{
	"credit": "Made with Blockbench",
	"textures": {
		"0": "block/stripped_birch_log",
		"1": "block/birch_planks",
		"particle": "block/birch_planks"
	},
	"elements": [
		{
			"from": [6.5, 16, 6.5],
			"to": [9.5, 16.5, 9.5],
			"rotation": {"angle": 0, "axis": "y", "origin": [15, 23, 15]},
			"faces": {
				"north": {"uv": [6, 10, 9, 12], "texture": "#1"},
				"east": {"uv": [9, 10, 12, 12], "texture": "#1"},
				"south": {"uv": [3, 10, 6, 12], "texture": "#1"},
				"west": {"uv": [0, 10, 3, 12], "texture": "#1"},
				"up": {"uv": [6, 6, 9, 9], "texture": "#0"}
			}
		},
		{
			"from": [6, 0, 6],
			"to": [10, 16, 10],
			"rotation": {"angle": 0, "axis": "y", "origin": [14, 8, 14]},
			"faces": {
				"north": {"uv": [0, 0, 4, 16], "texture": "#0"},
				"east": {"uv": [12, 0, 16, 16], "texture": "#0"},
				"south": {"uv": [8, 0, 12, 16], "texture": "#0"},
				"west": {"uv": [4, 0, 8, 16], "texture": "#0"},
				"up": {"uv": [6, 6, 10, 10], "texture": "#0"},
				"down": {"uv": [0, 0, 4, 4], "texture": "#0"}
			}
		},
		{
			"from": [6, 16.5, 6],
			"to": [10, 17, 10],
			"rotation": {"angle": 0, "axis": "y", "origin": [14, 25, 14]},
			"faces": {
				"north": {"uv": [0, 0, 4, 1], "texture": "#0", "cullface": "up"},
				"east": {"uv": [12, 0, 16, 1], "texture": "#0", "cullface": "up"},
				"south": {"uv": [4, 0, 8, 1], "texture": "#0", "cullface": "up"},
				"west": {"uv": [8, 0, 12, 1], "texture": "#0", "cullface": "up"},
				"up": {"uv": [6, 6, 10, 10], "texture": "#0", "cullface": "up"},
				"down": {"uv": [0, 0, 4, 4], "texture": "#0", "cullface": "up"}
			}
		}
	]
}