{
	"parent": "block/block",
	"credit": "Made with Blockbench",
	"textures": {
		"0": "block/birch_planks_vertical",
		"particle": "block/birch_planks_vertical"
	},
	"elements": [
		{
			"from": [14, 0, 10],
			"to": [16, 13, 12],
			"rotation": {"angle": 0, "axis": "y", "origin": [15, 8, 8]},
			"faces": {
				"north": {"uv": [1, 0, 3, 16], "texture": "#0"},
				"east": {"uv": [13, 0, 15, 16], "texture": "#0"},
				"south": {"uv": [5, 0, 7, 16], "texture": "#0"},
				"west": {"uv": [9, 0, 11, 16], "texture": "#0"},
				"up": {"uv": [4, 3, 6, 5], "texture": "#0"},
				"down": {"uv": [6, 0, 8, 2], "texture": "#0"}
			}
		},
		{
			"from": [0, 0, 10],
			"to": [2, 13, 12],
			"rotation": {"angle": 0, "axis": "y", "origin": [1, 8, 8]},
			"faces": {
				"north": {"uv": [1, 0, 3, 16], "texture": "#0"},
				"east": {"uv": [13, 0, 15, 16], "texture": "#0"},
				"south": {"uv": [5, 0, 7, 16], "texture": "#0"},
				"west": {"uv": [9, 0, 11, 16], "texture": "#0"},
				"up": {"uv": [4, 3, 6, 5], "texture": "#0"},
				"down": {"uv": [6, 0, 8, 2], "texture": "#0"}
			}
		},
		{
			"from": [14, 0, 13],
			"to": [16, 13, 15],
			"rotation": {"angle": 0, "axis": "y", "origin": [15, 8, 8]},
			"faces": {
				"north": {"uv": [1, 0, 3, 16], "texture": "#0"},
				"east": {"uv": [13, 0, 15, 16], "texture": "#0"},
				"south": {"uv": [5, 0, 7, 16], "texture": "#0"},
				"west": {"uv": [9, 0, 11, 16], "texture": "#0"},
				"up": {"uv": [4, 3, 6, 5], "texture": "#0"},
				"down": {"uv": [6, 0, 8, 2], "texture": "#0"}
			}
		},
		{
			"from": [0, 0, 13],
			"to": [2, 13, 15],
			"rotation": {"angle": 0, "axis": "y", "origin": [1, 8, 8]},
			"faces": {
				"north": {"uv": [1, 0, 3, 16], "texture": "#0"},
				"east": {"uv": [13, 0, 15, 16], "texture": "#0"},
				"south": {"uv": [5, 0, 7, 16], "texture": "#0"},
				"west": {"uv": [9, 0, 11, 16], "texture": "#0"},
				"up": {"uv": [4, 3, 6, 5], "texture": "#0"},
				"down": {"uv": [6, 0, 8, 2], "texture": "#0"}
			}
		},
		{
			"from": [14, 0, 7],
			"to": [16, 13, 9],
			"rotation": {"angle": 0, "axis": "y", "origin": [15, 8, 8]},
			"faces": {
				"north": {"uv": [13, 0, 15, 16], "texture": "#0"},
				"east": {"uv": [1, 0, 3, 16], "texture": "#0"},
				"south": {"uv": [9, 0, 11, 16], "texture": "#0"},
				"west": {"uv": [5, 0, 7, 16], "texture": "#0"},
				"up": {"uv": [4, 3, 6, 5], "texture": "#0"},
				"down": {"uv": [6, 0, 8, 2], "texture": "#0"}
			}
		},
		{
			"from": [0, 0, 7],
			"to": [2, 13, 9],
			"rotation": {"angle": 0, "axis": "y", "origin": [1, 8, 8]},
			"faces": {
				"north": {"uv": [13, 0, 15, 16], "texture": "#0"},
				"east": {"uv": [1, 0, 3, 16], "texture": "#0"},
				"south": {"uv": [9, 0, 11, 16], "texture": "#0"},
				"west": {"uv": [5, 0, 7, 16], "texture": "#0"},
				"up": {"uv": [4, 3, 6, 5], "texture": "#0"},
				"down": {"uv": [6, 0, 8, 2], "texture": "#0"}
			}
		},
		{
			"from": [14.5, 10, 7],
			"to": [15.5, 11, 13],
			"rotation": {"angle": 0, "axis": "y", "origin": [15, 5, 8]},
			"faces": {
				"east": {"uv": [3, 0, 4, 1], "texture": "#0"},
				"west": {"uv": [3, 0, 4, 1], "texture": "#0"},
				"up": {"uv": [3, 0, 4, 1], "texture": "#0"},
				"down": {"uv": [3, 0, 4, 1], "texture": "#0"}
			}
		},
		{
			"from": [0.5, 10, 7],
			"to": [1.5, 11, 13],
			"rotation": {"angle": 0, "axis": "y", "origin": [1, 5, 8]},
			"faces": {
				"east": {"uv": [3, 0, 4, 1], "texture": "#0"},
				"west": {"uv": [3, 0, 4, 1], "texture": "#0"},
				"up": {"uv": [3, 0, 4, 1], "texture": "#0"},
				"down": {"uv": [3, 0, 4, 1], "texture": "#0"}
			}
		},
		{
			"from": [14.5, 2, 7],
			"to": [15.5, 3, 13],
			"rotation": {"angle": 0, "axis": "y", "origin": [15, 8, 8]},
			"faces": {
				"east": {"uv": [3, 0, 4, 1], "texture": "#0"},
				"west": {"uv": [3, 0, 4, 1], "texture": "#0"},
				"up": {"uv": [3, 0, 4, 1], "texture": "#0"},
				"down": {"uv": [3, 0, 4, 1], "texture": "#0"}
			}
		},
		{
			"from": [0.5, 2, 7],
			"to": [1.5, 3, 13],
			"rotation": {"angle": 0, "axis": "y", "origin": [1, 8, 8]},
			"faces": {
				"east": {"uv": [3, 0, 4, 1], "texture": "#0"},
				"west": {"uv": [3, 0, 4, 1], "texture": "#0"},
				"up": {"uv": [3, 0, 4, 1], "texture": "#0"},
				"down": {"uv": [3, 0, 4, 1], "texture": "#0"}
			}
		}
	]
}