{
	"credit": "Made with Blockbench",
	"parent": "block/block",
	"ambientocclusion": false,
	"textures": {
		"2": "block/crimson_planks",
		"3": "block/stripped_crimson_stem",
		"particle": "block/crimson_planks"
	},
	"elements": [
		{
			"name": "Right post",
			"from": [7, 0, 15],
			"to": [9, 16, 17],
			"rotation": {"angle": 0, "axis": "y", "origin": [8, 8, 10]},
			"faces": {
				"north": {"uv": [14, 0, 16, 16], "texture": "#3"},
				"east": {"uv": [14, 0, 16, 16], "texture": "#3"},
				"south": {"uv": [14, 0, 16, 16], "texture": "#3"},
				"west": {"uv": [14, 0, 16, 16], "texture": "#3"},
				"up": {"uv": [7, 0, 9, 2], "texture": "#3"},
				"down": {"uv": [7, 14, 9, 16], "texture": "#3", "cullface": "down"}
			}
		},
		{
			"name": "Right post",
			"from": [7, 0, -1],
			"to": [9, 16, 1],
			"rotation": {"angle": 0, "axis": "y", "origin": [8, 8, 12]},
			"faces": {
				"north": {"uv": [14, 0, 16, 16], "texture": "#3"},
				"east": {"uv": [14, 0, 16, 16], "texture": "#3"},
				"south": {"uv": [14, 0, 16, 16], "texture": "#3"},
				"west": {"uv": [14, 0, 16, 16], "texture": "#3"},
				"up": {"uv": [7, 0, 9, 2], "rotation": 180, "texture": "#3"},
				"down": {"uv": [7, 14, 9, 16], "rotation": 180, "texture": "#3", "cullface": "down"}
			}
		},
		{
			"from": [7, 0, 8],
			"to": [9, 1, 15],
			"rotation": {"angle": 0, "axis": "y", "origin": [15, 23, 16]},
			"faces": {
				"north": {"uv": [14, 15, 16, 16], "texture": "#2"},
				"east": {"uv": [0, 14, 6, 15], "texture": "#2"},
				"west": {"uv": [10, 14, 16, 15], "texture": "#2"},
				"up": {"uv": [0, 0, 6, 2], "rotation": 90, "texture": "#2"},
				"down": {"uv": [10, 15, 16, 16], "rotation": 90, "texture": "#2"}
			}
		},
		{
			"from": [7, 8, 8],
			"to": [9, 9, 15],
			"rotation": {"angle": 0, "axis": "y", "origin": [15, 23, 16]},
			"faces": {
				"north": {"uv": [14, 15, 16, 16], "texture": "#2"},
				"east": {"uv": [0, 13, 6, 14], "texture": "#2"},
				"west": {"uv": [10, 13, 16, 14], "texture": "#2"},
				"up": {"uv": [0, 0, 6, 2], "rotation": 90, "texture": "#2"},
				"down": {"uv": [10, 15, 16, 16], "rotation": 90, "texture": "#2"}
			}
		},
		{
			"from": [7, 15, 8],
			"to": [9, 16, 15],
			"rotation": {"angle": 0, "axis": "y", "origin": [15, 23, 16]},
			"faces": {
				"north": {"uv": [14, 15, 16, 16], "texture": "#2"},
				"east": {"uv": [10, 8, 16, 9], "texture": "#2"},
				"west": {"uv": [0, 8, 6, 9], "texture": "#2"},
				"up": {"uv": [0, 0, 6, 2], "rotation": 90, "texture": "#2"},
				"down": {"uv": [10, 15, 16, 16], "rotation": 90, "texture": "#2"}
			}
		},
		{
			"from": [7.5, 1, 8],
			"to": [8.5, 8, 15],
			"faces": {
				"north": {"uv": [0, 3, 10, 4], "rotation": 90, "texture": "#2"},
				"east": {"uv": [0, 7, 7, 0], "rotation": 90, "texture": "#3"},
				"west": {"uv": [0, 7, 7, 0], "rotation": 90, "texture": "#3"}
			}
		},
		{
			"from": [7.5, 9, 9],
			"to": [8.5, 15, 10],
			"faces": {
				"north": {"uv": [7, 0, 8, 2], "texture": "#3"},
				"east": {"uv": [7, 0, 8, 2], "texture": "#3"},
				"south": {"uv": [7, 0, 8, 2], "texture": "#3"},
				"west": {"uv": [7, 0, 8, 2], "texture": "#3"}
			}
		},
		{
			"from": [7.5, 9, 12],
			"to": [8.5, 15, 13],
			"faces": {
				"north": {"uv": [7, 0, 8, 2], "texture": "#3"},
				"east": {"uv": [7, 0, 8, 2], "texture": "#3"},
				"south": {"uv": [7, 0, 8, 2], "texture": "#3"},
				"west": {"uv": [7, 0, 8, 2], "texture": "#3"}
			}
		},
		{
			"from": [7, 0, 1],
			"to": [9, 1, 8],
			"rotation": {"angle": 0, "axis": "y", "origin": [8, 8, 12]},
			"faces": {
				"east": {"uv": [10, 14, 16, 15], "texture": "#2"},
				"south": {"uv": [14, 15, 16, 16], "texture": "#2"},
				"west": {"uv": [0, 14, 6, 15], "texture": "#2"},
				"up": {"uv": [0, 0, 6, 2], "rotation": 270, "texture": "#2"},
				"down": {"uv": [10, 15, 16, 16], "rotation": 270, "texture": "#2"}
			}
		},
		{
			"from": [7.5, 1, 1],
			"to": [8.5, 8, 8],
			"rotation": {"angle": 0, "axis": "y", "origin": [8, 8, 12]},
			"faces": {
				"east": {"uv": [0, 0, 7, 7], "rotation": 90, "texture": "#3"},
				"south": {"uv": [0, 3, 10, 4], "rotation": 90, "texture": "#2"},
				"west": {"uv": [0, 0, 7, 7], "rotation": 90, "texture": "#3"}
			}
		},
		{
			"from": [7.5, 9, 6],
			"to": [8.5, 15, 7],
			"rotation": {"angle": 0, "axis": "y", "origin": [8, 8, 12]},
			"faces": {
				"north": {"uv": [7, 0, 8, 2], "texture": "#3"},
				"east": {"uv": [7, 0, 8, 2], "texture": "#3"},
				"south": {"uv": [7, 0, 8, 2], "texture": "#3"},
				"west": {"uv": [7, 0, 8, 2], "texture": "#3"}
			}
		},
		{
			"from": [7, 8, 1],
			"to": [9, 9, 8],
			"rotation": {"angle": 0, "axis": "y", "origin": [8, 8, 12]},
			"faces": {
				"east": {"uv": [10, 13, 16, 14], "texture": "#2"},
				"south": {"uv": [14, 15, 16, 16], "texture": "#2"},
				"west": {"uv": [0, 13, 6, 14], "texture": "#2"},
				"up": {"uv": [0, 0, 6, 2], "rotation": 270, "texture": "#2"},
				"down": {"uv": [10, 15, 16, 16], "rotation": 270, "texture": "#2"}
			}
		},
		{
			"from": [7, 15, 1],
			"to": [9, 16, 8],
			"rotation": {"angle": 0, "axis": "y", "origin": [8, 8, 12]},
			"faces": {
				"east": {"uv": [0, 8, 6, 9], "texture": "#2"},
				"south": {"uv": [14, 15, 16, 16], "texture": "#2"},
				"west": {"uv": [10, 12, 16, 13], "texture": "#2"},
				"up": {"uv": [0, 0, 6, 2], "rotation": 270, "texture": "#2"},
				"down": {"uv": [0, 8, 6, 9], "rotation": 270, "texture": "#2"}
			}
		},
		{
			"from": [7.5, 9, 3],
			"to": [8.5, 15, 4],
			"rotation": {"angle": 0, "axis": "y", "origin": [8, 8, 12]},
			"faces": {
				"north": {"uv": [7, 0, 8, 2], "texture": "#3"},
				"east": {"uv": [7, 0, 8, 2], "texture": "#3"},
				"south": {"uv": [7, 0, 8, 2], "texture": "#3"},
				"west": {"uv": [7, 0, 8, 2], "texture": "#3"}
			}
		}
	],
	"display": {
		"gui": {
			"rotation": [30, 135, 0],
			"scale": [0.625, 0.625, 0.625]
		},
		"fixed": {
			"rotation": [0, 90, 0],
			"scale": [0.5, 0.5, 0.5]
		}
	},
	"groups": [
		{
			"name": "fence_inventory",
			"origin": [8, 8, 8],
			"color": 0,
			"children": [0, 1]
		},
		{
			"name": "acacia_fence_side",
			"origin": [8, 8, 8],
			"color": 0,
			"children": [2, 3, 4, 5, 6, 7, 8, 9, 10, 11, 12, 13]
		}
	]
}