{
	"credit": "Made with Blockbench",
	"parent": "block/block",
	"ambientocclusion": false,
	"textures": {
		"2": "block/crimson_planks",
		"3": "block/stripped_crimson_stem",
		"particle": "block/crimson_planks"
	},
	"elements": [
		{
			"from": [7, 0, 0],
			"to": [9, 1, 7],
			"rotation": {"angle": 0, "axis": "y", "origin": [8, 8, 12]},
			"faces": {
				"north": {"uv": [14, 15, 16, 16], "texture": "#2"},
				"east": {"uv": [9, 14, 16, 15], "texture": "#2"},
				"west": {"uv": [0, 14, 7, 15], "texture": "#2"},
				"up": {"uv": [0, 0, 7, 2], "rotation": 270, "texture": "#2"},
				"down": {"uv": [9, 15, 16, 16], "rotation": 270, "texture": "#2"}
			}
		},
		{
			"from": [7.5, 1, 0],
			"to": [8.5, 8, 7],
			"rotation": {"angle": 0, "axis": "y", "origin": [8, 8, 12]},
			"faces": {
				"north": {"uv": [0, 3, 7, 4], "rotation": 90, "texture": "#2"},
				"east": {"uv": [0, 0, 7, 7], "rotation": 90, "texture": "#3"},
				"west": {"uv": [0, 0, 7, 7], "rotation": 90, "texture": "#3"}
			}
		},
		{
			"from": [7.5, 9, 4],
			"to": [8.5, 15, 5],
			"rotation": {"angle": 0, "axis": "y", "origin": [8, 8, 12]},
			"faces": {
				"north": {"uv": [7, 0, 8, 2], "texture": "#3"},
				"east": {"uv": [7, 0, 8, 2], "texture": "#3"},
				"south": {"uv": [7, 0, 8, 2], "texture": "#3"},
				"west": {"uv": [7, 0, 8, 2], "texture": "#3"}
			}
		},
		{
			"from": [7, 8, 0],
			"to": [9, 9, 7],
			"rotation": {"angle": 0, "axis": "y", "origin": [8, 8, 12]},
			"faces": {
				"north": {"uv": [14, 15, 16, 16], "texture": "#2"},
				"east": {"uv": [9, 13, 16, 14], "texture": "#2"},
				"west": {"uv": [0, 13, 7, 14], "texture": "#2"},
				"up": {"uv": [0, 0, 7, 2], "rotation": 270, "texture": "#2"},
				"down": {"uv": [9, 15, 16, 16], "rotation": 270, "texture": "#2"}
			}
		},
		{
			"from": [7, 15, 0],
			"to": [9, 16, 7],
			"rotation": {"angle": 0, "axis": "y", "origin": [8, 8, 12]},
			"faces": {
				"north": {"uv": [14, 15, 16, 16], "texture": "#2"},
				"east": {"uv": [0, 8, 6, 9], "texture": "#2"},
				"west": {"uv": [9, 12, 16, 13], "texture": "#2"},
				"up": {"uv": [7, 0, 9, 7], "texture": "#3"},
				"down": {"uv": [0, 8, 7, 9], "rotation": 270, "texture": "#2"}
			}
		},
		{
			"from": [7.5, 9, 1],
			"to": [8.5, 15, 2],
			"rotation": {"angle": 0, "axis": "y", "origin": [8, 8, 12]},
			"faces": {
				"north": {"uv": [7, 0, 8, 2], "texture": "#3"},
				"east": {"uv": [7, 0, 8, 2], "texture": "#3"},
				"south": {"uv": [7, 0, 8, 2], "texture": "#3"},
				"west": {"uv": [7, 0, 8, 2], "texture": "#3"}
			}
		}
	],
	"display": {
		"gui": {
			"rotation": [30, 135, 0],
			"scale": [0.625, 0.625, 0.625]
		},
		"fixed": {
			"rotation": [0, 90, 0],
			"scale": [0.5, 0.5, 0.5]
		}
	},
	"groups": [
		{
			"name": "fence_inventory",
			"origin": [8, 8, 8],
			"color": 0,
			"children": []
		},
		{
			"name": "acacia_fence_side",
			"origin": [8, 8, 8],
			"color": 0,
			"children": [0, 1, 2, 3, 4, 5]
		}
	]
}