{
	"parent": "block/block",
	"elements": [
		{
			"from": [13, 15, 7.5],
			"to": [16, 16, 13.5],
			"rotation": {"angle": 0, "axis": "y", "origin": [14.5, 8, 8]},
			"faces": {
				"east": {"uv": [5, 0, 11, 1], "texture": "#1"},
				"west": {"uv": [5, 0, 11, 1], "texture": "#1"},
				"up": {"uv": [0, 0, 3, 6], "texture": "#1"},
				"down": {"uv": [0, 0, 3, 6], "texture": "#1"}
			}
		},
		{
			"from": [13, 0, 7.5],
			"to": [16, 1, 13.5],
			"rotation": {"angle": 0, "axis": "y", "origin": [14.5, 8, 8]},
			"faces": {
				"east": {"uv": [6, 14, 12, 15], "texture": "#1"},
				"west": {"uv": [6, 14, 12, 15], "texture": "#1"},
				"up": {"uv": [3, 10, 6, 16], "texture": "#1"},
				"down": {"uv": [0, 10, 3, 16], "texture": "#1"}
			}
		},
		{
			"from": [13.5, 1, 8],
			"to": [15.5, 15, 9],
			"rotation": {"angle": 0, "axis": "y", "origin": [14.5, 8, 8]},
			"faces": {
				"north": {"uv": [2, 1, 16, 2], "texture": "#0"},
				"east": {"uv": [2, 0, 16, 1], "rotation": 90, "texture": "#0"},
				"south": {"uv": [2, 1, 16, 2], "texture": "#0"},
				"west": {"uv": [2, 0, 16, 1], "rotation": 90, "texture": "#0"}
			}
		},
		{
			"from": [13.5, 1, 10],
			"to": [15.5, 15, 11],
			"rotation": {"angle": 0, "axis": "y", "origin": [14.5, 8, 8]},
			"faces": {
				"north": {"uv": [2, 5, 16, 6], "rotation": 90, "texture": "#0"},
				"east": {"uv": [2, 4, 16, 5], "rotation": 90, "texture": "#0"},
				"south": {"uv": [2, 5, 16, 6], "rotation": 90, "texture": "#0"},
				"west": {"uv": [2, 4, 16, 5], "rotation": 90, "texture": "#0"}
			}
		},
		{
			"from": [13.5, 1, 12],
			"to": [15.5, 15, 13],
			"rotation": {"angle": 0, "axis": "y", "origin": [14.5, 8, 8]},
			"faces": {
				"north": {"uv": [2, 9, 16, 10], "rotation": 90, "texture": "#0"},
				"east": {"uv": [2, 8, 16, 9], "rotation": 90, "texture": "#0"},
				"south": {"uv": [2, 9, 16, 10], "rotation": 90, "texture": "#0"},
				"west": {"uv": [2, 8, 16, 9], "rotation": 90, "texture": "#0"}
			}
		},
		{
			"from": [0.5, 1, 12],
			"to": [2.5, 15, 13],
			"rotation": {"angle": 0, "axis": "y", "origin": [14.5, 8, 8]},
			"faces": {
				"north": {"uv": [2, 9, 16, 10], "rotation": 90, "texture": "#0"},
				"east": {"uv": [2, 8, 16, 9], "rotation": 90, "texture": "#0"},
				"south": {"uv": [2, 9, 16, 10], "rotation": 90, "texture": "#0"},
				"west": {"uv": [2, 8, 16, 9], "rotation": 90, "texture": "#0"}
			}
		},
		{
			"from": [0.5, 1, 10],
			"to": [2.5, 15, 11],
			"rotation": {"angle": 0, "axis": "y", "origin": [14.5, 8, 8]},
			"faces": {
				"north": {"uv": [2, 5, 16, 6], "rotation": 90, "texture": "#0"},
				"east": {"uv": [2, 4, 16, 5], "rotation": 90, "texture": "#0"},
				"south": {"uv": [2, 5, 16, 6], "rotation": 90, "texture": "#0"},
				"west": {"uv": [2, 4, 16, 5], "rotation": 90, "texture": "#0"}
			}
		},
		{
			"from": [0.5, 1, 8],
			"to": [2.5, 15, 9],
			"rotation": {"angle": 0, "axis": "y", "origin": [14.5, 8, 8]},
			"faces": {
				"north": {"uv": [2, 1, 16, 2], "texture": "#0"},
				"east": {"uv": [2, 0, 16, 1], "rotation": 90, "texture": "#0"},
				"south": {"uv": [2, 1, 16, 2], "texture": "#0"},
				"west": {"uv": [2, 0, 16, 1], "rotation": 90, "texture": "#0"}
			}
		},
		{
			"from": [0, 15, 7.5],
			"to": [3, 16, 13.5],
			"rotation": {"angle": 0, "axis": "y", "origin": [1.5, 8, 8]},
			"faces": {
				"east": {"uv": [5, 0, 11, 1], "texture": "#1"},
				"west": {"uv": [5, 0, 11, 1], "texture": "#1"},
				"up": {"uv": [0, 0, 3, 6], "texture": "#1"},
				"down": {"uv": [0, 0, 3, 6], "texture": "#1"}
			}
		},
		{
			"from": [0, 0, 7.5],
			"to": [3, 1, 13.5],
			"rotation": {"angle": 0, "axis": "y", "origin": [1.5, 8, 8]},
			"faces": {
				"east": {"uv": [6, 14, 12, 15], "texture": "#1"},
				"west": {"uv": [6, 14, 12, 15], "texture": "#1"},
				"up": {"uv": [3, 10, 6, 16], "texture": "#1"},
				"down": {"uv": [0, 10, 3, 16], "texture": "#1"}
			}
		},
		{
			"from": [13, 0, 6.5],
			"to": [16, 16, 7.5],
			"rotation": {"angle": 0, "axis": "y", "origin": [14.5, 8, 8]},
			"faces": {
				"north": {"uv": [14, 0, 15, 16], "texture": "#1"},
				"east": {"uv": [14, 0, 15, 16], "texture": "#1"},
				"south": {"uv": [14, 0, 15, 16], "texture": "#1"},
				"west": {"uv": [14, 0, 15, 16], "texture": "#1"},
				"up": {"uv": [12, 15, 15, 16], "texture": "#1"},
				"down": {"uv": [1, 15, 4, 16], "texture": "#1"}
			}
		},
		{
			"from": [0, 0, 13.5],
			"to": [3, 16, 14.5],
			"rotation": {"angle": 0, "axis": "y", "origin": [1.5, 8, 8]},
			"faces": {
				"north": {"uv": [0, 0, 1, 16], "texture": "#1"},
				"east": {"uv": [0, 0, 1, 16], "texture": "#1"},
				"south": {"uv": [0, 0, 1, 16], "texture": "#1"},
				"west": {"uv": [0, 0, 1, 16], "texture": "#1"},
				"up": {"uv": [0, 14, 3, 15], "rotation": 180, "texture": "#1"},
				"down": {"uv": [1, 15, 4, 16], "rotation": 180, "texture": "#1"}
			}
		},
		{
			"from": [13, 0, 13.5],
			"to": [16, 16, 14.5],
			"rotation": {"angle": 0, "axis": "y", "origin": [14.5, 8, 8]},
			"faces": {
				"north": {"uv": [15, 0, 16, 16], "texture": "#1"},
				"east": {"uv": [15, 0, 16, 16], "texture": "#1"},
				"south": {"uv": [15, 0, 16, 16], "texture": "#1"},
				"west": {"uv": [15, 0, 16, 16], "texture": "#1"},
				"up": {"uv": [13, 15, 16, 16], "texture": "#1"},
				"down": {"uv": [1, 15, 4, 16], "texture": "#1"}
			}
		},
		{
			"from": [0, 0, 6.5],
			"to": [3, 16, 7.5],
			"rotation": {"angle": 0, "axis": "y", "origin": [1.5, 8, 8]},
			"faces": {
				"north": {"uv": [1, 0, 2, 16], "texture": "#1"},
				"east": {"uv": [1, 0, 2, 16], "texture": "#1"},
				"south": {"uv": [1, 0, 2, 16], "texture": "#1"},
				"west": {"uv": [1, 0, 2, 16], "texture": "#1"},
				"up": {"uv": [1, 15, 4, 16], "rotation": 180, "texture": "#1"},
				"down": {"uv": [1, 15, 4, 16], "rotation": 180, "texture": "#1"}
			}
		}
	],
	"groups": [
		{
			"name": "oak_fence_side",
			"origin": [8, 8, 8],
			"color": 0,
			"children": [0, 1, 2, 3, 4, 5, 6, 7]
		},
		{
			"name": "oak_fence_side",
			"origin": [8, 8, 8],
			"color": 0,
			"children": [8, 9, 10, 11, 12, 13]
		}
	]
}