{
	"credit": "Made with Blockbench",
	"elements": [
		{
			"from": [6.5, 15, 0],
			"to": [9.5, 16, 6],
			"rotation": {"angle": 0, "axis": "y", "origin": [15, 23, 8]},
			"faces": {
				"north": {"uv": [0, 0, 1, 1], "texture": "#1"},
				"east": {"uv": [5, 0, 11, 1], "texture": "#1"},
				"west": {"uv": [5, 0, 11, 1], "texture": "#1"},
				"up": {"uv": [0, 0, 3, 6], "texture": "#1"},
				"down": {"uv": [0, 0, 3, 6], "texture": "#1"}
			}
		},
		{
			"from": [6.5, 0, 0],
			"to": [9.5, 1, 6],
			"rotation": {"angle": 0, "axis": "y", "origin": [15, 8, 8]},
			"faces": {
				"north": {"uv": [0, 0, 1, 1], "texture": "#1"},
				"east": {"uv": [6, 14, 12, 15], "texture": "#1"},
				"west": {"uv": [6, 14, 12, 15], "texture": "#1"},
				"up": {"uv": [3, 10, 6, 16], "texture": "#1"},
				"down": {"uv": [0, 10, 3, 16], "texture": "#1"}
			}
		},
		{
			"from": [7, 1, 0.5],
			"to": [9, 15, 1.5],
			"rotation": {"angle": 0, "axis": "y", "origin": [15, 9, 8]},
			"faces": {
				"north": {"uv": [2, 1, 16, 2], "rotation": 90, "texture": "#0"},
				"east": {"uv": [2, 0, 16, 1], "rotation": 90, "texture": "#0"},
				"south": {"uv": [2, 1, 16, 2], "rotation": 90, "texture": "#0"},
				"west": {"uv": [2, 0, 16, 1], "rotation": 90, "texture": "#0"}
			}
		},
		{
			"from": [7, 1, 2.5],
			"to": [9, 15, 3.5],
			"rotation": {"angle": 0, "axis": "y", "origin": [15, 9, 10]},
			"faces": {
				"north": {"uv": [2, 5, 16, 6], "rotation": 90, "texture": "#0"},
				"east": {"uv": [2, 4, 16, 5], "rotation": 90, "texture": "#0"},
				"south": {"uv": [2, 5, 16, 6], "rotation": 90, "texture": "#0"},
				"west": {"uv": [2, 4, 16, 5], "rotation": 90, "texture": "#0"}
			}
		},
		{
			"from": [7, 1, 4.5],
			"to": [9, 15, 5.5],
			"rotation": {"angle": 0, "axis": "y", "origin": [15, 9, 12]},
			"faces": {
				"north": {"uv": [2, 9, 16, 10], "rotation": 90, "texture": "#0"},
				"east": {"uv": [2, 8, 16, 9], "rotation": 90, "texture": "#0"},
				"south": {"uv": [2, 9, 16, 10], "rotation": 90, "texture": "#0"},
				"west": {"uv": [2, 8, 16, 9], "rotation": 90, "texture": "#0"}
			}
		}
	]
}