{
	"credit": "Made with Blockbench",
	"parent": "block/block",
	"ambientocclusion": false,
	"elements": [
		{
			"from": [6, 0, -2],
			"to": [10, 16, 2],
			"rotation": {"angle": 0, "axis": "y", "origin": [14, 8, 6]},
			"faces": {
				"north": {"uv": [4, 0, 8, 16], "texture": "#0"},
				"east": {"uv": [8, 0, 12, 16], "texture": "#0"},
				"south": {"uv": [4, 0, 8, 16], "texture": "#0"},
				"west": {"uv": [8, 0, 12, 16], "texture": "#0"},
				"up": {"uv": [6, 0, 10, 4], "texture": "#0"},
				"down": {"uv": [6, 0, 10, 4], "texture": "#0"}
			}
		},
		{
			"from": [6, 16, -2],
			"to": [10, 17, 2],
			"rotation": {"angle": 0, "axis": "x", "origin": [8, 18, 0]},
			"faces": {
				"north": {"uv": [4, 0, 8, 1], "texture": "#0", "cullface": "up"},
				"east": {"uv": [8, 0, 12, 1], "texture": "#0", "cullface": "up"},
				"south": {"uv": [4, 0, 8, 1], "texture": "#0", "cullface": "up"},
				"west": {"uv": [8, 0, 12, 1], "texture": "#0", "cullface": "up"},
				"up": {"uv": [6, 12, 10, 16], "texture": "#0", "cullface": "up"}
			}
		},
		{
			"from": [6, 0, 14],
			"to": [10, 16, 18],
			"rotation": {"angle": 0, "axis": "y", "origin": [14, 8, 22]},
			"faces": {
				"north": {"uv": [4, 0, 8, 16], "texture": "#0"},
				"east": {"uv": [8, 0, 12, 16], "texture": "#0"},
				"south": {"uv": [4, 0, 8, 16], "texture": "#0"},
				"west": {"uv": [8, 0, 12, 16], "texture": "#0"},
				"up": {"uv": [6, 0, 10, 4], "texture": "#0"},
				"down": {"uv": [6, 0, 10, 4], "texture": "#0"}
			}
		},
		{
			"from": [6, 16, 14],
			"to": [10, 17, 18],
			"rotation": {"angle": 0, "axis": "x", "origin": [8, 18, 16]},
			"faces": {
				"north": {"uv": [4, 0, 8, 1], "texture": "#0", "cullface": "up"},
				"east": {"uv": [8, 0, 12, 1], "texture": "#0", "cullface": "up"},
				"south": {"uv": [4, 0, 8, 1], "texture": "#0", "cullface": "up"},
				"west": {"uv": [8, 0, 12, 1], "texture": "#0", "cullface": "up"},
				"up": {"uv": [6, 12, 10, 16], "texture": "#0", "cullface": "up"}
			}
		},
		{
			"from": [6.5, 15, 8],
			"to": [9.5, 16, 14],
			"rotation": {"angle": 0, "axis": "y", "origin": [15, 23, 16]},
			"faces": {
				"north": {"uv": [0, 0, 1, 1], "texture": "#0"},
				"east": {"uv": [5, 0, 11, 1], "texture": "#0"},
				"west": {"uv": [5, 0, 11, 1], "texture": "#0"},
				"up": {"uv": [0, 0, 3, 6], "texture": "#0"},
				"down": {"uv": [0, 0, 3, 6], "texture": "#0"}
			}
		},
		{
			"from": [6.5, 0, 8],
			"to": [9.5, 1, 14],
			"rotation": {"angle": 0, "axis": "y", "origin": [15, 8, 16]},
			"faces": {
				"north": {"uv": [0, 0, 1, 1], "texture": "#0"},
				"east": {"uv": [6, 14, 12, 15], "texture": "#0"},
				"west": {"uv": [6, 14, 12, 15], "texture": "#0"},
				"up": {"uv": [3, 10, 6, 16], "texture": "#0"},
				"down": {"uv": [0, 10, 3, 16], "texture": "#0"}
			}
		},
		{
			"from": [7, 1, 8.5],
			"to": [9, 15, 9.5],
			"rotation": {"angle": 0, "axis": "y", "origin": [15, 9, 16]},
			"faces": {
				"north": {"uv": [2, 0, 16, 1], "rotation": 90, "texture": "#8_0"},
				"east": {"uv": [2, 1, 16, 2], "rotation": 90, "texture": "#8_0"},
				"south": {"uv": [2, 0, 16, 1], "rotation": 90, "texture": "#8_0"},
				"west": {"uv": [2, 1, 16, 2], "rotation": 90, "texture": "#8_0"}
			}
		},
		{
			"from": [7, 1, 6.5],
			"to": [9, 15, 7.5],
			"rotation": {"angle": 0, "axis": "y", "origin": [15, 9, 16]},
			"faces": {
				"north": {"uv": [2, 0, 16, 1], "rotation": 90, "texture": "#8_0"},
				"east": {"uv": [2, 1, 16, 2], "rotation": 90, "texture": "#8_0"},
				"south": {"uv": [2, 0, 16, 1], "rotation": 90, "texture": "#8_0"},
				"west": {"uv": [2, 1, 16, 2], "rotation": 90, "texture": "#8_0"}
			}
		},
		{
			"from": [7, 1, 10.5],
			"to": [9, 15, 11.5],
			"rotation": {"angle": 0, "axis": "y", "origin": [15, 9, 18]},
			"faces": {
				"north": {"uv": [2, 4, 16, 5], "rotation": 90, "texture": "#8_0"},
				"east": {"uv": [2, 5, 16, 6], "rotation": 90, "texture": "#8_0"},
				"south": {"uv": [2, 4, 16, 5], "rotation": 90, "texture": "#8_0"},
				"west": {"uv": [2, 5, 16, 6], "rotation": 90, "texture": "#8_0"}
			}
		},
		{
			"from": [7, 1, 4.5],
			"to": [9, 15, 5.5],
			"rotation": {"angle": 0, "axis": "y", "origin": [15, 9, 18]},
			"faces": {
				"north": {"uv": [2, 4, 16, 5], "rotation": 90, "texture": "#8_0"},
				"east": {"uv": [2, 5, 16, 6], "rotation": 90, "texture": "#8_0"},
				"south": {"uv": [2, 4, 16, 5], "rotation": 90, "texture": "#8_0"},
				"west": {"uv": [2, 5, 16, 6], "rotation": 90, "texture": "#8_0"}
			}
		},
		{
			"from": [7, 1, 12.5],
			"to": [9, 15, 13.5],
			"rotation": {"angle": 0, "axis": "y", "origin": [15, 9, 20]},
			"faces": {
				"north": {"uv": [2, 8, 16, 9], "rotation": 90, "texture": "#8_0"},
				"east": {"uv": [2, 9, 16, 10], "rotation": 90, "texture": "#8_0"},
				"south": {"uv": [2, 8, 16, 9], "rotation": 90, "texture": "#8_0"},
				"west": {"uv": [2, 9, 16, 10], "rotation": 90, "texture": "#8_0"}
			}
		},
		{
			"from": [7, 1, 2.5],
			"to": [9, 15, 3.5],
			"rotation": {"angle": 0, "axis": "y", "origin": [15, 9, 20]},
			"faces": {
				"north": {"uv": [2, 8, 16, 9], "rotation": 90, "texture": "#8_0"},
				"east": {"uv": [2, 9, 16, 10], "rotation": 90, "texture": "#8_0"},
				"south": {"uv": [2, 8, 16, 9], "rotation": 90, "texture": "#8_0"},
				"west": {"uv": [2, 9, 16, 10], "rotation": 90, "texture": "#8_0"}
			}
		},
		{
			"from": [6.5, 15, 2],
			"to": [9.5, 16, 8],
			"faces": {
				"east": {"uv": [5, 0, 11, 1], "texture": "#0"},
				"south": {"uv": [0, 0, 1, 1], "texture": "#0"},
				"west": {"uv": [5, 0, 11, 1], "texture": "#0"},
				"up": {"uv": [0, 0, 3, 6], "rotation": 180, "texture": "#0"},
				"down": {"uv": [0, 0, 3, 6], "rotation": 180, "texture": "#0"}
			}
		},
		{
			"from": [6.5, 0, 2],
			"to": [9.5, 1, 8],
			"faces": {
				"east": {"uv": [6, 14, 12, 15], "texture": "#0"},
				"south": {"uv": [0, 0, 1, 1], "texture": "#0"},
				"west": {"uv": [6, 14, 12, 15], "texture": "#0"},
				"up": {"uv": [3, 10, 6, 16], "rotation": 180, "texture": "#0"},
				"down": {"uv": [0, 10, 3, 16], "rotation": 180, "texture": "#0"}
			}
		}
	],
	"display": {
		"gui": {
			"rotation": [30, 135, 0],
			"scale": [0.625, 0.625, 0.625]
		},
		"fixed": {
			"rotation": [0, 90, 0],
			"scale": [0.5, 0.5, 0.5]
		}
	},
	"groups": [
		{
			"name": "crimson_fence_post",
			"origin": [8, 8, 8],
			"color": 0,
			"children": [0, 1]
		},
		{
			"name": "crimson_fence_post",
			"origin": [8, 8, 8],
			"color": 0,
			"children": [2, 3]
		},
		{
			"name": "crimson_fence_side",
			"origin": [8, 8, 8],
			"color": 0,
			"children": [4, 5, 6, 7, 8, 9, 10, 11]
		},
		{
			"name": "crimson_fence_side",
			"origin": [8, 8, 8],
			"color": 0,
			"children": [12, 13]
		}
	]
}