{
	"credit": "Made with Blockbench",
	"textures": {
		"0": "block/jungle_door_bottom",
		"1": "block/jungle_planks",
		"particle": "block/jungle_planks"
	},
	"elements": [
		{
			"from": [7, 0, 0],
			"to": [9, 16, 1],
			"rotation": {"angle": 0, "axis": "y", "origin": [15, 8, 8]},
			"faces": {
				"north": {"uv": [2, 0, 4, 16], "texture": "#0"},
				"east": {"uv": [2, 0, 3, 16], "texture": "#0"},
				"south": {"uv": [2, 0, 4, 16], "texture": "#0"},
				"west": {"uv": [2, 0, 3, 16], "texture": "#0"},
				"up": {"uv": [7, 0, 8, 1], "texture": "#0"},
				"down": {"uv": [7, 0, 8, 2], "texture": "#0"}
			}
		},
		{
			"from": [7, 0, 3],
			"to": [9, 16, 5],
			"rotation": {"angle": 0, "axis": "y", "origin": [15, 8, 11]},
			"faces": {
				"north": {"uv": [2, 0, 4, 16], "texture": "#0"},
				"east": {"uv": [2, 0, 4, 16], "texture": "#0"},
				"south": {"uv": [2, 0, 4, 16], "texture": "#0"},
				"west": {"uv": [2, 0, 4, 16], "texture": "#0"},
				"up": {"uv": [7, 0, 9, 2], "texture": "#0"},
				"down": {"uv": [7, 0, 9, 2], "texture": "#0"}
			}
		},
		{
			"from": [7.5, 12, 0],
			"to": [8.5, 13, 7],
			"rotation": {"angle": 0, "axis": "y", "origin": [15, 20, 8]},
			"faces": {
				"east": {"uv": [0, 0, 7, 1], "texture": "#1"},
				"west": {"uv": [0, 0, 7, 1], "texture": "#1"},
				"up": {"uv": [0, 1, 7, 2], "rotation": 90, "texture": "#1"},
				"down": {"uv": [0, 1, 7, 2], "rotation": 90, "texture": "#1"}
			}
		},
		{
			"from": [7.5, 1, 0],
			"to": [8.5, 2, 7],
			"rotation": {"angle": 0, "axis": "y", "origin": [15, 9, 8]},
			"faces": {
				"east": {"uv": [0, 4, 7, 5], "texture": "#1"},
				"west": {"uv": [0, 4, 7, 5], "texture": "#1"},
				"up": {"uv": [0, 5, 7, 6], "rotation": 90, "texture": "#1"},
				"down": {"uv": [0, 5, 7, 6], "rotation": 90, "texture": "#1"}
			}
		}
	]
}