{
	"credit": "Made with Blockbench",
	"parent": "block/block",
	"textures": {
		"3": "block/jungle_door_bottom",
		"4": "block/jungle_planks",
		"particle": "block/jungle_planks"
	},
	"elements": [
		{
			"from": [15, 0, 7],
			"to": [16, 14, 9],
			"faces": {
				"north": {"uv": [2, 2, 3, 16], "texture": "#3"},
				"east": {"uv": [2, 2, 4, 16], "texture": "#3"},
				"south": {"uv": [3, 2, 4, 16], "texture": "#3"},
				"west": {"uv": [2, 2, 4, 16], "texture": "#3"},
				"up": {"uv": [7, 1, 8, 2], "texture": "#3"},
				"down": {"uv": [2, 15, 3, 16], "texture": "#3"}
			}
		},
		{
			"from": [14, 0, 15],
			"to": [16, 14, 16],
			"rotation": {"angle": 0, "axis": "y", "origin": [15, 7, 8]},
			"faces": {
				"north": {"uv": [2, 2, 4, 16], "texture": "#3"},
				"east": {"uv": [3, 2, 4, 16], "texture": "#3"},
				"south": {"uv": [2, 2, 4, 16], "texture": "#3"},
				"west": {"uv": [2, 2, 3, 16], "texture": "#3"},
				"up": {"uv": [7, 1, 8, 2], "rotation": 270, "texture": "#3"},
				"down": {"uv": [2, 15, 3, 16], "rotation": 90, "texture": "#3"}
			}
		},
		{
			"from": [0, 0, 7],
			"to": [1, 14, 9],
			"faces": {
				"north": {"uv": [2, 2, 3, 16], "texture": "#3"},
				"east": {"uv": [2, 2, 4, 16], "texture": "#3"},
				"south": {"uv": [2, 2, 3, 16], "texture": "#3"},
				"west": {"uv": [2, 2, 4, 16], "texture": "#3"},
				"up": {"uv": [7, 1, 8, 2], "texture": "#3"},
				"down": {"uv": [2, 15, 3, 16], "texture": "#3"}
			}
		},
		{
			"from": [0, 0, 15],
			"to": [2, 14, 16],
			"rotation": {"angle": 0, "axis": "y", "origin": [1, 7, 8]},
			"faces": {
				"north": {"uv": [2, 2, 4, 16], "texture": "#3"},
				"east": {"uv": [2, 2, 3, 16], "texture": "#3"},
				"south": {"uv": [2, 2, 4, 16], "texture": "#3"},
				"west": {"uv": [2, 2, 3, 16], "texture": "#3"},
				"up": {"uv": [7, 1, 8, 2], "rotation": 90, "texture": "#3"},
				"down": {"uv": [2, 15, 3, 16], "rotation": 270, "texture": "#3"}
			}
		},
		{
			"from": [14, 0, 11],
			"to": [16, 14, 13],
			"rotation": {"angle": 0, "axis": "y", "origin": [15, 7, 8]},
			"faces": {
				"north": {"uv": [2, 2, 4, 16], "texture": "#3"},
				"east": {"uv": [2, 2, 4, 16], "texture": "#3"},
				"south": {"uv": [2, 2, 4, 16], "texture": "#3"},
				"west": {"uv": [2, 2, 4, 16], "texture": "#3"},
				"up": {"uv": [7, 1, 8, 2], "rotation": 270, "texture": "#3"},
				"down": {"uv": [3, 15, 4, 16], "rotation": 90, "texture": "#3"}
			}
		},
		{
			"from": [0, 0, 11],
			"to": [2, 14, 13],
			"rotation": {"angle": 0, "axis": "y", "origin": [1, 7, 8]},
			"faces": {
				"north": {"uv": [2, 2, 4, 16], "texture": "#3"},
				"east": {"uv": [2, 2, 4, 16], "texture": "#3"},
				"south": {"uv": [2, 2, 4, 16], "texture": "#3"},
				"west": {"uv": [2, 2, 4, 16], "texture": "#3"},
				"up": {"uv": [7, 1, 8, 2], "rotation": 90, "texture": "#3"},
				"down": {"uv": [3, 15, 4, 16], "rotation": 270, "texture": "#3"}
			}
		},
		{
			"from": [14.5, 12, 8],
			"to": [15.5, 13, 15],
			"rotation": {"angle": 0, "axis": "y", "origin": [15, 7, 8]},
			"faces": {
				"north": {"uv": [0, 0, 1, 1], "texture": "#4"},
				"east": {"uv": [9, 0, 16, 1], "texture": "#4"},
				"west": {"uv": [9, 0, 16, 1], "texture": "#4"},
				"up": {"uv": [9, 1, 16, 2], "rotation": 90, "texture": "#4"},
				"down": {"uv": [9, 1, 16, 2], "rotation": 90, "texture": "#4"}
			}
		},
		{
			"from": [0.5, 12, 8],
			"to": [1.5, 13, 15],
			"rotation": {"angle": 0, "axis": "y", "origin": [1, 7, 8]},
			"faces": {
				"north": {"uv": [0, 0, 1, 1], "texture": "#4"},
				"east": {"uv": [0, 0, 7, 1], "texture": "#4"},
				"west": {"uv": [0, 0, 7, 1], "texture": "#4"},
				"up": {"uv": [0, 1, 7, 2], "rotation": 90, "texture": "#4"},
				"down": {"uv": [0, 1, 7, 2], "rotation": 90, "texture": "#4"}
			}
		},
		{
			"from": [14.5, 1, 8],
			"to": [15.5, 2, 15],
			"rotation": {"angle": 0, "axis": "y", "origin": [15, 7, 8]},
			"faces": {
				"north": {"uv": [0, 0, 1, 1], "texture": "#4"},
				"east": {"uv": [9, 4, 16, 5], "texture": "#4"},
				"west": {"uv": [9, 4, 16, 5], "texture": "#4"},
				"up": {"uv": [9, 5, 16, 6], "rotation": 90, "texture": "#4"},
				"down": {"uv": [9, 5, 16, 6], "rotation": 90, "texture": "#4"}
			}
		},
		{
			"from": [0.5, 1, 8],
			"to": [1.5, 2, 15],
			"rotation": {"angle": 0, "axis": "y", "origin": [1, 7, 8]},
			"faces": {
				"north": {"uv": [0, 0, 1, 1], "texture": "#4"},
				"east": {"uv": [0, 4, 7, 5], "texture": "#4"},
				"west": {"uv": [0, 4, 7, 5], "texture": "#4"},
				"up": {"uv": [0, 5, 7, 6], "rotation": 90, "texture": "#4"},
				"down": {"uv": [0, 5, 7, 6], "rotation": 90, "texture": "#4"}
			}
		}
	]
}