{
	"credit": "Made with Blockbench",
	"parent": "block/block",
	"ambientocclusion": false,
	"textures": {
		"2": "block/mangrove_planks",
		"3": "block/stripped_mangrove_log",
		"particle": "block/mangrove_planks"
	},
	"elements": [
		{
			"name": "Right post",
			"from": [0, 0, 7],
			"to": [2, 16, 9],
			"rotation": {"angle": 0, "axis": "y", "origin": [8, 7.5, 8]},
			"faces": {
				"north": {"uv": [14, 0, 16, 16], "texture": "#3"},
				"east": {"uv": [14, 0, 16, 16], "texture": "#3"},
				"south": {"uv": [14, 0, 16, 16], "texture": "#3"},
				"west": {"uv": [14, 0, 16, 16], "texture": "#3"},
				"up": {"uv": [7, 0, 9, 2], "rotation": 90, "texture": "#3"},
				"down": {"uv": [7, 14, 9, 16], "rotation": 270, "texture": "#3", "cullface": "down"}
			}
		},
		{
			"name": "Right post",
			"from": [7, 0, 7],
			"to": [8, 15, 9],
			"rotation": {"angle": 0, "axis": "y", "origin": [8, 7.5, 8]},
			"faces": {
				"north": {"uv": [15, 1, 16, 16], "texture": "#3"},
				"east": {"uv": [14, 1, 16, 16], "texture": "#3"},
				"south": {"uv": [15, 1, 16, 16], "texture": "#3"},
				"west": {"uv": [14, 1, 16, 16], "texture": "#3"},
				"up": {"uv": [7, 0, 8, 1], "rotation": 90, "texture": "#3"},
				"down": {"uv": [7, 15, 8, 16], "rotation": 270, "texture": "#3", "cullface": "down"}
			}
		},
		{
			"name": "Right post",
			"from": [14, 0, 7],
			"to": [16, 16, 9],
			"rotation": {"angle": 0, "axis": "y", "origin": [8, 7.5, 8]},
			"faces": {
				"north": {"uv": [14, 0, 16, 16], "texture": "#3"},
				"east": {"uv": [14, 0, 16, 16], "texture": "#3"},
				"south": {"uv": [14, 0, 16, 16], "texture": "#3"},
				"west": {"uv": [14, 0, 16, 16], "texture": "#3"},
				"up": {"uv": [7, 0, 9, 2], "rotation": 270, "texture": "#3"},
				"down": {"uv": [7, 14, 9, 16], "rotation": 90, "texture": "#3", "cullface": "down"}
			}
		},
		{
			"name": "Right post",
			"from": [8, 0, 7],
			"to": [9, 15, 9],
			"rotation": {"angle": 0, "axis": "y", "origin": [8, 7.5, 8]},
			"faces": {
				"north": {"uv": [15, 1, 16, 16], "texture": "#3"},
				"east": {"uv": [14, 1, 16, 16], "texture": "#3"},
				"south": {"uv": [15, 1, 16, 16], "texture": "#3"},
				"west": {"uv": [14, 1, 16, 16], "texture": "#3"},
				"up": {"uv": [7, 0, 8, 1], "rotation": 270, "texture": "#3"},
				"down": {"uv": [7, 15, 8, 16], "rotation": 90, "texture": "#3", "cullface": "down"}
			}
		},
		{
			"from": [2, 14, 7],
			"to": [7, 15, 9],
			"rotation": {"angle": 0, "axis": "y", "origin": [8, 7.5, 8]},
			"faces": {
				"north": {"uv": [11, 15, 16, 16], "texture": "#2"},
				"south": {"uv": [11, 15, 16, 16], "texture": "#2"},
				"up": {"uv": [0, 0, 5, 2], "rotation": 180, "texture": "#2"},
				"down": {"uv": [11, 15, 16, 16], "texture": "#2"}
			}
		},
		{
			"from": [2, 11, 7],
			"to": [7, 12, 9],
			"rotation": {"angle": 0, "axis": "y", "origin": [8, 7.5, 8]},
			"faces": {
				"north": {"uv": [11, 15, 16, 16], "texture": "#2"},
				"south": {"uv": [11, 15, 16, 16], "texture": "#2"},
				"up": {"uv": [0, 0, 5, 2], "rotation": 180, "texture": "#2"},
				"down": {"uv": [11, 15, 16, 16], "texture": "#2"}
			}
		},
		{
			"from": [2, 0, 7],
			"to": [7, 1, 9],
			"rotation": {"angle": 0, "axis": "y", "origin": [8, 7.5, 8]},
			"faces": {
				"north": {"uv": [11, 15, 16, 16], "texture": "#2"},
				"south": {"uv": [11, 15, 16, 16], "texture": "#2"},
				"up": {"uv": [0, 0, 5, 2], "rotation": 180, "texture": "#2"},
				"down": {"uv": [11, 15, 16, 16], "texture": "#2"}
			}
		},
		{
			"from": [2, 1, 7.5],
			"to": [7, 11, 8.5],
			"rotation": {"angle": 0, "axis": "y", "origin": [8, 7.5, 8]},
			"faces": {
				"north": {"uv": [0, 1, 10, 6], "rotation": 90, "texture": "#2"},
				"east": {"uv": [0, 3, 10, 4], "rotation": 90, "texture": "#2"},
				"south": {"uv": [0, 0, 10, 7], "rotation": 90, "texture": "#2"}
			}
		},
		{
			"from": [4, 12, 7.5],
			"to": [5, 14, 8.5],
			"rotation": {"angle": 0, "axis": "y", "origin": [8, 7.5, 8]},
			"faces": {
				"north": {"uv": [7, 0, 8, 2], "texture": "#3"},
				"east": {"uv": [7, 0, 8, 2], "texture": "#3"},
				"south": {"uv": [7, 0, 8, 2], "texture": "#3"},
				"west": {"uv": [7, 0, 8, 2], "texture": "#3"}
			}
		},
		{
			"from": [11, 12, 7.5],
			"to": [12, 14, 8.5],
			"rotation": {"angle": 0, "axis": "y", "origin": [8, 7.5, 8]},
			"faces": {
				"north": {"uv": [7, 0, 8, 2], "texture": "#3"},
				"east": {"uv": [7, 0, 8, 2], "texture": "#3"},
				"south": {"uv": [7, 0, 8, 2], "texture": "#3"},
				"west": {"uv": [7, 0, 8, 2], "texture": "#3"}
			}
		},
		{
			"from": [9, 14, 7],
			"to": [14, 15, 9],
			"rotation": {"angle": 0, "axis": "y", "origin": [8, 7.5, 8]},
			"faces": {
				"north": {"uv": [11, 15, 16, 16], "texture": "#2"},
				"south": {"uv": [11, 15, 16, 16], "texture": "#2"},
				"up": {"uv": [0, 0, 5, 2], "texture": "#2"},
				"down": {"uv": [11, 15, 16, 16], "rotation": 180, "texture": "#2"}
			}
		},
		{
			"from": [9, 1, 7.5],
			"to": [14, 11, 8.5],
			"rotation": {"angle": 0, "axis": "y", "origin": [8, 7.5, 8]},
			"faces": {
				"north": {"uv": [0, 0, 10, 7], "rotation": 90, "texture": "#2"},
				"south": {"uv": [0, 1, 10, 6], "rotation": 90, "texture": "#2"},
				"west": {"uv": [0, 3, 10, 4], "rotation": 90, "texture": "#2"}
			}
		},
		{
			"from": [9, 11, 7],
			"to": [14, 12, 9],
			"rotation": {"angle": 0, "axis": "y", "origin": [8, 7.5, 8]},
			"faces": {
				"north": {"uv": [11, 15, 16, 16], "texture": "#2"},
				"south": {"uv": [11, 15, 16, 16], "texture": "#2"},
				"up": {"uv": [0, 0, 5, 2], "texture": "#2"},
				"down": {"uv": [11, 15, 16, 16], "rotation": 180, "texture": "#2"}
			}
		},
		{
			"from": [9, 0, 7],
			"to": [14, 1, 9],
			"rotation": {"angle": 0, "axis": "y", "origin": [8, 7.5, 8]},
			"faces": {
				"north": {"uv": [11, 15, 16, 16], "texture": "#2"},
				"south": {"uv": [11, 15, 16, 16], "texture": "#2"},
				"up": {"uv": [0, 0, 5, 2], "texture": "#2"},
				"down": {"uv": [11, 15, 16, 16], "rotation": 180, "texture": "#2"}
			}
		}
	],
	"groups": [
		{
			"name": "fence_inventory",
			"origin": [8, 8, 8],
			"color": 0,
			"children": [0, 1, 2, 3]
		},
		{
			"name": "acacia_fence_side",
			"origin": [8, 8, 8],
			"color": 0,
			"children": [4, 5, 6, 7, 8, 9, 10, 11, 12, 13]
		}
	]
}