{
	"credit": "Made with Blockbench",
	"textures": {
		"2": "block/nether_bricks",
		"particle": "block/nether_bricks"
	},
	"elements": [
		{
			"from": [7.5, 0, 7.5],
			"to": [8.5, 16, 8.5],
			"rotation": {"angle": 0, "axis": "y", "origin": [15, 8, 15]},
			"faces": {
				"north": {"uv": [0, 0, 1, 16], "texture": "#2"},
				"east": {"uv": [0, 0, 1, 16], "texture": "#2"},
				"south": {"uv": [0, 0, 1, 16], "texture": "#2"},
				"west": {"uv": [0, 0, 1, 16], "texture": "#2"},
				"up": {"uv": [0, 0, 1, 1], "texture": "#2"},
				"down": {"uv": [0, 0, 1, 1], "texture": "#2"}
			}
		},
		{
			"name": "crossbeam1",
			"from": [7, 16, 7],
			"to": [9, 17, 9],
			"rotation": {"angle": 0, "axis": "y", "origin": [15, 24, 15]},
			"faces": {
				"north": {"uv": [8, 4, 9, 5], "texture": "#2", "cullface": "up"},
				"east": {"uv": [8, 4, 9, 5], "texture": "#2", "cullface": "up"},
				"south": {"uv": [8, 4, 9, 5], "texture": "#2", "cullface": "up"},
				"west": {"uv": [8, 4, 9, 5], "texture": "#2", "cullface": "up"},
				"up": {"uv": [8, 4, 9, 5], "texture": "#2", "cullface": "up"},
				"down": {"uv": [8, 4, 9, 5], "texture": "#2", "cullface": "up"}
			}
		},
		{
			"name": "crossbeam2",
			"from": [7, 12, 7],
			"to": [9, 13, 9],
			"rotation": {"angle": 0, "axis": "y", "origin": [15, 20, 15]},
			"faces": {
				"north": {"uv": [8, 4, 9, 5], "texture": "#2"},
				"east": {"uv": [8, 4, 9, 5], "texture": "#2"},
				"south": {"uv": [8, 4, 9, 5], "texture": "#2"},
				"west": {"uv": [8, 4, 9, 5], "texture": "#2"},
				"up": {"uv": [8, 4, 9, 5], "texture": "#2"},
				"down": {"uv": [8, 4, 9, 5], "texture": "#2"}
			}
		},
		{
			"from": [7, 14, 7],
			"to": [9, 15, 9],
			"rotation": {"angle": 0, "axis": "y", "origin": [15, 22, 15]},
			"faces": {
				"north": {"uv": [8, 4, 9, 5], "texture": "#2"},
				"east": {"uv": [8, 4, 9, 5], "texture": "#2"},
				"south": {"uv": [8, 4, 9, 5], "texture": "#2"},
				"west": {"uv": [8, 4, 9, 5], "texture": "#2"},
				"up": {"uv": [8, 4, 9, 5], "texture": "#2"},
				"down": {"uv": [8, 4, 9, 5], "texture": "#2"}
			}
		},
		{
			"from": [7, 1, 7],
			"to": [9, 2, 9],
			"rotation": {"angle": 0, "axis": "y", "origin": [15, 9, 15]},
			"faces": {
				"north": {"uv": [8, 4, 9, 5], "texture": "#2"},
				"east": {"uv": [8, 4, 9, 5], "texture": "#2"},
				"south": {"uv": [8, 4, 9, 5], "texture": "#2"},
				"west": {"uv": [8, 4, 9, 5], "texture": "#2"},
				"up": {"uv": [8, 4, 9, 5], "texture": "#2"},
				"down": {"uv": [8, 4, 9, 5], "texture": "#2"}
			}
		},
		{
			"from": [7.5, 17, 7.5],
			"to": [8.5, 19, 8.5],
			"rotation": {"angle": 0, "axis": "y", "origin": [15, 25, 8]},
			"faces": {
				"north": {"uv": [7, 11, 8, 13], "texture": "#2", "cullface": "up"},
				"east": {"uv": [7, 11, 8, 13], "texture": "#2", "cullface": "up"},
				"south": {"uv": [7, 11, 8, 13], "texture": "#2", "cullface": "up"},
				"west": {"uv": [7, 11, 8, 13], "texture": "#2", "cullface": "up"},
				"up": {"uv": [7, 9, 8, 10], "texture": "#2", "cullface": "up"}
			}
		}
	]
}