{
	"credit": "Made with Blockbench",
	"parent": "block/block",
	"ambientocclusion": false,
	"textures": {
		"2": "block/nether_bricks",
		"particle": "block/nether_bricks"
	},
	"elements": [
		{
			"from": [7.5, 0, -0.5],
			"to": [8.5, 16, 0.5],
			"faces": {
				"north": {"uv": [0, 0, 1, 16], "texture": "#2"},
				"east": {"uv": [0, 0, 1, 16], "texture": "#2"},
				"south": {"uv": [0, 0, 1, 16], "texture": "#2"},
				"west": {"uv": [0, 0, 1, 16], "texture": "#2"},
				"up": {"uv": [0, 0, 1, 1], "texture": "#2"},
				"down": {"uv": [0, 0, 1, 1], "texture": "#2"}
			}
		},
		{
			"name": "crossbeam1",
			"from": [7, 16, -1],
			"to": [9, 17, 1],
			"rotation": {"angle": 0, "axis": "y", "origin": [8, 24, 8]},
			"faces": {
				"north": {"uv": [8, 4, 9, 5], "texture": "#2", "cullface": "up"},
				"east": {"uv": [8, 4, 9, 5], "texture": "#2", "cullface": "up"},
				"south": {"uv": [8, 4, 9, 5], "texture": "#2", "cullface": "up"},
				"west": {"uv": [8, 4, 9, 5], "texture": "#2", "cullface": "up"},
				"up": {"uv": [8, 4, 9, 5], "texture": "#2", "cullface": "up"},
				"down": {"uv": [8, 4, 9, 5], "texture": "#2", "cullface": "up"}
			}
		},
		{
			"name": "crossbeam2",
			"from": [7, 12, -1],
			"to": [9, 13, 1],
			"rotation": {"angle": 0, "axis": "y", "origin": [8, 20, 8]},
			"faces": {
				"north": {"uv": [8, 4, 9, 5], "texture": "#2"},
				"east": {"uv": [8, 4, 9, 5], "texture": "#2"},
				"south": {"uv": [8, 4, 9, 5], "texture": "#2"},
				"west": {"uv": [8, 4, 9, 5], "texture": "#2"},
				"up": {"uv": [8, 4, 9, 5], "texture": "#2"},
				"down": {"uv": [8, 4, 9, 5], "texture": "#2"}
			}
		},
		{
			"from": [7, 14, -1],
			"to": [9, 15, 1],
			"rotation": {"angle": 0, "axis": "y", "origin": [8, 22, 8]},
			"faces": {
				"north": {"uv": [8, 4, 9, 5], "texture": "#2"},
				"east": {"uv": [8, 4, 9, 5], "texture": "#2"},
				"south": {"uv": [8, 4, 9, 5], "texture": "#2"},
				"west": {"uv": [8, 4, 9, 5], "texture": "#2"},
				"up": {"uv": [8, 4, 9, 5], "texture": "#2"},
				"down": {"uv": [8, 4, 9, 5], "texture": "#2"}
			}
		},
		{
			"from": [7, 1, -1],
			"to": [9, 2, 1],
			"rotation": {"angle": 0, "axis": "y", "origin": [8, 9, 8]},
			"faces": {
				"north": {"uv": [8, 4, 9, 5], "texture": "#2"},
				"east": {"uv": [8, 4, 9, 5], "texture": "#2"},
				"south": {"uv": [8, 4, 9, 5], "texture": "#2"},
				"west": {"uv": [8, 4, 9, 5], "texture": "#2"},
				"up": {"uv": [8, 4, 9, 5], "texture": "#2"},
				"down": {"uv": [8, 4, 9, 5], "texture": "#2"}
			}
		},
		{
			"from": [7.5, 17, -0.5],
			"to": [8.5, 19, 0.5],
			"rotation": {"angle": 0, "axis": "y", "origin": [8, 25, 8]},
			"faces": {
				"north": {"uv": [7, 11, 8, 13], "texture": "#2", "cullface": "up"},
				"east": {"uv": [7, 11, 8, 13], "texture": "#2", "cullface": "up"},
				"south": {"uv": [7, 11, 8, 13], "texture": "#2", "cullface": "up"},
				"west": {"uv": [7, 11, 8, 13], "texture": "#2", "cullface": "up"},
				"up": {"uv": [7, 9, 8, 10], "texture": "#2", "cullface": "up"}
			}
		},
		{
			"from": [7.5, 0, 15.5],
			"to": [8.5, 16, 16.5],
			"faces": {
				"north": {"uv": [0, 0, 1, 16], "texture": "#2"},
				"east": {"uv": [0, 0, 1, 16], "texture": "#2"},
				"south": {"uv": [0, 0, 1, 16], "texture": "#2"},
				"west": {"uv": [0, 0, 1, 16], "texture": "#2"},
				"up": {"uv": [0, 0, 1, 1], "texture": "#2"},
				"down": {"uv": [0, 0, 1, 1], "texture": "#2"}
			}
		},
		{
			"name": "crossbeam2",
			"from": [7, 16, 15],
			"to": [9, 17, 17],
			"rotation": {"angle": 0, "axis": "y", "origin": [8, 24, 8]},
			"faces": {
				"north": {"uv": [8, 4, 9, 5], "texture": "#2", "cullface": "up"},
				"east": {"uv": [8, 4, 9, 5], "texture": "#2", "cullface": "up"},
				"south": {"uv": [8, 4, 9, 5], "texture": "#2", "cullface": "up"},
				"west": {"uv": [8, 4, 9, 5], "texture": "#2", "cullface": "up"},
				"up": {"uv": [8, 4, 9, 5], "texture": "#2", "cullface": "up"},
				"down": {"uv": [8, 4, 9, 5], "texture": "#2", "cullface": "up"}
			}
		},
		{
			"name": "crossbeam3",
			"from": [7, 12, 15],
			"to": [9, 13, 17],
			"rotation": {"angle": 0, "axis": "y", "origin": [8, 20, 8]},
			"faces": {
				"north": {"uv": [8, 4, 9, 5], "texture": "#2"},
				"east": {"uv": [8, 4, 9, 5], "texture": "#2"},
				"south": {"uv": [8, 4, 9, 5], "texture": "#2"},
				"west": {"uv": [8, 4, 9, 5], "texture": "#2"},
				"up": {"uv": [8, 4, 9, 5], "texture": "#2"},
				"down": {"uv": [8, 4, 9, 5], "texture": "#2"}
			}
		},
		{
			"from": [7, 14, 15],
			"to": [9, 15, 17],
			"rotation": {"angle": 0, "axis": "y", "origin": [8, 22, 8]},
			"faces": {
				"north": {"uv": [8, 4, 9, 5], "texture": "#2"},
				"east": {"uv": [8, 4, 9, 5], "texture": "#2"},
				"south": {"uv": [8, 4, 9, 5], "texture": "#2"},
				"west": {"uv": [8, 4, 9, 5], "texture": "#2"},
				"up": {"uv": [8, 4, 9, 5], "texture": "#2"},
				"down": {"uv": [8, 4, 9, 5], "texture": "#2"}
			}
		},
		{
			"from": [7, 1, 15],
			"to": [9, 2, 17],
			"rotation": {"angle": 0, "axis": "y", "origin": [8, 9, 8]},
			"faces": {
				"north": {"uv": [8, 4, 9, 5], "texture": "#2"},
				"east": {"uv": [8, 4, 9, 5], "texture": "#2"},
				"south": {"uv": [8, 4, 9, 5], "texture": "#2"},
				"west": {"uv": [8, 4, 9, 5], "texture": "#2"},
				"up": {"uv": [8, 4, 9, 5], "texture": "#2"},
				"down": {"uv": [8, 4, 9, 5], "texture": "#2"}
			}
		},
		{
			"from": [7.5, 17, 15.5],
			"to": [8.5, 19, 16.5],
			"rotation": {"angle": 0, "axis": "y", "origin": [8, 25, 8]},
			"faces": {
				"north": {"uv": [7, 11, 8, 13], "texture": "#2", "cullface": "up"},
				"east": {"uv": [7, 11, 8, 13], "texture": "#2", "cullface": "up"},
				"south": {"uv": [7, 11, 8, 13], "texture": "#2", "cullface": "up"},
				"west": {"uv": [7, 11, 8, 13], "texture": "#2", "cullface": "up"},
				"up": {"uv": [7, 9, 8, 10], "texture": "#2", "cullface": "up"}
			}
		},
		{
			"from": [7.5, 0, 9.25],
			"to": [8.5, 16, 10.25],
			"faces": {
				"north": {"uv": [0, 0, 1, 16], "texture": "#2"},
				"east": {"uv": [0, 0, 1, 16], "texture": "#2"},
				"south": {"uv": [0, 0, 1, 16], "texture": "#2"},
				"west": {"uv": [0, 0, 1, 16], "texture": "#2"},
				"up": {"uv": [0, 0, 1, 1], "texture": "#2"},
				"down": {"uv": [0, 0, 1, 1], "texture": "#2"}
			}
		},
		{
			"from": [7.5, 0, 12.5],
			"to": [8.5, 16, 13.5],
			"faces": {
				"north": {"uv": [8, 0, 9, 16], "texture": "#2"},
				"east": {"uv": [8, 0, 9, 16], "texture": "#2"},
				"south": {"uv": [8, 0, 9, 16], "texture": "#2"},
				"west": {"uv": [8, 0, 9, 16], "texture": "#2"},
				"up": {"uv": [0, 0, 1, 1], "texture": "#2"},
				"down": {"uv": [0, 0, 1, 1], "texture": "#2"}
			}
		},
		{
			"name": "crossbeam",
			"from": [7, 12, 8],
			"to": [9, 13, 15],
			"rotation": {"angle": 0, "axis": "y", "origin": [8, 20, 8]},
			"faces": {
				"north": {"uv": [0, 0, 2, 1], "texture": "#2"},
				"east": {"uv": [2, 4, 9, 5], "texture": "#2"},
				"west": {"uv": [2, 4, 9, 5], "texture": "#2"},
				"up": {"uv": [8, 4, 15, 6], "rotation": 90, "texture": "#2"},
				"down": {"uv": [8, 4, 15, 6], "rotation": 90, "texture": "#2"}
			}
		},
		{
			"from": [7, 14, 8],
			"to": [9, 15, 15],
			"rotation": {"angle": 0, "axis": "y", "origin": [8, 22, 8]},
			"faces": {
				"north": {"uv": [0, 1, 2, 2], "texture": "#2"},
				"east": {"uv": [9, 10, 16, 11], "texture": "#2"},
				"west": {"uv": [9, 10, 16, 11], "texture": "#2"},
				"up": {"uv": [2, 2, 9, 4], "rotation": 90, "texture": "#2"},
				"down": {"uv": [2, 3, 9, 5], "rotation": 90, "texture": "#2"}
			}
		},
		{
			"from": [7, 1, 8],
			"to": [9, 2, 15],
			"rotation": {"angle": 0, "axis": "y", "origin": [8, 9, 8]},
			"faces": {
				"north": {"uv": [3, 1, 5, 2], "texture": "#2"},
				"east": {"uv": [5, 4, 12, 5], "texture": "#2"},
				"west": {"uv": [5, 4, 12, 5], "texture": "#2"},
				"up": {"uv": [2, 3, 9, 5], "rotation": 90, "texture": "#2"},
				"down": {"uv": [2, 3, 9, 5], "rotation": 90, "texture": "#2"}
			}
		},
		{
			"name": "spike",
			"from": [7.5, 16, 9.25],
			"to": [8.5, 17, 10.25],
			"rotation": {"angle": 0, "axis": "y", "origin": [8, 24, 8]},
			"faces": {
				"north": {"uv": [8, 14, 9, 15], "texture": "#2", "cullface": "up"},
				"east": {"uv": [8, 14, 9, 15], "texture": "#2", "cullface": "up"},
				"south": {"uv": [8, 14, 9, 15], "texture": "#2", "cullface": "up"},
				"west": {"uv": [8, 14, 9, 15], "texture": "#2", "cullface": "up"},
				"up": {"uv": [8, 14, 9, 15], "texture": "#2", "cullface": "up"}
			}
		},
		{
			"name": "spike",
			"from": [7.5, 16, 12.5],
			"to": [8.5, 18, 13.5],
			"rotation": {"angle": 0, "axis": "y", "origin": [8, 24, 8]},
			"faces": {
				"north": {"uv": [7, 11, 8, 13], "texture": "#2", "cullface": "up"},
				"east": {"uv": [7, 11, 8, 13], "texture": "#2", "cullface": "up"},
				"south": {"uv": [7, 11, 8, 13], "texture": "#2", "cullface": "up"},
				"west": {"uv": [7, 11, 8, 13], "texture": "#2", "cullface": "up"},
				"up": {"uv": [7, 13, 8, 14], "texture": "#2", "cullface": "up"}
			}
		},
		{
			"from": [7.5, 0, 5.75],
			"to": [8.5, 16, 6.75],
			"faces": {
				"north": {"uv": [0, 0, 1, 16], "texture": "#2"},
				"east": {"uv": [0, 0, 1, 16], "texture": "#2"},
				"south": {"uv": [0, 0, 1, 16], "texture": "#2"},
				"west": {"uv": [0, 0, 1, 16], "texture": "#2"},
				"up": {"uv": [0, 0, 1, 1], "rotation": 180, "texture": "#2"},
				"down": {"uv": [0, 0, 1, 1], "rotation": 180, "texture": "#2"}
			}
		},
		{
			"from": [7.5, 0, 2.5],
			"to": [8.5, 16, 3.5],
			"faces": {
				"north": {"uv": [8, 0, 9, 16], "texture": "#2"},
				"east": {"uv": [8, 0, 9, 16], "texture": "#2"},
				"south": {"uv": [8, 0, 9, 16], "texture": "#2"},
				"west": {"uv": [8, 0, 9, 16], "texture": "#2"},
				"up": {"uv": [0, 0, 1, 1], "rotation": 180, "texture": "#2"},
				"down": {"uv": [0, 0, 1, 1], "rotation": 180, "texture": "#2"}
			}
		},
		{
			"name": "crossbeam",
			"from": [7, 12, 1],
			"to": [9, 13, 8],
			"faces": {
				"east": {"uv": [2, 4, 9, 5], "texture": "#2"},
				"south": {"uv": [0, 0, 2, 1], "texture": "#2"},
				"west": {"uv": [2, 4, 9, 5], "texture": "#2"},
				"up": {"uv": [8, 4, 15, 6], "rotation": 270, "texture": "#2"},
				"down": {"uv": [8, 4, 15, 6], "rotation": 270, "texture": "#2"}
			}
		},
		{
			"from": [7, 14, 1],
			"to": [9, 15, 8],
			"faces": {
				"east": {"uv": [9, 10, 16, 11], "texture": "#2"},
				"south": {"uv": [0, 1, 2, 2], "texture": "#2"},
				"west": {"uv": [9, 10, 16, 11], "texture": "#2"},
				"up": {"uv": [2, 2, 9, 4], "rotation": 270, "texture": "#2"},
				"down": {"uv": [2, 3, 9, 5], "rotation": 270, "texture": "#2"}
			}
		},
		{
			"from": [7, 1, 1],
			"to": [9, 2, 8],
			"faces": {
				"east": {"uv": [5, 4, 12, 5], "texture": "#2"},
				"south": {"uv": [3, 1, 5, 2], "texture": "#2"},
				"west": {"uv": [5, 4, 12, 5], "texture": "#2"},
				"up": {"uv": [2, 3, 9, 5], "rotation": 270, "texture": "#2"},
				"down": {"uv": [2, 3, 9, 5], "rotation": 270, "texture": "#2"}
			}
		},
		{
			"name": "spike",
			"from": [7.5, 16, 5.75],
			"to": [8.5, 17, 6.75],
			"faces": {
				"north": {"uv": [8, 14, 9, 15], "texture": "#2", "cullface": "up"},
				"east": {"uv": [8, 14, 9, 15], "texture": "#2", "cullface": "up"},
				"south": {"uv": [8, 14, 9, 15], "texture": "#2", "cullface": "up"},
				"west": {"uv": [8, 14, 9, 15], "texture": "#2", "cullface": "up"},
				"up": {"uv": [8, 14, 9, 15], "rotation": 180, "texture": "#2", "cullface": "up"}
			}
		},
		{
			"name": "spike",
			"from": [7.5, 16, 2.5],
			"to": [8.5, 18, 3.5],
			"faces": {
				"north": {"uv": [7, 11, 8, 13], "texture": "#2", "cullface": "up"},
				"east": {"uv": [7, 11, 8, 13], "texture": "#2", "cullface": "up"},
				"south": {"uv": [7, 11, 8, 13], "texture": "#2", "cullface": "up"},
				"west": {"uv": [7, 11, 8, 13], "texture": "#2", "cullface": "up"},
				"up": {"uv": [7, 13, 8, 14], "rotation": 180, "texture": "#2", "cullface": "up"}
			}
		}
	],
	"display": {
		"gui": {
			"rotation": [30, 135, 0],
			"scale": [0.625, 0.625, 0.625]
		}
	},
	"groups": [
		{
			"name": "nether_brick_fence_post",
			"origin": [8, 8, 8],
			"children": [0, 1, 2, 3, 4, 5]
		},
		{
			"name": "nether_brick_fence_post",
			"origin": [8, 8, 8],
			"children": [6, 7, 8, 9, 10, 11]
		},
		{
			"name": "nether_brick_fence_side",
			"origin": [8, 8, 8],
			"children": [12, 13, 14, 15, 16, 17, 18]
		},
		{
			"name": "nether_brick_fence_side",
			"origin": [8, 8, 8],
			"children": [19, 20, 21, 22, 23, 24, 25]
		}
	]
}