{
	"credit": "Made with Blockbench",
	"textures": {
		"0": "block/spruce_planks"
	},
	"elements": [
		{
			"from": [7, 1, 0],
			"to": [9, 2, 7],
			"rotation": {"angle": 0, "axis": "y", "origin": [8, 9, 8]},
			"faces": {
				"north": {"uv": [0, 0, 2, 1], "texture": "#0"},
				"east": {"uv": [9, 14, 16, 15], "texture": "#0"},
				"west": {"uv": [0, 14, 7, 15], "texture": "#0"},
				"up": {"uv": [9, 12, 16, 14], "rotation": 90, "texture": "#0"},
				"down": {"uv": [0, 12, 7, 14], "rotation": 270, "texture": "#0"}
			}
		},
		{
			"from": [7, 9, 0],
			"to": [9, 10, 7],
			"rotation": {"angle": 0, "axis": "y", "origin": [8, 9, 8]},
			"faces": {
				"north": {"uv": [0, 0, 2, 1], "texture": "#0"},
				"east": {"uv": [9, 6, 16, 7], "texture": "#0"},
				"west": {"uv": [0, 6, 7, 7], "texture": "#0"},
				"up": {"uv": [9, 4, 16, 6], "rotation": 90, "texture": "#0"},
				"down": {"uv": [0, 4, 7, 6], "rotation": 270, "texture": "#0"}
			}
		},
		{
			"from": [7, 5, 0],
			"to": [9, 6, 7],
			"rotation": {"angle": 0, "axis": "y", "origin": [8, 9, 8]},
			"faces": {
				"north": {"uv": [0, 0, 2, 1], "texture": "#0"},
				"east": {"uv": [9, 10, 16, 11], "texture": "#0"},
				"west": {"uv": [0, 10, 7, 11], "texture": "#0"},
				"up": {"uv": [9, 8, 16, 10], "rotation": 90, "texture": "#0"},
				"down": {"uv": [0, 8, 7, 10], "rotation": 270, "texture": "#0"}
			}
		},
		{
			"from": [7, 13, 0],
			"to": [9, 14, 7],
			"rotation": {"angle": 0, "axis": "y", "origin": [8, 9, 8]},
			"faces": {
				"north": {"uv": [0, 0, 2, 1], "texture": "#0"},
				"east": {"uv": [9, 2, 16, 3], "texture": "#0"},
				"west": {"uv": [0, 2, 7, 3], "texture": "#0"},
				"up": {"uv": [9, 0, 16, 2], "rotation": 90, "texture": "#0"},
				"down": {"uv": [0, 0, 7, 2], "rotation": 270, "texture": "#0"}
			}
		},
		{
			"from": [7, 3, 0],
			"to": [9, 4, 7],
			"rotation": {"angle": 0, "axis": "y", "origin": [8, 9, 8]},
			"faces": {
				"north": {"uv": [0, 0, 2, 1], "texture": "#0"},
				"east": {"uv": [0, 14, 7, 15], "texture": "#0"},
				"west": {"uv": [9, 14, 16, 15], "texture": "#0"},
				"up": {"uv": [0, 12, 7, 14], "rotation": 90, "texture": "#0"},
				"down": {"uv": [9, 12, 16, 14], "rotation": 270, "texture": "#0"}
			}
		},
		{
			"from": [7, 11, 0],
			"to": [9, 12, 7],
			"rotation": {"angle": 0, "axis": "y", "origin": [8, 9, 8]},
			"faces": {
				"north": {"uv": [0, 0, 2, 1], "texture": "#0"},
				"east": {"uv": [0, 6, 7, 7], "texture": "#0"},
				"west": {"uv": [9, 6, 16, 7], "texture": "#0"},
				"up": {"uv": [0, 4, 7, 6], "rotation": 90, "texture": "#0"},
				"down": {"uv": [9, 4, 16, 6], "rotation": 270, "texture": "#0"}
			}
		},
		{
			"from": [7, 7, 0],
			"to": [9, 8, 7],
			"rotation": {"angle": 0, "axis": "y", "origin": [8, 9, 8]},
			"faces": {
				"north": {"uv": [0, 0, 2, 1], "texture": "#0"},
				"east": {"uv": [0, 10, 7, 11], "texture": "#0"},
				"west": {"uv": [9, 10, 16, 11], "texture": "#0"},
				"up": {"uv": [0, 8, 7, 10], "rotation": 90, "texture": "#0"},
				"down": {"uv": [9, 8, 16, 10], "rotation": 270, "texture": "#0"}
			}
		},
		{
			"from": [7, 15, 0],
			"to": [9, 16, 7],
			"rotation": {"angle": 0, "axis": "y", "origin": [8, 9, 8]},
			"faces": {
				"north": {"uv": [0, 0, 2, 1], "texture": "#0"},
				"east": {"uv": [0, 2, 7, 3], "texture": "#0"},
				"west": {"uv": [9, 2, 16, 3], "texture": "#0"},
				"up": {"uv": [0, 0, 7, 2], "rotation": 90, "texture": "#0"},
				"down": {"uv": [9, 0, 16, 2], "rotation": 270, "texture": "#0"}
			}
		}
	]
}