{
	"credit": "Model created by Lord Blackbone with Blockbench",
	"parent": "minecraft:block/template_farmland",
	"textures": {
		"1": "block/farmland",
		"2": "block/farmland_side",
		"dirt": "block/dirt",
		"particle": "block/farmland"
	},
	"elements": [
		{
			"from": [0, 0, 0],
			"to": [16, 16, 16],
			"faces": {
				"north": {"uv": [0, 0, 16, 16], "texture": "#2"},
				"east": {"uv": [0, 0, 16, 16], "texture": "#2"},
				"south": {"uv": [0, 0, 16, 16], "texture": "#2"},
				"west": {"uv": [0, 0, 16, 16], "texture": "#2"},
				"up": {"uv": [0, 0, 16, 16], "texture": "#1"},
				"down": {"uv": [0, 0, 16, 16], "texture": "#dirt"}
			}
		}
	]
}