{
	"credit": "Made with Blockbench",
	"parent": "greatbow",
	"texture_size": [32, 32],
	"textures": {
		"0": "./greatbow_pulling_2",
		"particle": "./greatbow_pulling_2"
	},
	"elements": [
		{
			"name": "greatbow_pulling_2_0",
			"from": [21, 0, -7],
			"to": [23, 1, -6],
			"rotation": {"angle": 0, "axis": "y", "origin": [-8, 0, -8]},
			"faces": {
				"north": {"uv": [15.5, 0.5, 14.5, 1], "texture": "#0"},
				"east": {"uv": [15, 0.5, 15.5, 1], "rotation": 90, "texture": "#0"},
				"south": {"uv": [14.5, 0.5, 15.5, 1], "texture": "#0"},
				"west": {"uv": [14.5, 0.5, 15, 1], "rotation": 270, "texture": "#0"},
				"up": {"uv": [14.5, 0.5, 15.5, 1], "texture": "#0"},
				"down": {"uv": [14.5, 1, 15.5, 0.5], "texture": "#0"}
			}
		},
		{
			"name": "greatbow_pulling_2_1",
			"from": [20, 0, -6],
			"to": [21, 1, -5],
			"rotation": {"angle": 0, "axis": "y", "origin": [-8, 0, -8]},
			"faces": {
				"north": {"uv": [14.5, 1, 14, 1.5], "texture": "#0"},
				"east": {"uv": [14, 1, 14.5, 1.5], "rotation": 90, "texture": "#0"},
				"south": {"uv": [14, 1, 14.5, 1.5], "texture": "#0"},
				"west": {"uv": [14, 1, 14.5, 1.5], "rotation": 270, "texture": "#0"},
				"up": {"uv": [14, 1, 14.5, 1.5], "texture": "#0"},
				"down": {"uv": [14, 1.5, 14.5, 1], "texture": "#0"}
			}
		},
		{
			"name": "greatbow_pulling_2_2",
			"from": [23, 0, -6],
			"to": [24, 1, -2],
			"rotation": {"angle": 0, "axis": "y", "origin": [-8, 0, -8]},
			"faces": {
				"north": {"uv": [16, 1, 15.5, 1.5], "texture": "#0"},
				"east": {"uv": [15.5, 1, 16, 3], "rotation": 90, "texture": "#0"},
				"south": {"uv": [15.5, 2.5, 16, 3], "texture": "#0"},
				"west": {"uv": [15.5, 1, 16, 3], "rotation": 270, "texture": "#0"},
				"up": {"uv": [15.5, 1, 16, 3], "texture": "#0"},
				"down": {"uv": [15.5, 3, 16, 1], "texture": "#0"}
			}
		},
		{
			"name": "greatbow_pulling_2_3",
			"from": [8, 0, -5],
			"to": [15, 1, -2],
			"rotation": {"angle": 0, "axis": "y", "origin": [-8, 0, -8]},
			"faces": {
				"north": {"uv": [11.5, 1.5, 8, 2], "texture": "#0"},
				"east": {"uv": [11, 1.5, 11.5, 3], "rotation": 90, "texture": "#0"},
				"south": {"uv": [8, 2.5, 11.5, 3], "texture": "#0"},
				"west": {"uv": [8, 1.5, 8.5, 3], "rotation": 270, "texture": "#0"},
				"up": {"uv": [8, 1.5, 11.5, 3], "texture": "#0"},
				"down": {"uv": [8, 3, 11.5, 1.5], "texture": "#0"}
			}
		},
		{
			"name": "greatbow_pulling_2_4",
			"from": [15, 0, -5],
			"to": [16, 1, -3],
			"rotation": {"angle": 0, "axis": "y", "origin": [-8, 0, -8]},
			"faces": {
				"north": {"uv": [12, 1.5, 11.5, 2], "texture": "#0"},
				"east": {"uv": [11.5, 1.5, 12, 2.5], "rotation": 90, "texture": "#0"},
				"south": {"uv": [11.5, 2, 12, 2.5], "texture": "#0"},
				"west": {"uv": [11.5, 1.5, 12, 2.5], "rotation": 270, "texture": "#0"},
				"up": {"uv": [11.5, 1.5, 12, 2.5], "texture": "#0"},
				"down": {"uv": [11.5, 2.5, 12, 1.5], "texture": "#0"}
			}
		},
		{
			"name": "greatbow_pulling_2_5",
			"from": [6, 0, -4],
			"to": [8, 1, 0],
			"rotation": {"angle": 0, "axis": "y", "origin": [-8, 0, -8]},
			"faces": {
				"north": {"uv": [8, 2, 7, 2.5], "texture": "#0"},
				"east": {"uv": [7.5, 2, 8, 4], "rotation": 90, "texture": "#0"},
				"south": {"uv": [7, 3.5, 8, 4], "texture": "#0"},
				"west": {"uv": [7, 2, 7.5, 4], "rotation": 270, "texture": "#0"},
				"up": {"uv": [7, 2, 8, 4], "texture": "#0"},
				"down": {"uv": [7, 4, 8, 2], "texture": "#0"}
			}
		},
		{
			"name": "greatbow_pulling_2_6",
			"from": [16, 0, -4],
			"to": [18, 1, -3],
			"rotation": {"angle": 0, "axis": "y", "origin": [-8, 0, -8]},
			"faces": {
				"north": {"uv": [13, 2, 12, 2.5], "texture": "#0"},
				"east": {"uv": [12.5, 2, 13, 2.5], "rotation": 90, "texture": "#0"},
				"south": {"uv": [12, 2, 13, 2.5], "texture": "#0"},
				"west": {"uv": [12, 2, 12.5, 2.5], "rotation": 270, "texture": "#0"},
				"up": {"uv": [12, 2, 13, 2.5], "texture": "#0"},
				"down": {"uv": [12, 2.5, 13, 2], "texture": "#0"}
			}
		},
		{
			"name": "greatbow_pulling_2_7",
			"from": [-3, 0, -3],
			"to": [0, 1, 0],
			"rotation": {"angle": 0, "axis": "y", "origin": [-8, 0, -8]},
			"faces": {
				"north": {"uv": [4, 2.5, 2.5, 3], "texture": "#0"},
				"east": {"uv": [3.5, 2.5, 4, 4], "rotation": 90, "texture": "#0"},
				"south": {"uv": [2.5, 3.5, 4, 4], "texture": "#0"},
				"west": {"uv": [2.5, 2.5, 3, 4], "rotation": 270, "texture": "#0"},
				"up": {"uv": [2.5, 2.5, 4, 4], "texture": "#0"},
				"down": {"uv": [2.5, 4, 4, 2.5], "texture": "#0"}
			}
		},
		{
			"name": "greatbow_pulling_2_8",
			"from": [4, 0, -3],
			"to": [6, 1, 1],
			"rotation": {"angle": 0, "axis": "y", "origin": [-8, 0, -8]},
			"faces": {
				"north": {"uv": [7, 2.5, 6, 3], "texture": "#0"},
				"east": {"uv": [6.5, 2.5, 7, 4.5], "rotation": 90, "texture": "#0"},
				"south": {"uv": [6, 4, 7, 4.5], "texture": "#0"},
				"west": {"uv": [6, 2.5, 6.5, 4.5], "rotation": 270, "texture": "#0"},
				"up": {"uv": [6, 2.5, 7, 4.5], "texture": "#0"},
				"down": {"uv": [6, 4.5, 7, 2.5], "texture": "#0"}
			}
		},
		{
			"name": "greatbow_pulling_2_9",
			"from": [17, 0, -3],
			"to": [23, 1, -2],
			"rotation": {"angle": 0, "axis": "y", "origin": [-8, 0, -8]},
			"faces": {
				"north": {"uv": [15.5, 2.5, 12.5, 3], "texture": "#0"},
				"east": {"uv": [15, 2.5, 15.5, 3], "rotation": 90, "texture": "#0"},
				"south": {"uv": [12.5, 2.5, 15.5, 3], "texture": "#0"},
				"west": {"uv": [12.5, 2.5, 13, 3], "rotation": 270, "texture": "#0"},
				"up": {"uv": [12.5, 2.5, 15.5, 3], "texture": "#0"},
				"down": {"uv": [12.5, 3, 15.5, 2.5], "texture": "#0"}
			}
		},
		{
			"name": "greatbow_pulling_2_10",
			"from": [0, 0, -2],
			"to": [1, 1, 6],
			"rotation": {"angle": 0, "axis": "y", "origin": [-8, 0, -8]},
			"faces": {
				"north": {"uv": [4.5, 3, 4, 3.5], "texture": "#0"},
				"east": {"uv": [4, 3, 4.5, 7], "rotation": 90, "texture": "#0"},
				"south": {"uv": [4, 6.5, 4.5, 7], "texture": "#0"},
				"west": {"uv": [4, 3, 4.5, 7], "rotation": 270, "texture": "#0"},
				"up": {"uv": [4, 3, 4.5, 7], "texture": "#0"},
				"down": {"uv": [4, 7, 4.5, 3], "texture": "#0"}
			}
		},
		{
			"name": "greatbow_pulling_2_11",
			"from": [2, 0, -2],
			"to": [4, 1, 4],
			"rotation": {"angle": 0, "axis": "y", "origin": [-8, 0, -8]},
			"faces": {
				"north": {"uv": [6, 3, 5, 3.5], "texture": "#0"},
				"east": {"uv": [5.5, 3, 6, 6], "rotation": 90, "texture": "#0"},
				"south": {"uv": [5, 5.5, 6, 6], "texture": "#0"},
				"west": {"uv": [5, 3, 5.5, 6], "rotation": 270, "texture": "#0"},
				"up": {"uv": [5, 3, 6, 6], "texture": "#0"},
				"down": {"uv": [5, 6, 6, 3], "texture": "#0"}
			}
		},
		{
			"name": "greatbow_pulling_2_12",
			"from": [8, 0, -2],
			"to": [10, 1, -1],
			"rotation": {"angle": 0, "axis": "y", "origin": [-8, 0, -8]},
			"faces": {
				"north": {"uv": [9, 3, 8, 3.5], "texture": "#0"},
				"east": {"uv": [8.5, 3, 9, 3.5], "rotation": 90, "texture": "#0"},
				"south": {"uv": [8, 3, 9, 3.5], "texture": "#0"},
				"west": {"uv": [8, 3, 8.5, 3.5], "rotation": 270, "texture": "#0"},
				"up": {"uv": [8, 3, 9, 3.5], "texture": "#0"},
				"down": {"uv": [8, 3.5, 9, 3], "texture": "#0"}
			}
		},
		{
			"name": "greatbow_pulling_2_13",
			"from": [18, 0, -2],
			"to": [23, 1, -1],
			"rotation": {"angle": 0, "axis": "y", "origin": [-8, 0, -8]},
			"faces": {
				"north": {"uv": [15.5, 3, 13, 3.5], "texture": "#0"},
				"east": {"uv": [15, 3, 15.5, 3.5], "rotation": 90, "texture": "#0"},
				"south": {"uv": [13, 3, 15.5, 3.5], "texture": "#0"},
				"west": {"uv": [13, 3, 13.5, 3.5], "rotation": 270, "texture": "#0"},
				"up": {"uv": [13, 3, 15.5, 3.5], "texture": "#0"},
				"down": {"uv": [13, 3.5, 15.5, 3], "texture": "#0"}
			}
		},
		{
			"name": "greatbow_pulling_2_14",
			"from": [1, 0, -1],
			"to": [2, 1, 4],
			"rotation": {"angle": 0, "axis": "y", "origin": [-8, 0, -8]},
			"faces": {
				"north": {"uv": [5, 3.5, 4.5, 4], "texture": "#0"},
				"east": {"uv": [4.5, 3.5, 5, 6], "rotation": 90, "texture": "#0"},
				"south": {"uv": [4.5, 5.5, 5, 6], "texture": "#0"},
				"west": {"uv": [4.5, 3.5, 5, 6], "rotation": 270, "texture": "#0"},
				"up": {"uv": [4.5, 3.5, 5, 6], "texture": "#0"},
				"down": {"uv": [4.5, 6, 5, 3.5], "texture": "#0"}
			}
		},
		{
			"name": "greatbow_pulling_2_15",
			"from": [20, 0, -1],
			"to": [22, 1, 0],
			"rotation": {"angle": 0, "axis": "y", "origin": [-8, 0, -8]},
			"faces": {
				"north": {"uv": [15, 3.5, 14, 4], "texture": "#0"},
				"east": {"uv": [14.5, 3.5, 15, 4], "rotation": 90, "texture": "#0"},
				"south": {"uv": [14, 3.5, 15, 4], "texture": "#0"},
				"west": {"uv": [14, 3.5, 14.5, 4], "rotation": 270, "texture": "#0"},
				"up": {"uv": [14, 3.5, 15, 4], "texture": "#0"},
				"down": {"uv": [14, 4, 15, 3.5], "texture": "#0"}
			}
		},
		{
			"name": "greatbow_pulling_2_16",
			"from": [-2, 0, 0],
			"to": [0, 1, 1],
			"rotation": {"angle": 0, "axis": "y", "origin": [-8, 0, -8]},
			"faces": {
				"north": {"uv": [4, 4, 3, 4.5], "texture": "#0"},
				"east": {"uv": [3.5, 4, 4, 4.5], "rotation": 90, "texture": "#0"},
				"south": {"uv": [3, 4, 4, 4.5], "texture": "#0"},
				"west": {"uv": [3, 4, 3.5, 4.5], "rotation": 270, "texture": "#0"},
				"up": {"uv": [3, 4, 4, 4.5], "texture": "#0"},
				"down": {"uv": [3, 4.5, 4, 4], "texture": "#0"}
			}
		},
		{
			"name": "greatbow_pulling_2_17",
			"from": [19, 0, 0],
			"to": [21, 1, 2],
			"rotation": {"angle": 0, "axis": "y", "origin": [-8, 0, -8]},
			"faces": {
				"north": {"uv": [14.5, 4, 13.5, 4.5], "texture": "#0"},
				"east": {"uv": [14, 4, 14.5, 5], "rotation": 90, "texture": "#0"},
				"south": {"uv": [13.5, 4.5, 14.5, 5], "texture": "#0"},
				"west": {"uv": [13.5, 4, 14, 5], "rotation": 270, "texture": "#0"},
				"up": {"uv": [13.5, 4, 14.5, 5], "texture": "#0"},
				"down": {"uv": [13.5, 5, 14.5, 4], "texture": "#0"}
			}
		},
		{
			"name": "greatbow_pulling_2_18",
			"from": [-1, 0, 1],
			"to": [0, 1, 8],
			"rotation": {"angle": 0, "axis": "y", "origin": [-8, 0, -8]},
			"faces": {
				"north": {"uv": [4, 4.5, 3.5, 5], "texture": "#0"},
				"east": {"uv": [3.5, 4.5, 4, 8], "rotation": 90, "texture": "#0"},
				"south": {"uv": [3.5, 7.5, 4, 8], "texture": "#0"},
				"west": {"uv": [3.5, 4.5, 4, 8], "rotation": 270, "texture": "#0"},
				"up": {"uv": [3.5, 4.5, 4, 8], "texture": "#0"},
				"down": {"uv": [3.5, 8, 4, 4.5], "texture": "#0"}
			}
		},
		{
			"name": "greatbow_pulling_2_19",
			"from": [-2, 0, 2],
			"to": [-1, 1, 10],
			"rotation": {"angle": 0, "axis": "y", "origin": [-8, 0, -8]},
			"faces": {
				"north": {"uv": [3.5, 5, 3, 5.5], "texture": "#0"},
				"east": {"uv": [3, 5, 3.5, 9], "rotation": 90, "texture": "#0"},
				"south": {"uv": [3, 8.5, 3.5, 9], "texture": "#0"},
				"west": {"uv": [3, 5, 3.5, 9], "rotation": 270, "texture": "#0"},
				"up": {"uv": [3, 5, 3.5, 9], "texture": "#0"},
				"down": {"uv": [3, 9, 3.5, 5], "texture": "#0"}
			}
		},
		{
			"name": "greatbow_pulling_2_20",
			"from": [18, 0, 2],
			"to": [20, 1, 5],
			"rotation": {"angle": 0, "axis": "y", "origin": [-8, 0, -8]},
			"faces": {
				"north": {"uv": [14, 5, 13, 5.5], "texture": "#0"},
				"east": {"uv": [13.5, 5, 14, 6.5], "rotation": 90, "texture": "#0"},
				"south": {"uv": [13, 6, 14, 6.5], "texture": "#0"},
				"west": {"uv": [13, 5, 13.5, 6.5], "rotation": 270, "texture": "#0"},
				"up": {"uv": [13, 5, 14, 6.5], "texture": "#0"},
				"down": {"uv": [13, 6.5, 14, 5], "texture": "#0"}
			}
		},
		{
			"name": "greatbow_pulling_2_21",
			"from": [4, 0, 3],
			"to": [5, 1, 6],
			"rotation": {"angle": 0, "axis": "y", "origin": [-8, 0, -8]},
			"faces": {
				"north": {"uv": [6.5, 5.5, 6, 6], "texture": "#0"},
				"east": {"uv": [6, 5.5, 6.5, 7], "rotation": 90, "texture": "#0"},
				"south": {"uv": [6, 6.5, 6.5, 7], "texture": "#0"},
				"west": {"uv": [6, 5.5, 6.5, 7], "rotation": 270, "texture": "#0"},
				"up": {"uv": [6, 5.5, 6.5, 7], "texture": "#0"},
				"down": {"uv": [6, 7, 6.5, 5.5], "texture": "#0"}
			}
		},
		{
			"name": "greatbow_pulling_2_22",
			"from": [-3, 0, 4],
			"to": [-2, 1, 15],
			"rotation": {"angle": 0, "axis": "y", "origin": [-8, 0, -8]},
			"faces": {
				"north": {"uv": [3, 6, 2.5, 6.5], "texture": "#0"},
				"east": {"uv": [2.5, 6, 3, 11.5], "rotation": 90, "texture": "#0"},
				"south": {"uv": [2.5, 11, 3, 11.5], "texture": "#0"},
				"west": {"uv": [2.5, 6, 3, 11.5], "rotation": 270, "texture": "#0"},
				"up": {"uv": [2.5, 6, 3, 11.5], "texture": "#0"},
				"down": {"uv": [2.5, 11.5, 3, 6], "texture": "#0"}
			}
		},
		{
			"name": "greatbow_pulling_2_23",
			"from": [3, 0, 4],
			"to": [4, 1, 5],
			"rotation": {"angle": 0, "axis": "y", "origin": [-8, 0, -8]},
			"faces": {
				"north": {"uv": [6, 6, 5.5, 6.5], "texture": "#0"},
				"east": {"uv": [5.5, 6, 6, 6.5], "rotation": 90, "texture": "#0"},
				"south": {"uv": [5.5, 6, 6, 6.5], "texture": "#0"},
				"west": {"uv": [5.5, 6, 6, 6.5], "rotation": 270, "texture": "#0"},
				"up": {"uv": [5.5, 6, 6, 6.5], "texture": "#0"},
				"down": {"uv": [5.5, 6.5, 6, 6], "texture": "#0"}
			}
		},
		{
			"name": "greatbow_pulling_2_24",
			"from": [5, 0, 4],
			"to": [6, 1, 7],
			"rotation": {"angle": 0, "axis": "y", "origin": [-8, 0, -8]},
			"faces": {
				"north": {"uv": [7, 6, 6.5, 6.5], "texture": "#0"},
				"east": {"uv": [6.5, 6, 7, 7.5], "rotation": 90, "texture": "#0"},
				"south": {"uv": [6.5, 7, 7, 7.5], "texture": "#0"},
				"west": {"uv": [6.5, 6, 7, 7.5], "rotation": 270, "texture": "#0"},
				"up": {"uv": [6.5, 6, 7, 7.5], "texture": "#0"},
				"down": {"uv": [6.5, 7.5, 7, 6], "texture": "#0"}
			}
		},
		{
			"name": "greatbow_pulling_2_25",
			"from": [6, 0, 5],
			"to": [7, 1, 8],
			"rotation": {"angle": 0, "axis": "y", "origin": [-8, 0, -8]},
			"faces": {
				"north": {"uv": [7.5, 6.5, 7, 7], "texture": "#0"},
				"east": {"uv": [7, 6.5, 7.5, 8], "rotation": 90, "texture": "#0"},
				"south": {"uv": [7, 7.5, 7.5, 8], "texture": "#0"},
				"west": {"uv": [7, 6.5, 7.5, 8], "rotation": 270, "texture": "#0"},
				"up": {"uv": [7, 6.5, 7.5, 8], "texture": "#0"},
				"down": {"uv": [7, 8, 7.5, 6.5], "texture": "#0"}
			}
		},
		{
			"name": "greatbow_pulling_2_26",
			"from": [17, 0, 5],
			"to": [19, 1, 8],
			"rotation": {"angle": 0, "axis": "y", "origin": [-8, 0, -8]},
			"faces": {
				"north": {"uv": [13.5, 6.5, 12.5, 7], "texture": "#0"},
				"east": {"uv": [13, 6.5, 13.5, 8], "rotation": 90, "texture": "#0"},
				"south": {"uv": [12.5, 7.5, 13.5, 8], "texture": "#0"},
				"west": {"uv": [12.5, 6.5, 13, 8], "rotation": 270, "texture": "#0"},
				"up": {"uv": [12.5, 6.5, 13.5, 8], "texture": "#0"},
				"down": {"uv": [12.5, 8, 13.5, 6.5], "texture": "#0"}
			}
		},
		{
			"name": "greatbow_pulling_2_27",
			"from": [-4, 0, 6],
			"to": [-3, 1, 19],
			"rotation": {"angle": 0, "axis": "y", "origin": [-8, 0, -8]},
			"faces": {
				"north": {"uv": [2.5, 7, 2, 7.5], "texture": "#0"},
				"east": {"uv": [2, 7, 2.5, 13.5], "rotation": 90, "texture": "#0"},
				"south": {"uv": [2, 13, 2.5, 13.5], "texture": "#0"},
				"west": {"uv": [2, 7, 2.5, 13.5], "rotation": 270, "texture": "#0"},
				"up": {"uv": [2, 7, 2.5, 13.5], "texture": "#0"},
				"down": {"uv": [2, 13.5, 2.5, 7], "texture": "#0"}
			}
		},
		{
			"name": "greatbow_pulling_2_28",
			"from": [7, 0, 6],
			"to": [8, 1, 9],
			"rotation": {"angle": 0, "axis": "y", "origin": [-8, 0, -8]},
			"faces": {
				"north": {"uv": [8, 7, 7.5, 7.5], "texture": "#0"},
				"east": {"uv": [7.5, 7, 8, 8.5], "rotation": 90, "texture": "#0"},
				"south": {"uv": [7.5, 8, 8, 8.5], "texture": "#0"},
				"west": {"uv": [7.5, 7, 8, 8.5], "rotation": 270, "texture": "#0"},
				"up": {"uv": [7.5, 7, 8, 8.5], "texture": "#0"},
				"down": {"uv": [7.5, 8.5, 8, 7], "texture": "#0"}
			}
		},
		{
			"name": "greatbow_pulling_2_29",
			"from": [8, 0, 7],
			"to": [9, 1, 10],
			"rotation": {"angle": 0, "axis": "y", "origin": [-8, 0, -8]},
			"faces": {
				"north": {"uv": [8.5, 7.5, 8, 8], "texture": "#0"},
				"east": {"uv": [8, 7.5, 8.5, 9], "rotation": 90, "texture": "#0"},
				"south": {"uv": [8, 8.5, 8.5, 9], "texture": "#0"},
				"west": {"uv": [8, 7.5, 8.5, 9], "rotation": 270, "texture": "#0"},
				"up": {"uv": [8, 7.5, 8.5, 9], "texture": "#0"},
				"down": {"uv": [8, 9, 8.5, 7.5], "texture": "#0"}
			}
		},
		{
			"name": "greatbow_pulling_2_30",
			"from": [-5, 0, 8],
			"to": [-4, 1, 16],
			"rotation": {"angle": 0, "axis": "y", "origin": [-8, 0, -8]},
			"faces": {
				"north": {"uv": [2, 8, 1.5, 8.5], "texture": "#0"},
				"east": {"uv": [1.5, 8, 2, 12], "rotation": 90, "texture": "#0"},
				"south": {"uv": [1.5, 11.5, 2, 12], "texture": "#0"},
				"west": {"uv": [1.5, 8, 2, 12], "rotation": 270, "texture": "#0"},
				"up": {"uv": [1.5, 8, 2, 12], "texture": "#0"},
				"down": {"uv": [1.5, 12, 2, 8], "texture": "#0"}
			}
		},
		{
			"name": "greatbow_pulling_2_31",
			"from": [9, 0, 8],
			"to": [10, 1, 11],
			"rotation": {"angle": 0, "axis": "y", "origin": [-8, 0, -8]},
			"faces": {
				"north": {"uv": [9, 8, 8.5, 8.5], "texture": "#0"},
				"east": {"uv": [8.5, 8, 9, 9.5], "rotation": 90, "texture": "#0"},
				"south": {"uv": [8.5, 9, 9, 9.5], "texture": "#0"},
				"west": {"uv": [8.5, 8, 9, 9.5], "rotation": 270, "texture": "#0"},
				"up": {"uv": [8.5, 8, 9, 9.5], "texture": "#0"},
				"down": {"uv": [8.5, 9.5, 9, 8], "texture": "#0"}
			}
		},
		{
			"name": "greatbow_pulling_2_32",
			"from": [16, 0, 8],
			"to": [18, 1, 11],
			"rotation": {"angle": 0, "axis": "y", "origin": [-8, 0, -8]},
			"faces": {
				"north": {"uv": [13, 8, 12, 8.5], "texture": "#0"},
				"east": {"uv": [12.5, 8, 13, 9.5], "rotation": 90, "texture": "#0"},
				"south": {"uv": [12, 9, 13, 9.5], "texture": "#0"},
				"west": {"uv": [12, 8, 12.5, 9.5], "rotation": 270, "texture": "#0"},
				"up": {"uv": [12, 8, 13, 9.5], "texture": "#0"},
				"down": {"uv": [12, 9.5, 13, 8], "texture": "#0"}
			}
		},
		{
			"name": "greatbow_pulling_2_33",
			"from": [10, 0, 9],
			"to": [11, 1, 12],
			"rotation": {"angle": 0, "axis": "y", "origin": [-8, 0, -8]},
			"faces": {
				"north": {"uv": [9.5, 8.5, 9, 9], "texture": "#0"},
				"east": {"uv": [9, 8.5, 9.5, 10], "rotation": 90, "texture": "#0"},
				"south": {"uv": [9, 9.5, 9.5, 10], "texture": "#0"},
				"west": {"uv": [9, 8.5, 9.5, 10], "rotation": 270, "texture": "#0"},
				"up": {"uv": [9, 8.5, 9.5, 10], "texture": "#0"},
				"down": {"uv": [9, 10, 9.5, 8.5], "texture": "#0"}
			}
		},
		{
			"name": "greatbow_pulling_2_34",
			"from": [11, 0, 10],
			"to": [12, 1, 13],
			"rotation": {"angle": 0, "axis": "y", "origin": [-8, 0, -8]},
			"faces": {
				"north": {"uv": [10, 9, 9.5, 9.5], "texture": "#0"},
				"east": {"uv": [9.5, 9, 10, 10.5], "rotation": 90, "texture": "#0"},
				"south": {"uv": [9.5, 10, 10, 10.5], "texture": "#0"},
				"west": {"uv": [9.5, 9, 10, 10.5], "rotation": 270, "texture": "#0"},
				"up": {"uv": [9.5, 9, 10, 10.5], "texture": "#0"},
				"down": {"uv": [9.5, 10.5, 10, 9], "texture": "#0"}
			}
		},
		{
			"name": "greatbow_pulling_2_35",
			"from": [12, 0, 11],
			"to": [13, 1, 17],
			"rotation": {"angle": 0, "axis": "y", "origin": [-8, 0, -8]},
			"faces": {
				"north": {"uv": [10.5, 9.5, 10, 10], "texture": "#0"},
				"east": {"uv": [10, 9.5, 10.5, 12.5], "rotation": 90, "texture": "#0"},
				"south": {"uv": [10, 12, 10.5, 12.5], "texture": "#0"},
				"west": {"uv": [10, 9.5, 10.5, 12.5], "rotation": 270, "texture": "#0"},
				"up": {"uv": [10, 9.5, 10.5, 12.5], "texture": "#0"},
				"down": {"uv": [10, 12.5, 10.5, 9.5], "texture": "#0"}
			}
		},
		{
			"name": "greatbow_pulling_2_36",
			"from": [15, 0, 11],
			"to": [17, 1, 13],
			"rotation": {"angle": 0, "axis": "y", "origin": [-8, 0, -8]},
			"faces": {
				"north": {"uv": [12.5, 9.5, 11.5, 10], "texture": "#0"},
				"east": {"uv": [12, 9.5, 12.5, 10.5], "rotation": 90, "texture": "#0"},
				"south": {"uv": [11.5, 10, 12.5, 10.5], "texture": "#0"},
				"west": {"uv": [11.5, 9.5, 12, 10.5], "rotation": 270, "texture": "#0"},
				"up": {"uv": [11.5, 9.5, 12.5, 10.5], "texture": "#0"},
				"down": {"uv": [11.5, 10.5, 12.5, 9.5], "texture": "#0"}
			}
		},
		{
			"name": "greatbow_pulling_2_37",
			"from": [13, 0, 12],
			"to": [15, 1, 15],
			"rotation": {"angle": 0, "axis": "y", "origin": [-8, 0, -8]},
			"faces": {
				"north": {"uv": [11.5, 10, 10.5, 10.5], "texture": "#0"},
				"east": {"uv": [11, 10, 11.5, 11.5], "rotation": 90, "texture": "#0"},
				"south": {"uv": [10.5, 11, 11.5, 11.5], "texture": "#0"},
				"west": {"uv": [10.5, 10, 11, 11.5], "rotation": 270, "texture": "#0"},
				"up": {"uv": [10.5, 10, 11.5, 11.5], "texture": "#0"},
				"down": {"uv": [10.5, 11.5, 11.5, 10], "texture": "#0"}
			}
		},
		{
			"name": "greatbow_pulling_2_38",
			"from": [15, 0, 13],
			"to": [16, 1, 14],
			"rotation": {"angle": 0, "axis": "y", "origin": [-8, 0, -8]},
			"faces": {
				"north": {"uv": [12, 10.5, 11.5, 11], "texture": "#0"},
				"east": {"uv": [11.5, 10.5, 12, 11], "rotation": 90, "texture": "#0"},
				"south": {"uv": [11.5, 10.5, 12, 11], "texture": "#0"},
				"west": {"uv": [11.5, 10.5, 12, 11], "rotation": 270, "texture": "#0"},
				"up": {"uv": [11.5, 10.5, 12, 11], "texture": "#0"},
				"down": {"uv": [11.5, 11, 12, 10.5], "texture": "#0"}
			}
		},
		{
			"name": "greatbow_pulling_2_39",
			"from": [11, 0, 15],
			"to": [12, 1, 17],
			"rotation": {"angle": 0, "axis": "y", "origin": [-8, 0, -8]},
			"faces": {
				"north": {"uv": [10, 11.5, 9.5, 12], "texture": "#0"},
				"east": {"uv": [9.5, 11.5, 10, 12.5], "rotation": 90, "texture": "#0"},
				"south": {"uv": [9.5, 12, 10, 12.5], "texture": "#0"},
				"west": {"uv": [9.5, 11.5, 10, 12.5], "rotation": 270, "texture": "#0"},
				"up": {"uv": [9.5, 11.5, 10, 12.5], "texture": "#0"},
				"down": {"uv": [9.5, 12.5, 10, 11.5], "texture": "#0"}
			}
		},
		{
			"name": "greatbow_pulling_2_40",
			"from": [13, 0, 15],
			"to": [14, 1, 16],
			"rotation": {"angle": 0, "axis": "y", "origin": [-8, 0, -8]},
			"faces": {
				"north": {"uv": [11, 11.5, 10.5, 12], "texture": "#0"},
				"east": {"uv": [10.5, 11.5, 11, 12], "rotation": 90, "texture": "#0"},
				"south": {"uv": [10.5, 11.5, 11, 12], "texture": "#0"},
				"west": {"uv": [10.5, 11.5, 11, 12], "rotation": 270, "texture": "#0"},
				"up": {"uv": [10.5, 11.5, 11, 12], "texture": "#0"},
				"down": {"uv": [10.5, 12, 11, 11.5], "texture": "#0"}
			}
		},
		{
			"name": "greatbow_pulling_2_41",
			"from": [8, 0, 16],
			"to": [11, 1, 18],
			"rotation": {"angle": 0, "axis": "y", "origin": [-8, 0, -8]},
			"faces": {
				"north": {"uv": [9.5, 12, 8, 12.5], "texture": "#0"},
				"east": {"uv": [9, 12, 9.5, 13], "rotation": 90, "texture": "#0"},
				"south": {"uv": [8, 12.5, 9.5, 13], "texture": "#0"},
				"west": {"uv": [8, 12, 8.5, 13], "rotation": 270, "texture": "#0"},
				"up": {"uv": [8, 12, 9.5, 13], "texture": "#0"},
				"down": {"uv": [8, 13, 9.5, 12], "texture": "#0"}
			}
		},
		{
			"name": "greatbow_pulling_2_42",
			"from": [-3, 0, 17],
			"to": [-2, 1, 24],
			"rotation": {"angle": 0, "axis": "y", "origin": [-8, 0, -8]},
			"faces": {
				"north": {"uv": [3, 12.5, 2.5, 13], "texture": "#0"},
				"east": {"uv": [2.5, 12.5, 3, 16], "rotation": 90, "texture": "#0"},
				"south": {"uv": [2.5, 15.5, 3, 16], "texture": "#0"},
				"west": {"uv": [2.5, 12.5, 3, 16], "rotation": 270, "texture": "#0"},
				"up": {"uv": [2.5, 12.5, 3, 16], "texture": "#0"},
				"down": {"uv": [2.5, 16, 3, 12.5], "texture": "#0"}
			}
		},
		{
			"name": "greatbow_pulling_2_43",
			"from": [5, 0, 17],
			"to": [8, 1, 19],
			"rotation": {"angle": 0, "axis": "y", "origin": [-8, 0, -8]},
			"faces": {
				"north": {"uv": [8, 12.5, 6.5, 13], "texture": "#0"},
				"east": {"uv": [7.5, 12.5, 8, 13.5], "rotation": 90, "texture": "#0"},
				"south": {"uv": [6.5, 13, 8, 13.5], "texture": "#0"},
				"west": {"uv": [6.5, 12.5, 7, 13.5], "rotation": 270, "texture": "#0"},
				"up": {"uv": [6.5, 12.5, 8, 13.5], "texture": "#0"},
				"down": {"uv": [6.5, 13.5, 8, 12.5], "texture": "#0"}
			}
		},
		{
			"name": "greatbow_pulling_2_44",
			"from": [-2, 0, 18],
			"to": [-1, 1, 23],
			"rotation": {"angle": 0, "axis": "y", "origin": [-8, 0, -8]},
			"faces": {
				"north": {"uv": [3.5, 13, 3, 13.5], "texture": "#0"},
				"east": {"uv": [3, 13, 3.5, 15.5], "rotation": 90, "texture": "#0"},
				"south": {"uv": [3, 15, 3.5, 15.5], "texture": "#0"},
				"west": {"uv": [3, 13, 3.5, 15.5], "rotation": 270, "texture": "#0"},
				"up": {"uv": [3, 13, 3.5, 15.5], "texture": "#0"},
				"down": {"uv": [3, 15.5, 3.5, 13], "texture": "#0"}
			}
		},
		{
			"name": "greatbow_pulling_2_45",
			"from": [2, 0, 18],
			"to": [5, 1, 20],
			"rotation": {"angle": 0, "axis": "y", "origin": [-8, 0, -8]},
			"faces": {
				"north": {"uv": [6.5, 13, 5, 13.5], "texture": "#0"},
				"east": {"uv": [6, 13, 6.5, 14], "rotation": 90, "texture": "#0"},
				"south": {"uv": [5, 13.5, 6.5, 14], "texture": "#0"},
				"west": {"uv": [5, 13, 5.5, 14], "rotation": 270, "texture": "#0"},
				"up": {"uv": [5, 13, 6.5, 14], "texture": "#0"},
				"down": {"uv": [5, 14, 6.5, 13], "texture": "#0"}
			}
		},
		{
			"name": "greatbow_pulling_2_46",
			"from": [0, 0, 19],
			"to": [2, 1, 21],
			"rotation": {"angle": 0, "axis": "y", "origin": [-8, 0, -8]},
			"faces": {
				"north": {"uv": [5, 13.5, 4, 14], "texture": "#0"},
				"east": {"uv": [4.5, 13.5, 5, 14.5], "rotation": 90, "texture": "#0"},
				"south": {"uv": [4, 14, 5, 14.5], "texture": "#0"},
				"west": {"uv": [4, 13.5, 4.5, 14.5], "rotation": 270, "texture": "#0"},
				"up": {"uv": [4, 13.5, 5, 14.5], "texture": "#0"},
				"down": {"uv": [4, 14.5, 5, 13.5], "texture": "#0"}
			}
		},
		{
			"name": "greatbow_pulling_2_47",
			"from": [-6, 0, 20],
			"to": [-5, 1, 21],
			"rotation": {"angle": 0, "axis": "y", "origin": [-8, 0, -8]},
			"faces": {
				"north": {"uv": [1.5, 14, 1, 14.5], "texture": "#0"},
				"east": {"uv": [1, 14, 1.5, 14.5], "rotation": 90, "texture": "#0"},
				"south": {"uv": [1, 14, 1.5, 14.5], "texture": "#0"},
				"west": {"uv": [1, 14, 1.5, 14.5], "rotation": 270, "texture": "#0"},
				"up": {"uv": [1, 14, 1.5, 14.5], "texture": "#0"},
				"down": {"uv": [1, 14.5, 1.5, 14], "texture": "#0"}
			}
		},
		{
			"name": "greatbow_pulling_2_48",
			"from": [-1, 0, 20],
			"to": [0, 1, 22],
			"rotation": {"angle": 0, "axis": "y", "origin": [-8, 0, -8]},
			"faces": {
				"north": {"uv": [4, 14, 3.5, 14.5], "texture": "#0"},
				"east": {"uv": [3.5, 14, 4, 15], "rotation": 90, "texture": "#0"},
				"south": {"uv": [3.5, 14.5, 4, 15], "texture": "#0"},
				"west": {"uv": [3.5, 14, 4, 15], "rotation": 270, "texture": "#0"},
				"up": {"uv": [3.5, 14, 4, 15], "texture": "#0"},
				"down": {"uv": [3.5, 15, 4, 14], "texture": "#0"}
			}
		},
		{
			"name": "greatbow_pulling_2_49",
			"from": [-7, 0, 21],
			"to": [-6, 1, 23],
			"rotation": {"angle": 0, "axis": "y", "origin": [-8, 0, -8]},
			"faces": {
				"north": {"uv": [1, 14.5, 0.5, 15], "texture": "#0"},
				"east": {"uv": [0.5, 14.5, 1, 15.5], "rotation": 90, "texture": "#0"},
				"south": {"uv": [0.5, 15, 1, 15.5], "texture": "#0"},
				"west": {"uv": [0.5, 14.5, 1, 15.5], "rotation": 270, "texture": "#0"},
				"up": {"uv": [0.5, 14.5, 1, 15.5], "texture": "#0"},
				"down": {"uv": [0.5, 15.5, 1, 14.5], "texture": "#0"}
			}
		},
		{
			"name": "greatbow_pulling_2_50",
			"from": [-6, 0, 23],
			"to": [-3, 1, 24],
			"rotation": {"angle": 0, "axis": "y", "origin": [-8, 0, -8]},
			"faces": {
				"north": {"uv": [2.5, 15.5, 1, 16], "texture": "#0"},
				"east": {"uv": [2, 15.5, 2.5, 16], "rotation": 90, "texture": "#0"},
				"south": {"uv": [1, 15.5, 2.5, 16], "texture": "#0"},
				"west": {"uv": [1, 15.5, 1.5, 16], "rotation": 270, "texture": "#0"},
				"up": {"uv": [1, 15.5, 2.5, 16], "texture": "#0"},
				"down": {"uv": [1, 16, 2.5, 15.5], "texture": "#0"}
			}
		}
	],
	"gui_light": "front",
	"display": {
		"thirdperson_righthand": {
			"rotation": [50, -4, 96],
			"translation": [-6, -0.75, 5.75],
			"scale": [0.7, 0.7, 0.7]
		},
		"thirdperson_lefthand": {
			"rotation": [-45, -5, 87],
			"translation": [-5.75, -0.25, 6],
			"scale": [0.7, 0.7, 0.7]
		},
		"firstperson_righthand": {
			"rotation": [63, -7, 90],
			"translation": [-1.75, 5, -1.5],
			"scale": [0.9, 0.9, 0.9]
		},
		"firstperson_lefthand": {
			"rotation": [63, -13.5, -84],
			"translation": [12, 3, -0.25],
			"scale": [0.9, 0.9, 0.9]
		},
		"ground": {
			"rotation": [90, 15, 0],
			"translation": [0, 5, 0],
			"scale": [0.5, 0.5, 0.5]
		},
		"gui": {
			"rotation": [90, 0, 0],
			"scale": [0.5, 0.5, 0.5]
		},
		"head": {
			"rotation": [90, 90, 0],
			"translation": [0.75, -12.75, 13]
		},
		"fixed": {
			"rotation": [90, 0, -180],
			"translation": [0, 0, -7],
			"scale": [0.75, 0.75, 0.75]
		}
	},
	"groups": [
		{
			"name": "greatbow_pulling_2",
			"origin": [8, 8, 8],
			"color": 0,
			"children": [0, 1, 2, 3, 4, 5, 6, 7, 8, 9, 10, 11, 12, 13, 14, 15, 16, 17, 18, 19, 20, 21, 22, 23, 24, 25, 26, 27, 28, 29, 30, 31, 32, 33, 34, 35, 36, 37, 38, 39, 40, 41, 42, 43, 44, 45, 46, 47, 48, 49, 50]
		}
	]
}