{
	"credit": "Created In BlockBench",
	"parent": "block/block",
	"ambientocclusion": false,
	"textures": {
		"1": "block/beacon_base",
		"2": "block/beacon_shell",
		"3": "block/beacon_top",
		"4": "block/beacon_base_bottom",
		"5": "block/beacon_base_side",
		"6": "block/beacon_shell_inside",
		"particle": "block/beacon_top",
		"beacon": "block/beacon"
	},
	"elements": [
		{
			"name": "Glass shell",
			"from": [0, 0, 0],
			"to": [16, 16, 0],
			"faces": {
				"north": {"uv": [0, 0, 16, 16], "texture": "#2", "cullface": "north"},
				"south": {"uv": [0, 0, 16, 16], "texture": "#6"}
			}
		},
		{
			"name": "Glass shell",
			"from": [0, 0, 16],
			"to": [16, 16, 16],
			"faces": {
				"north": {"uv": [0, 0, 16, 16], "texture": "#6"},
				"south": {"uv": [0, 0, 16, 16], "texture": "#2", "cullface": "south"}
			}
		},
		{
			"name": "Glass shell",
			"from": [16, 0, 0],
			"to": [16, 16, 16],
			"faces": {
				"east": {"uv": [0, 0, 16, 16], "texture": "#2", "cullface": "east"},
				"west": {"uv": [0, 0, 16, 16], "texture": "#6"}
			}
		},
		{
			"name": "Glass shell",
			"from": [0, 0, 0],
			"to": [0, 16, 16],
			"faces": {
				"east": {"uv": [0, 0, 16, 16], "texture": "#6"},
				"west": {"uv": [0, 0, 16, 16], "texture": "#2", "cullface": "west"}
			}
		},
		{
			"name": "Glass shell",
			"from": [0, 16, 0],
			"to": [16, 16, 16],
			"faces": {
				"up": {"uv": [0, 0, 16, 16], "rotation": 270, "texture": "#2", "cullface": "up"},
				"down": {"uv": [0, 0, 16, 16], "rotation": 270, "texture": "#6"}
			}
		},
		{
			"name": "Glass shell",
			"from": [0, 0, 0],
			"to": [16, 0, 16],
			"faces": {
				"up": {"uv": [0, 0, 16, 16], "rotation": 270, "texture": "#2"},
				"down": {"uv": [0, 0, 16, 16], "rotation": 270, "texture": "#2", "cullface": "down"}
			}
		},
		{
			"name": "Obsidian base",
			"from": [2, 0, 2],
			"to": [14, 3, 14],
			"faces": {
				"north": {"uv": [2, 13, 14, 16], "texture": "#5"},
				"east": {"uv": [2, 13, 14, 16], "texture": "#5"},
				"south": {"uv": [2, 13, 14, 16], "texture": "#5"},
				"west": {"uv": [2, 13, 14, 16], "texture": "#5"},
				"up": {"uv": [2, 2, 14, 14], "texture": "#1"},
				"down": {"uv": [2, 2, 14, 14], "texture": "#4", "cullface": "down"}
			}
		},
		{
			"name": "Nether star",
			"from": [4, 3, 4],
			"to": [12, 11, 12],
			"faces": {
				"north": {"uv": [4, 4, 12, 12], "texture": "#beacon"},
				"east": {"uv": [4, 4, 12, 12], "texture": "#beacon"},
				"south": {"uv": [4, 4, 12, 12], "texture": "#beacon"},
				"west": {"uv": [4, 4, 12, 12], "texture": "#beacon"},
				"up": {"uv": [4, 4, 12, 12], "texture": "#3"}
			}
		}
	],
	"display": {
		"thirdperson_righthand": {
			"rotation": [75, 45, 0],
			"translation": [0, 2.5, 0],
			"scale": [0.375, 0.375, 0.375]
		},
		"thirdperson_lefthand": {
			"rotation": [75, 45, 0],
			"translation": [0, 2.5, 0],
			"scale": [0.375, 0.375, 0.375]
		},
		"firstperson_righthand": {
			"rotation": [0, 45, 0],
			"scale": [0.4, 0.4, 0.4]
		},
		"firstperson_lefthand": {
			"rotation": [0, 225, 0],
			"scale": [0.4, 0.4, 0.4]
		},
		"ground": {
			"translation": [0, 3, 0],
			"scale": [0.25, 0.25, 0.25]
		},
		"gui": {
			"rotation": [30, 225, 0],
			"scale": [0.625, 0.625, 0.625]
		},
		"fixed": {
			"scale": [0.5, 0.5, 0.5]
		}
	}
}