{
    "variants": {
        "": [
 	           { "model": "block/lily_pad" },
            { "model": "block/lily_pad", "y": 90 },
            { "model": "block/lily_pad", "y": 180 },
            { "model": "block/lily_pad", "y": 270 },
          	  { "model": "block/lily_pad2" },
            { "model": "block/lily_pad2", "y": 90 },
            { "model": "block/lily_pad2", "y": 180 },
            { "model": "block/lily_pad2", "y": 270 },
           	 { "model": "block/lily_pad3" },
            { "model": "block/lily_pad3", "y": 90 },
            { "model": "block/lily_pad3", "y": 180 },
            { "model": "block/lily_pad3", "y": 270 },
		 { "model": "block/lily_pad4" },
            { "model": "block/lily_pad4", "y": 90 },
            { "model": "block/lily_pad4", "y": 180 },
            { "model": "block/lily_pad4", "y": 270 }
        ]
    }
}
