{
	"credit": "AlexTestria | https://alex-bauerndistel.de",
	"elements": [
		{
			"from": [7.30381, 0.075, 4.5],
			"to": [8.69619, 10.75, 5.5],
			"rotation": {"angle": -22.5, "axis": "y", "origin": [8, 8, 8]},
			"color": 2,
			"faces": {
				"north": {"uv": [1, 1, 2.39239, 11.675], "texture": "#missing", "cullface": "down"},
				"south": {"uv": [1, 1, 2.39239, 11.675], "texture": "#missing", "cullface": "down"},
				"down": {"uv": [1, 1, 2.39239, 2], "texture": "#missing", "cullface": "down"}
			}
		},
		{
			"from": [7.30381, 0.075, 4.5],
			"to": [8.69619, 10.75, 5.5],
			"rotation": {"angle": 0, "axis": "y", "origin": [8, 8, 8]},
			"color": 5,
			"faces": {
				"north": {"uv": [1, 1, 2.39239, 11.675], "texture": "#missing", "cullface": "down"},
				"south": {"uv": [1, 1, 2.39239, 11.675], "texture": "#missing", "cullface": "down"},
				"down": {"uv": [1, 1, 2.39239, 2], "texture": "#missing", "cullface": "down"}
			}
		},
		{
			"from": [7.30381, 0.075, 4.5],
			"to": [8.69619, 10.75, 5.5],
			"rotation": {"angle": 22.5, "axis": "y", "origin": [8, 8, 8]},
			"color": 4,
			"faces": {
				"north": {"uv": [1, 1, 2.39239, 11.675], "texture": "#missing", "cullface": "down"},
				"south": {"uv": [1, 1, 2.39239, 11.675], "texture": "#missing", "cullface": "down"},
				"down": {"uv": [1, 1, 2.39239, 2], "texture": "#missing", "cullface": "down"}
			}
		},
		{
			"from": [7.30381, 0.075, 4.5],
			"to": [8.69619, 10.75, 5.5],
			"rotation": {"angle": 45, "axis": "y", "origin": [8, 8, 8]},
			"color": 6,
			"faces": {
				"north": {"uv": [1, 1, 2.39239, 11.675], "texture": "#missing", "cullface": "down"},
				"south": {"uv": [1, 1, 2.39239, 11.675], "texture": "#missing", "cullface": "down"},
				"down": {"uv": [1, 1, 2.39239, 2], "texture": "#missing", "cullface": "down"}
			}
		},
		{
			"from": [7.30381, 0.075, 10.5],
			"to": [8.69619, 10.75, 11.5],
			"rotation": {"angle": -45, "axis": "y", "origin": [8, 8, 8]},
			"color": 3,
			"faces": {
				"north": {"uv": [1, 1, 2.39239, 11.675], "texture": "#missing", "cullface": "down"},
				"south": {"uv": [1, 1, 2.39239, 11.675], "texture": "#missing", "cullface": "down"},
				"down": {"uv": [1, 1, 2.39239, 2], "texture": "#missing", "cullface": "down"}
			}
		},
		{
			"from": [7.30381, 0.075, 10.5],
			"to": [8.69619, 10.75, 11.5],
			"rotation": {"angle": -22.5, "axis": "y", "origin": [8, 8, 8]},
			"color": 7,
			"faces": {
				"north": {"uv": [1, 1, 2.39239, 11.675], "texture": "#missing", "cullface": "down"},
				"south": {"uv": [1, 1, 2.39239, 11.675], "texture": "#missing", "cullface": "down"},
				"down": {"uv": [1, 1, 2.39239, 2], "texture": "#missing", "cullface": "down"}
			}
		},
		{
			"from": [7.30381, 0.075, 10.5],
			"to": [8.69619, 10.75, 11.5],
			"rotation": {"angle": 0, "axis": "y", "origin": [8, 8, 8]},
			"color": 5,
			"faces": {
				"north": {"uv": [1, 1, 2.39239, 11.675], "texture": "#missing", "cullface": "down"},
				"south": {"uv": [1, 1, 2.39239, 11.675], "texture": "#missing", "cullface": "down"},
				"down": {"uv": [1, 1, 2.39239, 2], "texture": "#missing", "cullface": "down"}
			}
		},
		{
			"from": [7.30381, 0.075, 10.5],
			"to": [8.69619, 10.75, 11.5],
			"rotation": {"angle": 22.5, "axis": "y", "origin": [8, 8, 8]},
			"color": 0,
			"faces": {
				"north": {"uv": [1, 1, 2.39239, 11.675], "texture": "#missing", "cullface": "down"},
				"south": {"uv": [1, 1, 2.39239, 11.675], "texture": "#missing", "cullface": "down"},
				"down": {"uv": [1, 1, 2.39239, 2], "texture": "#missing", "cullface": "down"}
			}
		},
		{
			"from": [7.30381, 0.075, 10.5],
			"to": [8.69619, 10.75, 11.5],
			"rotation": {"angle": 45, "axis": "y", "origin": [8, 8, 8]},
			"color": 2,
			"faces": {
				"north": {"uv": [1, 1, 2.39239, 11.675], "texture": "#missing", "cullface": "down"},
				"south": {"uv": [1, 1, 2.39239, 11.675], "texture": "#missing", "cullface": "down"},
				"down": {"uv": [1, 1, 2.39239, 2], "texture": "#missing", "cullface": "down"}
			}
		},
		{
			"from": [4.5, 0.075, 7.30381],
			"to": [5.5, 10.75, 8.69619],
			"rotation": {"angle": -22.5, "axis": "y", "origin": [8, 8, 8]},
			"color": 4,
			"faces": {
				"east": {"uv": [1, 1, 2.39239, 11.675], "texture": "#missing", "cullface": "down"},
				"west": {"uv": [1, 1, 2.39239, 11.675], "texture": "#missing", "cullface": "down"},
				"down": {"uv": [1, 1, 2, 2.39239], "texture": "#missing", "cullface": "down"}
			}
		},
		{
			"from": [4.5, 0.075, 7.30381],
			"to": [5.5, 10.75, 8.69619],
			"rotation": {"angle": 0, "axis": "y", "origin": [8, 8, 8]},
			"color": 0,
			"faces": {
				"east": {"uv": [1, 1, 2.39239, 11.675], "texture": "#missing", "cullface": "down"},
				"west": {"uv": [1, 1, 2.39239, 11.675], "texture": "#missing", "cullface": "down"},
				"down": {"uv": [1, 1, 2, 2.39239], "texture": "#missing", "cullface": "down"}
			}
		},
		{
			"from": [4.5, 0.075, 7.30381],
			"to": [5.5, 10.75, 8.69619],
			"rotation": {"angle": 22.5, "axis": "y", "origin": [8, 8, 8]},
			"color": 1,
			"faces": {
				"east": {"uv": [1, 1, 2.39239, 11.675], "texture": "#missing", "cullface": "down"},
				"west": {"uv": [1, 1, 2.39239, 11.675], "texture": "#missing", "cullface": "down"},
				"down": {"uv": [1, 1, 2, 2.39239], "texture": "#missing", "cullface": "down"}
			}
		},
		{
			"from": [10.5, 0.075, 7.30381],
			"to": [11.5, 10.75, 8.69619],
			"rotation": {"angle": -22.5, "axis": "y", "origin": [8, 8, 8]},
			"color": 4,
			"faces": {
				"east": {"uv": [1, 1, 2.39239, 11.675], "texture": "#missing", "cullface": "down"},
				"west": {"uv": [1, 1, 2.39239, 11.675], "texture": "#missing", "cullface": "down"},
				"down": {"uv": [1, 1, 2, 2.39239], "texture": "#missing", "cullface": "down"}
			}
		},
		{
			"from": [10.5, 0.075, 7.30381],
			"to": [11.5, 10.75, 8.69619],
			"rotation": {"angle": 0, "axis": "y", "origin": [8, 8, 8]},
			"color": 4,
			"faces": {
				"east": {"uv": [1, 1, 2.39239, 11.675], "texture": "#missing", "cullface": "down"},
				"west": {"uv": [1, 1, 2.39239, 11.675], "texture": "#missing", "cullface": "down"},
				"down": {"uv": [1, 1, 2, 2.39239], "texture": "#missing", "cullface": "down"}
			}
		},
		{
			"from": [10.5, 0.075, 7.30381],
			"to": [11.5, 10.75, 8.69619],
			"rotation": {"angle": 22.5, "axis": "y", "origin": [8, 8, 8]},
			"color": 3,
			"faces": {
				"east": {"uv": [1, 1, 2.39239, 11.675], "texture": "#missing", "cullface": "down"},
				"west": {"uv": [1, 1, 2.39239, 11.675], "texture": "#missing", "cullface": "down"},
				"down": {"uv": [1, 1, 2, 2.39239], "texture": "#missing", "cullface": "down"}
			}
		},
		{
			"from": [7.30381, 0.075, 4.5],
			"to": [8.69619, 10.75, 5.5],
			"rotation": {"angle": -45, "axis": "y", "origin": [8, 8, 8]},
			"color": 7,
			"faces": {
				"north": {"uv": [1, 1, 2.39239, 11.675], "texture": "#missing", "cullface": "down"},
				"south": {"uv": [1, 1, 2.39239, 11.675], "texture": "#missing", "cullface": "down"},
				"down": {"uv": [1, 1, 2.39239, 2], "texture": "#missing", "cullface": "down"}
			}
		}
	],
	"display": {
		"thirdperson_righthand": {
			"rotation": [75, 45, 0],
			"translation": [0, 2.5, 0],
			"scale": [0.375, 0.375, 0.375]
		},
		"thirdperson_lefthand": {
			"rotation": [75, 45, 0],
			"translation": [0, 2.5, 0],
			"scale": [0.375, 0.375, 0.375]
		},
		"firstperson_righthand": {
			"rotation": [0, 45, 0],
			"scale": [0.4, 0.4, 0.4]
		},
		"firstperson_lefthand": {
			"rotation": [0, 225, 0],
			"scale": [0.4, 0.4, 0.4]
		},
		"ground": {
			"translation": [0, 3, 0],
			"scale": [0.25, 0.25, 0.25]
		},
		"gui": {
			"rotation": [30, 225, 0],
			"scale": [0.625, 0.625, 0.625]
		},
		"fixed": {
			"scale": [0.5, 0.5, 0.5]
		}
	}
}