{
	"credit": "AlexTestria | https://alex-bauerndistel.de",
	"textures": {
		"particle": "brickcraft/material/plastics/shader_support/plastic20",
		"1_0": "brickcraft/material/plastics/shader_support/plastic20"
	},
	"elements": [
		{
			"from": [12.96125, 1.19811, 0],
			"to": [15.46375, 3.2175, 8],
			"rotation": {"angle": 0, "axis": "y", "origin": [13.09312, 1.7744, 4.004]},
			"faces": {
				"north": {"uv": [0, 0, 2.5025, 2.01939], "texture": "#1_0"},
				"south": {"uv": [0, 0, 2.5025, 2.01939], "texture": "#1_0"}
			}
		},
		{
			"from": [8, 0, 0],
			"to": [16, 1.19811, 8],
			"rotation": {"angle": 0, "axis": "y", "origin": [13.09312, 1.7744, 4.004]},
			"faces": {
				"north": {"uv": [0, 0, 8, 1.19811], "texture": "#1_0"},
				"east": {"uv": [0, 0, 8, 1.19811], "texture": "#1_0"},
				"south": {"uv": [0, 0, 8, 1.19811], "texture": "#1_0"},
				"west": {"uv": [0, 0, 8, 1.19811], "texture": "#1_0"},
				"down": {"uv": [0, 0, 8, 8], "texture": "#1_0"}
			}
		},
		{
			"from": [10.74475, 1.19811, 0],
			"to": [12.96125, 2.145, 8],
			"rotation": {"angle": 0, "axis": "y", "origin": [13.09312, 1.7744, 4.004]},
			"faces": {
				"north": {"uv": [0, 0, 2.2165, 0.94689], "texture": "#1_0"},
				"south": {"uv": [0, 0, 2.2165, 0.94689], "texture": "#1_0"}
			}
		},
		{
			"from": [8.16715, 2.11882, 0],
			"to": [16.24597, 3.19103, 8],
			"rotation": {"angle": 22.5, "axis": "z", "origin": [13.09312, 1.7744, 4.004]},
			"faces": {
				"north": {"uv": [0, 0, 8.07882, 1.07222], "texture": "#1_0"},
				"south": {"uv": [0, 0, 8.07882, 1.07222], "texture": "#1_0"},
				"up": {"uv": [0, 0, 8.07882, 8], "texture": "#1_0"}
			}
		},
		{
			"from": [15.46375, 1.19811, 0],
			"to": [16, 4.29, 8],
			"rotation": {"angle": 0, "axis": "y", "origin": [13.09312, 1.7744, 4.004]},
			"faces": {
				"north": {"uv": [0, 0, 0.53625, 3.09189], "texture": "#1_0"},
				"east": {"uv": [0, 0, 8, 3.09189], "texture": "#1_0"},
				"south": {"uv": [0, 0, 0.53625, 3.09189], "texture": "#1_0"},
				"west": {"uv": [0, 0, 8, 3.09189], "texture": "#1_0"},
				"up": {"uv": [0, 0, 0.53625, 8], "texture": "#1_0"}
			}
		}
	],
	"display": {
		"thirdperson_righthand": {
			"rotation": [75, 78, 0],
			"translation": [-0.5, 2.75, 2],
			"scale": [0.55, 0.55, 0.55]
		},
		"thirdperson_lefthand": {
			"rotation": [75, -78, 0],
			"translation": [0.25, 2.75, 2],
			"scale": [0.55, 0.55, 0.55]
		},
		"firstperson_righthand": {
			"rotation": [0, 90, -10],
			"translation": [1.13, 3.7, 0.63],
			"scale": [0.68, 0.68, 0.68]
		},
		"firstperson_lefthand": {
			"rotation": [0, -60, 10],
			"translation": [1.13, 3.7, 0.63],
			"scale": [0.68, 0.68, 0.68]
		},
		"ground": {
			"translation": [0, 2, 0],
			"scale": [0.5, 0.5, 0.5]
		},
		"gui": {
			"rotation": [30, 124, 0],
			"translation": [0, 3.75, 0]
		},
		"head": {
			"rotation": [0, 180, 0],
			"translation": [0, 15, 0.25]
		},
		"fixed": {
			"rotation": [0, 157, 0],
			"translation": [0, 3.5, 0]
		}
	},
	"groups": [
		{
			"name": "group",
			"origin": [6.27203, 3.54444, 7.9848],
			"color": 0,
			"children": [0, 1, 2, 3, 4]
		}
	]
}