{
	"credit": "AlexTestria | https://alex-bauerndistel.de",
	"textures": {
		"2": "brickcraft/material/plastics/shader_support/plastic48",
		"particle": "brickcraft/material/plastics/shader_support/plastic48"
	},
	"elements": [
		{
			"name": "hexadecagon",
			"from": [7.50272, 1.375, 5.5],
			"to": [8.49728, 3, 10.5],
			"rotation": {"angle": 45, "axis": "y", "origin": [8, 2.25, 8]},
			"faces": {
				"north": {"uv": [0, 0, 0.99456, 1.625], "texture": "#2"},
				"south": {"uv": [0, 0, 0.99456, 1.625], "texture": "#2"},
				"up": {"uv": [0, 0, 0.99456, 5], "texture": "#2"}
			}
		},
		{
			"name": "hexadecagon",
			"from": [7.50272, 1.375, 5.5],
			"to": [8.49728, 3, 10.5],
			"rotation": {"angle": 22.5, "axis": "y", "origin": [8, 2.25, 8]},
			"faces": {
				"north": {"uv": [0, 0, 0.99456, 1.625], "texture": "#2"},
				"south": {"uv": [0, 0, 0.99456, 1.625], "texture": "#2"},
				"up": {"uv": [0, 0, 0.99456, 5], "texture": "#2"}
			}
		},
		{
			"name": "hexadecagon",
			"from": [7.50272, 1.375, 5.5],
			"to": [8.49728, 3, 10.5],
			"rotation": {"angle": 0, "axis": "y", "origin": [8, 2.25, 8]},
			"faces": {
				"north": {"uv": [0, 0, 0.99456, 1.625], "texture": "#2"},
				"south": {"uv": [0, 0, 0.99456, 1.625], "texture": "#2"},
				"up": {"uv": [0, 0, 0.99456, 5], "texture": "#2"}
			}
		},
		{
			"name": "hexadecagon",
			"from": [7.50272, 1.375, 5.5],
			"to": [8.49728, 3, 10.5],
			"rotation": {"angle": -22.5, "axis": "y", "origin": [8, 2.25, 8]},
			"faces": {
				"north": {"uv": [0, 0, 0.99456, 1.625], "texture": "#2"},
				"south": {"uv": [0, 0, 0.99456, 1.625], "texture": "#2"},
				"up": {"uv": [0, 0, 0.99456, 5], "texture": "#2"}
			}
		},
		{
			"name": "hexadecagon",
			"from": [7.50272, 1.375, 5.5],
			"to": [8.49728, 3, 10.5],
			"rotation": {"angle": -45, "axis": "y", "origin": [8, 2.25, 8]},
			"faces": {
				"north": {"uv": [0, 0, 0.99456, 1.625], "texture": "#2"},
				"south": {"uv": [0, 0, 0.99456, 1.625], "texture": "#2"},
				"up": {"uv": [0, 0, 0.99456, 5], "texture": "#2"}
			}
		},
		{
			"name": "hexadecagon",
			"from": [5.5, 1.375, 7.50272],
			"to": [10.5, 3, 8.49728],
			"rotation": {"angle": 22.5, "axis": "y", "origin": [8, 2.25, 8]},
			"faces": {
				"east": {"uv": [0, 0, 0.99456, 1.625], "texture": "#2"},
				"west": {"uv": [0, 0, 0.99456, 1.625], "texture": "#2"},
				"up": {"uv": [0, 0, 5, 0.99456], "texture": "#2"}
			}
		},
		{
			"name": "hexadecagon",
			"from": [5.5, 1.375, 7.50272],
			"to": [10.5, 3, 8.49728],
			"rotation": {"angle": 0, "axis": "y", "origin": [8, 2.25, 8]},
			"faces": {
				"east": {"uv": [0, 0, 0.99456, 1.625], "texture": "#2"},
				"west": {"uv": [0, 0, 0.99456, 1.625], "texture": "#2"},
				"up": {"uv": [0, 0, 5, 0.99456], "texture": "#2"}
			}
		},
		{
			"name": "hexadecagon",
			"from": [5.5, 1.375, 7.50272],
			"to": [10.5, 3, 8.49728],
			"rotation": {"angle": -22.5, "axis": "y", "origin": [8, 2.25, 8]},
			"faces": {
				"east": {"uv": [0, 0, 0.99456, 1.625], "texture": "#2"},
				"west": {"uv": [0, 0, 0.99456, 1.625], "texture": "#2"},
				"up": {"uv": [0, 0, 5, 0.99456], "texture": "#2"}
			}
		},
		{
			"name": "hexadecagon",
			"from": [7.35353, 0, 4.75],
			"to": [8.64647, 1.375, 11.25],
			"rotation": {"angle": -45, "axis": "y", "origin": [8, 0.25, 8]},
			"faces": {
				"north": {"uv": [0, 0, 1.29294, 1.375], "texture": "#2"},
				"south": {"uv": [0, 0, 1.29294, 1.375], "texture": "#2"},
				"up": {"uv": [0, 0, 1.29294, 6.5], "texture": "#2"},
				"down": {"uv": [0, 0, 1.29294, 6.5], "texture": "#2"}
			}
		},
		{
			"name": "hexadecagon",
			"from": [7.35353, 0, 4.75],
			"to": [8.64647, 1.25, 11.25],
			"rotation": {"angle": -22.5, "axis": "y", "origin": [8, 0.25, 8]},
			"faces": {
				"north": {"uv": [0, 0, 1.29294, 1.25], "texture": "#2"},
				"south": {"uv": [0, 0, 1.29294, 1.25], "texture": "#2"},
				"down": {"uv": [0, 0, 1.29294, 6.5], "texture": "#2"}
			}
		},
		{
			"name": "hexadecagon",
			"from": [7.35353, 0, 4.75],
			"to": [8.64647, 1.375, 11.25],
			"rotation": {"angle": 0, "axis": "y", "origin": [8, 0.25, 8]},
			"faces": {
				"north": {"uv": [0, 0, 1.29294, 1.375], "texture": "#2"},
				"south": {"uv": [0, 0, 1.29294, 1.375], "texture": "#2"},
				"up": {"uv": [0, 0, 1.29294, 6.5], "texture": "#2"},
				"down": {"uv": [0, 0, 1.29294, 6.5], "texture": "#2"}
			}
		},
		{
			"name": "hexadecagon",
			"from": [7.35353, 0, 4.75],
			"to": [8.64647, 1.25, 11.25],
			"rotation": {"angle": 22.5, "axis": "y", "origin": [8, 0.25, 8]},
			"faces": {
				"north": {"uv": [0, 0, 1.29294, 1.25], "texture": "#2"},
				"south": {"uv": [0, 0, 1.29294, 1.25], "texture": "#2"},
				"down": {"uv": [0, 0, 1.29294, 6.5], "texture": "#2"}
			}
		},
		{
			"name": "hexadecagon",
			"from": [7.35353, 0, 4.75],
			"to": [8.64647, 1.375, 11.25],
			"rotation": {"angle": 45, "axis": "y", "origin": [8, 0.25, 8]},
			"faces": {
				"north": {"uv": [0, 0, 1.29294, 1.375], "texture": "#2"},
				"south": {"uv": [0, 0, 1.29294, 1.375], "texture": "#2"},
				"up": {"uv": [0, 0, 1.29294, 6.5], "texture": "#2"},
				"down": {"uv": [0, 0, 1.29294, 6.5], "texture": "#2"}
			}
		},
		{
			"name": "hexadecagon",
			"from": [4.75, 0, 7.35353],
			"to": [11.25, 1.375, 8.64647],
			"rotation": {"angle": -22.5, "axis": "y", "origin": [8, 0.25, 8]},
			"faces": {
				"east": {"uv": [0, 0, 1.29294, 1.375], "texture": "#2"},
				"west": {"uv": [0, 0, 1.29294, 1.375], "texture": "#2"},
				"up": {"uv": [0, 0, 6.5, 1.29294], "texture": "#2"},
				"down": {"uv": [0, 0, 6.5, 1.29294], "texture": "#2"}
			}
		},
		{
			"name": "hexadecagon",
			"from": [4.75, 0, 7.35353],
			"to": [11.25, 1.25, 8.64647],
			"rotation": {"angle": 0, "axis": "y", "origin": [8, 0.25, 8]},
			"faces": {
				"east": {"uv": [0, 0, 1.29294, 1.25], "texture": "#2"},
				"west": {"uv": [0, 0, 1.29294, 1.25], "texture": "#2"},
				"down": {"uv": [0, 0, 6.5, 1.29294], "texture": "#2"}
			}
		},
		{
			"name": "hexadecagon",
			"from": [4.75, 0, 7.35353],
			"to": [11.25, 1.375, 8.64647],
			"rotation": {"angle": 22.5, "axis": "y", "origin": [8, 0.25, 8]},
			"faces": {
				"east": {"uv": [0, 0, 1.29294, 1.375], "texture": "#2"},
				"west": {"uv": [0, 0, 1.29294, 1.375], "texture": "#2"},
				"up": {"uv": [0, 0, 6.5, 1.29294], "texture": "#2"},
				"down": {"uv": [0, 0, 6.5, 1.29294], "texture": "#2"}
			}
		},
		{
			"name": "hexadecagon",
			"from": [7.25408, 1.25, 4.25],
			"to": [8.99592, 1.75, 5.75],
			"rotation": {"angle": -45, "axis": "y", "origin": [8, 1.75, 8]},
			"faces": {
				"north": {"uv": [0, 0, 1.74184, 0.5], "texture": "#2"},
				"east": {"uv": [0, 0, 1.5, 0.5], "texture": "#2"},
				"up": {"uv": [0, 0, 1.74184, 1.5], "texture": "#2"},
				"down": {"uv": [0, 0, 1.74184, 1.5], "texture": "#2"}
			}
		},
		{
			"name": "hexadecagon",
			"from": [7.00408, 1.25, 4.25],
			"to": [8.74592, 1.75, 11.75],
			"rotation": {"angle": -22.5, "axis": "y", "origin": [8, 1.75, 8]},
			"faces": {
				"north": {"uv": [0, 0, 1.74184, 0.5], "texture": "#2"},
				"south": {"uv": [0, 0, 1.74184, 0.5], "texture": "#2"},
				"west": {"uv": [0, 0, 7.5, 0.5], "texture": "#2"},
				"up": {"uv": [0, 0, 1.74184, 7.5], "texture": "#2"},
				"down": {"uv": [0, 0, 1.74184, 7.5], "texture": "#2"}
			}
		},
		{
			"name": "hexadecagon",
			"from": [7.25408, 1.25, 10.375],
			"to": [8.74592, 1.75, 11.75],
			"rotation": {"angle": 0, "axis": "y", "origin": [8, 1.75, 8]},
			"faces": {
				"south": {"uv": [0, 0, 1.49184, 0.5], "texture": "#2"},
				"up": {"uv": [0, 0, 1.49184, 1.375], "texture": "#2"},
				"down": {"uv": [0, 0, 1.49184, 1.375], "texture": "#2"}
			}
		},
		{
			"name": "hexadecagon",
			"from": [7.25408, 1.25, 4.25],
			"to": [8.99592, 1.75, 11.75],
			"rotation": {"angle": 22.5, "axis": "y", "origin": [8, 1.75, 8]},
			"faces": {
				"north": {"uv": [0, 0, 1.74184, 0.5], "texture": "#2"},
				"east": {"uv": [0, 0, 7.5, 0.5], "texture": "#2"},
				"south": {"uv": [0, 0, 1.74184, 0.5], "texture": "#2"},
				"up": {"uv": [0, 0, 1.74184, 7.5], "texture": "#2"},
				"down": {"uv": [0, 0, 1.74184, 7.5], "texture": "#2"}
			}
		},
		{
			"name": "hexadecagon",
			"from": [7.00408, 1.25, 4.25],
			"to": [8.74592, 1.75, 5.75],
			"rotation": {"angle": 45, "axis": "y", "origin": [8, 1.75, 8]},
			"faces": {
				"north": {"uv": [0, 0, 1.74184, 0.5], "texture": "#2"},
				"west": {"uv": [0, 0, 1.5, 0.5], "texture": "#2"},
				"up": {"uv": [0, 0, 1.74184, 1.5], "texture": "#2"},
				"down": {"uv": [0, 0, 1.74184, 1.5], "texture": "#2"}
			}
		},
		{
			"name": "hexadecagon",
			"from": [10.25, 1.25, 7.25408],
			"to": [11.75, 1.75, 8.99592],
			"rotation": {"angle": -22.5, "axis": "y", "origin": [8, 1.75, 8]},
			"faces": {
				"east": {"uv": [0, 0, 1.74184, 0.5], "texture": "#2"},
				"south": {"uv": [0, 0, 1.5, 0.5], "texture": "#2"},
				"up": {"uv": [0, 0, 1.5, 1.74184], "texture": "#2"},
				"down": {"uv": [0, 0, 1.5, 1.74184], "texture": "#2"}
			}
		},
		{
			"name": "hexadecagon",
			"from": [4.625, 1.375, 7.25408],
			"to": [5.5, 1.625, 8.74592],
			"rotation": {"angle": -22.5, "axis": "y", "origin": [8, 1.75, 8]},
			"faces": {
				"west": {"uv": [0, 0, 1.49184, 0.25], "texture": "#2"},
				"up": {"uv": [0, 0, 0.875, 1.49184], "texture": "#2"},
				"down": {"uv": [0, 0, 0.875, 1.49184], "texture": "#2"}
			}
		},
		{
			"name": "hexadecagon",
			"from": [5.48537, 1.375, 9.33121],
			"to": [6.36037, 1.625, 10.82305],
			"rotation": {"angle": 45, "axis": "y", "origin": [5.92287, 1.625, 10.07713]},
			"faces": {
				"west": {"uv": [0, 0, 1.49184, 0.25], "texture": "#2"},
				"up": {"uv": [0, 0, 0.875, 1.49184], "texture": "#2"},
				"down": {"uv": [0, 0, 0.875, 1.49184], "texture": "#2"}
			}
		},
		{
			"name": "hexadecagon",
			"from": [9.63963, 1.375, 9.33121],
			"to": [10.51463, 1.625, 10.82305],
			"rotation": {"angle": -45, "axis": "y", "origin": [10.07713, 1.625, 10.07713]},
			"faces": {
				"east": {"uv": [0, 0, 1.49184, 0.25], "texture": "#2"},
				"up": {"uv": [0, 0, 0.875, 1.49184], "texture": "#2"},
				"down": {"uv": [0, 0, 0.875, 1.49184], "texture": "#2"}
			}
		},
		{
			"name": "hexadecagon",
			"from": [10.2764, 1.375, 6.12995],
			"to": [11.1514, 1.625, 7.62179],
			"rotation": {"angle": 22.5, "axis": "y", "origin": [10.7139, 1.625, 6.87587]},
			"faces": {
				"east": {"uv": [0, 0, 1.49184, 0.25], "texture": "#2"},
				"up": {"uv": [0, 0, 0.875, 1.49184], "texture": "#2"},
				"down": {"uv": [0, 0, 0.875, 1.49184], "texture": "#2"}
			}
		},
		{
			"name": "hexadecagon",
			"from": [7.25408, 1.375, 4.625],
			"to": [8.74592, 1.625, 5.5],
			"rotation": {"angle": 0, "axis": "y", "origin": [8, 1.625, 4.8125]},
			"faces": {
				"north": {"uv": [0, 0, 1.49184, 0.25], "texture": "#2"},
				"up": {"uv": [0, 0, 1.49184, 0.875], "texture": "#2"},
				"down": {"uv": [0, 0, 1.49184, 0.875], "texture": "#2"}
			}
		},
		{
			"name": "hexadecagon",
			"from": [4.25, 1.25, 7.00408],
			"to": [11.75, 1.75, 8.74592],
			"rotation": {"angle": 0, "axis": "y", "origin": [8, 1.75, 8]},
			"faces": {
				"north": {"uv": [0, 0, 7.5, 0.5], "texture": "#2"},
				"east": {"uv": [0, 0, 1.74184, 0.5], "texture": "#2"},
				"west": {"uv": [0, 0, 1.74184, 0.5], "texture": "#2"},
				"up": {"uv": [0, 0, 7.5, 1.74184], "texture": "#2"},
				"down": {"uv": [0, 0, 7.5, 1.74184], "texture": "#2"}
			}
		},
		{
			"name": "hexadecagon",
			"from": [4.25, 1.25, 7.25408],
			"to": [5.75, 1.75, 8.99592],
			"rotation": {"angle": 22.5, "axis": "y", "origin": [8, 1.75, 8]},
			"faces": {
				"south": {"uv": [0, 0, 1.5, 0.5], "texture": "#2"},
				"west": {"uv": [0, 0, 1.74184, 0.5], "texture": "#2"},
				"up": {"uv": [0, 0, 1.5, 1.74184], "texture": "#2"},
				"down": {"uv": [0, 0, 1.5, 1.74184], "texture": "#2"}
			}
		}
	],
	"display": {
		"thirdperson_righthand": {
			"rotation": [75, 45, 0],
			"translation": [0, 2.5, 0],
			"scale": [0.375, 0.375, 0.375]
		},
		"thirdperson_lefthand": {
			"rotation": [75, 45, 0],
			"translation": [0, 2.5, 0],
			"scale": [0.375, 0.375, 0.375]
		},
		"firstperson_righthand": {
			"rotation": [0, 45, 0],
			"scale": [0.4, 0.4, 0.4]
		},
		"firstperson_lefthand": {
			"rotation": [0, 225, 0],
			"scale": [0.4, 0.4, 0.4]
		},
		"ground": {
			"translation": [0, 3, 0],
			"scale": [0.25, 0.25, 0.25]
		},
		"gui": {
			"rotation": [30, 225, 0],
			"scale": [0.625, 0.625, 0.625]
		},
		"fixed": {
			"scale": [0.5, 0.5, 0.5]
		}
	},
	"groups": [
		{
			"name": "Little Nob",
			"origin": [8, 8, 8],
			"color": 0,
			"children": [
				{
					"name": "hexadecagon",
					"origin": [8, 8, 8],
					"color": 0,
					"children": [0, 1, 2, 3, 4, 5, 6, 7]
				},
				{
					"name": "hexadecagon",
					"origin": [8, 8, 8],
					"color": 0,
					"children": [8, 9, 10, 11, 12, 13, 14, 15]
				},
				{
					"name": "hexadecagon",
					"origin": [8, 8, 8],
					"color": 0,
					"children": [16, 17, 18, 19, 20, 21, 22, 23, 24, 25, 26, 27, 28]
				}
			]
		}
	]
}