{
	"credit": "AlexTestria | https://alex-bauerndistel.de",
	"textures": {
		"2": "brickcraft/material/plastics/shader_support/plastic33",
		"particle": "brickcraft/material/plastics/shader_support/plastic33"
	},
	"elements": [
		{
			"name": "hexadecagon",
			"from": [3.25272, 1.75, 1.25],
			"to": [4.24728, 3, 6.25],
			"rotation": {"angle": 45, "axis": "y", "origin": [3.75, 2.25, 3.75]},
			"faces": {
				"north": {"uv": [0, 0, 0.99456, 1.25], "texture": "#2", "cullface": "up"},
				"east": {"uv": [0, 0, 5, 1.25], "texture": "#2", "cullface": "up"},
				"south": {"uv": [0, 0, 0.99456, 1.25], "texture": "#2", "cullface": "up"},
				"west": {"uv": [0, 0, 5, 1.25], "texture": "#2", "cullface": "up"},
				"up": {"uv": [0, 0, 0.99456, 5], "texture": "#2", "cullface": "up"},
				"down": {"uv": [0, 0, 0.99456, 5], "texture": "#2", "cullface": "up"}
			}
		},
		{
			"name": "hexadecagon",
			"from": [3.25272, 1.75, 1.25],
			"to": [4.24728, 3, 6.25],
			"rotation": {"angle": 22.5, "axis": "y", "origin": [3.75, 2.25, 3.75]},
			"faces": {
				"north": {"uv": [0, 0, 0.99456, 1.25], "texture": "#2", "cullface": "up"},
				"east": {"uv": [0, 0, 5, 1.25], "texture": "#2", "cullface": "up"},
				"south": {"uv": [0, 0, 0.99456, 1.25], "texture": "#2", "cullface": "up"},
				"west": {"uv": [0, 0, 5, 1.25], "texture": "#2", "cullface": "up"},
				"up": {"uv": [0, 0, 0.99456, 5], "texture": "#2", "cullface": "up"},
				"down": {"uv": [0, 0, 0.99456, 5], "texture": "#2", "cullface": "up"}
			}
		},
		{
			"name": "hexadecagon",
			"from": [3.25272, 1.75, 1.25],
			"to": [4.24728, 3, 6.25],
			"rotation": {"angle": 0, "axis": "y", "origin": [3.75, 2.25, 3.75]},
			"faces": {
				"north": {"uv": [0, 0, 0.99456, 1.25], "texture": "#2", "cullface": "up"},
				"east": {"uv": [0, 0, 5, 1.25], "texture": "#2", "cullface": "up"},
				"south": {"uv": [0, 0, 0.99456, 1.25], "texture": "#2", "cullface": "up"},
				"west": {"uv": [0, 0, 5, 1.25], "texture": "#2", "cullface": "up"},
				"up": {"uv": [0, 0, 0.99456, 5], "texture": "#2", "cullface": "up"},
				"down": {"uv": [0, 0, 0.99456, 5], "texture": "#2", "cullface": "up"}
			}
		},
		{
			"name": "hexadecagon",
			"from": [3.25272, 1.75, 1.25],
			"to": [4.24728, 3, 6.25],
			"rotation": {"angle": -22.5, "axis": "y", "origin": [3.75, 2.25, 3.75]},
			"faces": {
				"north": {"uv": [0, 0, 0.99456, 1.25], "texture": "#2", "cullface": "up"},
				"east": {"uv": [0, 0, 5, 1.25], "texture": "#2", "cullface": "up"},
				"south": {"uv": [0, 0, 0.99456, 1.25], "texture": "#2", "cullface": "up"},
				"west": {"uv": [0, 0, 5, 1.25], "texture": "#2", "cullface": "up"},
				"up": {"uv": [0, 0, 0.99456, 5], "texture": "#2", "cullface": "up"},
				"down": {"uv": [0, 0, 0.99456, 5], "texture": "#2", "cullface": "up"}
			}
		},
		{
			"name": "hexadecagon",
			"from": [3.25272, 1.75, 1.25],
			"to": [4.24728, 3, 6.25],
			"rotation": {"angle": -45, "axis": "y", "origin": [3.75, 2.25, 3.75]},
			"faces": {
				"north": {"uv": [0, 0, 0.99456, 1.25], "texture": "#2", "cullface": "up"},
				"east": {"uv": [0, 0, 5, 1.25], "texture": "#2", "cullface": "up"},
				"south": {"uv": [0, 0, 0.99456, 1.25], "texture": "#2", "cullface": "up"},
				"west": {"uv": [0, 0, 5, 1.25], "texture": "#2", "cullface": "up"},
				"up": {"uv": [0, 0, 0.99456, 5], "texture": "#2", "cullface": "up"},
				"down": {"uv": [0, 0, 0.99456, 5], "texture": "#2", "cullface": "up"}
			}
		},
		{
			"name": "hexadecagon",
			"from": [1.25, 1.75, 3.25272],
			"to": [6.25, 3, 4.24728],
			"rotation": {"angle": 22.5, "axis": "y", "origin": [3.75, 2.25, 3.75]},
			"faces": {
				"north": {"uv": [0, 0, 5, 1.25], "texture": "#2", "cullface": "up"},
				"east": {"uv": [0, 0, 0.99456, 1.25], "texture": "#2", "cullface": "up"},
				"south": {"uv": [0, 0, 5, 1.25], "texture": "#2", "cullface": "up"},
				"west": {"uv": [0, 0, 0.99456, 1.25], "texture": "#2", "cullface": "up"},
				"up": {"uv": [0, 0, 5, 0.99456], "texture": "#2", "cullface": "up"},
				"down": {"uv": [0, 0, 5, 0.99456], "texture": "#2", "cullface": "up"}
			}
		},
		{
			"name": "hexadecagon",
			"from": [1.25, 1.75, 3.25272],
			"to": [6.25, 3, 4.24728],
			"rotation": {"angle": 0, "axis": "y", "origin": [3.75, 2.25, 3.75]},
			"faces": {
				"north": {"uv": [0, 0, 5, 1.25], "texture": "#2", "cullface": "up"},
				"east": {"uv": [0, 0, 0.99456, 1.25], "texture": "#2", "cullface": "up"},
				"south": {"uv": [0, 0, 5, 1.25], "texture": "#2", "cullface": "up"},
				"west": {"uv": [0, 0, 0.99456, 1.25], "texture": "#2", "cullface": "up"},
				"up": {"uv": [0, 0, 5, 0.99456], "texture": "#2", "cullface": "up"},
				"down": {"uv": [0, 0, 5, 0.99456], "texture": "#2", "cullface": "up"}
			}
		},
		{
			"name": "hexadecagon",
			"from": [1.25, 1.75, 3.25272],
			"to": [6.25, 3, 4.24728],
			"rotation": {"angle": -22.5, "axis": "y", "origin": [3.75, 2.25, 3.75]},
			"faces": {
				"north": {"uv": [0, 0, 5, 1.25], "texture": "#2", "cullface": "up"},
				"east": {"uv": [0, 0, 0.99456, 1.25], "texture": "#2", "cullface": "up"},
				"south": {"uv": [0, 0, 5, 1.25], "texture": "#2", "cullface": "up"},
				"west": {"uv": [0, 0, 0.99456, 1.25], "texture": "#2", "cullface": "up"},
				"up": {"uv": [0, 0, 5, 0.99456], "texture": "#2", "cullface": "up"},
				"down": {"uv": [0, 0, 5, 0.99456], "texture": "#2", "cullface": "up"}
			}
		},
		{
			"name": "hexadecagon",
			"from": [3.10353, 0, 0.5],
			"to": [4.39647, 1.25, 7],
			"rotation": {"angle": -45, "axis": "y", "origin": [3.75, 0.25, 3.75]},
			"faces": {
				"north": {"uv": [0, 0, 1.29293, 1.5], "texture": "#2", "cullface": "up"},
				"east": {"uv": [0, 0, 6.5, 1.5], "texture": "#2", "cullface": "up"},
				"south": {"uv": [0, 0, 1.29293, 1.5], "texture": "#2", "cullface": "up"},
				"west": {"uv": [0, 0, 6.5, 1.5], "texture": "#2", "cullface": "up"},
				"up": {"uv": [0, 0, 1.29293, 6.5], "texture": "#2", "cullface": "up"},
				"down": {"uv": [0, 0, 1.29293, 6.5], "texture": "#2", "cullface": "up"}
			}
		},
		{
			"name": "hexadecagon",
			"from": [3.10353, 0, 0.5],
			"to": [4.39647, 1.25, 7],
			"rotation": {"angle": -22.5, "axis": "y", "origin": [3.75, 0.25, 3.75]},
			"faces": {
				"north": {"uv": [0, 0, 1.29293, 1.5], "texture": "#2", "cullface": "up"},
				"east": {"uv": [0, 0, 6.5, 1.5], "texture": "#2", "cullface": "up"},
				"south": {"uv": [0, 0, 1.29293, 1.5], "texture": "#2", "cullface": "up"},
				"west": {"uv": [0, 0, 6.5, 1.5], "texture": "#2", "cullface": "up"},
				"up": {"uv": [0, 0, 1.29293, 6.5], "texture": "#2", "cullface": "up"},
				"down": {"uv": [0, 0, 1.29293, 6.5], "texture": "#2", "cullface": "up"}
			}
		},
		{
			"name": "hexadecagon",
			"from": [3.10353, 0, 0.5],
			"to": [4.39647, 1.25, 7],
			"rotation": {"angle": 0, "axis": "y", "origin": [3.75, 0.25, 3.75]},
			"faces": {
				"north": {"uv": [0, 0, 1.29293, 1.5], "texture": "#2", "cullface": "up"},
				"east": {"uv": [0, 0, 6.5, 1.5], "texture": "#2", "cullface": "up"},
				"south": {"uv": [0, 0, 1.29293, 1.5], "texture": "#2", "cullface": "up"},
				"west": {"uv": [0, 0, 6.5, 1.5], "texture": "#2", "cullface": "up"},
				"up": {"uv": [0, 0, 1.29293, 6.5], "texture": "#2", "cullface": "up"},
				"down": {"uv": [0, 0, 1.29293, 6.5], "texture": "#2", "cullface": "up"}
			}
		},
		{
			"name": "hexadecagon",
			"from": [3.10353, 0, 0.5],
			"to": [4.39647, 1.25, 7],
			"rotation": {"angle": 22.5, "axis": "y", "origin": [3.75, 0.25, 3.75]},
			"faces": {
				"north": {"uv": [0, 0, 1.29293, 1.5], "texture": "#2", "cullface": "up"},
				"east": {"uv": [0, 0, 6.5, 1.5], "texture": "#2", "cullface": "up"},
				"south": {"uv": [0, 0, 1.29293, 1.5], "texture": "#2", "cullface": "up"},
				"west": {"uv": [0, 0, 6.5, 1.5], "texture": "#2", "cullface": "up"},
				"up": {"uv": [0, 0, 1.29293, 6.5], "texture": "#2", "cullface": "up"},
				"down": {"uv": [0, 0, 1.29293, 6.5], "texture": "#2", "cullface": "up"}
			}
		},
		{
			"name": "hexadecagon",
			"from": [3.10353, 0, 0.5],
			"to": [4.39647, 1.25, 7],
			"rotation": {"angle": 45, "axis": "y", "origin": [3.75, 0.25, 3.75]},
			"faces": {
				"north": {"uv": [0, 0, 1.29293, 1.5], "texture": "#2", "cullface": "up"},
				"east": {"uv": [0, 0, 6.5, 1.5], "texture": "#2", "cullface": "up"},
				"south": {"uv": [0, 0, 1.29293, 1.5], "texture": "#2", "cullface": "up"},
				"west": {"uv": [0, 0, 6.5, 1.5], "texture": "#2", "cullface": "up"},
				"up": {"uv": [0, 0, 1.29293, 6.5], "texture": "#2", "cullface": "up"},
				"down": {"uv": [0, 0, 1.29293, 6.5], "texture": "#2", "cullface": "up"}
			}
		},
		{
			"name": "hexadecagon",
			"from": [0.5, 0, 3.10353],
			"to": [7, 1.25, 4.39647],
			"rotation": {"angle": -22.5, "axis": "y", "origin": [3.75, 0.25, 3.75]},
			"faces": {
				"north": {"uv": [0, 0, 6.5, 1.5], "texture": "#2", "cullface": "up"},
				"east": {"uv": [0, 0, 1.29293, 1.5], "texture": "#2", "cullface": "up"},
				"south": {"uv": [0, 0, 6.5, 1.5], "texture": "#2", "cullface": "up"},
				"west": {"uv": [0, 0, 1.29293, 1.5], "texture": "#2", "cullface": "up"},
				"up": {"uv": [0, 0, 6.5, 1.29293], "texture": "#2", "cullface": "up"},
				"down": {"uv": [0, 0, 6.5, 1.29293], "texture": "#2", "cullface": "up"}
			}
		},
		{
			"name": "hexadecagon",
			"from": [0.5, 0, 3.10353],
			"to": [7, 1.25, 4.39647],
			"rotation": {"angle": 0, "axis": "y", "origin": [3.75, 0.25, 3.75]},
			"faces": {
				"north": {"uv": [0, 0, 6.5, 1.5], "texture": "#2", "cullface": "up"},
				"east": {"uv": [0, 0, 1.29293, 1.5], "texture": "#2", "cullface": "up"},
				"south": {"uv": [0, 0, 6.5, 1.5], "texture": "#2", "cullface": "up"},
				"west": {"uv": [0, 0, 1.29293, 1.5], "texture": "#2", "cullface": "up"},
				"up": {"uv": [0, 0, 6.5, 1.29293], "texture": "#2", "cullface": "up"},
				"down": {"uv": [0, 0, 6.5, 1.29293], "texture": "#2", "cullface": "up"}
			}
		},
		{
			"name": "hexadecagon",
			"from": [0.5, 0, 3.10353],
			"to": [7, 1.25, 4.39647],
			"rotation": {"angle": 22.5, "axis": "y", "origin": [3.75, 0.25, 3.75]},
			"faces": {
				"north": {"uv": [0, 0, 6.5, 1.5], "texture": "#2", "cullface": "up"},
				"east": {"uv": [0, 0, 1.29293, 1.5], "texture": "#2", "cullface": "up"},
				"south": {"uv": [0, 0, 6.5, 1.5], "texture": "#2", "cullface": "up"},
				"west": {"uv": [0, 0, 1.29293, 1.5], "texture": "#2", "cullface": "up"},
				"up": {"uv": [0, 0, 6.5, 1.29293], "texture": "#2", "cullface": "up"},
				"down": {"uv": [0, 0, 6.5, 1.29293], "texture": "#2", "cullface": "up"}
			}
		},
		{
			"name": "hexadecagon",
			"from": [3.00408, 1.25, 0],
			"to": [4.49592, 1.75, 7.5],
			"rotation": {"angle": -45, "axis": "y", "origin": [3.75, 1.75, 3.75]},
			"faces": {
				"north": {"uv": [0, 0, 1.49184, 0.5], "texture": "#2", "cullface": "up"},
				"east": {"uv": [0, 0, 7.5, 0.5], "texture": "#2", "cullface": "up"},
				"south": {"uv": [0, 0, 1.49184, 0.5], "texture": "#2", "cullface": "up"},
				"west": {"uv": [0, 0, 7.5, 0.5], "texture": "#2", "cullface": "up"},
				"up": {"uv": [0, 0, 1.49184, 7.5], "texture": "#2", "cullface": "up"},
				"down": {"uv": [0, 0, 1.49184, 7.5], "texture": "#2", "cullface": "up"}
			}
		},
		{
			"name": "hexadecagon",
			"from": [3.00408, 1.25, 0],
			"to": [4.49592, 1.75, 7.5],
			"rotation": {"angle": -22.5, "axis": "y", "origin": [3.75, 1.75, 3.75]},
			"faces": {
				"north": {"uv": [0, 0, 1.49184, 0.5], "texture": "#2", "cullface": "up"},
				"east": {"uv": [0, 0, 7.5, 0.5], "texture": "#2", "cullface": "up"},
				"south": {"uv": [0, 0, 1.49184, 0.5], "texture": "#2", "cullface": "up"},
				"west": {"uv": [0, 0, 7.5, 0.5], "texture": "#2", "cullface": "up"},
				"up": {"uv": [0, 0, 1.49184, 7.5], "texture": "#2", "cullface": "up"},
				"down": {"uv": [0, 0, 1.49184, 7.5], "texture": "#2", "cullface": "up"}
			}
		},
		{
			"name": "hexadecagon",
			"from": [3.00408, 1.25, 0],
			"to": [4.49592, 1.75, 7.5],
			"rotation": {"angle": 0, "axis": "y", "origin": [3.75, 1.75, 3.75]},
			"faces": {
				"north": {"uv": [0, 0, 1.49184, 0.5], "texture": "#2", "cullface": "up"},
				"east": {"uv": [0, 0, 7.5, 0.5], "texture": "#2", "cullface": "up"},
				"south": {"uv": [0, 0, 1.49184, 0.5], "texture": "#2", "cullface": "up"},
				"west": {"uv": [0, 0, 7.5, 0.5], "texture": "#2", "cullface": "up"},
				"up": {"uv": [0, 0, 1.49184, 7.5], "texture": "#2", "cullface": "up"},
				"down": {"uv": [0, 0, 1.49184, 7.5], "texture": "#2", "cullface": "up"}
			}
		},
		{
			"name": "hexadecagon",
			"from": [3.00408, 1.25, 0],
			"to": [4.49592, 1.75, 7.5],
			"rotation": {"angle": 22.5, "axis": "y", "origin": [3.75, 1.75, 3.75]},
			"faces": {
				"north": {"uv": [0, 0, 1.49184, 0.5], "texture": "#2", "cullface": "up"},
				"east": {"uv": [0, 0, 7.5, 0.5], "texture": "#2", "cullface": "up"},
				"south": {"uv": [0, 0, 1.49184, 0.5], "texture": "#2", "cullface": "up"},
				"west": {"uv": [0, 0, 7.5, 0.5], "texture": "#2", "cullface": "up"},
				"up": {"uv": [0, 0, 1.49184, 7.5], "texture": "#2", "cullface": "up"},
				"down": {"uv": [0, 0, 1.49184, 7.5], "texture": "#2", "cullface": "up"}
			}
		},
		{
			"name": "hexadecagon",
			"from": [3.00408, 1.25, 0],
			"to": [4.49592, 1.75, 7.5],
			"rotation": {"angle": 45, "axis": "y", "origin": [3.75, 1.75, 3.75]},
			"faces": {
				"north": {"uv": [0, 0, 1.49184, 0.5], "texture": "#2", "cullface": "up"},
				"east": {"uv": [0, 0, 7.5, 0.5], "texture": "#2", "cullface": "up"},
				"south": {"uv": [0, 0, 1.49184, 0.5], "texture": "#2", "cullface": "up"},
				"west": {"uv": [0, 0, 7.5, 0.5], "texture": "#2", "cullface": "up"},
				"up": {"uv": [0, 0, 1.49184, 7.5], "texture": "#2", "cullface": "up"},
				"down": {"uv": [0, 0, 1.49184, 7.5], "texture": "#2", "cullface": "up"}
			}
		},
		{
			"name": "hexadecagon",
			"from": [0, 1.25, 3.00408],
			"to": [7.5, 1.75, 4.49592],
			"rotation": {"angle": -22.5, "axis": "y", "origin": [3.75, 1.75, 3.75]},
			"faces": {
				"north": {"uv": [0, 0, 7.5, 0.5], "texture": "#2", "cullface": "up"},
				"east": {"uv": [0, 0, 1.49184, 0.5], "texture": "#2", "cullface": "up"},
				"south": {"uv": [0, 0, 7.5, 0.5], "texture": "#2", "cullface": "up"},
				"west": {"uv": [0, 0, 1.49184, 0.5], "texture": "#2", "cullface": "up"},
				"up": {"uv": [0, 0, 7.5, 1.49184], "texture": "#2", "cullface": "up"},
				"down": {"uv": [0, 0, 7.5, 1.49184], "texture": "#2", "cullface": "up"}
			}
		},
		{
			"name": "hexadecagon",
			"from": [0, 1.25, 3.00408],
			"to": [7.5, 1.75, 4.49592],
			"rotation": {"angle": 0, "axis": "y", "origin": [3.75, 1.75, 3.75]},
			"faces": {
				"north": {"uv": [0, 0, 7.5, 0.5], "texture": "#2", "cullface": "up"},
				"east": {"uv": [0, 0, 1.49184, 0.5], "texture": "#2", "cullface": "up"},
				"south": {"uv": [0, 0, 7.5, 0.5], "texture": "#2", "cullface": "up"},
				"west": {"uv": [0, 0, 1.49184, 0.5], "texture": "#2", "cullface": "up"},
				"up": {"uv": [0, 0, 7.5, 1.49184], "texture": "#2", "cullface": "up"},
				"down": {"uv": [0, 0, 7.5, 1.49184], "texture": "#2", "cullface": "up"}
			}
		},
		{
			"name": "hexadecagon",
			"from": [0, 1.25, 3.00408],
			"to": [7.5, 1.75, 4.49592],
			"rotation": {"angle": 22.5, "axis": "y", "origin": [3.75, 1.75, 3.75]},
			"faces": {
				"north": {"uv": [0, 0, 7.5, 0.5], "texture": "#2", "cullface": "up"},
				"east": {"uv": [0, 0, 1.49184, 0.5], "texture": "#2", "cullface": "up"},
				"south": {"uv": [0, 0, 7.5, 0.5], "texture": "#2", "cullface": "up"},
				"west": {"uv": [0, 0, 1.49184, 0.5], "texture": "#2", "cullface": "up"},
				"up": {"uv": [0, 0, 7.5, 1.49184], "texture": "#2", "cullface": "up"},
				"down": {"uv": [0, 0, 7.5, 1.49184], "texture": "#2", "cullface": "up"}
			}
		}
	],
	"display": {
		"thirdperson_righthand": {
			"rotation": [75, 45, 0],
			"translation": [0, 2.5, 0],
			"scale": [0.375, 0.375, 0.375]
		},
		"thirdperson_lefthand": {
			"rotation": [75, 45, 0],
			"translation": [0, 2.5, 0],
			"scale": [0.375, 0.375, 0.375]
		},
		"firstperson_righthand": {
			"rotation": [0, 45, 0],
			"scale": [0.4, 0.4, 0.4]
		},
		"firstperson_lefthand": {
			"rotation": [0, 225, 0],
			"scale": [0.4, 0.4, 0.4]
		},
		"ground": {
			"translation": [0, 3, 0],
			"scale": [0.25, 0.25, 0.25]
		},
		"gui": {
			"rotation": [30, 225, 0],
			"scale": [0.625, 0.625, 0.625]
		},
		"fixed": {
			"scale": [0.5, 0.5, 0.5]
		}
	},
	"groups": [
		{
			"name": "Little Nob",
			"origin": [8, 8, 8],
			"color": 0,
			"children": [
				{
					"name": "hexadecagon",
					"origin": [8, 8, 8],
					"color": 0,
					"children": [0, 1, 2, 3, 4, 5, 6, 7]
				},
				{
					"name": "hexadecagon",
					"origin": [8, 8, 8],
					"color": 0,
					"children": [8, 9, 10, 11, 12, 13, 14, 15]
				},
				{
					"name": "hexadecagon",
					"origin": [8, 8, 8],
					"color": 0,
					"children": [16, 17, 18, 19, 20, 21, 22, 23]
				}
			]
		}
	]
}