{
	"credit": "AlexTestria | https://alex-bauerndistel.de",
	"textures": {
		"2": "brickcraft/material/plastics/shader_support/plastic38",
		"particle": "brickcraft/material/plastics/shader_support/plastic38"
	},
	"elements": [
		{
			"name": "hexadecagon",
			"from": [7.50272, 0, 5.5],
			"to": [8.49728, 3.5, 10.5],
			"rotation": {"angle": 45, "axis": "y", "origin": [8, 2.25, 8]},
			"faces": {
				"north": {"uv": [0, 0, 0.99456, 3.5], "texture": "#2"},
				"south": {"uv": [0, 0, 0.99456, 3.5], "texture": "#2"},
				"up": {"uv": [0, 0, 0.99456, 5], "texture": "#2"},
				"down": {"uv": [0, 0, 0.99456, 5], "texture": "#2"}
			}
		},
		{
			"name": "hexadecagon",
			"from": [7.50272, 0, 5.5],
			"to": [8.49728, 3.5, 10.5],
			"rotation": {"angle": 22.5, "axis": "y", "origin": [8, 2.25, 8]},
			"faces": {
				"north": {"uv": [0, 0, 0.99456, 3.5], "texture": "#2"},
				"south": {"uv": [0, 0, 0.99456, 3.5], "texture": "#2"},
				"up": {"uv": [0, 0, 0.99456, 5], "texture": "#2"},
				"down": {"uv": [0, 0, 0.99456, 5], "texture": "#2"}
			}
		},
		{
			"name": "hexadecagon",
			"from": [7.50272, 0, 5.5],
			"to": [8.49728, 3.5, 10.5],
			"rotation": {"angle": 0, "axis": "y", "origin": [8, 2.25, 8]},
			"faces": {
				"north": {"uv": [0, 0, 0.99456, 3.5], "texture": "#2"},
				"south": {"uv": [0, 0, 0.99456, 3.5], "texture": "#2"},
				"up": {"uv": [0, 0, 0.99456, 5], "texture": "#2"},
				"down": {"uv": [0, 0, 0.99456, 5], "texture": "#2"}
			}
		},
		{
			"name": "hexadecagon",
			"from": [7.50272, 0, 5.5],
			"to": [8.49728, 3.5, 10.5],
			"rotation": {"angle": -22.5, "axis": "y", "origin": [8, 2.25, 8]},
			"faces": {
				"north": {"uv": [0, 0, 0.99456, 3.5], "texture": "#2"},
				"south": {"uv": [0, 0, 0.99456, 3.5], "texture": "#2"},
				"up": {"uv": [0, 0, 0.99456, 5], "texture": "#2"},
				"down": {"uv": [0, 0, 0.99456, 5], "texture": "#2"}
			}
		},
		{
			"name": "hexadecagon",
			"from": [7.50272, 0, 5.5],
			"to": [8.49728, 3.5, 10.5],
			"rotation": {"angle": -45, "axis": "y", "origin": [8, 2.25, 8]},
			"faces": {
				"north": {"uv": [0, 0, 0.99456, 3.5], "texture": "#2"},
				"south": {"uv": [0, 0, 0.99456, 3.5], "texture": "#2"},
				"up": {"uv": [0, 0, 0.99456, 5], "texture": "#2"},
				"down": {"uv": [0, 0, 0.99456, 5], "texture": "#2"}
			}
		},
		{
			"name": "hexadecagon",
			"from": [5.5, 0, 7.50272],
			"to": [10.5, 3.5, 8.49728],
			"rotation": {"angle": 22.5, "axis": "y", "origin": [8, 2.25, 8]},
			"faces": {
				"east": {"uv": [0, 0, 0.99456, 3.5], "texture": "#2"},
				"west": {"uv": [0, 0, 0.99456, 3.5], "texture": "#2"},
				"up": {"uv": [0, 0, 5, 0.99456], "texture": "#2"},
				"down": {"uv": [0, 0, 5, 0.99456], "texture": "#2"}
			}
		},
		{
			"name": "hexadecagon",
			"from": [5.5, 0, 7.50272],
			"to": [10.5, 3.5, 8.49728],
			"rotation": {"angle": 0, "axis": "y", "origin": [8, 2.25, 8]},
			"faces": {
				"east": {"uv": [0, 0, 0.99456, 3.5], "texture": "#2"},
				"west": {"uv": [0, 0, 0.99456, 3.5], "texture": "#2"},
				"up": {"uv": [0, 0, 5, 0.99456], "texture": "#2"},
				"down": {"uv": [0, 0, 5, 0.99456], "texture": "#2"}
			}
		},
		{
			"name": "hexadecagon",
			"from": [5.5, 0, 7.50272],
			"to": [10.5, 3.5, 8.49728],
			"rotation": {"angle": -22.5, "axis": "y", "origin": [8, 2.25, 8]},
			"faces": {
				"east": {"uv": [0, 0, 0.99456, 3.5], "texture": "#2"},
				"west": {"uv": [0, 0, 0.99456, 3.5], "texture": "#2"},
				"up": {"uv": [0, 0, 5, 0.99456], "texture": "#2"},
				"down": {"uv": [0, 0, 5, 0.99456], "texture": "#2"}
			}
		},
		{
			"name": "hexadecagon",
			"from": [5.2884, 3, 8.47746],
			"to": [6.58806, 3.75, 8.9378],
			"rotation": {"angle": 22.5, "axis": "y", "origin": [5.53806, 3.375, 8.44134]},
			"faces": {
				"east": {"uv": [0, 0, 0.46035, 0.75], "texture": "#2"},
				"south": {"uv": [0, 0, 1.29966, 0.75], "texture": "#2"},
				"up": {"uv": [0, 0, 1.29966, 0.46035], "texture": "#2"},
				"down": {"uv": [0, 0, 1.29966, 0.46035], "texture": "#2"}
			}
		},
		{
			"name": "hexadecagon",
			"from": [3.99827, 3, 8.49728],
			"to": [5.49739, 3.75, 8.99555],
			"rotation": {"angle": 0, "axis": "y", "origin": [4.74739, 3.375, 8.49916]},
			"faces": {
				"south": {"uv": [0, 0, 1.49912, 0.75], "texture": "#2"},
				"up": {"uv": [0, 0, 1.49912, 0.49827], "texture": "#2"},
				"down": {"uv": [0, 0, 1.49912, 0.49827], "texture": "#2"}
			}
		},
		{
			"name": "hexadecagon",
			"from": [3.88468, 3, 7.92598],
			"to": [4.23701, 3.75, 8.63065],
			"rotation": {"angle": 45, "axis": "y", "origin": [4.38196, 3.375, 8.67598]},
			"faces": {
				"west": {"uv": [0, 0, 0.70467, 0.75], "texture": "#2"},
				"up": {"uv": [0, 0, 0.35233, 0.70467], "texture": "#2"},
				"down": {"uv": [0, 0, 0.35233, 0.70467], "texture": "#2"}
			}
		},
		{
			"name": "hexadecagon",
			"from": [3.5, 3, 7.50272],
			"to": [7.5, 3.75, 8.49728],
			"rotation": {"angle": 0, "axis": "y", "origin": [8, 2.25, 8]},
			"faces": {
				"north": {"uv": [0, 0, 4, 0.75], "texture": "#2"},
				"east": {"uv": [0, 0, 0.99456, 0.75], "texture": "#2"},
				"south": {"uv": [0, 0, 4, 0.75], "texture": "#2"},
				"west": {"uv": [0, 0, 0.99456, 0.75], "texture": "#2"},
				"up": {"uv": [0, 0, 4, 0.99456], "texture": "#2"},
				"down": {"uv": [0, 0, 4, 0.99456], "texture": "#2"}
			}
		},
		{
			"name": "hexadecagon",
			"from": [5.2884, 3, 7.0622],
			"to": [6.58806, 3.75, 7.52254],
			"rotation": {"angle": -22.5, "axis": "y", "origin": [5.53806, 3.375, 7.55866]},
			"faces": {
				"north": {"uv": [0, 0, 1.29966, 0.75], "texture": "#2"},
				"east": {"uv": [0, 0, 0.46035, 0.75], "texture": "#2"},
				"up": {"uv": [0, 0, 1.29966, 0.46035], "texture": "#2"},
				"down": {"uv": [0, 0, 1.29966, 0.46035], "texture": "#2"}
			}
		},
		{
			"name": "hexadecagon",
			"from": [3.99827, 3, 7.00445],
			"to": [5.49739, 3.75, 7.50272],
			"rotation": {"angle": 0, "axis": "y", "origin": [4.74739, 3.375, 7.50084]},
			"faces": {
				"north": {"uv": [0, 0, 1.49912, 0.75], "texture": "#2"},
				"up": {"uv": [0, 0, 1.49912, 0.49827], "texture": "#2"},
				"down": {"uv": [0, 0, 1.49912, 0.49827], "texture": "#2"}
			}
		},
		{
			"name": "hexadecagon",
			"from": [3.63196, 3, 6.82674],
			"to": [4.33663, 3.75, 7.17907],
			"rotation": {"angle": 45, "axis": "y", "origin": [4.38196, 3.375, 7.32402]},
			"faces": {
				"north": {"uv": [0, 0, 0.70467, 0.75], "texture": "#2"},
				"up": {"uv": [0, 0, 0.70467, 0.35233], "texture": "#2"},
				"down": {"uv": [0, 0, 0.70467, 0.35233], "texture": "#2"}
			}
		},
		{
			"name": "hexadecagon",
			"from": [9.41194, 3, 8.47746],
			"to": [10.7116, 3.75, 8.9378],
			"rotation": {"angle": -22.5, "axis": "y", "origin": [10.46194, 3.375, 8.44134]},
			"faces": {
				"south": {"uv": [0, 0, 1.29966, 0.75], "texture": "#2"},
				"west": {"uv": [0, 0, 0.46035, 0.75], "texture": "#2"},
				"up": {"uv": [0, 0, 1.29966, 0.46035], "texture": "#2"},
				"down": {"uv": [0, 0, 1.29966, 0.46035], "texture": "#2"}
			}
		},
		{
			"name": "hexadecagon",
			"from": [10.50261, 3, 8.49728],
			"to": [12.00173, 3.75, 8.99555],
			"rotation": {"angle": 0, "axis": "y", "origin": [11.25261, 3.375, 8.49916]},
			"faces": {
				"south": {"uv": [0, 0, 1.49912, 0.75], "texture": "#2"},
				"up": {"uv": [0, 0, 1.49912, 0.49827], "texture": "#2"},
				"down": {"uv": [0, 0, 1.49912, 0.49827], "texture": "#2"}
			}
		},
		{
			"name": "hexadecagon",
			"from": [11.76299, 3, 7.92598],
			"to": [12.11532, 3.75, 8.63065],
			"rotation": {"angle": -45, "axis": "y", "origin": [11.61804, 3.375, 8.67598]},
			"faces": {
				"east": {"uv": [0, 0, 0.70467, 0.75], "texture": "#2"},
				"up": {"uv": [0, 0, 0.35233, 0.70467], "texture": "#2"},
				"down": {"uv": [0, 0, 0.35233, 0.70467], "texture": "#2"}
			}
		},
		{
			"name": "hexadecagon",
			"from": [8.5, 3, 7.50272],
			"to": [12.5, 3.75, 8.49728],
			"rotation": {"angle": 0, "axis": "y", "origin": [8, 2.25, 8]},
			"faces": {
				"north": {"uv": [0, 0, 4, 0.75], "texture": "#2"},
				"east": {"uv": [0, 0, 0.99456, 0.75], "texture": "#2"},
				"south": {"uv": [0, 0, 4, 0.75], "texture": "#2"},
				"west": {"uv": [0, 0, 0.99456, 0.75], "texture": "#2"},
				"up": {"uv": [0, 0, 4, 0.99456], "texture": "#2"},
				"down": {"uv": [0, 0, 4, 0.99456], "texture": "#2"}
			}
		},
		{
			"name": "hexadecagon",
			"from": [9.41194, 3, 7.0622],
			"to": [10.7116, 3.75, 7.52254],
			"rotation": {"angle": 22.5, "axis": "y", "origin": [10.46194, 3.375, 7.55866]},
			"faces": {
				"north": {"uv": [0, 0, 1.29966, 0.75], "texture": "#2"},
				"west": {"uv": [0, 0, 0.46035, 0.75], "texture": "#2"},
				"up": {"uv": [0, 0, 1.29966, 0.46035], "texture": "#2"},
				"down": {"uv": [0, 0, 1.29966, 0.46035], "texture": "#2"}
			}
		},
		{
			"name": "hexadecagon",
			"from": [10.50261, 3, 7.00445],
			"to": [12.00173, 3.75, 7.50272],
			"rotation": {"angle": 0, "axis": "y", "origin": [11.25261, 3.375, 7.50084]},
			"faces": {
				"north": {"uv": [0, 0, 1.49912, 0.75], "texture": "#2"},
				"up": {"uv": [0, 0, 1.49912, 0.49827], "texture": "#2"},
				"down": {"uv": [0, 0, 1.49912, 0.49827], "texture": "#2"}
			}
		},
		{
			"name": "hexadecagon",
			"from": [11.66337, 3, 6.82674],
			"to": [12.36804, 3.75, 7.17907],
			"rotation": {"angle": -45, "axis": "y", "origin": [11.61804, 3.375, 7.32402]},
			"faces": {
				"north": {"uv": [0, 0, 0.70467, 0.75], "texture": "#2"},
				"up": {"uv": [0, 0, 0.70467, 0.35233], "texture": "#2"},
				"down": {"uv": [0, 0, 0.70467, 0.35233], "texture": "#2"}
			}
		},
		{
			"name": "hexadecagon",
			"from": [5.96458, 3, 6.51744],
			"to": [7.26425, 3.75, 6.97778],
			"rotation": {"angle": -22.5, "axis": "y", "origin": [5.85468, 3.375, 5.85468]},
			"faces": {
				"east": {"uv": [0, 0, 0.46035, 0.75], "texture": "#2"},
				"south": {"uv": [0, 0, 1.29966, 0.75], "texture": "#2"},
				"up": {"uv": [0, 0, 1.29966, 0.46035], "texture": "#2"},
				"down": {"uv": [0, 0, 1.29966, 0.46035], "texture": "#2"}
			}
		},
		{
			"name": "hexadecagon",
			"from": [4.88689, 3, 6.35196],
			"to": [6.38601, 3.75, 6.85023],
			"rotation": {"angle": -45, "axis": "y", "origin": [5.85468, 3.375, 5.85468]},
			"faces": {
				"south": {"uv": [0, 0, 1.49912, 0.75], "texture": "#2"},
				"up": {"uv": [0, 0, 1.49912, 0.49827], "texture": "#2"},
				"down": {"uv": [0, 0, 1.49912, 0.49827], "texture": "#2"}
			}
		},
		{
			"name": "hexadecagon",
			"from": [4.46639, 3, 5.16965],
			"to": [4.81872, 3.75, 5.87432],
			"rotation": {"angle": 0, "axis": "y", "origin": [5.85468, 3.375, 5.85468]},
			"faces": {
				"west": {"uv": [0, 0, 0.70467, 0.75], "texture": "#2"},
				"up": {"uv": [0, 0, 0.35233, 0.70467], "texture": "#2"},
				"down": {"uv": [0, 0, 0.35233, 0.70467], "texture": "#2"}
			}
		},
		{
			"name": "hexadecagon",
			"from": [4.38862, 3, 5.3574],
			"to": [8.38862, 3.75, 6.35196],
			"rotation": {"angle": -45, "axis": "y", "origin": [5.85468, 3.375, 5.85468]},
			"faces": {
				"north": {"uv": [0, 0, 4, 0.75], "texture": "#2"},
				"east": {"uv": [0, 0, 0.99456, 0.75], "texture": "#2"},
				"south": {"uv": [0, 0, 4, 0.75], "texture": "#2"},
				"west": {"uv": [0, 0, 0.99456, 0.75], "texture": "#2"},
				"up": {"uv": [0, 0, 4, 0.99456], "texture": "#2"},
				"down": {"uv": [0, 0, 4, 0.99456], "texture": "#2"}
			}
		},
		{
			"name": "hexadecagon",
			"from": [6.51744, 3, 5.96458],
			"to": [6.97778, 3.75, 7.26425],
			"rotation": {"angle": 22.5, "axis": "y", "origin": [5.85468, 3.375, 5.85468]},
			"faces": {
				"east": {"uv": [0, 0, 1.29966, 0.75], "texture": "#2"},
				"south": {"uv": [0, 0, 0.46035, 0.75], "texture": "#2"},
				"up": {"uv": [0, 0, 0.46035, 1.29966], "texture": "#2"},
				"down": {"uv": [0, 0, 0.46035, 1.29966], "texture": "#2"}
			}
		},
		{
			"name": "hexadecagon",
			"from": [4.88689, 3, 4.85913],
			"to": [6.38601, 3.75, 5.3574],
			"rotation": {"angle": -45, "axis": "y", "origin": [5.85468, 3.375, 5.85468]},
			"faces": {
				"north": {"uv": [0, 0, 1.49912, 0.75], "texture": "#2"},
				"up": {"uv": [0, 0, 1.49912, 0.49827], "texture": "#2"},
				"down": {"uv": [0, 0, 1.49912, 0.49827], "texture": "#2"}
			}
		},
		{
			"name": "hexadecagon",
			"from": [5.16965, 3, 4.46639],
			"to": [5.87432, 3.75, 4.81872],
			"rotation": {"angle": 0, "axis": "y", "origin": [5.85468, 3.375, 5.85468]},
			"faces": {
				"north": {"uv": [0, 0, 0.70467, 0.75], "texture": "#2"},
				"up": {"uv": [0, 0, 0.70467, 0.35233], "texture": "#2"},
				"down": {"uv": [0, 0, 0.70467, 0.35233], "texture": "#2"}
			}
		},
		{
			"name": "hexadecagon",
			"from": [8.73575, 3, 6.51744],
			"to": [10.03542, 3.75, 6.97778],
			"rotation": {"angle": 22.5, "axis": "y", "origin": [10.14532, 3.375, 5.85468]},
			"faces": {
				"south": {"uv": [0, 0, 1.29966, 0.75], "texture": "#2"},
				"west": {"uv": [0, 0, 0.46035, 0.75], "texture": "#2"},
				"up": {"uv": [0, 0, 1.29966, 0.46035], "texture": "#2"},
				"down": {"uv": [0, 0, 1.29966, 0.46035], "texture": "#2"}
			}
		},
		{
			"name": "hexadecagon",
			"from": [9.61399, 3, 6.35196],
			"to": [11.11311, 3.75, 6.85023],
			"rotation": {"angle": 45, "axis": "y", "origin": [10.14532, 3.375, 5.85468]},
			"faces": {
				"south": {"uv": [0, 0, 1.49912, 0.75], "texture": "#2"},
				"up": {"uv": [0, 0, 1.49912, 0.49827], "texture": "#2"},
				"down": {"uv": [0, 0, 1.49912, 0.49827], "texture": "#2"}
			}
		},
		{
			"name": "hexadecagon",
			"from": [11.18128, 3, 5.16965],
			"to": [11.53361, 3.75, 5.87432],
			"rotation": {"angle": 0, "axis": "y", "origin": [10.14532, 3.375, 5.85468]},
			"faces": {
				"east": {"uv": [0, 0, 0.70467, 0.75], "texture": "#2"},
				"up": {"uv": [0, 0, 0.35233, 0.70467], "texture": "#2"},
				"down": {"uv": [0, 0, 0.35233, 0.70467], "texture": "#2"}
			}
		},
		{
			"name": "hexadecagon",
			"from": [7.61138, 3, 5.3574],
			"to": [11.61138, 3.75, 6.35196],
			"rotation": {"angle": 45, "axis": "y", "origin": [10.14532, 3.375, 5.85468]},
			"faces": {
				"north": {"uv": [0, 0, 4, 0.75], "texture": "#2"},
				"east": {"uv": [0, 0, 0.99456, 0.75], "texture": "#2"},
				"south": {"uv": [0, 0, 4, 0.75], "texture": "#2"},
				"west": {"uv": [0, 0, 0.99456, 0.75], "texture": "#2"},
				"up": {"uv": [0, 0, 4, 0.99456], "texture": "#2"},
				"down": {"uv": [0, 0, 4, 0.99456], "texture": "#2"}
			}
		},
		{
			"name": "hexadecagon",
			"from": [9.02222, 3, 5.96458],
			"to": [9.48256, 3.75, 7.26425],
			"rotation": {"angle": -22.5, "axis": "y", "origin": [10.14532, 3.375, 5.85468]},
			"faces": {
				"south": {"uv": [0, 0, 0.46035, 0.75], "texture": "#2"},
				"west": {"uv": [0, 0, 1.29966, 0.75], "texture": "#2"},
				"up": {"uv": [0, 0, 0.46035, 1.29966], "texture": "#2"},
				"down": {"uv": [0, 0, 0.46035, 1.29966], "texture": "#2"}
			}
		},
		{
			"name": "hexadecagon",
			"from": [9.61399, 3, 4.85913],
			"to": [11.11311, 3.75, 5.3574],
			"rotation": {"angle": 45, "axis": "y", "origin": [10.14532, 3.375, 5.85468]},
			"faces": {
				"north": {"uv": [0, 0, 1.49912, 0.75], "texture": "#2"},
				"up": {"uv": [0, 0, 1.49912, 0.49827], "texture": "#2"},
				"down": {"uv": [0, 0, 1.49912, 0.49827], "texture": "#2"}
			}
		},
		{
			"name": "hexadecagon",
			"from": [10.12568, 3, 4.46639],
			"to": [10.83035, 3.75, 4.81872],
			"rotation": {"angle": 0, "axis": "y", "origin": [10.14532, 3.375, 5.85468]},
			"faces": {
				"north": {"uv": [0, 0, 0.70467, 0.75], "texture": "#2"},
				"up": {"uv": [0, 0, 0.70467, 0.35233], "texture": "#2"},
				"down": {"uv": [0, 0, 0.70467, 0.35233], "texture": "#2"}
			}
		},
		{
			"name": "hexadecagon",
			"from": [8.73575, 3, 9.02222],
			"to": [10.03542, 3.75, 9.48256],
			"rotation": {"angle": -22.5, "axis": "y", "origin": [10.14532, 3.375, 10.14532]},
			"faces": {
				"north": {"uv": [0, 0, 1.29966, 0.75], "texture": "#2"},
				"west": {"uv": [0, 0, 0.46035, 0.75], "texture": "#2"},
				"up": {"uv": [0, 0, 1.29966, 0.46035], "texture": "#2"},
				"down": {"uv": [0, 0, 1.29966, 0.46035], "texture": "#2"}
			}
		},
		{
			"name": "hexadecagon",
			"from": [9.61399, 3, 9.14977],
			"to": [11.11311, 3.75, 9.64804],
			"rotation": {"angle": -45, "axis": "y", "origin": [10.14532, 3.375, 10.14532]},
			"faces": {
				"north": {"uv": [0, 0, 1.49912, 0.75], "texture": "#2"},
				"up": {"uv": [0, 0, 1.49912, 0.49827], "texture": "#2"},
				"down": {"uv": [0, 0, 1.49912, 0.49827], "texture": "#2"}
			}
		},
		{
			"name": "hexadecagon",
			"from": [11.18128, 3, 10.12568],
			"to": [11.53361, 3.75, 10.83035],
			"rotation": {"angle": 0, "axis": "y", "origin": [10.14532, 3.375, 10.14532]},
			"faces": {
				"east": {"uv": [0, 0, 0.70467, 0.75], "texture": "#2"},
				"up": {"uv": [0, 0, 0.35233, 0.70467], "texture": "#2"},
				"down": {"uv": [0, 0, 0.35233, 0.70467], "texture": "#2"}
			}
		},
		{
			"name": "hexadecagon",
			"from": [7.61138, 3, 9.64804],
			"to": [11.61138, 3.75, 10.6426],
			"rotation": {"angle": -45, "axis": "y", "origin": [10.14532, 3.375, 10.14532]},
			"faces": {
				"north": {"uv": [0, 0, 4, 0.75], "texture": "#2"},
				"east": {"uv": [0, 0, 0.99456, 0.75], "texture": "#2"},
				"south": {"uv": [0, 0, 4, 0.75], "texture": "#2"},
				"west": {"uv": [0, 0, 0.99456, 0.75], "texture": "#2"},
				"up": {"uv": [0, 0, 4, 0.99456], "texture": "#2"},
				"down": {"uv": [0, 0, 4, 0.99456], "texture": "#2"}
			}
		},
		{
			"name": "hexadecagon",
			"from": [9.02222, 3, 8.73575],
			"to": [9.48256, 3.75, 10.03542],
			"rotation": {"angle": 22.5, "axis": "y", "origin": [10.14532, 3.375, 10.14532]},
			"faces": {
				"north": {"uv": [0, 0, 0.46035, 0.75], "texture": "#2"},
				"west": {"uv": [0, 0, 1.29966, 0.75], "texture": "#2"},
				"up": {"uv": [0, 0, 0.46035, 1.29966], "texture": "#2"},
				"down": {"uv": [0, 0, 0.46035, 1.29966], "texture": "#2"}
			}
		},
		{
			"name": "hexadecagon",
			"from": [9.61399, 3, 10.6426],
			"to": [11.11311, 3.75, 11.14087],
			"rotation": {"angle": -45, "axis": "y", "origin": [10.14532, 3.375, 10.14532]},
			"faces": {
				"south": {"uv": [0, 0, 1.49912, 0.75], "texture": "#2"},
				"up": {"uv": [0, 0, 1.49912, 0.49827], "texture": "#2"},
				"down": {"uv": [0, 0, 1.49912, 0.49827], "texture": "#2"}
			}
		},
		{
			"name": "hexadecagon",
			"from": [10.12568, 3, 11.18128],
			"to": [10.83035, 3.75, 11.53361],
			"rotation": {"angle": 0, "axis": "y", "origin": [10.14532, 3.375, 10.14532]},
			"faces": {
				"south": {"uv": [0, 0, 0.70467, 0.75], "texture": "#2"},
				"up": {"uv": [0, 0, 0.70467, 0.35233], "texture": "#2"},
				"down": {"uv": [0, 0, 0.70467, 0.35233], "texture": "#2"}
			}
		},
		{
			"name": "hexadecagon",
			"from": [5.96458, 3, 9.02222],
			"to": [7.26425, 3.75, 9.48256],
			"rotation": {"angle": 22.5, "axis": "y", "origin": [5.85468, 3.375, 10.14532]},
			"faces": {
				"north": {"uv": [0, 0, 1.29966, 0.75], "texture": "#2"},
				"east": {"uv": [0, 0, 0.46035, 0.75], "texture": "#2"},
				"up": {"uv": [0, 0, 1.29966, 0.46035], "texture": "#2"},
				"down": {"uv": [0, 0, 1.29966, 0.46035], "texture": "#2"}
			}
		},
		{
			"name": "hexadecagon",
			"from": [4.88689, 3, 9.14977],
			"to": [6.38601, 3.75, 9.64804],
			"rotation": {"angle": 45, "axis": "y", "origin": [5.85468, 3.375, 10.14532]},
			"faces": {
				"north": {"uv": [0, 0, 1.49912, 0.75], "texture": "#2"},
				"up": {"uv": [0, 0, 1.49912, 0.49827], "texture": "#2"},
				"down": {"uv": [0, 0, 1.49912, 0.49827], "texture": "#2"}
			}
		},
		{
			"name": "hexadecagon",
			"from": [4.46639, 3, 10.12568],
			"to": [4.81872, 3.75, 10.83035],
			"rotation": {"angle": 0, "axis": "y", "origin": [5.85468, 3.375, 10.14532]},
			"faces": {
				"west": {"uv": [0, 0, 0.70467, 0.75], "texture": "#2"},
				"up": {"uv": [0, 0, 0.35233, 0.70467], "texture": "#2"},
				"down": {"uv": [0, 0, 0.35233, 0.70467], "texture": "#2"}
			}
		},
		{
			"name": "hexadecagon",
			"from": [4.38862, 3, 9.64804],
			"to": [8.38862, 3.75, 10.6426],
			"rotation": {"angle": 45, "axis": "y", "origin": [5.85468, 3.375, 10.14532]},
			"faces": {
				"north": {"uv": [0, 0, 4, 0.75], "texture": "#2"},
				"east": {"uv": [0, 0, 0.99456, 0.75], "texture": "#2"},
				"south": {"uv": [0, 0, 4, 0.75], "texture": "#2"},
				"west": {"uv": [0, 0, 0.99456, 0.75], "texture": "#2"},
				"up": {"uv": [0, 0, 4, 0.99456], "texture": "#2"},
				"down": {"uv": [0, 0, 4, 0.99456], "texture": "#2"}
			}
		},
		{
			"name": "hexadecagon",
			"from": [6.51744, 3, 8.73575],
			"to": [6.97778, 3.75, 10.03542],
			"rotation": {"angle": -22.5, "axis": "y", "origin": [5.85468, 3.375, 10.14532]},
			"faces": {
				"north": {"uv": [0, 0, 0.46035, 0.75], "texture": "#2"},
				"east": {"uv": [0, 0, 1.29966, 0.75], "texture": "#2"},
				"up": {"uv": [0, 0, 0.46035, 1.29966], "texture": "#2"},
				"down": {"uv": [0, 0, 0.46035, 1.29966], "texture": "#2"}
			}
		},
		{
			"name": "hexadecagon",
			"from": [4.88689, 3, 10.6426],
			"to": [6.38601, 3.75, 11.14087],
			"rotation": {"angle": 45, "axis": "y", "origin": [5.85468, 3.375, 10.14532]},
			"faces": {
				"south": {"uv": [0, 0, 1.49912, 0.75], "texture": "#2"},
				"up": {"uv": [0, 0, 1.49912, 0.49827], "texture": "#2"},
				"down": {"uv": [0, 0, 1.49912, 0.49827], "texture": "#2"}
			}
		},
		{
			"name": "hexadecagon",
			"from": [5.16965, 3, 11.18128],
			"to": [5.87432, 3.75, 11.53361],
			"rotation": {"angle": 0, "axis": "y", "origin": [5.85468, 3.375, 10.14532]},
			"faces": {
				"south": {"uv": [0, 0, 0.70467, 0.75], "texture": "#2"},
				"up": {"uv": [0, 0, 0.70467, 0.35233], "texture": "#2"},
				"down": {"uv": [0, 0, 0.70467, 0.35233], "texture": "#2"}
			}
		},
		{
			"name": "hexadecagon",
			"from": [6.8769, 3, 5.07596],
			"to": [7.33724, 3.75, 6.37563],
			"rotation": {"angle": 22.5, "axis": "y", "origin": [8, 3.375, 4.96606]},
			"faces": {
				"south": {"uv": [0, 0, 0.46035, 0.75], "texture": "#2"},
				"west": {"uv": [0, 0, 1.29966, 0.75], "texture": "#2"},
				"up": {"uv": [0, 0, 0.46035, 1.29966], "texture": "#2"},
				"down": {"uv": [0, 0, 0.46035, 1.29966], "texture": "#2"}
			}
		},
		{
			"name": "hexadecagon",
			"from": [7.00445, 3, 3.99827],
			"to": [7.50272, 3.75, 5.49739],
			"rotation": {"angle": 0, "axis": "y", "origin": [8, 3.375, 4.96606]},
			"faces": {
				"west": {"uv": [0, 0, 1.49912, 0.75], "texture": "#2"},
				"up": {"uv": [0, 0, 0.49827, 1.49912], "texture": "#2"},
				"down": {"uv": [0, 0, 0.49827, 1.49912], "texture": "#2"}
			}
		},
		{
			"name": "hexadecagon",
			"from": [6.61171, 3, 4.28103],
			"to": [6.96404, 3.75, 4.9857],
			"rotation": {"angle": -45, "axis": "y", "origin": [8, 3.375, 4.96606]},
			"faces": {
				"west": {"uv": [0, 0, 0.70467, 0.75], "texture": "#2"},
				"up": {"uv": [0, 0, 0.35233, 0.70467], "texture": "#2"},
				"down": {"uv": [0, 0, 0.35233, 0.70467], "texture": "#2"}
			}
		},
		{
			"name": "hexadecagon",
			"from": [7.50272, 3, 3.5],
			"to": [8.49728, 3.75, 7.5],
			"rotation": {"angle": 0, "axis": "y", "origin": [8, 3.375, 4.96606]},
			"faces": {
				"north": {"uv": [0, 0, 0.99456, 0.75], "texture": "#2"},
				"east": {"uv": [0, 0, 4, 0.75], "texture": "#2"},
				"south": {"uv": [0, 0, 0.99456, 0.75], "texture": "#2"},
				"west": {"uv": [0, 0, 4, 0.75], "texture": "#2"},
				"up": {"uv": [0, 0, 0.99456, 4], "texture": "#2"},
				"down": {"uv": [0, 0, 0.99456, 4], "texture": "#2"}
			}
		},
		{
			"name": "hexadecagon",
			"from": [8.66276, 3, 5.07596],
			"to": [9.1231, 3.75, 6.37563],
			"rotation": {"angle": -22.5, "axis": "y", "origin": [8, 3.375, 4.96606]},
			"faces": {
				"east": {"uv": [0, 0, 1.29966, 0.75], "texture": "#2"},
				"south": {"uv": [0, 0, 0.46035, 0.75], "texture": "#2"},
				"up": {"uv": [0, 0, 0.46035, 1.29966], "texture": "#2"},
				"down": {"uv": [0, 0, 0.46035, 1.29966], "texture": "#2"}
			}
		},
		{
			"name": "hexadecagon",
			"from": [8.49728, 3, 3.99827],
			"to": [8.99555, 3.75, 5.49739],
			"rotation": {"angle": 0, "axis": "y", "origin": [8, 3.375, 4.96606]},
			"faces": {
				"east": {"uv": [0, 0, 1.49912, 0.75], "texture": "#2"},
				"up": {"uv": [0, 0, 0.49827, 1.49912], "texture": "#2"},
				"down": {"uv": [0, 0, 0.49827, 1.49912], "texture": "#2"}
			}
		},
		{
			"name": "hexadecagon",
			"from": [7.31497, 3, 3.57777],
			"to": [8.01963, 3.75, 3.9301],
			"rotation": {"angle": -45, "axis": "y", "origin": [8, 3.375, 4.96606]},
			"faces": {
				"north": {"uv": [0, 0, 0.70467, 0.75], "texture": "#2"},
				"up": {"uv": [0, 0, 0.70467, 0.35233], "texture": "#2"},
				"down": {"uv": [0, 0, 0.70467, 0.35233], "texture": "#2"}
			}
		},
		{
			"name": "hexadecagon",
			"from": [6.8769, 3, 9.62437],
			"to": [7.33724, 3.75, 10.92404],
			"rotation": {"angle": -22.5, "axis": "y", "origin": [8, 3.375, 11.03394]},
			"faces": {
				"north": {"uv": [0, 0, 0.46035, 0.75], "texture": "#2"},
				"west": {"uv": [0, 0, 1.29966, 0.75], "texture": "#2"},
				"up": {"uv": [0, 0, 0.46035, 1.29966], "texture": "#2"},
				"down": {"uv": [0, 0, 0.46035, 1.29966], "texture": "#2"}
			}
		},
		{
			"name": "hexadecagon",
			"from": [7.00445, 3, 10.50261],
			"to": [7.50272, 3.75, 12.00173],
			"rotation": {"angle": 0, "axis": "y", "origin": [8, 3.375, 11.03394]},
			"faces": {
				"west": {"uv": [0, 0, 1.49912, 0.75], "texture": "#2"},
				"up": {"uv": [0, 0, 0.49827, 1.49912], "texture": "#2"},
				"down": {"uv": [0, 0, 0.49827, 1.49912], "texture": "#2"}
			}
		},
		{
			"name": "hexadecagon",
			"from": [6.61171, 3, 11.0143],
			"to": [6.96404, 3.75, 11.71897],
			"rotation": {"angle": 45, "axis": "y", "origin": [8, 3.375, 11.03394]},
			"faces": {
				"west": {"uv": [0, 0, 0.70467, 0.75], "texture": "#2"},
				"up": {"uv": [0, 0, 0.35233, 0.70467], "texture": "#2"},
				"down": {"uv": [0, 0, 0.35233, 0.70467], "texture": "#2"}
			}
		},
		{
			"name": "hexadecagon",
			"from": [7.50272, 3, 8.5],
			"to": [8.49728, 3.75, 12.5],
			"rotation": {"angle": 0, "axis": "y", "origin": [8, 3.375, 11.03394]},
			"faces": {
				"north": {"uv": [0, 0, 0.99456, 0.75], "texture": "#2"},
				"east": {"uv": [0, 0, 4, 0.75], "texture": "#2"},
				"south": {"uv": [0, 0, 0.99456, 0.75], "texture": "#2"},
				"west": {"uv": [0, 0, 4, 0.75], "texture": "#2"},
				"up": {"uv": [0, 0, 0.99456, 4], "texture": "#2"},
				"down": {"uv": [0, 0, 0.99456, 4], "texture": "#2"}
			}
		},
		{
			"name": "hexadecagon",
			"from": [8.66276, 3, 9.62437],
			"to": [9.1231, 3.75, 10.92404],
			"rotation": {"angle": 22.5, "axis": "y", "origin": [8, 3.375, 11.03394]},
			"faces": {
				"north": {"uv": [0, 0, 0.46035, 0.75], "texture": "#2"},
				"east": {"uv": [0, 0, 1.29966, 0.75], "texture": "#2"},
				"up": {"uv": [0, 0, 0.46035, 1.29966], "texture": "#2"},
				"down": {"uv": [0, 0, 0.46035, 1.29966], "texture": "#2"}
			}
		},
		{
			"name": "hexadecagon",
			"from": [8.49728, 3, 10.50261],
			"to": [8.99555, 3.75, 12.00173],
			"rotation": {"angle": 0, "axis": "y", "origin": [8, 3.375, 11.03394]},
			"faces": {
				"east": {"uv": [0, 0, 1.49912, 0.75], "texture": "#2"},
				"up": {"uv": [0, 0, 0.49827, 1.49912], "texture": "#2"},
				"down": {"uv": [0, 0, 0.49827, 1.49912], "texture": "#2"}
			}
		},
		{
			"name": "hexadecagon",
			"from": [7.31497, 3, 12.0699],
			"to": [8.01963, 3.75, 12.42223],
			"rotation": {"angle": 45, "axis": "y", "origin": [8, 3.375, 11.03394]},
			"faces": {
				"south": {"uv": [0, 0, 0.70467, 0.75], "texture": "#2"},
				"up": {"uv": [0, 0, 0.70467, 0.35233], "texture": "#2"},
				"down": {"uv": [0, 0, 0.70467, 0.35233], "texture": "#2"}
			}
		}
	],
	"display": {
		"thirdperson_righthand": {
			"rotation": [75, 45, 0],
			"translation": [0, 2.5, 0],
			"scale": [0.375, 0.375, 0.375]
		},
		"thirdperson_lefthand": {
			"rotation": [75, 45, 0],
			"translation": [0, 2.5, 0],
			"scale": [0.375, 0.375, 0.375]
		},
		"firstperson_righthand": {
			"rotation": [0, 45, 0],
			"scale": [0.4, 0.4, 0.4]
		},
		"firstperson_lefthand": {
			"rotation": [0, 225, 0],
			"scale": [0.4, 0.4, 0.4]
		},
		"ground": {
			"translation": [0, 3, 0],
			"scale": [0.25, 0.25, 0.25]
		},
		"gui": {
			"rotation": [30, 225, 0],
			"scale": [0.625, 0.625, 0.625]
		},
		"fixed": {
			"scale": [0.5, 0.5, 0.5]
		}
	},
	"groups": [
		{
			"name": "Little Nob",
			"origin": [8, 8, 8],
			"color": 0,
			"children": [
				{
					"name": "hexadecagon",
					"origin": [8, 8, 8],
					"color": 0,
					"children": [0, 1, 2, 3, 4, 5, 6, 7]
				}
			]
		},
		{
			"name": "Top",
			"origin": [8, 8, 8],
			"color": 0,
			"children": [
				{
					"name": "Leaf",
					"origin": [4.38196, 3.375, 7.32402],
					"color": 0,
					"children": [8, 9, 10, 11, 12, 13, 14]
				},
				{
					"name": "Leaf",
					"origin": [4.38196, 3.375, 7.32402],
					"color": 0,
					"children": [15, 16, 17, 18, 19, 20, 21]
				},
				{
					"name": "Leaf",
					"origin": [4.38196, 3.375, 7.32402],
					"color": 0,
					"children": [22, 23, 24, 25, 26, 27, 28]
				},
				{
					"name": "Leaf",
					"origin": [4.38196, 3.375, 7.32402],
					"color": 0,
					"children": [29, 30, 31, 32, 33, 34, 35]
				},
				{
					"name": "Leaf",
					"origin": [4.38196, 3.375, 7.32402],
					"color": 0,
					"children": [36, 37, 38, 39, 40, 41, 42]
				},
				{
					"name": "Leaf",
					"origin": [4.38196, 3.375, 7.32402],
					"color": 0,
					"children": [43, 44, 45, 46, 47, 48, 49]
				},
				{
					"name": "Leaf",
					"origin": [4.38196, 3.375, 7.32402],
					"color": 0,
					"children": [50, 51, 52, 53, 54, 55, 56]
				},
				{
					"name": "Leaf",
					"origin": [4.38196, 3.375, 7.32402],
					"color": 0,
					"children": [57, 58, 59, 60, 61, 62, 63]
				}
			]
		}
	]
}