{
	"credit": "AlexTestria | https://alex-bauerndistel.de",
	"textures": {
		"2": "brickcraft/material/plastics/shader_support/plastic04",
		"particle": "brickcraft/material/plastics/shader_support/plastic04"
	},
	"elements": [
		{
			"name": "hexadecagon",
			"from": [7.50272, 1.75, 5.5],
			"to": [8.49728, 3, 10.5],
			"rotation": {"angle": 45, "axis": "y", "origin": [8, 2.25, 8]},
			"faces": {
				"north": {"uv": [0, 0, 0.99456, 1.25], "texture": "#2"},
				"south": {"uv": [0, 0, 0.99456, 1.25], "texture": "#2"},
				"up": {"uv": [0, 0, 0.99456, 5], "texture": "#2"}
			}
		},
		{
			"name": "hexadecagon",
			"from": [7.50272, 1.75, 5.5],
			"to": [8.49728, 3, 10.5],
			"rotation": {"angle": 22.5, "axis": "y", "origin": [8, 2.25, 8]},
			"faces": {
				"north": {"uv": [0, 0, 0.99456, 1.25], "texture": "#2"},
				"south": {"uv": [0, 0, 0.99456, 1.25], "texture": "#2"},
				"up": {"uv": [0, 0, 0.99456, 5], "texture": "#2"}
			}
		},
		{
			"name": "hexadecagon",
			"from": [7.50272, 1.75, 5.5],
			"to": [8.49728, 3, 10.5],
			"rotation": {"angle": 0, "axis": "y", "origin": [8, 2.25, 8]},
			"faces": {
				"north": {"uv": [0, 0, 0.99456, 1.25], "texture": "#2"},
				"south": {"uv": [0, 0, 0.99456, 1.25], "texture": "#2"},
				"up": {"uv": [0, 0, 0.99456, 5], "texture": "#2"}
			}
		},
		{
			"name": "hexadecagon",
			"from": [7.50272, 1.75, 5.5],
			"to": [8.49728, 3, 10.5],
			"rotation": {"angle": -22.5, "axis": "y", "origin": [8, 2.25, 8]},
			"faces": {
				"north": {"uv": [0, 0, 0.99456, 1.25], "texture": "#2"},
				"south": {"uv": [0, 0, 0.99456, 1.25], "texture": "#2"},
				"up": {"uv": [0, 0, 0.99456, 5], "texture": "#2"}
			}
		},
		{
			"name": "hexadecagon",
			"from": [7.50272, 1.75, 5.5],
			"to": [8.49728, 3, 10.5],
			"rotation": {"angle": -45, "axis": "y", "origin": [8, 2.25, 8]},
			"faces": {
				"north": {"uv": [0, 0, 0.99456, 1.25], "texture": "#2"},
				"south": {"uv": [0, 0, 0.99456, 1.25], "texture": "#2"},
				"up": {"uv": [0, 0, 0.99456, 5], "texture": "#2"}
			}
		},
		{
			"name": "hexadecagon",
			"from": [5.5, 1.75, 7.50272],
			"to": [10.5, 3, 8.49728],
			"rotation": {"angle": 22.5, "axis": "y", "origin": [8, 2.25, 8]},
			"faces": {
				"east": {"uv": [0, 0, 0.99456, 1.25], "texture": "#2"},
				"west": {"uv": [0, 0, 0.99456, 1.25], "texture": "#2"},
				"up": {"uv": [0, 0, 5, 0.99456], "texture": "#2"}
			}
		},
		{
			"name": "hexadecagon",
			"from": [5.5, 1.75, 7.50272],
			"to": [10.5, 3, 8.49728],
			"rotation": {"angle": 0, "axis": "y", "origin": [8, 2.25, 8]},
			"faces": {
				"east": {"uv": [0, 0, 0.99456, 1.25], "texture": "#2"},
				"west": {"uv": [0, 0, 0.99456, 1.25], "texture": "#2"},
				"up": {"uv": [0, 0, 5, 0.99456], "texture": "#2"}
			}
		},
		{
			"name": "hexadecagon",
			"from": [5.5, 1.75, 7.50272],
			"to": [10.5, 3, 8.49728],
			"rotation": {"angle": -22.5, "axis": "y", "origin": [8, 2.25, 8]},
			"faces": {
				"east": {"uv": [0, 0, 0.99456, 1.25], "texture": "#2"},
				"west": {"uv": [0, 0, 0.99456, 1.25], "texture": "#2"},
				"up": {"uv": [0, 0, 5, 0.99456], "texture": "#2"}
			}
		},
		{
			"name": "hexadecagon",
			"from": [7.35353, 0, 4.75],
			"to": [8.64647, 1.25, 11.25],
			"rotation": {"angle": -45, "axis": "y", "origin": [8, 0.25, 8]},
			"faces": {
				"north": {"uv": [0, 0, 1.29294, 1.25], "texture": "#2"},
				"south": {"uv": [0, 0, 1.29294, 1.25], "texture": "#2"},
				"down": {"uv": [0, 0, 1.29294, 6.5], "texture": "#2"}
			}
		},
		{
			"name": "hexadecagon",
			"from": [7.35353, 0, 4.75],
			"to": [8.64647, 1.25, 11.25],
			"rotation": {"angle": -22.5, "axis": "y", "origin": [8, 0.25, 8]},
			"faces": {
				"north": {"uv": [0, 0, 1.29294, 1.25], "texture": "#2"},
				"south": {"uv": [0, 0, 1.29294, 1.25], "texture": "#2"},
				"down": {"uv": [0, 0, 1.29294, 6.5], "texture": "#2"}
			}
		},
		{
			"name": "hexadecagon",
			"from": [7.35353, 0, 4.75],
			"to": [8.64647, 1.25, 11.25],
			"rotation": {"angle": 0, "axis": "y", "origin": [8, 0.25, 8]},
			"faces": {
				"north": {"uv": [0, 0, 1.29294, 1.25], "texture": "#2"},
				"south": {"uv": [0, 0, 1.29294, 1.25], "texture": "#2"},
				"down": {"uv": [0, 0, 1.29294, 6.5], "texture": "#2"}
			}
		},
		{
			"name": "hexadecagon",
			"from": [7.35353, 0, 4.75],
			"to": [8.64647, 1.25, 11.25],
			"rotation": {"angle": 22.5, "axis": "y", "origin": [8, 0.25, 8]},
			"faces": {
				"north": {"uv": [0, 0, 1.29294, 1.25], "texture": "#2"},
				"south": {"uv": [0, 0, 1.29294, 1.25], "texture": "#2"},
				"down": {"uv": [0, 0, 1.29294, 6.5], "texture": "#2"}
			}
		},
		{
			"name": "hexadecagon",
			"from": [7.35353, 0, 4.75],
			"to": [8.64647, 1.25, 11.25],
			"rotation": {"angle": 45, "axis": "y", "origin": [8, 0.25, 8]},
			"faces": {
				"north": {"uv": [0, 0, 1.29294, 1.25], "texture": "#2"},
				"south": {"uv": [0, 0, 1.29294, 1.25], "texture": "#2"},
				"down": {"uv": [0, 0, 1.29294, 6.5], "texture": "#2"}
			}
		},
		{
			"name": "hexadecagon",
			"from": [4.75, 0, 7.35353],
			"to": [11.25, 1.25, 8.64647],
			"rotation": {"angle": -22.5, "axis": "y", "origin": [8, 0.25, 8]},
			"faces": {
				"east": {"uv": [0, 0, 1.29294, 1.25], "texture": "#2"},
				"west": {"uv": [0, 0, 1.29294, 1.25], "texture": "#2"},
				"down": {"uv": [0, 0, 6.5, 1.29294], "texture": "#2"}
			}
		},
		{
			"name": "hexadecagon",
			"from": [4.75, 0, 7.35353],
			"to": [11.25, 1.25, 8.64647],
			"rotation": {"angle": 0, "axis": "y", "origin": [8, 0.25, 8]},
			"faces": {
				"east": {"uv": [0, 0, 1.29294, 1.25], "texture": "#2"},
				"west": {"uv": [0, 0, 1.29294, 1.25], "texture": "#2"},
				"down": {"uv": [0, 0, 6.5, 1.29294], "texture": "#2"}
			}
		},
		{
			"name": "hexadecagon",
			"from": [4.75, 0, 7.35353],
			"to": [11.25, 1.25, 8.64647],
			"rotation": {"angle": 22.5, "axis": "y", "origin": [8, 0.25, 8]},
			"faces": {
				"east": {"uv": [0, 0, 1.29294, 1.25], "texture": "#2"},
				"west": {"uv": [0, 0, 1.29294, 1.25], "texture": "#2"},
				"down": {"uv": [0, 0, 6.5, 1.29294], "texture": "#2"}
			}
		},
		{
			"name": "hexadecagon",
			"from": [7.25408, 1.25, 4.25],
			"to": [8.74592, 1.75, 11.75],
			"rotation": {"angle": -45, "axis": "y", "origin": [8, 1.75, 8]},
			"faces": {
				"north": {"uv": [0, 0, 1.49184, 0.5], "texture": "#2"},
				"up": {"uv": [0, 0, 1.49184, 7.5], "texture": "#2"},
				"down": {"uv": [0, 0, 1.49184, 7.5], "texture": "#2"}
			}
		},
		{
			"name": "hexadecagon",
			"from": [7.25408, 1.25, 11.25],
			"to": [10.30298, 1.75, 13.75],
			"rotation": {"angle": -45, "axis": "y", "origin": [8, 1.75, 8]},
			"faces": {
				"east": {"uv": [0, 0, 2.5, 0.5], "texture": "#2"},
				"west": {"uv": [0, 0, 2.5, 0.5], "texture": "#2"},
				"up": {"uv": [0, 0, 3.0489, 2.5], "texture": "#2"},
				"down": {"uv": [0, 0, 3.0489, 2.5], "texture": "#2"}
			}
		},
		{
			"name": "hexadecagon",
			"from": [3.23464, 1.25, 11.65338],
			"to": [4.23464, 1.75, 12.40338],
			"rotation": {"angle": -22.5, "axis": "y", "origin": [3.60964, 1.5, 12.02838]},
			"faces": {
				"west": {"uv": [0, 0, 0.75, 0.5], "texture": "#2"},
				"up": {"uv": [0, 0, 1, 0.75], "texture": "#2"},
				"down": {"uv": [0, 0, 1, 0.75], "texture": "#2"}
			}
		},
		{
			"name": "hexadecagon",
			"from": [4.64979, 1.25, 12.87588],
			"to": [5.39979, 1.75, 13.87588],
			"rotation": {"angle": 22.5, "axis": "y", "origin": [5.02479, 1.5, 13.37588]},
			"faces": {
				"south": {"uv": [0, 0, 0.75, 0.5], "texture": "#2"},
				"up": {"uv": [0, 0, 0.75, 1], "texture": "#2"},
				"down": {"uv": [0, 0, 0.75, 1], "texture": "#2"}
			}
		},
		{
			"name": "hexadecagon",
			"from": [3.11968, 1.25, 12.23133],
			"to": [4.86968, 1.75, 13.98133],
			"rotation": {"angle": 0, "axis": "y", "origin": [3.49468, 1.5, 12.60633]},
			"faces": {
				"south": {"uv": [0, 0, 1.75, 0.5], "texture": "#2"},
				"west": {"uv": [0, 0, 1.75, 0.5], "texture": "#2"},
				"up": {"uv": [0, 0, 1.75, 1.75], "texture": "#2"},
				"down": {"uv": [0, 0, 1.75, 1.75], "texture": "#2"}
			}
		},
		{
			"name": "hexadecagon",
			"from": [6.44702, 1.25, 11.5],
			"to": [9.49592, 1.75, 13.75],
			"rotation": {"angle": 0, "axis": "y", "origin": [7.97147, 1.5, 13.75078]},
			"faces": {
				"east": {"uv": [0, 0, 2.25, 0.5], "texture": "#2"},
				"west": {"uv": [0, 0, 2.25, 0.5], "texture": "#2"},
				"up": {"uv": [0, 0, 3.0489, 2.25], "texture": "#2"},
				"down": {"uv": [0, 0, 3.0489, 2.25], "texture": "#2"}
			}
		},
		{
			"name": "hexadecagon",
			"from": [8.37958, 1.25, 13.16668],
			"to": [9.37958, 1.75, 13.91668],
			"rotation": {"angle": -22.5, "axis": "y", "origin": [7.97147, 1.5, 13.75078]},
			"faces": {
				"east": {"uv": [0, 0, 0.75, 0.5], "texture": "#2"},
				"up": {"uv": [0, 0, 1, 0.75], "texture": "#2"},
				"down": {"uv": [0, 0, 1, 0.75], "texture": "#2"}
			}
		},
		{
			"name": "hexadecagon",
			"from": [6.60706, 1.25, 13.36519],
			"to": [8.35706, 1.75, 15.11519],
			"rotation": {"angle": 45, "axis": "y", "origin": [7.97147, 1.5, 13.75078]},
			"faces": {
				"south": {"uv": [0, 0, 1.75, 0.5], "texture": "#2"},
				"west": {"uv": [0, 0, 1.75, 0.5], "texture": "#2"},
				"up": {"uv": [0, 0, 1.75, 1.75], "texture": "#2"},
				"down": {"uv": [0, 0, 1.75, 1.75], "texture": "#2"}
			}
		},
		{
			"name": "hexadecagon",
			"from": [6.56336, 1.25, 13.16668],
			"to": [7.56336, 1.75, 13.91668],
			"rotation": {"angle": 22.5, "axis": "y", "origin": [7.97147, 1.5, 13.75078]},
			"faces": {
				"west": {"uv": [0, 0, 0.75, 0.5], "texture": "#2"},
				"up": {"uv": [0, 0, 1, 0.75], "texture": "#2"},
				"down": {"uv": [0, 0, 1, 0.75], "texture": "#2"}
			}
		},
		{
			"name": "hexadecagon",
			"from": [9.01513, 1.25, 11.09247],
			"to": [11.51513, 1.75, 14.14137],
			"rotation": {"angle": -45, "axis": "y", "origin": [11.51591, 1.5, 12.61692]},
			"faces": {
				"north": {"uv": [0, 0, 2.5, 0.5], "texture": "#2"},
				"south": {"uv": [0, 0, 2.5, 0.5], "texture": "#2"},
				"up": {"uv": [0, 0, 2.5, 3.0489], "texture": "#2"},
				"down": {"uv": [0, 0, 2.5, 3.0489], "texture": "#2"}
			}
		},
		{
			"name": "hexadecagon",
			"from": [10.93181, 1.25, 13.02503],
			"to": [11.68181, 1.75, 14.02503],
			"rotation": {"angle": -22.5, "axis": "y", "origin": [11.51591, 1.5, 12.61692]},
			"faces": {
				"south": {"uv": [0, 0, 0.75, 0.5], "texture": "#2"},
				"up": {"uv": [0, 0, 0.75, 1], "texture": "#2"},
				"down": {"uv": [0, 0, 0.75, 1], "texture": "#2"}
			}
		},
		{
			"name": "hexadecagon",
			"from": [11.92402, 1.25, 12.03282],
			"to": [12.92402, 1.75, 12.78282],
			"rotation": {"angle": 22.5, "axis": "y", "origin": [11.51591, 1.5, 12.61692]},
			"faces": {
				"east": {"uv": [0, 0, 0.75, 0.5], "texture": "#2"},
				"up": {"uv": [0, 0, 1, 0.75], "texture": "#2"},
				"down": {"uv": [0, 0, 1, 0.75], "texture": "#2"}
			}
		},
		{
			"name": "hexadecagon",
			"from": [11.13032, 1.25, 12.23133],
			"to": [12.88032, 1.75, 13.98133],
			"rotation": {"angle": 0, "axis": "y", "origin": [11.51591, 1.5, 12.61692]},
			"faces": {
				"east": {"uv": [0, 0, 1.75, 0.5], "texture": "#2"},
				"south": {"uv": [0, 0, 1.75, 0.5], "texture": "#2"},
				"up": {"uv": [0, 0, 1.75, 1.75], "texture": "#2"},
				"down": {"uv": [0, 0, 1.75, 1.75], "texture": "#2"}
			}
		},
		{
			"name": "hexadecagon",
			"from": [7.25408, 1.25, 4.25],
			"to": [8.74592, 1.75, 11.75],
			"rotation": {"angle": -22.5, "axis": "y", "origin": [8, 1.75, 8]},
			"faces": {
				"north": {"uv": [0, 0, 1.49184, 0.5], "texture": "#2"},
				"up": {"uv": [0, 0, 1.49184, 7.5], "texture": "#2"},
				"down": {"uv": [0, 0, 1.49184, 7.5], "texture": "#2"}
			}
		},
		{
			"name": "hexadecagon",
			"from": [7.25408, 1.25, 4.25],
			"to": [8.74592, 1.75, 11.75],
			"rotation": {"angle": 0, "axis": "y", "origin": [8, 1.75, 8]},
			"faces": {
				"north": {"uv": [0, 0, 1.49184, 0.5], "texture": "#2"},
				"up": {"uv": [0, 0, 1.49184, 7.5], "texture": "#2"},
				"down": {"uv": [0, 0, 1.49184, 7.5], "texture": "#2"}
			}
		},
		{
			"name": "hexadecagon",
			"from": [7.25408, 1.25, 4.25],
			"to": [8.74592, 1.75, 11.75],
			"rotation": {"angle": 22.5, "axis": "y", "origin": [8, 1.75, 8]},
			"faces": {
				"north": {"uv": [0, 0, 1.49184, 0.5], "texture": "#2"},
				"up": {"uv": [0, 0, 1.49184, 7.5], "texture": "#2"},
				"down": {"uv": [0, 0, 1.49184, 7.5], "texture": "#2"}
			}
		},
		{
			"name": "hexadecagon",
			"from": [7.25408, 1.25, 4.25],
			"to": [8.74592, 1.75, 11.75],
			"rotation": {"angle": 45, "axis": "y", "origin": [8, 1.75, 8]},
			"faces": {
				"north": {"uv": [0, 0, 1.49184, 0.5], "texture": "#2"},
				"up": {"uv": [0, 0, 1.49184, 7.5], "texture": "#2"},
				"down": {"uv": [0, 0, 1.49184, 7.5], "texture": "#2"}
			}
		},
		{
			"name": "hexadecagon",
			"from": [4.25, 1.25, 7.25408],
			"to": [11.75, 1.75, 8.74592],
			"rotation": {"angle": -22.5, "axis": "y", "origin": [8, 1.75, 8]},
			"faces": {
				"east": {"uv": [0, 0, 1.49184, 0.5], "texture": "#2"},
				"west": {"uv": [0, 0, 1.49184, 0.5], "texture": "#2"},
				"up": {"uv": [0, 0, 7.5, 1.49184], "texture": "#2"},
				"down": {"uv": [0, 0, 7.5, 1.49184], "texture": "#2"}
			}
		},
		{
			"name": "hexadecagon",
			"from": [4.25, 1.25, 7.25408],
			"to": [11.75, 1.75, 8.74592],
			"rotation": {"angle": 0, "axis": "y", "origin": [8, 1.75, 8]},
			"faces": {
				"east": {"uv": [0, 0, 1.49184, 0.5], "texture": "#2"},
				"west": {"uv": [0, 0, 1.49184, 0.5], "texture": "#2"},
				"up": {"uv": [0, 0, 7.5, 1.49184], "texture": "#2"},
				"down": {"uv": [0, 0, 7.5, 1.49184], "texture": "#2"}
			}
		},
		{
			"name": "hexadecagon",
			"from": [4.25, 1.25, 7.25408],
			"to": [11.75, 1.75, 8.74592],
			"rotation": {"angle": 22.5, "axis": "y", "origin": [8, 1.75, 8]},
			"faces": {
				"east": {"uv": [0, 0, 1.49184, 0.5], "texture": "#2"},
				"west": {"uv": [0, 0, 1.49184, 0.5], "texture": "#2"},
				"up": {"uv": [0, 0, 7.5, 1.49184], "texture": "#2"},
				"down": {"uv": [0, 0, 7.5, 1.49184], "texture": "#2"}
			}
		}
	],
	"display": {
		"thirdperson_righthand": {
			"rotation": [75, 45, 0],
			"translation": [0, 2.5, 0],
			"scale": [0.375, 0.375, 0.375]
		},
		"thirdperson_lefthand": {
			"rotation": [75, 45, 0],
			"translation": [0, 2.5, 0],
			"scale": [0.375, 0.375, 0.375]
		},
		"firstperson_righthand": {
			"rotation": [0, 45, 0],
			"scale": [0.4, 0.4, 0.4]
		},
		"firstperson_lefthand": {
			"rotation": [0, 225, 0],
			"scale": [0.4, 0.4, 0.4]
		},
		"ground": {
			"translation": [0, 3, 0],
			"scale": [0.25, 0.25, 0.25]
		},
		"gui": {
			"rotation": [30, 225, 0],
			"scale": [0.625, 0.625, 0.625]
		},
		"fixed": {
			"scale": [0.5, 0.5, 0.5]
		}
	},
	"groups": [
		{
			"name": "Little Nob",
			"origin": [8, 8, 8],
			"color": 0,
			"children": [
				{
					"name": "hexadecagon",
					"origin": [8, 8, 8],
					"color": 0,
					"children": [0, 1, 2, 3, 4, 5, 6, 7]
				},
				{
					"name": "hexadecagon",
					"origin": [8, 8, 8],
					"color": 0,
					"children": [8, 9, 10, 11, 12, 13, 14, 15]
				},
				{
					"name": "hexadecagon",
					"origin": [8, 8, 8],
					"color": 0,
					"children": [16, 17, 18, 19, 20, 21, 22, 23, 24, 25, 26, 27, 28, 29, 30, 31, 32, 33, 34, 35]
				}
			]
		}
	]
}