{
	"credit": "AlexTestria | https://alex-bauerndistel.de",
	"textures": {
		"2": "brickcraft/material/plastics/shader_support/plastic38",
		"particle": "brickcraft/material/plastics/shader_support/plastic38"
	},
	"elements": [
		{
			"name": "hexadecagon",
			"from": [7.50272, 0, 4.5],
			"to": [8.49728, 0.75, 11.5],
			"rotation": {"angle": 45, "axis": "y", "origin": [8, 2.25, 8]},
			"faces": {
				"north": {"uv": [0, 0, 0.99456, 0.75], "texture": "#2"},
				"south": {"uv": [0, 0, 0.99456, 0.75], "texture": "#2"},
				"up": {"uv": [0, 0, 0.99456, 7], "texture": "#2"},
				"down": {"uv": [0, 0, 0.99456, 7], "texture": "#2"}
			}
		},
		{
			"name": "hexadecagon",
			"from": [7.50272, 0, 5.5],
			"to": [8.49728, 0.75, 10.5],
			"rotation": {"angle": 22.5, "axis": "y", "origin": [8, 2.25, 8]},
			"faces": {
				"up": {"uv": [0, 0, 0.99456, 5], "texture": "#2"},
				"down": {"uv": [0, 0, 0.99456, 5], "texture": "#2"}
			}
		},
		{
			"name": "hexadecagon",
			"from": [7.50272, 0, 4.5],
			"to": [8.49728, 0.75, 11.5],
			"rotation": {"angle": 0, "axis": "y", "origin": [8, 2.25, 8]},
			"faces": {
				"north": {"uv": [0, 0, 0.99456, 0.75], "texture": "#2"},
				"south": {"uv": [0, 0, 0.99456, 0.75], "texture": "#2"},
				"up": {"uv": [0, 0, 0.99456, 7], "texture": "#2"},
				"down": {"uv": [0, 0, 0.99456, 7], "texture": "#2"}
			}
		},
		{
			"name": "hexadecagon",
			"from": [7.50272, 0, 5.5],
			"to": [8.49728, 0.75, 10.5],
			"rotation": {"angle": -22.5, "axis": "y", "origin": [8, 2.25, 8]},
			"faces": {
				"up": {"uv": [0, 0, 0.99456, 5], "texture": "#2"},
				"down": {"uv": [0, 0, 0.99456, 5], "texture": "#2"}
			}
		},
		{
			"name": "hexadecagon",
			"from": [7.50272, 0, 4.5],
			"to": [8.49728, 0.75, 11.5],
			"rotation": {"angle": -45, "axis": "y", "origin": [8, 2.25, 8]},
			"faces": {
				"north": {"uv": [0, 0, 0.99456, 0.75], "texture": "#2"},
				"south": {"uv": [0, 0, 0.99456, 0.75], "texture": "#2"},
				"up": {"uv": [0, 0, 0.99456, 7], "texture": "#2"},
				"down": {"uv": [0, 0, 0.99456, 7], "texture": "#2"}
			}
		},
		{
			"name": "hexadecagon",
			"from": [5.5, 0, 7.50272],
			"to": [10.5, 0.75, 8.49728],
			"rotation": {"angle": 22.5, "axis": "y", "origin": [8, 2.25, 8]},
			"faces": {
				"up": {"uv": [0, 0, 5, 0.99456], "texture": "#2"},
				"down": {"uv": [0, 0, 5, 0.99456], "texture": "#2"}
			}
		},
		{
			"name": "hexadecagon",
			"from": [4.5, 0, 7.50272],
			"to": [11.5, 0.75, 8.49728],
			"rotation": {"angle": 0, "axis": "y", "origin": [8, 2.25, 8]},
			"faces": {
				"east": {"uv": [0, 0, 0.99456, 0.75], "texture": "#2"},
				"west": {"uv": [0, 0, 0.99456, 0.75], "texture": "#2"},
				"up": {"uv": [0, 0, 7, 0.99456], "texture": "#2"},
				"down": {"uv": [0, 0, 7, 0.99456], "texture": "#2"}
			}
		},
		{
			"name": "hexadecagon",
			"from": [5.1735, 0, 8.62324],
			"to": [5.9235, 0.75, 10.12324],
			"rotation": {"angle": 0, "axis": "y", "origin": [5.5485, 1.75, 9.62324]},
			"faces": {
				"west": {"uv": [0, 0, 1.5, 0.75], "texture": "#2"},
				"up": {"uv": [0, 0, 0.75, 1.5], "texture": "#2"},
				"down": {"uv": [0, 0, 0.75, 1.5], "texture": "#2"}
			}
		},
		{
			"name": "hexadecagon",
			"from": [4.61872, 0, 8.21067],
			"to": [5.61872, 0.75, 8.96067],
			"rotation": {"angle": -45, "axis": "y", "origin": [5.11872, 1.75, 8.58567]},
			"faces": {
				"south": {"uv": [0, 0, 1, 0.75], "texture": "#2"},
				"up": {"uv": [0, 0, 1, 0.75], "texture": "#2"},
				"down": {"uv": [0, 0, 1, 0.75], "texture": "#2"}
			}
		},
		{
			"name": "hexadecagon",
			"from": [6.64704, 0, 10.22179],
			"to": [7.39704, 0.75, 11.72179],
			"rotation": {"angle": 45, "axis": "y", "origin": [6.80716, 1.75, 10.578]},
			"faces": {
				"west": {"uv": [0, 0, 1.5, 0.75], "texture": "#2"},
				"up": {"uv": [0, 0, 0.75, 1.5], "texture": "#2"},
				"down": {"uv": [0, 0, 0.75, 1.5], "texture": "#2"}
			}
		},
		{
			"name": "hexadecagon",
			"from": [5.87676, 0, 10.0765],
			"to": [6.87676, 0.75, 10.8265],
			"rotation": {"angle": 0, "axis": "y", "origin": [6.80716, 1.75, 10.578]},
			"faces": {
				"south": {"uv": [0, 0, 1, 0.75], "texture": "#2"},
				"up": {"uv": [0, 0, 1, 0.75], "texture": "#2"},
				"down": {"uv": [0, 0, 1, 0.75], "texture": "#2"}
			}
		},
		{
			"name": "hexadecagon",
			"from": [5.26188, 0, 6.45094],
			"to": [6.01188, 0.75, 7.95094],
			"rotation": {"angle": -45, "axis": "y", "origin": [5.422, 1.75, 6.80716]},
			"faces": {
				"west": {"uv": [0, 0, 1.5, 0.75], "texture": "#2"},
				"up": {"uv": [0, 0, 0.75, 1.5], "texture": "#2"},
				"down": {"uv": [0, 0, 0.75, 1.5], "texture": "#2"}
			}
		},
		{
			"name": "hexadecagon",
			"from": [5.1735, 0, 5.87676],
			"to": [5.9235, 0.75, 6.87676],
			"rotation": {"angle": 0, "axis": "y", "origin": [5.422, 1.75, 6.80716]},
			"faces": {
				"west": {"uv": [0, 0, 1, 0.75], "texture": "#2"},
				"up": {"uv": [0, 0, 0.75, 1], "texture": "#2"},
				"down": {"uv": [0, 0, 0.75, 1], "texture": "#2"}
			}
		},
		{
			"name": "hexadecagon",
			"from": [5.87676, 0, 5.1735],
			"to": [7.37676, 0.75, 5.9235],
			"rotation": {"angle": 0, "axis": "y", "origin": [7.02054, 1.75, 5.33361]},
			"faces": {
				"north": {"uv": [0, 0, 1.5, 0.75], "texture": "#2"},
				"up": {"uv": [0, 0, 1.5, 0.75], "texture": "#2"},
				"down": {"uv": [0, 0, 1.5, 0.75], "texture": "#2"}
			}
		},
		{
			"name": "hexadecagon",
			"from": [6.77204, 0, 4.40321],
			"to": [7.52204, 0.75, 5.40321],
			"rotation": {"angle": -45, "axis": "y", "origin": [7.02054, 1.75, 5.33361]},
			"faces": {
				"west": {"uv": [0, 0, 1, 0.75], "texture": "#2"},
				"up": {"uv": [0, 0, 0.75, 1], "texture": "#2"},
				"down": {"uv": [0, 0, 0.75, 1], "texture": "#2"}
			}
		},
		{
			"name": "hexadecagon",
			"from": [8.60296, 0, 10.22179],
			"to": [9.35296, 0.75, 11.72179],
			"rotation": {"angle": -45, "axis": "y", "origin": [9.19284, 1.75, 10.578]},
			"faces": {
				"east": {"uv": [0, 0, 1.5, 0.75], "texture": "#2"},
				"up": {"uv": [0, 0, 0.75, 1.5], "texture": "#2"},
				"down": {"uv": [0, 0, 0.75, 1.5], "texture": "#2"}
			}
		},
		{
			"name": "hexadecagon",
			"from": [9.12324, 0, 10.0765],
			"to": [10.12324, 0.75, 10.8265],
			"rotation": {"angle": 0, "axis": "y", "origin": [9.19284, 1.75, 10.578]},
			"faces": {
				"south": {"uv": [0, 0, 1, 0.75], "texture": "#2"},
				"up": {"uv": [0, 0, 1, 0.75], "texture": "#2"},
				"down": {"uv": [0, 0, 1, 0.75], "texture": "#2"}
			}
		},
		{
			"name": "hexadecagon",
			"from": [10.0765, 0, 8.62324],
			"to": [10.8265, 0.75, 10.12324],
			"rotation": {"angle": 0, "axis": "y", "origin": [10.4515, 1.75, 9.62324]},
			"faces": {
				"east": {"uv": [0, 0, 1.5, 0.75], "texture": "#2"},
				"up": {"uv": [0, 0, 0.75, 1.5], "texture": "#2"},
				"down": {"uv": [0, 0, 0.75, 1.5], "texture": "#2"}
			}
		},
		{
			"name": "hexadecagon",
			"from": [10.38128, 0, 8.21067],
			"to": [11.38128, 0.75, 8.96067],
			"rotation": {"angle": 45, "axis": "y", "origin": [10.88128, 1.75, 8.58567]},
			"faces": {
				"south": {"uv": [0, 0, 1, 0.75], "texture": "#2"},
				"up": {"uv": [0, 0, 1, 0.75], "texture": "#2"},
				"down": {"uv": [0, 0, 1, 0.75], "texture": "#2"}
			}
		},
		{
			"name": "hexadecagon",
			"from": [10.0765, 0, 5.87676],
			"to": [10.8265, 0.75, 6.87676],
			"rotation": {"angle": 0, "axis": "y", "origin": [10.578, 1.75, 6.80716]},
			"faces": {
				"east": {"uv": [0, 0, 1, 0.75], "texture": "#2"},
				"up": {"uv": [0, 0, 0.75, 1], "texture": "#2"},
				"down": {"uv": [0, 0, 0.75, 1], "texture": "#2"}
			}
		},
		{
			"name": "hexadecagon",
			"from": [9.98812, 0, 6.45094],
			"to": [10.73812, 0.75, 7.95094],
			"rotation": {"angle": 45, "axis": "y", "origin": [10.578, 1.75, 6.80716]},
			"faces": {
				"east": {"uv": [0, 0, 1.5, 0.75], "texture": "#2"},
				"up": {"uv": [0, 0, 0.75, 1.5], "texture": "#2"},
				"down": {"uv": [0, 0, 0.75, 1.5], "texture": "#2"}
			}
		},
		{
			"name": "hexadecagon",
			"from": [8.62324, 0, 5.1735],
			"to": [10.12324, 0.75, 5.9235],
			"rotation": {"angle": 0, "axis": "y", "origin": [8.97946, 1.75, 5.33361]},
			"faces": {
				"north": {"uv": [0, 0, 1.5, 0.75], "texture": "#2"},
				"up": {"uv": [0, 0, 1.5, 0.75], "texture": "#2"},
				"down": {"uv": [0, 0, 1.5, 0.75], "texture": "#2"}
			}
		},
		{
			"name": "hexadecagon",
			"from": [8.47796, 0, 4.40321],
			"to": [9.22796, 0.75, 5.40321],
			"rotation": {"angle": 45, "axis": "y", "origin": [8.97946, 1.75, 5.33361]},
			"faces": {
				"east": {"uv": [0, 0, 1, 0.75], "texture": "#2"},
				"up": {"uv": [0, 0, 0.75, 1], "texture": "#2"},
				"down": {"uv": [0, 0, 0.75, 1], "texture": "#2"}
			}
		},
		{
			"name": "hexadecagon",
			"from": [5.5, 0, 7.50272],
			"to": [10.5, 0.75, 8.49728],
			"rotation": {"angle": -22.5, "axis": "y", "origin": [8, 2.25, 8]},
			"faces": {
				"up": {"uv": [0, 0, 5, 0.99456], "texture": "#2"},
				"down": {"uv": [0, 0, 5, 0.99456], "texture": "#2"}
			}
		},
		{
			"name": "hexadecagon",
			"from": [7.70163, 0.625, 6.5],
			"to": [8.29837, 1.125, 9.5],
			"rotation": {"angle": -45, "axis": "y", "origin": [8, 1.25, 8]},
			"faces": {
				"north": {"uv": [0, 0, 0.59674, 0.5], "texture": "#2"},
				"south": {"uv": [0, 0, 0.59674, 0.5], "texture": "#2"},
				"up": {"uv": [0, 0, 0.59674, 3], "texture": "#2"}
			}
		},
		{
			"name": "hexadecagon",
			"from": [7.70163, 0.625, 6.5],
			"to": [8.29837, 1.125, 9.5],
			"rotation": {"angle": -22.5, "axis": "y", "origin": [8, 1.25, 8]},
			"faces": {
				"north": {"uv": [0, 0, 0.59674, 0.5], "texture": "#2"},
				"south": {"uv": [0, 0, 0.59674, 0.5], "texture": "#2"},
				"up": {"uv": [0, 0, 0.59674, 3], "texture": "#2"}
			}
		},
		{
			"name": "hexadecagon",
			"from": [7.70163, 0.625, 6.5],
			"to": [8.29837, 1.125, 9.5],
			"rotation": {"angle": 0, "axis": "y", "origin": [8, 1.25, 8]},
			"faces": {
				"north": {"uv": [0, 0, 0.59674, 0.5], "texture": "#2"},
				"south": {"uv": [0, 0, 0.59674, 0.5], "texture": "#2"},
				"up": {"uv": [0, 0, 0.59674, 3], "texture": "#2"}
			}
		},
		{
			"name": "hexadecagon",
			"from": [7.70163, 0.625, 6.5],
			"to": [8.29837, 1.125, 9.5],
			"rotation": {"angle": 22.5, "axis": "y", "origin": [8, 1.25, 8]},
			"faces": {
				"north": {"uv": [0, 0, 0.59674, 0.5], "texture": "#2"},
				"south": {"uv": [0, 0, 0.59674, 0.5], "texture": "#2"},
				"up": {"uv": [0, 0, 0.59674, 3], "texture": "#2"}
			}
		},
		{
			"name": "hexadecagon",
			"from": [7.70163, 0.625, 6.5],
			"to": [8.29837, 1.125, 9.5],
			"rotation": {"angle": 45, "axis": "y", "origin": [8, 1.25, 8]},
			"faces": {
				"north": {"uv": [0, 0, 0.59674, 0.5], "texture": "#2"},
				"south": {"uv": [0, 0, 0.59674, 0.5], "texture": "#2"},
				"up": {"uv": [0, 0, 0.59674, 3], "texture": "#2"}
			}
		},
		{
			"name": "hexadecagon",
			"from": [6.5, 0.625, 7.70163],
			"to": [9.5, 1.125, 8.29837],
			"rotation": {"angle": -22.5, "axis": "y", "origin": [8, 1.25, 8]},
			"faces": {
				"east": {"uv": [0, 0, 0.59674, 0.5], "texture": "#2"},
				"west": {"uv": [0, 0, 0.59674, 0.5], "texture": "#2"},
				"up": {"uv": [0, 0, 3, 0.59674], "texture": "#2"}
			}
		},
		{
			"name": "hexadecagon",
			"from": [6.5, 0.625, 7.70163],
			"to": [9.5, 1.125, 8.29837],
			"rotation": {"angle": 0, "axis": "y", "origin": [8, 1.25, 8]},
			"faces": {
				"east": {"uv": [0, 0, 0.59674, 0.5], "texture": "#2"},
				"west": {"uv": [0, 0, 0.59674, 0.5], "texture": "#2"},
				"up": {"uv": [0, 0, 3, 0.59674], "texture": "#2"}
			}
		},
		{
			"name": "hexadecagon",
			"from": [6.5, 0.625, 7.70163],
			"to": [9.5, 1.125, 8.29837],
			"rotation": {"angle": 22.5, "axis": "y", "origin": [8, 1.25, 8]},
			"faces": {
				"east": {"uv": [0, 0, 0.59674, 0.5], "texture": "#2"},
				"west": {"uv": [0, 0, 0.59674, 0.5], "texture": "#2"},
				"up": {"uv": [0, 0, 3, 0.59674], "texture": "#2"}
			}
		}
	],
	"display": {
		"thirdperson_righthand": {
			"rotation": [75, 45, 0],
			"translation": [0, 2.5, 0],
			"scale": [0.375, 0.375, 0.375]
		},
		"thirdperson_lefthand": {
			"rotation": [75, 45, 0],
			"translation": [0, 2.5, 0],
			"scale": [0.375, 0.375, 0.375]
		},
		"firstperson_righthand": {
			"rotation": [0, 45, 0],
			"scale": [0.4, 0.4, 0.4]
		},
		"firstperson_lefthand": {
			"rotation": [0, 225, 0],
			"scale": [0.4, 0.4, 0.4]
		},
		"ground": {
			"translation": [0, 3, 0],
			"scale": [0.25, 0.25, 0.25]
		},
		"gui": {
			"rotation": [30, 225, 0],
			"scale": [0.625, 0.625, 0.625]
		},
		"fixed": {
			"scale": [0.5, 0.5, 0.5]
		}
	},
	"groups": [
		{
			"name": "Little Flower Special",
			"origin": [8, 8, 8],
			"color": 0,
			"children": [
				{
					"name": "hexadecagon",
					"origin": [8, 8, 8],
					"color": 0,
					"children": [0, 1, 2, 3, 4, 5, 6, 7, 8, 9, 10, 11, 12, 13, 14, 15, 16, 17, 18, 19, 20, 21, 22, 23]
				},
				{
					"name": "hexadecagon",
					"origin": [8, 8, 8],
					"color": 0,
					"children": [24, 25, 26, 27, 28, 29, 30, 31]
				}
			]
		}
	]
}