{
	"credit": "AlexTestria | https://alex-bauerndistel.de",
	"parent": "minecraft:block/crop",
	"textures": {
		"0": "brickcraft/material/plastics/shader_support/slopes/plastic21_slope",
		"1": "brickcraft/material/plastics/shader_support/plastic21",
		"particle": "brickcraft/material/plastics/shader_support/slopes/plastic21_slope"
	},
	"elements": [
		{
			"from": [0, 0, 8],
			"to": [8, 0.8418, 16],
			"rotation": {"angle": 0, "axis": "y", "origin": [16, -9.075, 0]},
			"faces": {
				"north": {"uv": [0, 0, 8, 0.8418], "texture": "#1"},
				"east": {"uv": [0, 0, 8, 0.8418], "texture": "#1"},
				"south": {"uv": [0, 0, 8, 0.8418], "texture": "#1"},
				"west": {"uv": [0, 0, 8, 0.8418], "texture": "#1"},
				"down": {"uv": [0, 0, 8, 8], "texture": "#1"}
			}
		},
		{
			"from": [0.20711, -4.31505, 8],
			"to": [5.86396, 1.3418, 12],
			"rotation": {"angle": 45, "axis": "z", "origin": [0.70711, 0.8418, 8.5]},
			"faces": {
				"east": {"uv": [0, 0, 16, 16], "rotation": 90, "texture": "#0"},
				"up": {"uv": [0, 0, 16, 16], "rotation": 90, "texture": "#0"}
			}
		},
		{
			"from": [0.20711, -4.31505, 12],
			"to": [5.86396, 1.3418, 16],
			"rotation": {"angle": 45, "axis": "z", "origin": [0.70711, 0.8418, 8.5]},
			"faces": {
				"east": {"uv": [0, 16, 16, 0], "rotation": 90, "texture": "#0"},
				"up": {"uv": [16, 0, 0, 16], "rotation": 90, "texture": "#0"}
			}
		},
		{
			"from": [0, 0.06363, 4.22183],
			"to": [4, 5.72048, 9.87868],
			"rotation": {"angle": -45, "axis": "x", "origin": [4, 7.8418, 12]},
			"faces": {
				"south": {"uv": [16, 16, 0, 0], "rotation": 180, "texture": "#0"},
				"up": {"uv": [16, 0, 0, 16], "rotation": 180, "texture": "#0"}
			}
		},
		{
			"from": [4, 0.06363, 4.22183],
			"to": [8, 5.72048, 9.87868],
			"rotation": {"angle": -45, "axis": "x", "origin": [4, 7.8418, 12]},
			"faces": {
				"south": {"uv": [0, 16, 16, 0], "rotation": 180, "texture": "#0"},
				"up": {"uv": [0, 0, 16, 16], "rotation": 180, "texture": "#0"}
			}
		}
	],
	"display": {
		"thirdperson_righthand": {
			"rotation": [75, 45, 0],
			"translation": [0, 2.5, 0],
			"scale": [0.375, 0.375, 0.375]
		},
		"thirdperson_lefthand": {
			"rotation": [75, 45, 0],
			"translation": [0, 2.5, 0],
			"scale": [-0.375, 0.375, 0.375]
		},
		"firstperson_righthand": {
			"rotation": [0, 45, 0],
			"scale": [0.4, 0.4, 0.4]
		},
		"firstperson_lefthand": {
			"rotation": [0, 225, 0],
			"scale": [0.4, 0.4, 0.4]
		},
		"ground": {
			"translation": [0, 3, 0],
			"scale": [0.25, 0.25, 0.25]
		},
		"gui": {
			"rotation": [30, 135, 0],
			"scale": [0.625, 0.625, 0.625]
		},
		"fixed": {
			"scale": [0.5, 0.5, 0.5]
		}
	}
}