{
	"credit": "AlexTestria | https://alex-bauerndistel.de",
	"parent": "minecraft:block/crop",
	"elements": [
		{
			"from": [0, 0, 8],
			"to": [8, 2.5918, 16],
			"rotation": {"angle": 0, "axis": "y", "origin": [16, -9.075, 0]},
			"faces": {
				"north": {"uv": [0, 0, 8, 2.5918], "texture": "#missing"},
				"east": {"uv": [0, 0, 8, 2.5918], "texture": "#missing"},
				"south": {"uv": [0, 0, 8, 2.5918], "texture": "#missing"},
				"west": {"uv": [0, 0, 8, 2.5918], "texture": "#missing"},
				"up": {"uv": [0, 0, 8, 8], "texture": "#missing"},
				"down": {"uv": [0, 0, 8, 8], "texture": "#missing"}
			}
		},
		{
			"name": "hexadecagon",
			"from": [1.5, 2.5912, 11.50272],
			"to": [6.5, 3.8412, 12.49728],
			"rotation": {"angle": -45, "axis": "y", "origin": [4, 3.0912, 12]},
			"faces": {
				"east": {"uv": [0, 0, 0.99456, 1.25], "texture": "#missing"},
				"west": {"uv": [0, 0, 0.99456, 1.25], "texture": "#missing"},
				"up": {"uv": [0, 0, 5, 0.99456], "texture": "#missing"}
			}
		},
		{
			"name": "hexadecagon",
			"from": [1.5, 2.5912, 11.50272],
			"to": [6.5, 3.8412, 12.49728],
			"rotation": {"angle": -22.5, "axis": "y", "origin": [4, 3.0912, 12]},
			"faces": {
				"east": {"uv": [0, 0, 0.99456, 1.25], "texture": "#missing"},
				"west": {"uv": [0, 0, 0.99456, 1.25], "texture": "#missing"},
				"up": {"uv": [0, 0, 5, 0.99456], "texture": "#missing"}
			}
		},
		{
			"name": "hexadecagon",
			"from": [1.5, 2.5912, 11.50272],
			"to": [6.5, 3.8412, 12.49728],
			"rotation": {"angle": 0, "axis": "y", "origin": [4, 3.0912, 12]},
			"faces": {
				"east": {"uv": [0, 0, 0.99456, 1.25], "texture": "#missing"},
				"west": {"uv": [0, 0, 0.99456, 1.25], "texture": "#missing"},
				"up": {"uv": [0, 0, 5, 0.99456], "texture": "#missing"}
			}
		},
		{
			"name": "hexadecagon",
			"from": [1.5, 2.5912, 11.50272],
			"to": [6.5, 3.8412, 12.49728],
			"rotation": {"angle": 22.5, "axis": "y", "origin": [4, 3.0912, 12]},
			"faces": {
				"east": {"uv": [0, 0, 0.99456, 1.25], "texture": "#missing"},
				"west": {"uv": [0, 0, 0.99456, 1.25], "texture": "#missing"},
				"up": {"uv": [0, 0, 5, 0.99456], "texture": "#missing"}
			}
		},
		{
			"name": "hexadecagon",
			"from": [1.5, 2.5912, 11.50272],
			"to": [6.5, 3.8412, 12.49728],
			"rotation": {"angle": 45, "axis": "y", "origin": [4, 3.0912, 12]},
			"faces": {
				"east": {"uv": [0, 0, 0.99456, 1.25], "texture": "#missing"},
				"west": {"uv": [0, 0, 0.99456, 1.25], "texture": "#missing"},
				"up": {"uv": [0, 0, 5, 0.99456], "texture": "#missing"}
			}
		},
		{
			"name": "hexadecagon",
			"from": [3.50272, 2.5912, 9.5],
			"to": [4.49728, 3.8412, 14.5],
			"rotation": {"angle": -22.5, "axis": "y", "origin": [4, 3.0912, 12]},
			"faces": {
				"north": {"uv": [0, 0, 0.99456, 1.25], "texture": "#missing"},
				"south": {"uv": [0, 0, 0.99456, 1.25], "texture": "#missing"},
				"up": {"uv": [0, 0, 0.99456, 5], "texture": "#missing"}
			}
		},
		{
			"name": "hexadecagon",
			"from": [3.50272, 2.5912, 9.5],
			"to": [4.49728, 3.8412, 14.5],
			"rotation": {"angle": 0, "axis": "y", "origin": [4, 3.0912, 12]},
			"faces": {
				"north": {"uv": [0, 0, 0.99456, 1.25], "texture": "#missing"},
				"south": {"uv": [0, 0, 0.99456, 1.25], "texture": "#missing"},
				"up": {"uv": [0, 0, 0.99456, 5], "texture": "#missing"}
			}
		},
		{
			"name": "hexadecagon",
			"from": [3.50272, 2.5912, 9.5],
			"to": [4.49728, 3.8412, 14.5],
			"rotation": {"angle": 22.5, "axis": "y", "origin": [4, 3.0912, 12]},
			"faces": {
				"north": {"uv": [0, 0, 0.99456, 1.25], "texture": "#missing"},
				"south": {"uv": [0, 0, 0.99456, 1.25], "texture": "#missing"},
				"up": {"uv": [0, 0, 0.99456, 5], "texture": "#missing"}
			}
		}
	],
	"display": {
		"thirdperson_righthand": {
			"rotation": [75, 45, 0],
			"translation": [0, 2.5, 0],
			"scale": [0.375, 0.375, 0.375]
		},
		"thirdperson_lefthand": {
			"rotation": [75, 45, 0],
			"translation": [0, 2.5, 0],
			"scale": [-0.375, 0.375, 0.375]
		},
		"firstperson_righthand": {
			"rotation": [0, 45, 0],
			"scale": [0.4, 0.4, 0.4]
		},
		"firstperson_lefthand": {
			"rotation": [0, 225, 0],
			"scale": [0.4, 0.4, 0.4]
		},
		"ground": {
			"translation": [0, 3, 0],
			"scale": [0.25, 0.25, 0.25]
		},
		"gui": {
			"rotation": [30, 135, 0],
			"scale": [0.625, 0.625, 0.625]
		},
		"fixed": {
			"scale": [0.5, 0.5, 0.5]
		}
	},
	"groups": [0,
		{
			"name": "hexadecagon",
			"origin": [8, 8, 8],
			"color": 0,
			"children": [1, 2, 3, 4, 5, 6, 7, 8]
		}
	]
}