{
	"credit": "AlexTestria | https://alex-bauerndistel.de",
	"elements": [
		{
			"name": "hexadecagon",
			"from": [11.50272, 16, 1.5],
			"to": [12.49728, 17.25, 6.5],
			"rotation": {"angle": -45, "axis": "y", "origin": [12, 16.5, 4]},
			"faces": {
				"north": {"uv": [1, 1, 1.99456, 2.25], "texture": "#missing", "cullface": "up"},
				"south": {"uv": [1, 1, 1.99456, 2.25], "texture": "#missing", "cullface": "up"},
				"up": {"uv": [1, 1, 1.99456, 6], "texture": "#missing", "cullface": "up"}
			}
		},
		{
			"name": "hexadecagon",
			"from": [11.50272, 16, 1.5],
			"to": [12.49728, 17.25, 6.5],
			"rotation": {"angle": -22.5, "axis": "y", "origin": [12, 16.5, 4]},
			"faces": {
				"north": {"uv": [1, 1, 1.99456, 2.25], "texture": "#missing", "cullface": "up"},
				"south": {"uv": [1, 1, 1.99456, 2.25], "texture": "#missing", "cullface": "up"},
				"up": {"uv": [1, 1, 1.99456, 6], "texture": "#missing", "cullface": "up"}
			}
		},
		{
			"name": "hexadecagon",
			"from": [11.50272, 16, 1.5],
			"to": [12.49728, 17.25, 6.5],
			"rotation": {"angle": 0, "axis": "y", "origin": [12, 16.5, 4]},
			"faces": {
				"north": {"uv": [1, 1, 1.99456, 2.25], "texture": "#missing", "cullface": "up"},
				"south": {"uv": [1, 1, 1.99456, 2.25], "texture": "#missing", "cullface": "up"},
				"up": {"uv": [1, 1, 1.99456, 6], "texture": "#missing", "cullface": "up"}
			}
		},
		{
			"name": "hexadecagon",
			"from": [11.50272, 16, 1.5],
			"to": [12.49728, 17.25, 6.5],
			"rotation": {"angle": 22.5, "axis": "y", "origin": [12, 16.5, 4]},
			"faces": {
				"north": {"uv": [1, 1, 1.99456, 2.25], "texture": "#missing", "cullface": "up"},
				"south": {"uv": [1, 1, 1.99456, 2.25], "texture": "#missing", "cullface": "up"},
				"up": {"uv": [1, 1, 1.99456, 6], "texture": "#missing", "cullface": "up"}
			}
		},
		{
			"name": "hexadecagon",
			"from": [11.50272, 16, 1.5],
			"to": [12.49728, 17.25, 6.5],
			"rotation": {"angle": 45, "axis": "y", "origin": [12, 16.5, 4]},
			"faces": {
				"north": {"uv": [1, 1, 1.99456, 2.25], "texture": "#missing", "cullface": "up"},
				"south": {"uv": [1, 1, 1.99456, 2.25], "texture": "#missing", "cullface": "up"},
				"up": {"uv": [1, 1, 1.99456, 6], "texture": "#missing", "cullface": "up"}
			}
		},
		{
			"name": "hexadecagon",
			"from": [9.5, 16, 3.50272],
			"to": [14.5, 17.25, 4.49728],
			"rotation": {"angle": -22.5, "axis": "y", "origin": [12, 16.5, 4]},
			"faces": {
				"east": {"uv": [1, 1, 1.99456, 2.25], "texture": "#missing", "cullface": "up"},
				"west": {"uv": [1, 1, 1.99456, 2.25], "texture": "#missing", "cullface": "up"},
				"up": {"uv": [1, 1, 6, 1.99456], "texture": "#missing", "cullface": "up"}
			}
		},
		{
			"name": "hexadecagon",
			"from": [9.5, 16, 3.50272],
			"to": [14.5, 17.25, 4.49728],
			"rotation": {"angle": 0, "axis": "y", "origin": [12, 16.5, 4]},
			"faces": {
				"east": {"uv": [1, 1, 1.99456, 2.25], "texture": "#missing", "cullface": "up"},
				"west": {"uv": [1, 1, 1.99456, 2.25], "texture": "#missing", "cullface": "up"},
				"up": {"uv": [1, 1, 6, 1.99456], "texture": "#missing", "cullface": "up"}
			}
		},
		{
			"name": "hexadecagon",
			"from": [9.5, 16, 3.50272],
			"to": [14.5, 17.25, 4.49728],
			"rotation": {"angle": 22.5, "axis": "y", "origin": [12, 16.5, 4]},
			"faces": {
				"east": {"uv": [1, 1, 1.99456, 2.25], "texture": "#missing", "cullface": "up"},
				"west": {"uv": [1, 1, 1.99456, 2.25], "texture": "#missing", "cullface": "up"},
				"up": {"uv": [1, 1, 6, 1.99456], "texture": "#missing", "cullface": "up"}
			}
		},
		{
			"name": "hexadecagon",
			"from": [3.50272, 16, 1.5],
			"to": [4.49728, 17.25, 6.5],
			"rotation": {"angle": 45, "axis": "y", "origin": [4, 16.5, 4]},
			"faces": {
				"north": {"uv": [1, 1, 1.99456, 2.25], "texture": "#missing", "cullface": "up"},
				"south": {"uv": [1, 1, 1.99456, 2.25], "texture": "#missing", "cullface": "up"},
				"up": {"uv": [1, 1, 1.99456, 6], "texture": "#missing", "cullface": "up"}
			}
		},
		{
			"name": "hexadecagon",
			"from": [3.50272, 16, 1.5],
			"to": [4.49728, 17.25, 6.5],
			"rotation": {"angle": 22.5, "axis": "y", "origin": [4, 16.5, 4]},
			"faces": {
				"north": {"uv": [1, 1, 1.99456, 2.25], "texture": "#missing", "cullface": "up"},
				"south": {"uv": [1, 1, 1.99456, 2.25], "texture": "#missing", "cullface": "up"},
				"up": {"uv": [1, 1, 1.99456, 6], "texture": "#missing", "cullface": "up"}
			}
		},
		{
			"name": "hexadecagon",
			"from": [3.50272, 16, 1.5],
			"to": [4.49728, 17.25, 6.5],
			"rotation": {"angle": 0, "axis": "y", "origin": [4, 16.5, 4]},
			"faces": {
				"north": {"uv": [1, 1, 1.99456, 2.25], "texture": "#missing", "cullface": "up"},
				"south": {"uv": [1, 1, 1.99456, 2.25], "texture": "#missing", "cullface": "up"},
				"up": {"uv": [1, 1, 1.99456, 6], "texture": "#missing", "cullface": "up"}
			}
		},
		{
			"name": "hexadecagon",
			"from": [3.50272, 16, 1.5],
			"to": [4.49728, 17.25, 6.5],
			"rotation": {"angle": -22.5, "axis": "y", "origin": [4, 16.5, 4]},
			"faces": {
				"north": {"uv": [1, 1, 1.99456, 2.25], "texture": "#missing", "cullface": "up"},
				"south": {"uv": [1, 1, 1.99456, 2.25], "texture": "#missing", "cullface": "up"},
				"up": {"uv": [1, 1, 1.99456, 6], "texture": "#missing", "cullface": "up"}
			}
		},
		{
			"name": "hexadecagon",
			"from": [3.50272, 16, 1.5],
			"to": [4.49728, 17.25, 6.5],
			"rotation": {"angle": -45, "axis": "y", "origin": [4, 16.5, 4]},
			"faces": {
				"north": {"uv": [1, 1, 1.99456, 2.25], "texture": "#missing", "cullface": "up"},
				"south": {"uv": [1, 1, 1.99456, 2.25], "texture": "#missing", "cullface": "up"},
				"up": {"uv": [1, 1, 1.99456, 6], "texture": "#missing", "cullface": "up"}
			}
		},
		{
			"name": "hexadecagon",
			"from": [1.5, 16, 3.50272],
			"to": [6.5, 17.25, 4.49728],
			"rotation": {"angle": 22.5, "axis": "y", "origin": [4, 16.5, 4]},
			"faces": {
				"east": {"uv": [1, 1, 1.99456, 2.25], "texture": "#missing", "cullface": "up"},
				"west": {"uv": [1, 1, 1.99456, 2.25], "texture": "#missing", "cullface": "up"},
				"up": {"uv": [1, 1, 6, 1.99456], "texture": "#missing", "cullface": "up"}
			}
		},
		{
			"name": "hexadecagon",
			"from": [1.5, 16, 3.50272],
			"to": [6.5, 17.25, 4.49728],
			"rotation": {"angle": 0, "axis": "y", "origin": [4, 16.5, 4]},
			"faces": {
				"east": {"uv": [1, 1, 1.99456, 2.25], "texture": "#missing", "cullface": "up"},
				"west": {"uv": [1, 1, 1.99456, 2.25], "texture": "#missing", "cullface": "up"},
				"up": {"uv": [1, 1, 6, 1.99456], "texture": "#missing", "cullface": "up"}
			}
		},
		{
			"name": "hexadecagon",
			"from": [1.5, 16, 3.50272],
			"to": [6.5, 17.25, 4.49728],
			"rotation": {"angle": -22.5, "axis": "y", "origin": [4, 16.5, 4]},
			"faces": {
				"east": {"uv": [1, 1, 1.99456, 2.25], "texture": "#missing", "cullface": "up"},
				"west": {"uv": [1, 1, 1.99456, 2.25], "texture": "#missing", "cullface": "up"},
				"up": {"uv": [1, 1, 6, 1.99456], "texture": "#missing", "cullface": "up"}
			}
		},
		{
			"name": "hexadecagon",
			"from": [3.50272, 16, 9.5],
			"to": [4.49728, 17.25, 14.5],
			"rotation": {"angle": -45, "axis": "y", "origin": [4, 16.5, 12]},
			"faces": {
				"north": {"uv": [1, 1, 1.99456, 2.25], "texture": "#missing", "cullface": "up"},
				"south": {"uv": [1, 1, 1.99456, 2.25], "texture": "#missing", "cullface": "up"},
				"up": {"uv": [1, 1, 1.99456, 6], "texture": "#missing", "cullface": "up"}
			}
		},
		{
			"name": "hexadecagon",
			"from": [3.50272, 16, 9.5],
			"to": [4.49728, 17.25, 14.5],
			"rotation": {"angle": -22.5, "axis": "y", "origin": [4, 16.5, 12]},
			"faces": {
				"north": {"uv": [1, 1, 1.99456, 2.25], "texture": "#missing", "cullface": "up"},
				"south": {"uv": [1, 1, 1.99456, 2.25], "texture": "#missing", "cullface": "up"},
				"up": {"uv": [1, 1, 1.99456, 6], "texture": "#missing", "cullface": "up"}
			}
		},
		{
			"name": "hexadecagon",
			"from": [3.50272, 16, 9.5],
			"to": [4.49728, 17.25, 14.5],
			"rotation": {"angle": 0, "axis": "y", "origin": [4, 16.5, 12]},
			"faces": {
				"north": {"uv": [1, 1, 1.99456, 2.25], "texture": "#missing", "cullface": "up"},
				"south": {"uv": [1, 1, 1.99456, 2.25], "texture": "#missing", "cullface": "up"},
				"up": {"uv": [1, 1, 1.99456, 6], "texture": "#missing", "cullface": "up"}
			}
		},
		{
			"name": "hexadecagon",
			"from": [3.50272, 16, 9.5],
			"to": [4.49728, 17.25, 14.5],
			"rotation": {"angle": 22.5, "axis": "y", "origin": [4, 16.5, 12]},
			"faces": {
				"north": {"uv": [1, 1, 1.99456, 2.25], "texture": "#missing", "cullface": "up"},
				"south": {"uv": [1, 1, 1.99456, 2.25], "texture": "#missing", "cullface": "up"},
				"up": {"uv": [1, 1, 1.99456, 6], "texture": "#missing", "cullface": "up"}
			}
		},
		{
			"name": "hexadecagon",
			"from": [3.50272, 16, 9.5],
			"to": [4.49728, 17.25, 14.5],
			"rotation": {"angle": 45, "axis": "y", "origin": [4, 16.5, 12]},
			"faces": {
				"north": {"uv": [1, 1, 1.99456, 2.25], "texture": "#missing", "cullface": "up"},
				"south": {"uv": [1, 1, 1.99456, 2.25], "texture": "#missing", "cullface": "up"},
				"up": {"uv": [1, 1, 1.99456, 6], "texture": "#missing", "cullface": "up"}
			}
		},
		{
			"name": "hexadecagon",
			"from": [1.5, 16, 11.50272],
			"to": [6.5, 17.25, 12.49728],
			"rotation": {"angle": -22.5, "axis": "y", "origin": [4, 16.5, 12]},
			"faces": {
				"east": {"uv": [1, 1, 1.99456, 2.25], "texture": "#missing", "cullface": "up"},
				"west": {"uv": [1, 1, 1.99456, 2.25], "texture": "#missing", "cullface": "up"},
				"up": {"uv": [1, 1, 6, 1.99456], "texture": "#missing", "cullface": "up"}
			}
		},
		{
			"name": "hexadecagon",
			"from": [1.5, 16, 11.50272],
			"to": [6.5, 17.25, 12.49728],
			"rotation": {"angle": 0, "axis": "y", "origin": [4, 16.5, 12]},
			"faces": {
				"east": {"uv": [1, 1, 1.99456, 2.25], "texture": "#missing", "cullface": "up"},
				"west": {"uv": [1, 1, 1.99456, 2.25], "texture": "#missing", "cullface": "up"},
				"up": {"uv": [1, 1, 6, 1.99456], "texture": "#missing", "cullface": "up"}
			}
		},
		{
			"name": "hexadecagon",
			"from": [1.5, 16, 11.50272],
			"to": [6.5, 17.25, 12.49728],
			"rotation": {"angle": 22.5, "axis": "y", "origin": [4, 16.5, 12]},
			"faces": {
				"east": {"uv": [1, 1, 1.99456, 2.25], "texture": "#missing", "cullface": "up"},
				"west": {"uv": [1, 1, 1.99456, 2.25], "texture": "#missing", "cullface": "up"},
				"up": {"uv": [1, 1, 6, 1.99456], "texture": "#missing", "cullface": "up"}
			}
		},
		{
			"name": "hexadecagon",
			"from": [11.50272, 16, 9.5],
			"to": [12.49728, 17.25, 14.5],
			"rotation": {"angle": 45, "axis": "y", "origin": [12, 16.5, 12]},
			"faces": {
				"north": {"uv": [1, 1, 1.99456, 2.25], "texture": "#missing", "cullface": "up"},
				"south": {"uv": [1, 1, 1.99456, 2.25], "texture": "#missing", "cullface": "up"},
				"up": {"uv": [1, 1, 1.99456, 6], "texture": "#missing", "cullface": "up"}
			}
		},
		{
			"name": "hexadecagon",
			"from": [11.50272, 16, 9.5],
			"to": [12.49728, 17.25, 14.5],
			"rotation": {"angle": 22.5, "axis": "y", "origin": [12, 16.5, 12]},
			"faces": {
				"north": {"uv": [1, 1, 1.99456, 2.25], "texture": "#missing", "cullface": "up"},
				"south": {"uv": [1, 1, 1.99456, 2.25], "texture": "#missing", "cullface": "up"},
				"up": {"uv": [1, 1, 1.99456, 6], "texture": "#missing", "cullface": "up"}
			}
		},
		{
			"name": "hexadecagon",
			"from": [11.50272, 16, 9.5],
			"to": [12.49728, 17.25, 14.5],
			"rotation": {"angle": 0, "axis": "y", "origin": [12, 16.5, 12]},
			"faces": {
				"north": {"uv": [1, 1, 1.99456, 2.25], "texture": "#missing", "cullface": "up"},
				"south": {"uv": [1, 1, 1.99456, 2.25], "texture": "#missing", "cullface": "up"},
				"up": {"uv": [1, 1, 1.99456, 6], "texture": "#missing", "cullface": "up"}
			}
		},
		{
			"name": "hexadecagon",
			"from": [11.50272, 16, 9.5],
			"to": [12.49728, 17.25, 14.5],
			"rotation": {"angle": -22.5, "axis": "y", "origin": [12, 16.5, 12]},
			"faces": {
				"north": {"uv": [1, 1, 1.99456, 2.25], "texture": "#missing", "cullface": "up"},
				"south": {"uv": [1, 1, 1.99456, 2.25], "texture": "#missing", "cullface": "up"},
				"up": {"uv": [1, 1, 1.99456, 6], "texture": "#missing", "cullface": "up"}
			}
		},
		{
			"name": "hexadecagon",
			"from": [11.50272, 16, 9.5],
			"to": [12.49728, 17.25, 14.5],
			"rotation": {"angle": -45, "axis": "y", "origin": [12, 16.5, 12]},
			"faces": {
				"north": {"uv": [1, 1, 1.99456, 2.25], "texture": "#missing", "cullface": "up"},
				"south": {"uv": [1, 1, 1.99456, 2.25], "texture": "#missing", "cullface": "up"},
				"up": {"uv": [1, 1, 1.99456, 6], "texture": "#missing", "cullface": "up"}
			}
		},
		{
			"name": "hexadecagon",
			"from": [9.5, 16, 11.50272],
			"to": [14.5, 17.25, 12.49728],
			"rotation": {"angle": 22.5, "axis": "y", "origin": [12, 16.5, 12]},
			"faces": {
				"east": {"uv": [1, 1, 1.99456, 2.25], "texture": "#missing", "cullface": "up"},
				"west": {"uv": [1, 1, 1.99456, 2.25], "texture": "#missing", "cullface": "up"},
				"up": {"uv": [1, 1, 6, 1.99456], "texture": "#missing", "cullface": "up"}
			}
		},
		{
			"name": "hexadecagon",
			"from": [9.5, 16, 11.50272],
			"to": [14.5, 17.25, 12.49728],
			"rotation": {"angle": 0, "axis": "y", "origin": [12, 16.5, 12]},
			"faces": {
				"east": {"uv": [1, 1, 1.99456, 2.25], "texture": "#missing", "cullface": "up"},
				"west": {"uv": [1, 1, 1.99456, 2.25], "texture": "#missing", "cullface": "up"},
				"up": {"uv": [1, 1, 6, 1.99456], "texture": "#missing", "cullface": "up"}
			}
		},
		{
			"name": "hexadecagon",
			"from": [9.5, 16, 11.50272],
			"to": [14.5, 17.25, 12.49728],
			"rotation": {"angle": -22.5, "axis": "y", "origin": [12, 16.5, 12]},
			"faces": {
				"east": {"uv": [1, 1, 1.99456, 2.25], "texture": "#missing", "cullface": "up"},
				"west": {"uv": [1, 1, 1.99456, 2.25], "texture": "#missing", "cullface": "up"},
				"up": {"uv": [1, 1, 6, 1.99456], "texture": "#missing", "cullface": "up"}
			}
		}
	],
	"display": {
		"thirdperson_righthand": {
			"rotation": [75, 45, 0],
			"translation": [0, 2.5, 0],
			"scale": [0.375, 0.375, 0.375]
		},
		"thirdperson_lefthand": {
			"rotation": [75, 45, 0],
			"translation": [0, 2.5, 0],
			"scale": [-0.375, 0.375, 0.375]
		},
		"firstperson_righthand": {
			"rotation": [0, 45, 0],
			"scale": [0.4, 0.4, 0.4]
		},
		"firstperson_lefthand": {
			"rotation": [0, 225, 0],
			"scale": [0.4, 0.4, 0.4]
		},
		"ground": {
			"translation": [0, 3, 0],
			"scale": [0.25, 0.25, 0.25]
		},
		"gui": {
			"rotation": [30, 135, 0],
			"scale": [0.625, 0.625, 0.625]
		},
		"fixed": {
			"scale": [0.5, 0.5, 0.5]
		}
	},
	"groups": [
		{
			"name": "hexadecagon",
			"origin": [8, 8, 8],
			"color": 0,
			"children": [0, 1, 2, 3, 4, 5, 6, 7]
		},
		{
			"name": "hexadecagon",
			"origin": [8, 8, 8],
			"color": 0,
			"children": [8, 9, 10, 11, 12, 13, 14, 15]
		},
		{
			"name": "hexadecagon",
			"origin": [8, 8, 8],
			"color": 0,
			"children": [16, 17, 18, 19, 20, 21, 22, 23]
		},
		{
			"name": "hexadecagon",
			"origin": [8, 8, 8],
			"color": 0,
			"children": [24, 25, 26, 27, 28, 29, 30, 31]
		}
	]
}