{
	"providers": [
		{
			"type": "bitmap",
			"file": "minecraft:gui/container/furnace_smelting_guide_left.png",
			"ascent": 13,
			"height": 221,
			"chars": [
				"\uEff1"
			]
		},
		{
			"type": "bitmap",
			"file": "minecraft:gui/container/furnace_smelting_guide_right.png",
			"ascent": 48,
			"height": 256,
			"chars": [
				"\uEff2"
			]
		},
		{
			"type": "bitmap",
			"file": "minecraft:gui/container/blast_smelting_guide_left.png",
			"ascent": 13,
			"height": 221,
			"chars": [
				"\uEff3"
			]
		},
		{
			"type": "bitmap",
			"file": "minecraft:gui/container/blast_smelting_guide_right.png",
			"ascent": 48,
			"height": 256,
			"chars": [
				"\uEff4"
			]
		},
		{
			"type": "bitmap",
			"file": "minecraft:gui/container/smoker_smelting_guide_left.png",
			"ascent": 13,
			"height": 221,
			"chars": [
				"\uEff5"
			]
		},
		{
			"type": "bitmap",
			"file": "minecraft:gui/container/smoker_smelting_guide_right.png",
			"ascent": 48,
			"height": 256,
			"chars": [
				"\uEff6"
			]
		}
	]
}