{
	"credit": "Made with Blockbench",
	"texture_size": [32, 32],
	"textures": {
		"0": "./heater",
		"particle": "./heater"
	},
	"elements": [
		{
			"from": [4, 17, 11],
			"to": [12, 18, 12],
			"faces": {
				"north": {"uv": [9, 9, 13, 9.5], "texture": "#0"},
				"east": {"uv": [9, 10, 9.5, 10.5], "texture": "#0"},
				"south": {"uv": [9, 9.5, 13, 10], "texture": "#0"},
				"west": {"uv": [9.5, 10, 10, 10.5], "texture": "#0"},
				"up": {"uv": [14, 0.5, 10, 0], "texture": "#0"},
				"down": {"uv": [14, 0.5, 10, 1], "texture": "#0"}
			}
		},
		{
			"from": [13, 7, 10],
			"to": [14, 16, 11],
			"faces": {
				"north": {"uv": [2, 9, 2.5, 13.5], "texture": "#0"},
				"east": {"uv": [2.5, 9, 3, 13.5], "texture": "#0"},
				"south": {"uv": [3, 9, 3.5, 13.5], "texture": "#0"},
				"west": {"uv": [3.5, 9, 4, 13.5], "texture": "#0"},
				"up": {"uv": [10.5, 10.5, 10, 10], "texture": "#0"},
				"down": {"uv": [11, 6, 10.5, 6.5], "texture": "#0"}
			}
		},
		{
			"from": [2, 7, 10],
			"to": [3, 16, 11],
			"faces": {
				"north": {"uv": [4, 9, 4.5, 13.5], "texture": "#0"},
				"east": {"uv": [4.5, 9, 5, 13.5], "texture": "#0"},
				"south": {"uv": [5, 9, 5.5, 13.5], "texture": "#0"},
				"west": {"uv": [5.5, 9, 6, 13.5], "texture": "#0"},
				"up": {"uv": [11, 7, 10.5, 6.5], "texture": "#0"},
				"down": {"uv": [11, 7, 10.5, 7.5], "texture": "#0"}
			}
		},
		{
			"from": [4, 3, 11],
			"to": [12, 5, 12],
			"faces": {
				"north": {"uv": [6, 6, 10, 7], "texture": "#0"},
				"east": {"uv": [10, 6, 10.5, 7], "texture": "#0"},
				"south": {"uv": [6, 7, 10, 8], "texture": "#0"},
				"west": {"uv": [10, 7, 10.5, 8], "texture": "#0"},
				"up": {"uv": [14, 1.5, 10, 1], "texture": "#0"},
				"down": {"uv": [14, 1.5, 10, 2], "texture": "#0"}
			}
		},
		{
			"name": "Cube",
			"from": [7, 8, 5],
			"to": [9, 14, 11],
			"faces": {
				"north": {"uv": [6, 8, 7, 11], "texture": "#0"},
				"east": {"uv": [0, 6, 3, 9], "texture": "#0"},
				"south": {"uv": [7, 8, 8, 11], "texture": "#0"},
				"west": {"uv": [3, 6, 6, 9], "texture": "#0"},
				"up": {"uv": [9, 11, 8, 8], "texture": "#0"},
				"down": {"uv": [1, 9, 0, 12], "texture": "#0"}
			}
		},
		{
			"name": "Cube",
			"from": [3, 5, 11],
			"to": [13, 17, 12],
			"faces": {
				"north": {"uv": [0, 0, 5, 6], "texture": "#0"},
				"east": {"uv": [1, 9, 1.5, 15], "texture": "#0"},
				"south": {"uv": [5, 0, 10, 6], "texture": "#0"},
				"west": {"uv": [1.5, 9, 2, 15], "texture": "#0"},
				"up": {"uv": [14, 8.5, 9, 8], "texture": "#0"},
				"down": {"uv": [14, 8.5, 9, 9], "texture": "#0"}
			}
		},
		{
			"from": [5, 2, 11],
			"to": [11, 3, 12],
			"faces": {
				"north": {"uv": [10, 2, 13, 2.5], "texture": "#0"},
				"east": {"uv": [10.5, 7.5, 11, 8], "texture": "#0"},
				"south": {"uv": [10, 2.5, 13, 3], "texture": "#0"},
				"west": {"uv": [9, 10.5, 9.5, 11], "texture": "#0"},
				"up": {"uv": [13, 3.5, 10, 3], "texture": "#0"},
				"down": {"uv": [13, 3.5, 10, 4], "texture": "#0"}
			}
		},
		{
			"from": [6, 1, 11],
			"to": [10, 2, 12],
			"faces": {
				"north": {"uv": [10, 4, 12, 4.5], "texture": "#0"},
				"east": {"uv": [9.5, 10.5, 10, 11], "texture": "#0"},
				"south": {"uv": [10, 4.5, 12, 5], "texture": "#0"},
				"west": {"uv": [10, 10.5, 10.5, 11], "texture": "#0"},
				"up": {"uv": [12, 5.5, 10, 5], "texture": "#0"},
				"down": {"uv": [12, 5.5, 10, 6], "texture": "#0"}
			}
		}
	],
	"gui_light": "front",
	"display": {
		"thirdperson_righthand": {
			"rotation": [0, 90, 0],
			"translation": [0, -5, 4]
		},
		"thirdperson_lefthand": {
			"rotation": [0, 90, 0],
			"translation": [0, -5, 4]
		},
		"firstperson_righthand": {
			"rotation": [0, 180, 5],
			"translation": [-1, -12, 2],
			"scale": [1.25, 1.25, 1.25]
		},
		"firstperson_lefthand": {
			"rotation": [0, 180, 5],
			"translation": [-1, -12, 2],
			"scale": [1.25, 1.25, 1.25]
		},
		"ground": {
			"translation": [0, 4, 0],
			"scale": [0.5, 0.5, 0.5]
		},
		"gui": {
			"rotation": [15, -25, -5],
			"translation": [0, -1, 0],
			"scale": [0.65, 0.65, 0.65]
		},
		"fixed": {
			"rotation": [0, 180, 0],
			"translation": [0, -2.5, 1.75],
			"scale": [0.8, 0.8, 0.8]
		}
	},
	"groups": [
		{
			"name": "group",
			"origin": [0, 0, 0],
			"color": 0,
			"children": [0, 1, 2, 3, 4, 5, 6, 7]
		}
	]
}