{
	"credit": "AlexTestria | https://alex-bauerndistel.de",
	"textures": {
		"0": "brickcraft/material/plastics/shader_support/plastic17",
		"1": "brickcraft/material/plastics/shader_support/plastic20",
		"2": "brickcraft/material/plastics/shader_support/plastic38",
		"particle": "brickcraft/material/plastics/shader_support/plastic17"
	},
	"elements": [
		{
			"name": "hexadecagon",
			"from": [4, 0, 7.20435],
			"to": [12, 3, 8.79565],
			"rotation": {"angle": -45, "axis": "y", "origin": [8, 1.5, 8]},
			"faces": {
				"north": {"uv": [0, 0, 8, 3], "texture": "#0"},
				"east": {"uv": [0, 0, 1.5913, 3], "texture": "#0"},
				"south": {"uv": [0, 0, 8, 3], "texture": "#0"},
				"west": {"uv": [0, 0, 1.5913, 3], "texture": "#0"},
				"up": {"uv": [0, 0, 1.5913, 8], "rotation": 270, "texture": "#0"},
				"down": {"uv": [0, 0, 1.5913, 8], "rotation": 90, "texture": "#0"}
			}
		},
		{
			"name": "hexadecagon",
			"from": [4, 0, 7.20435],
			"to": [12, 3, 8.79565],
			"rotation": {"angle": -22.5, "axis": "y", "origin": [8, 1.5, 8]},
			"faces": {
				"north": {"uv": [0, 0, 8, 3], "texture": "#0"},
				"east": {"uv": [0, 0, 1.5913, 3], "texture": "#0"},
				"south": {"uv": [0, 0, 8, 3], "texture": "#0"},
				"west": {"uv": [0, 0, 1.5913, 3], "texture": "#0"},
				"up": {"uv": [0, 0, 1.5913, 8], "rotation": 270, "texture": "#0"},
				"down": {"uv": [0, 0, 1.5913, 8], "rotation": 90, "texture": "#0"}
			}
		},
		{
			"name": "hexadecagon",
			"from": [4, 0, 7.20435],
			"to": [12, 3, 8.79565],
			"rotation": {"angle": 0, "axis": "y", "origin": [8, 1.5, 8]},
			"faces": {
				"north": {"uv": [0, 0, 8, 3], "texture": "#0"},
				"east": {"uv": [0, 0, 1.5913, 3], "texture": "#0"},
				"south": {"uv": [0, 0, 8, 3], "texture": "#0"},
				"west": {"uv": [0, 0, 1.5913, 3], "texture": "#0"},
				"up": {"uv": [0, 0, 1.5913, 8], "rotation": 270, "texture": "#0"},
				"down": {"uv": [0, 0, 1.5913, 8], "rotation": 90, "texture": "#0"}
			}
		},
		{
			"name": "hexadecagon",
			"from": [4, 0, 7.20435],
			"to": [12, 3, 8.79565],
			"rotation": {"angle": 22.5, "axis": "y", "origin": [8, 1.5, 8]},
			"faces": {
				"north": {"uv": [0, 0, 8, 3], "texture": "#0"},
				"east": {"uv": [0, 0, 1.5913, 3], "texture": "#0"},
				"south": {"uv": [0, 0, 8, 3], "texture": "#0"},
				"west": {"uv": [0, 0, 1.5913, 3], "texture": "#0"},
				"up": {"uv": [0, 0, 1.5913, 8], "rotation": 270, "texture": "#0"},
				"down": {"uv": [0, 0, 1.5913, 8], "rotation": 90, "texture": "#0"}
			}
		},
		{
			"name": "hexadecagon",
			"from": [4, 0, 7.20435],
			"to": [12, 3, 8.79565],
			"rotation": {"angle": 45, "axis": "y", "origin": [8, 1.5, 8]},
			"faces": {
				"north": {"uv": [0, 0, 8, 3], "texture": "#0"},
				"east": {"uv": [0, 0, 1.5913, 3], "texture": "#0"},
				"south": {"uv": [0, 0, 8, 3], "texture": "#0"},
				"west": {"uv": [0, 0, 1.5913, 3], "texture": "#0"},
				"up": {"uv": [0, 0, 1.5913, 8], "rotation": 270, "texture": "#0"},
				"down": {"uv": [0, 0, 1.5913, 8], "rotation": 90, "texture": "#0"}
			}
		},
		{
			"name": "hexadecagon",
			"from": [7.20435, 0, 4],
			"to": [8.79565, 3, 12],
			"rotation": {"angle": -22.5, "axis": "y", "origin": [8, 1.5, 8]},
			"faces": {
				"north": {"uv": [0, 0, 1.5913, 3], "texture": "#0"},
				"east": {"uv": [0, 0, 8, 3], "texture": "#0"},
				"south": {"uv": [0, 0, 1.5913, 3], "texture": "#0"},
				"west": {"uv": [0, 0, 8, 3], "texture": "#0"},
				"up": {"uv": [0, 0, 8, 1.5913], "rotation": 270, "texture": "#0"},
				"down": {"uv": [0, 0, 8, 1.5913], "rotation": 90, "texture": "#0"}
			}
		},
		{
			"name": "hexadecagon",
			"from": [7.20435, 0, 4],
			"to": [8.79565, 3, 12],
			"rotation": {"angle": 0, "axis": "y", "origin": [8, 1.5, 8]},
			"faces": {
				"north": {"uv": [0, 0, 1.5913, 3], "texture": "#0"},
				"east": {"uv": [0, 0, 8, 3], "texture": "#0"},
				"south": {"uv": [0, 0, 1.5913, 3], "texture": "#0"},
				"west": {"uv": [0, 0, 8, 3], "texture": "#0"},
				"up": {"uv": [0, 0, 8, 1.5913], "rotation": 270, "texture": "#0"},
				"down": {"uv": [0, 0, 8, 1.5913], "rotation": 90, "texture": "#0"}
			}
		},
		{
			"name": "hexadecagon",
			"from": [7.20435, 0, 4],
			"to": [8.79565, 3, 12],
			"rotation": {"angle": 22.5, "axis": "y", "origin": [8, 1.5, 8]},
			"faces": {
				"north": {"uv": [0, 0, 1.5913, 3], "texture": "#0"},
				"east": {"uv": [0, 0, 8, 3], "texture": "#0"},
				"south": {"uv": [0, 0, 1.5913, 3], "texture": "#0"},
				"west": {"uv": [0, 0, 8, 3], "texture": "#0"},
				"up": {"uv": [0, 0, 8, 1.5913], "rotation": 270, "texture": "#0"},
				"down": {"uv": [0, 0, 8, 1.5913], "rotation": 90, "texture": "#0"}
			}
		},
		{
			"name": "hexadecagon",
			"from": [4.5, 3.025, 7.30381],
			"to": [11.5, 3.025, 8.69619],
			"rotation": {"angle": -45, "axis": "y", "origin": [8, 3, 8]},
			"faces": {
				"up": {"uv": [0, 0, 1.39239, 7], "rotation": 270, "texture": "#1"},
				"down": {"uv": [0, 0, 1.39239, 7], "rotation": 90, "texture": "#1"}
			}
		},
		{
			"name": "hexadecagon",
			"from": [4.5, 3.025, 7.30381],
			"to": [11.5, 3.025, 8.69619],
			"rotation": {"angle": -22.5, "axis": "y", "origin": [8, 3, 8]},
			"faces": {
				"up": {"uv": [0, 0, 1.39239, 7], "rotation": 270, "texture": "#1"},
				"down": {"uv": [0, 0, 1.39239, 7], "rotation": 90, "texture": "#1"}
			}
		},
		{
			"name": "hexadecagon",
			"from": [4.5, 3.025, 7.30381],
			"to": [11.5, 3.025, 8.69619],
			"rotation": {"angle": 0, "axis": "y", "origin": [8, 3, 8]},
			"faces": {
				"up": {"uv": [0, 0, 1.39239, 7], "rotation": 270, "texture": "#1"},
				"down": {"uv": [0, 0, 1.39239, 7], "rotation": 90, "texture": "#1"}
			}
		},
		{
			"name": "hexadecagon",
			"from": [4.5, 3.025, 7.30381],
			"to": [11.5, 3.025, 8.69619],
			"rotation": {"angle": 22.5, "axis": "y", "origin": [8, 3, 8]},
			"faces": {
				"up": {"uv": [0, 0, 1.39239, 7], "rotation": 270, "texture": "#1"},
				"down": {"uv": [0, 0, 1.39239, 7], "rotation": 90, "texture": "#1"}
			}
		},
		{
			"name": "hexadecagon",
			"from": [4.5, 3.025, 7.30381],
			"to": [11.5, 3.025, 8.69619],
			"rotation": {"angle": 45, "axis": "y", "origin": [8, 3, 8]},
			"faces": {
				"up": {"uv": [0, 0, 1.39239, 7], "rotation": 270, "texture": "#1"},
				"down": {"uv": [0, 0, 1.39239, 7], "rotation": 90, "texture": "#1"}
			}
		},
		{
			"name": "hexadecagon",
			"from": [7.30381, 3.025, 4.5],
			"to": [8.69619, 3.025, 11.5],
			"rotation": {"angle": -22.5, "axis": "y", "origin": [8, 3, 8]},
			"faces": {
				"up": {"uv": [0, 0, 7, 1.39239], "rotation": 270, "texture": "#1"},
				"down": {"uv": [0, 0, 7, 1.39239], "rotation": 90, "texture": "#1"}
			}
		},
		{
			"name": "hexadecagon",
			"from": [7.30381, 3.025, 4.5],
			"to": [8.69619, 3.025, 11.5],
			"rotation": {"angle": 0, "axis": "y", "origin": [8, 3, 8]},
			"faces": {
				"up": {"uv": [0, 0, 7, 1.39239], "rotation": 270, "texture": "#1"},
				"down": {"uv": [0, 0, 7, 1.39239], "rotation": 90, "texture": "#1"}
			}
		},
		{
			"name": "hexadecagon",
			"from": [7.30381, 3.025, 4.5],
			"to": [8.69619, 3.025, 11.5],
			"rotation": {"angle": 22.5, "axis": "y", "origin": [8, 3, 8]},
			"faces": {
				"up": {"uv": [0, 0, 7, 1.39239], "rotation": 270, "texture": "#1"},
				"down": {"uv": [0, 0, 7, 1.39239], "rotation": 90, "texture": "#1"}
			}
		},
		{
			"from": [7.5, 3.05, 7.5],
			"to": [8.5, 3.05, 10.5],
			"rotation": {"angle": 0, "axis": "y", "origin": [0, 0, 16]},
			"faces": {
				"up": {"uv": [0, 0, 3, 1], "rotation": 270, "texture": "#2"},
				"down": {"uv": [0, 0, 3, 1], "rotation": 90, "texture": "#2"}
			}
		},
		{
			"from": [6.5, 3.05, 7.5],
			"to": [7.5, 3.05, 8.5],
			"rotation": {"angle": 0, "axis": "y", "origin": [0, 0, 16]},
			"faces": {
				"up": {"uv": [0, 0, 1, 1], "rotation": 270, "texture": "#0"},
				"down": {"uv": [0, 0, 1, 1], "rotation": 90, "texture": "#0"}
			}
		},
		{
			"from": [8.5, 3.05, 7.5],
			"to": [9.5, 3.05, 8.5],
			"rotation": {"angle": 0, "axis": "y", "origin": [0, 0, 16]},
			"faces": {
				"up": {"uv": [0, 0, 1, 1], "rotation": 270, "texture": "#0"},
				"down": {"uv": [0, 0, 1, 1], "rotation": 90, "texture": "#0"}
			}
		},
		{
			"from": [7.5, 3.05, 6.5],
			"to": [8.5, 3.05, 7.5],
			"rotation": {"angle": 0, "axis": "y", "origin": [0, 0, 16]},
			"faces": {
				"up": {"uv": [0, 0, 1, 1], "rotation": 270, "texture": "#0"},
				"down": {"uv": [0, 0, 1, 1], "rotation": 90, "texture": "#0"}
			}
		}
	],
	"display": {
		"thirdperson_righthand": {
			"rotation": [75, -180, 0],
			"translation": [0, 2.5, 2.25],
			"scale": [0.5, 0.5, 0.5]
		},
		"thirdperson_lefthand": {
			"rotation": [75, -180, 0],
			"translation": [0, 2.5, 2.25],
			"scale": [0.5, 0.5, 0.5]
		},
		"firstperson_righthand": {
			"rotation": [15, -180, 0],
			"translation": [0, 4.5, 0],
			"scale": [0.75, 0.75, 0.75]
		},
		"firstperson_lefthand": {
			"rotation": [15, -180, 0],
			"translation": [0, 4.5, 0],
			"scale": [0.75, 0.75, 0.75]
		},
		"ground": {
			"translation": [0, 3, 0],
			"scale": [0.5, 0.5, 0.5]
		},
		"gui": {
			"rotation": [30, -180, 0],
			"translation": [0, 9.5, 0],
			"scale": [1.75, 1.75, 1.75]
		},
		"head": {
			"rotation": [0, -180, 0],
			"translation": [0, 14.25, 0]
		},
		"fixed": {
			"rotation": [0, -90, 0],
			"translation": [0, 5.5, -1.25]
		}
	},
	"groups": [
		{
			"name": "hexadecagon",
			"origin": [8, 8, 8],
			"color": 0,
			"children": [0, 1, 2, 3, 4, 5, 6, 7]
		},
		{
			"name": "hexadecagon",
			"origin": [8, 8, 8],
			"color": 0,
			"children": [8, 9, 10, 11, 12, 13, 14, 15]
		},
		{
			"name": "group",
			"origin": [0, 0, 0],
			"color": 0,
			"children": [16, 17, 18, 19]
		}
	]
}