{
	"credit": "AlexTestria | https://alex-bauerndistel.de",
	"textures": {
		"particle": "#0"
	},
	"elements": [
		{
			"from": [7.29289, 0.70101, 7.5005],
			"to": [8.70711, 10.40076, 8.4995],
			"rotation": {"angle": 0, "axis": "z", "origin": [8, 7.55089, 8]},
			"faces": {
				"north": {"uv": [0, 0, 1.41422, 9.69975], "texture": "#0"},
				"east": {"uv": [0, 0, 0.999, 9.69975], "texture": "#0"},
				"south": {"uv": [0, 0, 1.41422, 9.69975], "texture": "#0"},
				"west": {"uv": [0, 0, 0.999, 9.69975], "texture": "#0"},
				"down": {"uv": [0, 0, 1.41422, 0.999], "texture": "#0"}
			}
		},
		{
			"from": [15.207, 5.4734, 7.5],
			"to": [17.707, 5.9734, 8.5],
			"rotation": {"angle": -45, "axis": "z", "origin": [6.5195, 12.56715, 8]},
			"faces": {
				"north": {"uv": [0, 0, 2.5, 0.5], "texture": "#0"},
				"east": {"uv": [0, 0, 1, 0.5], "texture": "#0"},
				"south": {"uv": [0, 0, 2.5, 0.5], "texture": "#0"},
				"west": {"uv": [0, 0, 1, 0.5], "texture": "#0"},
				"up": {"uv": [0, 0, 2.5, 1], "texture": "#0"},
				"down": {"uv": [0, 0, 2.5, 1], "texture": "#0"}
			}
		},
		{
			"from": [15.207, 3.4734, 7.5],
			"to": [17.707, 3.9734, 8.5],
			"rotation": {"angle": -45, "axis": "z", "origin": [6.5195, 12.56715, 8]},
			"faces": {
				"north": {"uv": [0, 0, 2.5, 0.5], "texture": "#0"},
				"east": {"uv": [0, 0, 1, 0.5], "texture": "#0"},
				"south": {"uv": [0, 0, 2.5, 0.5], "texture": "#0"},
				"west": {"uv": [0, 0, 1, 0.5], "texture": "#0"},
				"up": {"uv": [0, 0, 2.5, 1], "texture": "#0"},
				"down": {"uv": [0, 0, 2.5, 1], "texture": "#0"}
			}
		},
		{
			"from": [17.207, 3.9734, 7.5],
			"to": [17.707, 5.4734, 8.5],
			"rotation": {"angle": -45, "axis": "z", "origin": [6.5195, 12.56715, 8]},
			"faces": {
				"north": {"uv": [0, 0, 0.5, 1.5], "texture": "#0"},
				"east": {"uv": [0, 0, 1, 1.5], "texture": "#0"},
				"south": {"uv": [0, 0, 0.5, 1.5], "texture": "#0"},
				"west": {"uv": [0, 0, 1, 1.5], "texture": "#0"}
			}
		},
		{
			"from": [15.207, 3.9734, 7.5],
			"to": [15.707, 5.4734, 8.5],
			"rotation": {"angle": -45, "axis": "z", "origin": [6.5195, 12.56715, 8]},
			"faces": {
				"north": {"uv": [0, 0, 0.5, 1.5], "texture": "#0"},
				"east": {"uv": [0, 0, 1, 1.5], "texture": "#0"},
				"south": {"uv": [0, 0, 0.5, 1.5], "texture": "#0"},
				"west": {"uv": [0, 0, 1, 1.5], "texture": "#0"}
			}
		},
		{
			"from": [5.5, 12.5, 7.5],
			"to": [8.5, 16.5, 8.5],
			"rotation": {"angle": 45, "axis": "z", "origin": [8, 16, 8]},
			"faces": {
				"north": {"uv": [0, 0, 3, 4], "texture": "#0"},
				"east": {"uv": [0, 0, 1, 4], "texture": "#0"},
				"south": {"uv": [0, 0, 3, 4], "texture": "#0"},
				"west": {"uv": [0, 0, 1, 4], "texture": "#0"},
				"up": {"uv": [0, 0, 3, 1], "texture": "#0"},
				"down": {"uv": [0, 0, 3, 1], "texture": "#0"}
			}
		},
		{
			"from": [4.5, 11.5, 7.5],
			"to": [5.5, 15.5, 8.5],
			"rotation": {"angle": 45, "axis": "z", "origin": [8, 16, 8]},
			"faces": {
				"north": {"uv": [0, 0, 1, 4], "texture": "#0"},
				"east": {"uv": [0, 0, 1, 4], "texture": "#0"},
				"south": {"uv": [0, 0, 1, 4], "texture": "#0"},
				"west": {"uv": [0, 0, 1, 4], "texture": "#0"},
				"up": {"uv": [0, 0, 1, 1], "texture": "#0"},
				"down": {"uv": [0, 0, 1, 1], "texture": "#0"}
			}
		},
		{
			"from": [3.5, 11.5, 7.5],
			"to": [4.5, 13.5, 8.5],
			"rotation": {"angle": 45, "axis": "z", "origin": [8, 16, 8]},
			"faces": {
				"north": {"uv": [0, 0, 1, 2], "texture": "#0"},
				"east": {"uv": [0, 0, 1, 2], "texture": "#0"},
				"south": {"uv": [0, 0, 1, 2], "texture": "#0"},
				"west": {"uv": [0, 0, 1, 2], "texture": "#0"},
				"up": {"uv": [0, 0, 1, 1], "texture": "#0"},
				"down": {"uv": [0, 0, 1, 1], "texture": "#0"}
			}
		},
		{
			"from": [8.5, 8.5, 7.5],
			"to": [9.5, 13.5, 8.5],
			"rotation": {"angle": 45, "axis": "z", "origin": [8, 16, 8]},
			"faces": {
				"north": {"uv": [0, 0, 1, 5], "texture": "#0"},
				"east": {"uv": [0, 0, 1, 5], "texture": "#0"},
				"south": {"uv": [0, 0, 1, 5], "texture": "#0"},
				"west": {"uv": [0, 0, 1, 5], "texture": "#0"},
				"up": {"uv": [0, 0, 1, 1], "texture": "#0"},
				"down": {"uv": [0, 0, 1, 1], "texture": "#0"}
			}
		},
		{
			"from": [7.5, 9.5, 7.5],
			"to": [8.5, 12.5, 8.5],
			"rotation": {"angle": 45, "axis": "z", "origin": [8, 16, 8]},
			"faces": {
				"north": {"uv": [0, 0, 1, 3], "texture": "#0"},
				"east": {"uv": [0, 0, 1, 3], "texture": "#0"},
				"south": {"uv": [0, 0, 1, 3], "texture": "#0"},
				"west": {"uv": [0, 0, 1, 3], "texture": "#0"},
				"up": {"uv": [0, 0, 1, 1], "texture": "#0"},
				"down": {"uv": [0, 0, 1, 1], "texture": "#0"}
			}
		},
		{
			"from": [6.5, 11.5, 7.5],
			"to": [7.5, 12.5, 8.5],
			"rotation": {"angle": 45, "axis": "z", "origin": [8, 16, 8]},
			"faces": {
				"north": {"uv": [0, 0, 1, 1], "texture": "#0"},
				"east": {"uv": [0, 0, 1, 1], "texture": "#0"},
				"south": {"uv": [0, 0, 1, 1], "texture": "#0"},
				"west": {"uv": [0, 0, 1, 1], "texture": "#0"},
				"up": {"uv": [0, 0, 1, 1], "texture": "#0"},
				"down": {"uv": [0, 0, 1, 1], "texture": "#0"}
			}
		},
		{
			"from": [9.5, 9.5, 7.5],
			"to": [10.5, 12.5, 8.5],
			"rotation": {"angle": 45, "axis": "z", "origin": [8, 16, 8]},
			"faces": {
				"north": {"uv": [0, 0, 1, 3], "texture": "#0"},
				"east": {"uv": [0, 0, 1, 3], "texture": "#0"},
				"south": {"uv": [0, 0, 1, 3], "texture": "#0"},
				"west": {"uv": [0, 0, 1, 3], "texture": "#0"},
				"up": {"uv": [0, 0, 1, 1], "texture": "#0"},
				"down": {"uv": [0, 0, 1, 1], "texture": "#0"}
			}
		},
		{
			"name": "hexadecagon",
			"from": [7.80109, 1.5, 7],
			"to": [8.19891, 9.75, 9],
			"rotation": {"angle": 0, "axis": "y", "origin": [8, 4, 8]},
			"faces": {
				"north": {"uv": [0, 0, 0.39782, 8.25], "texture": "#1"},
				"east": {"uv": [0, 0, 2, 8.25], "texture": "#1"},
				"south": {"uv": [0, 0, 0.39782, 8.25], "texture": "#1"},
				"west": {"uv": [0, 0, 2, 8.25], "texture": "#1"},
				"up": {"uv": [0, 0, 0.39782, 2], "texture": "#1"},
				"down": {"uv": [0, 0, 0.39782, 2], "texture": "#1"}
			}
		},
		{
			"name": "hexadecagon",
			"from": [7.80109, 1.5, 7],
			"to": [8.19891, 9.75, 9],
			"rotation": {"angle": 22.5, "axis": "y", "origin": [8, 3, 8]},
			"faces": {
				"north": {"uv": [0, 0, 0.39782, 8.25], "texture": "#1"},
				"east": {"uv": [0, 0, 2, 8.25], "texture": "#1"},
				"south": {"uv": [0, 0, 0.39782, 8.25], "texture": "#1"},
				"west": {"uv": [0, 0, 2, 8.25], "texture": "#1"},
				"up": {"uv": [0, 0, 0.39782, 2], "texture": "#1"},
				"down": {"uv": [0, 0, 0.39782, 2], "texture": "#1"}
			}
		},
		{
			"name": "hexadecagon",
			"from": [7, 1.5, 7.80109],
			"to": [9, 9.75, 8.19891],
			"rotation": {"angle": -22.5, "axis": "y", "origin": [8, 3, 8]},
			"faces": {
				"north": {"uv": [0, 0, 2, 8.25], "texture": "#1"},
				"east": {"uv": [0, 0, 0.39782, 8.25], "texture": "#1"},
				"south": {"uv": [0, 0, 2, 8.25], "texture": "#1"},
				"west": {"uv": [0, 0, 0.39782, 8.25], "texture": "#1"},
				"up": {"uv": [0, 0, 2, 0.39782], "texture": "#1"},
				"down": {"uv": [0, 0, 2, 0.39782], "texture": "#1"}
			}
		},
		{
			"name": "hexadecagon",
			"from": [7, 1.5, 7.80109],
			"to": [9, 9.75, 8.19891],
			"rotation": {"angle": -45, "axis": "y", "origin": [8, 3, 8]},
			"faces": {
				"north": {"uv": [0, 0, 2, 8.25], "texture": "#1"},
				"east": {"uv": [0, 0, 0.39782, 8.25], "texture": "#1"},
				"south": {"uv": [0, 0, 2, 8.25], "texture": "#1"},
				"west": {"uv": [0, 0, 0.39782, 8.25], "texture": "#1"},
				"up": {"uv": [0, 0, 2, 0.39782], "texture": "#1"},
				"down": {"uv": [0, 0, 2, 0.39782], "texture": "#1"}
			}
		},
		{
			"name": "hexadecagon",
			"from": [7.80109, 1.5, 7],
			"to": [8.19891, 9.75, 9],
			"rotation": {"angle": -22.5, "axis": "y", "origin": [8, 3, 8]},
			"faces": {
				"north": {"uv": [0, 0, 0.39782, 8.25], "texture": "#1"},
				"east": {"uv": [0, 0, 2, 8.25], "texture": "#1"},
				"south": {"uv": [0, 0, 0.39782, 8.25], "texture": "#1"},
				"west": {"uv": [0, 0, 2, 8.25], "texture": "#1"},
				"up": {"uv": [0, 0, 0.39782, 2], "texture": "#1"},
				"down": {"uv": [0, 0, 0.39782, 2], "texture": "#1"}
			}
		},
		{
			"name": "hexadecagon",
			"from": [7.80109, 1.5, 7],
			"to": [8.19891, 9.75, 9],
			"rotation": {"angle": -45, "axis": "y", "origin": [8, 3, 8]},
			"faces": {
				"north": {"uv": [0, 0, 0.39782, 8.25], "texture": "#1"},
				"east": {"uv": [0, 0, 2, 8.25], "texture": "#1"},
				"south": {"uv": [0, 0, 0.39782, 8.25], "texture": "#1"},
				"west": {"uv": [0, 0, 2, 8.25], "texture": "#1"},
				"up": {"uv": [0, 0, 0.39782, 2], "texture": "#1"},
				"down": {"uv": [0, 0, 0.39782, 2], "texture": "#1"}
			}
		},
		{
			"name": "hexadecagon",
			"from": [7, 1.5, 7.80109],
			"to": [9, 9.75, 8.19891],
			"rotation": {"angle": 22.5, "axis": "y", "origin": [8, 3, 8]},
			"faces": {
				"north": {"uv": [0, 0, 2, 8.25], "texture": "#1"},
				"east": {"uv": [0, 0, 0.39782, 8.25], "texture": "#1"},
				"south": {"uv": [0, 0, 2, 8.25], "texture": "#1"},
				"west": {"uv": [0, 0, 0.39782, 8.25], "texture": "#1"},
				"up": {"uv": [0, 0, 2, 0.39782], "texture": "#1"},
				"down": {"uv": [0, 0, 2, 0.39782], "texture": "#1"}
			}
		},
		{
			"name": "hexadecagon",
			"from": [7, 1.5, 7.80109],
			"to": [9, 9.75, 8.19891],
			"rotation": {"angle": 0, "axis": "y", "origin": [8, 3, 8]},
			"faces": {
				"north": {"uv": [0, 0, 2, 8.25], "texture": "#1"},
				"east": {"uv": [0, 0, 0.39782, 8.25], "texture": "#1"},
				"south": {"uv": [0, 0, 2, 8.25], "texture": "#1"},
				"west": {"uv": [0, 0, 0.39782, 8.25], "texture": "#1"},
				"up": {"uv": [0, 0, 2, 0.39782], "texture": "#1"},
				"down": {"uv": [0, 0, 2, 0.39782], "texture": "#1"}
			}
		},
		{
			"from": [2.457, 13.2234, 7.375],
			"to": [4.457, 14.2234, 8.625],
			"rotation": {"angle": -45, "axis": "z", "origin": [6.5195, 8.06715, 8]},
			"faces": {
				"north": {"uv": [0, 0, 2, 1], "texture": "#1"},
				"east": {"uv": [0, 0, 1.25, 1], "texture": "#1"},
				"south": {"uv": [0, 0, 2, 1], "texture": "#1"},
				"west": {"uv": [0, 0, 1.25, 1], "texture": "#1"},
				"up": {"uv": [0, 0, 2, 1.25], "texture": "#1"},
				"down": {"uv": [0, 0, 2, 1.25], "texture": "#1"}
			}
		},
		{
			"from": [4.457, 14.2234, 7.375],
			"to": [6.457, 15.2234, 8.625],
			"rotation": {"angle": -45, "axis": "z", "origin": [6.5195, 8.06715, 8]},
			"faces": {
				"north": {"uv": [0, 0, 2, 1], "texture": "#1"},
				"east": {"uv": [0, 0, 1.25, 1], "texture": "#1"},
				"south": {"uv": [0, 0, 2, 1], "texture": "#1"},
				"west": {"uv": [0, 0, 1.25, 1], "texture": "#1"},
				"up": {"uv": [0, 0, 2, 1.25], "texture": "#1"},
				"down": {"uv": [0, 0, 2, 1.25], "texture": "#1"}
			}
		},
		{
			"from": [6.457, 15.2234, 7.375],
			"to": [8.457, 16.2234, 8.625],
			"rotation": {"angle": -45, "axis": "z", "origin": [6.5195, 8.06715, 8]},
			"faces": {
				"north": {"uv": [0, 0, 2, 1], "texture": "#1"},
				"east": {"uv": [0, 0, 1.25, 1], "texture": "#1"},
				"south": {"uv": [0, 0, 2, 1], "texture": "#1"},
				"west": {"uv": [0, 0, 1.25, 1], "texture": "#1"},
				"up": {"uv": [0, 0, 2, 1.25], "texture": "#1"},
				"down": {"uv": [0, 0, 2, 1.25], "texture": "#1"}
			}
		},
		{
			"from": [2.457, 12.2234, 7.375],
			"to": [3.457, 13.2234, 8.625],
			"rotation": {"angle": -45, "axis": "z", "origin": [6.5195, 8.06715, 8]},
			"faces": {
				"north": {"uv": [0, 0, 1, 1], "texture": "#1"},
				"east": {"uv": [0, 0, 1.25, 1], "texture": "#1"},
				"south": {"uv": [0, 0, 1, 1], "texture": "#1"},
				"west": {"uv": [0, 0, 1.25, 1], "texture": "#1"},
				"up": {"uv": [0, 0, 1, 1.25], "texture": "#1"},
				"down": {"uv": [0, 0, 1, 1.25], "texture": "#1"}
			}
		},
		{
			"from": [4.457, 11.2234, 7.375],
			"to": [5.457, 12.2234, 8.625],
			"rotation": {"angle": -45, "axis": "z", "origin": [6.5195, 8.06715, 8]},
			"faces": {
				"north": {"uv": [0, 0, 1, 1], "texture": "#1"},
				"east": {"uv": [0, 0, 1.25, 1], "texture": "#1"},
				"south": {"uv": [0, 0, 1, 1], "texture": "#1"},
				"west": {"uv": [0, 0, 1.25, 1], "texture": "#1"},
				"up": {"uv": [0, 0, 1, 1.25], "texture": "#1"},
				"down": {"uv": [0, 0, 1, 1.25], "texture": "#1"}
			}
		},
		{
			"from": [15.707, 3.9734, 7.75],
			"to": [17.207, 5.4734, 8.25],
			"rotation": {"angle": -45, "axis": "z", "origin": [6.5195, 12.56715, 8]},
			"faces": {
				"north": {"uv": [0, 0, 1.5, 1.5], "texture": "#1"},
				"south": {"uv": [0, 0, 1.5, 1.5], "texture": "#1"}
			}
		}
	],
	"display": {
		"thirdperson_righthand": {
			"rotation": [0, 90, 0],
			"translation": [0, 1, 0.5],
			"scale": [0.85, 0.85, 0.85]
		},
		"thirdperson_lefthand": {
			"rotation": [0, -90, 0],
			"translation": [0, 1, 0.5],
			"scale": [0.85, 0.85, 0.85]
		},
		"firstperson_righthand": {
			"rotation": [0, 90, 15],
			"translation": [1.13, 2.75, 1.13],
			"scale": [0.68, 0.68, 0.68]
		},
		"firstperson_lefthand": {
			"rotation": [0, -90, -15],
			"translation": [1.13, 2.75, 1.13],
			"scale": [0.68, 0.68, 0.68]
		},
		"ground": {
			"rotation": [0, 0, 45],
			"translation": [0, -0.25, 0],
			"scale": [0.5, 0.5, 0.5]
		},
		"gui": {
			"rotation": [-25, 0, -45],
			"translation": [-0.5, -0.25, 0]
		},
		"head": {
			"rotation": [90, -180, -52],
			"translation": [1.5, 7.25, -1.25]
		},
		"fixed": {
			"rotation": [0, -180, -45],
			"translation": [0.75, 0.25, 0]
		}
	},
	"groups": [
		{
			"name": "group",
			"origin": [7.0625, 10.84375, 8.5],
			"color": 0,
			"children": [0, 1, 2, 3, 4,
				{
					"name": "group",
					"origin": [8, 20.5, 8],
					"color": 0,
					"children": [5, 6, 7, 8, 9, 10, 11]
				}
			]
		},
		{
			"name": "hexadecagon",
			"origin": [8, 8, 8],
			"color": 0,
			"children": [12, 13, 14, 15, 16, 17, 18, 19]
		},
		{
			"name": "group",
			"origin": [6.5195, 12.56715, 8],
			"color": 0,
			"children": [20, 21, 22, 23, 24, 25]
		}
	]
}