{
	"credit": "AlexTestria | https://alex-bauerndistel.de",
	"textures": {
		"particle": "#0"
	},
	"elements": [
		{
			"from": [4.457, 13.7234, 7.5],
			"to": [5.457, 18.7234, 8.5],
			"rotation": {"angle": -45, "axis": "z", "origin": [6.5195, 12.56715, 8]},
			"faces": {
				"north": {"uv": [0, 5, 1, 10], "texture": "#0"},
				"east": {"uv": [0, 5, 1, 10], "texture": "#0"},
				"south": {"uv": [0, 5, 1, 10], "texture": "#0"},
				"west": {"uv": [0, 5, 1, 10], "texture": "#0"},
				"up": {"uv": [0, 1, 1, 2], "texture": "#0"},
				"down": {"uv": [0, 1, 1, 2], "texture": "#0"}
			}
		},
		{
			"from": [3.457, 14.7234, 7.5],
			"to": [4.457, 16.7234, 8.5],
			"rotation": {"angle": -45, "axis": "z", "origin": [6.5195, 12.56715, 8]},
			"faces": {
				"north": {"uv": [0, 2, 1, 4], "texture": "#0"},
				"south": {"uv": [0, 2, 1, 4], "texture": "#0"},
				"west": {"uv": [0, 2, 1, 4], "texture": "#0"},
				"down": {"uv": [0, 1, 1, 2], "texture": "#0"}
			}
		},
		{
			"from": [2.457, 15.7234, 7.5],
			"to": [3.457, 16.7234, 8.5],
			"rotation": {"angle": -45, "axis": "z", "origin": [6.5195, 12.56715, 8]},
			"faces": {
				"north": {"uv": [0, 1, 1, 2], "texture": "#0"},
				"south": {"uv": [0, 1, 1, 2], "texture": "#0"},
				"west": {"uv": [0, 1, 1, 2], "texture": "#0"},
				"down": {"uv": [0, 1, 1, 2], "texture": "#0"}
			}
		},
		{
			"from": [5.457, 12.7234, 7.5],
			"to": [6.457, 17.7234, 8.5],
			"rotation": {"angle": -45, "axis": "z", "origin": [6.5195, 12.56715, 8]},
			"faces": {
				"north": {"uv": [0, 5, 1, 10], "texture": "#0"},
				"east": {"uv": [0, 5, 1, 10], "texture": "#0"},
				"south": {"uv": [0, 5, 1, 10], "texture": "#0"},
				"west": {"uv": [0, 5, 1, 10], "texture": "#0"},
				"up": {"uv": [0, 1, 1, 2], "texture": "#0"},
				"down": {"uv": [0, 1, 1, 2], "texture": "#0"}
			}
		},
		{
			"from": [6.457, 11.7234, 7.5],
			"to": [7.457, 16.7234, 8.5],
			"rotation": {"angle": -45, "axis": "z", "origin": [6.5195, 12.56715, 8]},
			"faces": {
				"north": {"uv": [0, 5, 1, 10], "texture": "#0"},
				"east": {"uv": [0, 5, 1, 10], "texture": "#0"},
				"south": {"uv": [0, 5, 1, 10], "texture": "#0"},
				"west": {"uv": [0, 5, 1, 10], "texture": "#0"},
				"up": {"uv": [0, 1, 1, 2], "texture": "#0"},
				"down": {"uv": [0, 1, 1, 2], "texture": "#0"}
			}
		},
		{
			"from": [7.457, 10.7234, 7.5],
			"to": [8.457, 15.7234, 8.5],
			"rotation": {"angle": -45, "axis": "z", "origin": [6.5195, 12.56715, 8]},
			"faces": {
				"north": {"uv": [0, 5, 1, 10], "texture": "#0"},
				"east": {"uv": [0, 5, 1, 10], "texture": "#0"},
				"south": {"uv": [0, 5, 1, 10], "texture": "#0"},
				"west": {"uv": [0, 5, 1, 10], "texture": "#0"},
				"up": {"uv": [0, 1, 1, 2], "texture": "#0"},
				"down": {"uv": [0, 1, 1, 2], "texture": "#0"}
			}
		},
		{
			"from": [8.457, 9.7234, 7.5],
			"to": [9.457, 14.7234, 8.5],
			"rotation": {"angle": -45, "axis": "z", "origin": [6.5195, 12.56715, 8]},
			"faces": {
				"north": {"uv": [0, 5, 1, 10], "texture": "#0"},
				"east": {"uv": [0, 5, 1, 10], "texture": "#0"},
				"south": {"uv": [0, 5, 1, 10], "texture": "#0"},
				"west": {"uv": [0, 5, 1, 10], "texture": "#0"},
				"up": {"uv": [0, 1, 1, 2], "texture": "#0"},
				"down": {"uv": [0, 1, 1, 2], "texture": "#0"}
			}
		},
		{
			"from": [9.457, 6.7234, 7.5],
			"to": [10.457, 13.7234, 8.5],
			"rotation": {"angle": -45, "axis": "z", "origin": [6.5195, 12.56715, 8]},
			"faces": {
				"north": {"uv": [0, 7, 1, 14], "texture": "#0"},
				"east": {"uv": [0, 7, 1, 14], "texture": "#0"},
				"south": {"uv": [0, 7, 1, 14], "texture": "#0"},
				"west": {"uv": [0, 7, 1, 14], "texture": "#0"},
				"up": {"uv": [0, 1, 1, 2], "texture": "#0"},
				"down": {"uv": [0, 1, 1, 2], "texture": "#0"}
			}
		},
		{
			"from": [8.457, 7.7234, 7.5],
			"to": [9.457, 8.7234, 8.5],
			"rotation": {"angle": -45, "axis": "z", "origin": [6.5195, 12.56715, 8]},
			"faces": {
				"north": {"uv": [0, 1, 1, 2], "texture": "#0"},
				"south": {"uv": [0, 1, 1, 2], "texture": "#0"},
				"west": {"uv": [0, 1, 1, 2], "texture": "#0"},
				"up": {"uv": [0, 1, 1, 2], "texture": "#0"}
			}
		},
		{
			"from": [7.457, 5.7234, 7.5],
			"to": [9.457, 7.7234, 8.5],
			"rotation": {"angle": -45, "axis": "z", "origin": [6.5195, 12.56715, 8]},
			"faces": {
				"north": {"uv": [0, 2, 2, 4], "texture": "#0"},
				"east": {"uv": [0, 2, 1, 4], "texture": "#0"},
				"south": {"uv": [0, 2, 2, 4], "texture": "#0"},
				"west": {"uv": [0, 2, 1, 4], "texture": "#0"},
				"up": {"uv": [0, 1, 2, 2], "texture": "#0"},
				"down": {"uv": [0, 1, 2, 2], "texture": "#0"}
			}
		},
		{
			"from": [10.457, 7.7234, 7.5],
			"to": [11.457, 12.7234, 8.5],
			"rotation": {"angle": -45, "axis": "z", "origin": [6.5195, 12.56715, 8]},
			"faces": {
				"north": {"uv": [0, 6, 1, 11], "texture": "#0"},
				"east": {"uv": [0, 6, 1, 11], "texture": "#0"},
				"south": {"uv": [0, 6, 1, 11], "texture": "#0"},
				"up": {"uv": [0, 1, 1, 2], "texture": "#0"},
				"down": {"uv": [0, 1, 1, 2], "texture": "#0"}
			}
		},
		{
			"from": [11.457, 7.7234, 7.5],
			"to": [12.457, 11.7234, 8.5],
			"rotation": {"angle": -45, "axis": "z", "origin": [6.5195, 12.56715, 8]},
			"faces": {
				"north": {"uv": [0, 6, 1, 10], "texture": "#0"},
				"south": {"uv": [0, 6, 1, 10], "texture": "#0"},
				"up": {"uv": [0, 1, 1, 2], "texture": "#0"},
				"down": {"uv": [0, 1, 1, 2], "texture": "#0"}
			}
		},
		{
			"from": [7.29289, 0.70101, 7.5],
			"to": [8.70711, 5.65076, 8.5],
			"rotation": {"angle": 0, "axis": "z", "origin": [8.35355, 6.71142, 8]},
			"faces": {
				"north": {"uv": [0, 6, 1, 10], "texture": "#0"},
				"east": {"uv": [0, 6, 1, 10], "texture": "#0"},
				"south": {"uv": [0, 6, 1, 10], "texture": "#0"},
				"west": {"uv": [0, 6, 1, 10], "texture": "#0"},
				"down": {"uv": [0, 1, 1, 2], "texture": "#0"}
			}
		},
		{
			"from": [12.457, 8.7234, 7.5],
			"to": [13.457, 12.7234, 8.5],
			"rotation": {"angle": -45, "axis": "z", "origin": [6.5195, 12.56715, 8]},
			"faces": {
				"north": {"uv": [0, 6, 1, 10], "texture": "#0"},
				"east": {"uv": [0, 6, 1, 10], "texture": "#0"},
				"south": {"uv": [0, 6, 1, 10], "texture": "#0"},
				"west": {"uv": [0, 6, 1, 10], "texture": "#0"},
				"up": {"uv": [0, 1, 1, 2], "texture": "#0"}
			}
		},
		{
			"from": [13.457, 11.7234, 7.5],
			"to": [15.457, 13.7234, 8.5],
			"rotation": {"angle": -45, "axis": "z", "origin": [6.5195, 12.56715, 8]},
			"faces": {
				"north": {"uv": [0, 6, 2, 8], "texture": "#0"},
				"east": {"uv": [0, 6, 1, 8], "texture": "#0"},
				"south": {"uv": [0, 6, 2, 8], "texture": "#0"},
				"west": {"uv": [0, 6, 1, 8], "texture": "#0"},
				"up": {"uv": [0, 1, 2, 2], "texture": "#0"},
				"down": {"uv": [0, 1, 2, 2], "texture": "#0"}
			}
		},
		{
			"from": [13.457, 10.7234, 7.5],
			"to": [14.457, 11.7234, 8.5],
			"rotation": {"angle": -45, "axis": "z", "origin": [6.5195, 12.56715, 8]},
			"faces": {
				"north": {"uv": [0, 6, 1, 7], "texture": "#0"},
				"east": {"uv": [0, 6, 1, 7], "texture": "#0"},
				"south": {"uv": [0, 6, 1, 7], "texture": "#0"},
				"down": {"uv": [0, 1, 1, 2], "texture": "#0"}
			}
		},
		{
			"from": [15.457, 5.2234, 7.5],
			"to": [17.457, 5.7234, 8.5],
			"rotation": {"angle": -45, "axis": "z", "origin": [6.5195, 12.56715, 8]},
			"faces": {
				"north": {"uv": [0, 6, 2, 6.5], "texture": "#0"},
				"east": {"uv": [0, 6, 1, 6.5], "texture": "#0"},
				"south": {"uv": [0, 6, 2, 6.5], "texture": "#0"},
				"up": {"uv": [0, 1, 2, 2], "texture": "#0"},
				"down": {"uv": [0, 1, 2, 2], "texture": "#0"}
			}
		},
		{
			"from": [15.457, 3.7234, 7.5],
			"to": [17.457, 4.2234, 8.5],
			"rotation": {"angle": -45, "axis": "z", "origin": [6.5195, 12.56715, 8]},
			"faces": {
				"north": {"uv": [0, 6, 2, 6.5], "texture": "#0"},
				"east": {"uv": [0, 6, 1, 6.5], "texture": "#0"},
				"south": {"uv": [0, 6, 2, 6.5], "texture": "#0"},
				"west": {"uv": [0, 6, 1, 6.5], "texture": "#0"},
				"up": {"uv": [0, 1, 2, 2], "texture": "#0"},
				"down": {"uv": [0, 1, 2, 2], "texture": "#0"}
			}
		},
		{
			"from": [16.957, 4.2234, 7.5],
			"to": [17.457, 5.2234, 8.5],
			"rotation": {"angle": -45, "axis": "z", "origin": [6.5195, 12.56715, 8]},
			"faces": {
				"north": {"uv": [0, 6, 0.5, 7], "texture": "#0"},
				"east": {"uv": [0, 6, 1, 7], "texture": "#0"},
				"south": {"uv": [0, 6, 0.5, 7], "texture": "#0"},
				"west": {"uv": [0, 6, 1, 7], "texture": "#0"}
			}
		},
		{
			"from": [15.457, 4.2234, 7.5],
			"to": [15.957, 5.2234, 8.5],
			"rotation": {"angle": -45, "axis": "z", "origin": [6.5195, 12.56715, 8]},
			"faces": {
				"north": {"uv": [0, 6, 0.5, 7], "texture": "#0"},
				"east": {"uv": [0, 6, 1, 7], "texture": "#0"},
				"south": {"uv": [0, 6, 0.5, 7], "texture": "#0"},
				"west": {"uv": [0, 6, 1, 7], "texture": "#0"}
			}
		},
		{
			"from": [5.5, 18, 7.5],
			"to": [8.5, 21, 8.5],
			"rotation": {"angle": 45, "axis": "z", "origin": [8, 20.5, 8]},
			"faces": {
				"north": {"uv": [0, 0, 3, 3], "texture": "#0"},
				"east": {"uv": [0, 0, 1, 3], "texture": "#0"},
				"south": {"uv": [0, 0, 3, 3], "texture": "#0"},
				"west": {"uv": [0, 0, 1, 3], "texture": "#0"},
				"up": {"uv": [0, 0, 3, 1], "texture": "#0"},
				"down": {"uv": [0, 0, 3, 1], "texture": "#0"}
			}
		},
		{
			"name": "hexadecagon",
			"from": [7.80109, 1.5, 7],
			"to": [8.19891, 4.5, 9],
			"rotation": {"angle": 0, "axis": "y", "origin": [8, 4, 8]},
			"faces": {
				"north": {"uv": [0, 0, 0.39782, 3], "texture": "#1"},
				"south": {"uv": [0, 0, 0.39782, 3], "texture": "#1"},
				"up": {"uv": [0, 0, 0.39782, 2], "texture": "#1"},
				"down": {"uv": [0, 0, 0.39782, 2], "texture": "#1"}
			}
		},
		{
			"name": "hexadecagon",
			"from": [7.80109, 1.5, 7],
			"to": [8.19891, 4.5, 9],
			"rotation": {"angle": 22.5, "axis": "y", "origin": [8, 3, 8]},
			"faces": {
				"north": {"uv": [0, 0, 0.39782, 3], "texture": "#1"},
				"south": {"uv": [0, 0, 0.39782, 3], "texture": "#1"},
				"up": {"uv": [0, 0, 0.39782, 2], "texture": "#1"},
				"down": {"uv": [0, 0, 0.39782, 2], "texture": "#1"}
			}
		},
		{
			"name": "hexadecagon",
			"from": [7, 1.5, 7.80109],
			"to": [9, 4.5, 8.19891],
			"rotation": {"angle": -22.5, "axis": "y", "origin": [8, 3, 8]},
			"faces": {
				"east": {"uv": [0, 0, 0.39782, 3], "texture": "#1"},
				"west": {"uv": [0, 0, 0.39782, 3], "texture": "#1"},
				"up": {"uv": [0, 0, 0.39782, 2], "rotation": 270, "texture": "#1"},
				"down": {"uv": [0, 0, 0.39782, 2], "rotation": 90, "texture": "#1"}
			}
		},
		{
			"name": "hexadecagon",
			"from": [7, 1.5, 7.80109],
			"to": [9, 4.5, 8.19891],
			"rotation": {"angle": -45, "axis": "y", "origin": [8, 3, 8]},
			"faces": {
				"east": {"uv": [0, 0, 0.39782, 3], "texture": "#1"},
				"west": {"uv": [0, 0, 0.39782, 3], "texture": "#1"},
				"up": {"uv": [0, 0, 0.39782, 2], "rotation": 270, "texture": "#1"},
				"down": {"uv": [0, 0, 0.39782, 2], "rotation": 90, "texture": "#1"}
			}
		},
		{
			"name": "hexadecagon",
			"from": [7.80109, 1.5, 7],
			"to": [8.19891, 4.5, 9],
			"rotation": {"angle": -22.5, "axis": "y", "origin": [8, 3, 8]},
			"faces": {
				"north": {"uv": [0, 0, 0.39782, 3], "texture": "#1"},
				"south": {"uv": [0, 0, 0.39782, 3], "texture": "#1"},
				"up": {"uv": [0, 0, 0.39782, 2], "rotation": 180, "texture": "#1"},
				"down": {"uv": [0, 0, 0.39782, 2], "rotation": 180, "texture": "#1"}
			}
		},
		{
			"name": "hexadecagon",
			"from": [7.80109, 1.5, 7],
			"to": [8.19891, 4.5, 9],
			"rotation": {"angle": -45, "axis": "y", "origin": [8, 3, 8]},
			"faces": {
				"north": {"uv": [0, 0, 0.39782, 3], "texture": "#1"},
				"south": {"uv": [0, 0, 0.39782, 3], "texture": "#1"},
				"up": {"uv": [0, 0, 0.39782, 2], "rotation": 180, "texture": "#1"},
				"down": {"uv": [0, 0, 0.39782, 2], "rotation": 180, "texture": "#1"}
			}
		},
		{
			"name": "hexadecagon",
			"from": [7, 1.5, 7.80109],
			"to": [9, 4.5, 8.19891],
			"rotation": {"angle": 22.5, "axis": "y", "origin": [8, 3, 8]},
			"faces": {
				"east": {"uv": [0, 0, 0.39782, 3], "texture": "#1"},
				"west": {"uv": [0, 0, 0.39782, 3], "texture": "#1"},
				"up": {"uv": [0, 0, 0.39782, 2], "rotation": 270, "texture": "#1"},
				"down": {"uv": [0, 0, 0.39782, 2], "rotation": 90, "texture": "#1"}
			}
		},
		{
			"name": "hexadecagon",
			"from": [7, 1.5, 7.80109],
			"to": [9, 4.5, 8.19891],
			"rotation": {"angle": 0, "axis": "y", "origin": [8, 3, 8]},
			"faces": {
				"east": {"uv": [0, 0, 0.39782, 3], "texture": "#1"},
				"west": {"uv": [0, 0, 0.39782, 3], "texture": "#1"},
				"up": {"uv": [0, 0, 0.39782, 2], "rotation": 270, "texture": "#1"},
				"down": {"uv": [0, 0, 0.39782, 2], "rotation": 90, "texture": "#1"}
			}
		},
		{
			"from": [8.457, 6.7234, 7.375],
			"to": [9.457, 7.7234, 8.625],
			"rotation": {"angle": -45, "axis": "z", "origin": [6.5195, 12.56715, 8]},
			"faces": {
				"north": {"uv": [0, 6, 1, 7], "texture": "#1"},
				"east": {"uv": [0, 6, 1.25, 7], "texture": "#1"},
				"south": {"uv": [0, 6, 1, 7], "texture": "#1"},
				"west": {"uv": [0, 6, 1.25, 7], "texture": "#1"},
				"up": {"uv": [0, 1, 1, 2.25], "texture": "#1"},
				"down": {"uv": [0, 1, 1, 2.25], "texture": "#1"}
			}
		},
		{
			"from": [9.457, 7.7234, 7.375],
			"to": [10.457, 8.7234, 8.625],
			"rotation": {"angle": -45, "axis": "z", "origin": [6.5195, 12.56715, 8]},
			"faces": {
				"north": {"uv": [0, 6, 1, 7], "texture": "#1"},
				"east": {"uv": [0, 6, 1.25, 7], "texture": "#1"},
				"south": {"uv": [0, 6, 1, 7], "texture": "#1"},
				"west": {"uv": [0, 6, 1.25, 7], "texture": "#1"},
				"up": {"uv": [0, 1, 1, 2.25], "texture": "#1"},
				"down": {"uv": [0, 1, 1, 2.25], "texture": "#1"}
			}
		},
		{
			"from": [10.457, 8.7234, 7.375],
			"to": [11.457, 9.7234, 8.625],
			"rotation": {"angle": -45, "axis": "z", "origin": [6.5195, 12.56715, 8]},
			"faces": {
				"north": {"uv": [0, 6, 1, 7], "texture": "#1"},
				"east": {"uv": [0, 6, 1.25, 7], "texture": "#1"},
				"south": {"uv": [0, 6, 1, 7], "texture": "#1"},
				"west": {"uv": [0, 6, 1.25, 7], "texture": "#1"},
				"up": {"uv": [0, 1, 1, 2.25], "texture": "#1"},
				"down": {"uv": [0, 1, 1, 2.25], "texture": "#1"}
			}
		},
		{
			"from": [11.457, 9.7234, 7.375],
			"to": [12.457, 10.7234, 8.625],
			"rotation": {"angle": -45, "axis": "z", "origin": [6.5195, 12.56715, 8]},
			"faces": {
				"north": {"uv": [0, 6, 1, 7], "texture": "#1"},
				"east": {"uv": [0, 6, 1.25, 7], "texture": "#1"},
				"south": {"uv": [0, 6, 1, 7], "texture": "#1"},
				"west": {"uv": [0, 6, 1.25, 7], "texture": "#1"},
				"up": {"uv": [0, 1, 1, 2.25], "texture": "#1"},
				"down": {"uv": [0, 1, 1, 2.25], "texture": "#1"}
			}
		},
		{
			"from": [12.457, 10.7234, 7.375],
			"to": [13.457, 11.7234, 8.625],
			"rotation": {"angle": -45, "axis": "z", "origin": [6.5195, 12.56715, 8]},
			"faces": {
				"north": {"uv": [0, 6, 1, 7], "texture": "#1"},
				"east": {"uv": [0, 6, 1.25, 7], "texture": "#1"},
				"south": {"uv": [0, 6, 1, 7], "texture": "#1"},
				"west": {"uv": [0, 6, 1.25, 7], "texture": "#1"},
				"up": {"uv": [0, 1, 1, 2.25], "texture": "#1"},
				"down": {"uv": [0, 1, 1, 2.25], "texture": "#1"}
			}
		},
		{
			"from": [13.457, 11.7234, 7.375],
			"to": [14.457, 12.7234, 8.625],
			"rotation": {"angle": -45, "axis": "z", "origin": [6.5195, 12.56715, 8]},
			"faces": {
				"north": {"uv": [0, 6, 1, 7], "texture": "#1"},
				"east": {"uv": [0, 6, 1.25, 7], "texture": "#1"},
				"south": {"uv": [0, 6, 1, 7], "texture": "#1"},
				"west": {"uv": [0, 6, 1.25, 7], "texture": "#1"},
				"up": {"uv": [0, 1, 1, 2.25], "texture": "#1"},
				"down": {"uv": [0, 1, 1, 2.25], "texture": "#1"}
			}
		},
		{
			"from": [10.457, 10.7234, 7.375],
			"to": [11.457, 11.7234, 8.625],
			"rotation": {"angle": -45, "axis": "z", "origin": [6.5195, 12.56715, 8]},
			"faces": {
				"north": {"uv": [0, 6, 1, 7], "texture": "#1"},
				"east": {"uv": [0, 6, 1.25, 7], "texture": "#1"},
				"south": {"uv": [0, 6, 1, 7], "texture": "#1"},
				"west": {"uv": [0, 6, 1.25, 7], "texture": "#1"},
				"up": {"uv": [0, 1, 1, 2.25], "texture": "#1"},
				"down": {"uv": [0, 1, 1, 2.25], "texture": "#1"}
			}
		},
		{
			"from": [9.457, 9.7234, 7.375],
			"to": [10.457, 10.7234, 8.625],
			"rotation": {"angle": -45, "axis": "z", "origin": [6.5195, 12.56715, 8]},
			"faces": {
				"north": {"uv": [0, 6, 1, 7], "texture": "#1"},
				"east": {"uv": [0, 6, 1.25, 7], "texture": "#1"},
				"south": {"uv": [0, 6, 1, 7], "texture": "#1"},
				"west": {"uv": [0, 6, 1.25, 7], "texture": "#1"},
				"up": {"uv": [0, 1, 1, 2.25], "texture": "#1"},
				"down": {"uv": [0, 1, 1, 2.25], "texture": "#1"}
			}
		},
		{
			"from": [8.457, 10.7234, 7.375],
			"to": [9.457, 11.7234, 8.625],
			"rotation": {"angle": -45, "axis": "z", "origin": [6.5195, 12.56715, 8]},
			"faces": {
				"north": {"uv": [0, 6, 1, 7], "texture": "#1"},
				"east": {"uv": [0, 6, 1.25, 7], "texture": "#1"},
				"south": {"uv": [0, 6, 1, 7], "texture": "#1"},
				"west": {"uv": [0, 6, 1.25, 7], "texture": "#1"},
				"up": {"uv": [0, 1, 1, 2.25], "texture": "#1"},
				"down": {"uv": [0, 1, 1, 2.25], "texture": "#1"}
			}
		},
		{
			"from": [9.457, 11.7234, 7.375],
			"to": [10.457, 12.7234, 8.625],
			"rotation": {"angle": -45, "axis": "z", "origin": [6.5195, 12.56715, 8]},
			"faces": {
				"north": {"uv": [0, 6, 1, 7], "texture": "#1"},
				"east": {"uv": [0, 6, 1.25, 7], "texture": "#1"},
				"south": {"uv": [0, 6, 1, 7], "texture": "#1"},
				"west": {"uv": [0, 6, 1.25, 7], "texture": "#1"},
				"up": {"uv": [0, 1, 1, 2.25], "texture": "#1"},
				"down": {"uv": [0, 1, 1, 2.25], "texture": "#1"}
			}
		},
		{
			"from": [8.457, 12.7234, 7.375],
			"to": [9.457, 13.7234, 8.625],
			"rotation": {"angle": -45, "axis": "z", "origin": [6.5195, 12.56715, 8]},
			"faces": {
				"north": {"uv": [0, 6, 1, 7], "texture": "#1"},
				"east": {"uv": [0, 6, 1.25, 7], "texture": "#1"},
				"south": {"uv": [0, 6, 1, 7], "texture": "#1"},
				"west": {"uv": [0, 6, 1.25, 7], "texture": "#1"},
				"up": {"uv": [0, 1, 1, 2.25], "texture": "#1"},
				"down": {"uv": [0, 1, 1, 2.25], "texture": "#1"}
			}
		},
		{
			"from": [7.457, 11.7234, 7.375],
			"to": [8.457, 12.7234, 8.625],
			"rotation": {"angle": -45, "axis": "z", "origin": [6.5195, 12.56715, 8]},
			"faces": {
				"north": {"uv": [0, 6, 1, 7], "texture": "#1"},
				"east": {"uv": [0, 6, 1.25, 7], "texture": "#1"},
				"south": {"uv": [0, 6, 1, 7], "texture": "#1"},
				"west": {"uv": [0, 6, 1.25, 7], "texture": "#1"},
				"up": {"uv": [0, 1, 1, 2.25], "texture": "#1"},
				"down": {"uv": [0, 1, 1, 2.25], "texture": "#1"}
			}
		},
		{
			"from": [6.457, 12.7234, 7.375],
			"to": [7.457, 13.7234, 8.625],
			"rotation": {"angle": -45, "axis": "z", "origin": [6.5195, 12.56715, 8]},
			"faces": {
				"north": {"uv": [0, 6, 1, 7], "texture": "#1"},
				"east": {"uv": [0, 6, 1.25, 7], "texture": "#1"},
				"south": {"uv": [0, 6, 1, 7], "texture": "#1"},
				"west": {"uv": [0, 6, 1.25, 7], "texture": "#1"},
				"up": {"uv": [0, 1, 1, 2.25], "texture": "#1"},
				"down": {"uv": [0, 1, 1, 2.25], "texture": "#1"}
			}
		},
		{
			"from": [7.457, 13.7234, 7.375],
			"to": [8.457, 14.7234, 8.625],
			"rotation": {"angle": -45, "axis": "z", "origin": [6.5195, 12.56715, 8]},
			"faces": {
				"north": {"uv": [0, 6, 1, 7], "texture": "#1"},
				"east": {"uv": [0, 6, 1.25, 7], "texture": "#1"},
				"south": {"uv": [0, 6, 1, 7], "texture": "#1"},
				"west": {"uv": [0, 6, 1.25, 7], "texture": "#1"},
				"up": {"uv": [0, 1, 1, 2.25], "texture": "#1"},
				"down": {"uv": [0, 1, 1, 2.25], "texture": "#1"}
			}
		},
		{
			"from": [6.457, 14.7234, 7.375],
			"to": [7.457, 15.7234, 8.625],
			"rotation": {"angle": -45, "axis": "z", "origin": [6.5195, 12.56715, 8]},
			"faces": {
				"north": {"uv": [0, 6, 1, 7], "texture": "#1"},
				"east": {"uv": [0, 6, 1.25, 7], "texture": "#1"},
				"south": {"uv": [0, 6, 1, 7], "texture": "#1"},
				"west": {"uv": [0, 6, 1.25, 7], "texture": "#1"},
				"up": {"uv": [0, 1, 1, 2.25], "texture": "#1"},
				"down": {"uv": [0, 1, 1, 2.25], "texture": "#1"}
			}
		},
		{
			"from": [5.457, 13.7234, 7.375],
			"to": [6.457, 14.7234, 8.625],
			"rotation": {"angle": -45, "axis": "z", "origin": [6.5195, 12.56715, 8]},
			"faces": {
				"north": {"uv": [0, 6, 1, 7], "texture": "#1"},
				"east": {"uv": [0, 6, 1.25, 7], "texture": "#1"},
				"south": {"uv": [0, 6, 1, 7], "texture": "#1"},
				"west": {"uv": [0, 6, 1.25, 7], "texture": "#1"},
				"up": {"uv": [0, 1, 1, 2.25], "texture": "#1"},
				"down": {"uv": [0, 1, 1, 2.25], "texture": "#1"}
			}
		},
		{
			"from": [4.457, 14.7234, 7.375],
			"to": [5.457, 15.7234, 8.625],
			"rotation": {"angle": -45, "axis": "z", "origin": [6.5195, 12.56715, 8]},
			"faces": {
				"north": {"uv": [0, 6, 1, 7], "texture": "#1"},
				"east": {"uv": [0, 6, 1.25, 7], "texture": "#1"},
				"south": {"uv": [0, 6, 1, 7], "texture": "#1"},
				"west": {"uv": [0, 6, 1.25, 7], "texture": "#1"},
				"up": {"uv": [0, 1, 1, 2.25], "texture": "#1"},
				"down": {"uv": [0, 1, 1, 2.25], "texture": "#1"}
			}
		},
		{
			"from": [5.457, 15.7234, 7.375],
			"to": [6.457, 16.7234, 8.625],
			"rotation": {"angle": -45, "axis": "z", "origin": [6.5195, 12.56715, 8]},
			"faces": {
				"north": {"uv": [0, 6, 1, 7], "texture": "#1"},
				"east": {"uv": [0, 6, 1.25, 7], "texture": "#1"},
				"south": {"uv": [0, 6, 1, 7], "texture": "#1"},
				"west": {"uv": [0, 6, 1.25, 7], "texture": "#1"},
				"up": {"uv": [0, 1, 1, 2.25], "texture": "#1"},
				"down": {"uv": [0, 1, 1, 2.25], "texture": "#1"}
			}
		},
		{
			"from": [4.457, 16.7234, 7.375],
			"to": [5.457, 17.7234, 8.625],
			"rotation": {"angle": -45, "axis": "z", "origin": [6.5195, 12.56715, 8]},
			"faces": {
				"north": {"uv": [0, 6, 1, 7], "texture": "#1"},
				"east": {"uv": [0, 6, 1.25, 7], "texture": "#1"},
				"south": {"uv": [0, 6, 1, 7], "texture": "#1"},
				"west": {"uv": [0, 6, 1.25, 7], "texture": "#1"},
				"up": {"uv": [0, 1, 1, 2.25], "texture": "#1"},
				"down": {"uv": [0, 1, 1, 2.25], "texture": "#1"}
			}
		},
		{
			"from": [3.457, 15.7234, 7.375],
			"to": [4.457, 16.7234, 8.625],
			"rotation": {"angle": -45, "axis": "z", "origin": [6.5195, 12.56715, 8]},
			"faces": {
				"north": {"uv": [0, 6, 1, 7], "texture": "#1"},
				"east": {"uv": [0, 6, 1.25, 7], "texture": "#1"},
				"south": {"uv": [0, 6, 1, 7], "texture": "#1"},
				"west": {"uv": [0, 6, 1.25, 7], "texture": "#1"},
				"up": {"uv": [0, 1, 1, 2.25], "texture": "#1"},
				"down": {"uv": [0, 1, 1, 2.25], "texture": "#1"}
			}
		},
		{
			"from": [2.457, 17.7234, 7.375],
			"to": [3.457, 18.7234, 8.625],
			"rotation": {"angle": -45, "axis": "z", "origin": [6.5195, 12.56715, 8]},
			"faces": {
				"north": {"uv": [0, 6, 1, 7], "texture": "#1"},
				"east": {"uv": [0, 6, 1.25, 7], "texture": "#1"},
				"south": {"uv": [0, 6, 1, 7], "texture": "#1"},
				"west": {"uv": [0, 6, 1.25, 7], "texture": "#1"},
				"up": {"uv": [0, 1, 1, 2.25], "texture": "#1"},
				"down": {"uv": [0, 1, 1, 2.25], "texture": "#1"}
			}
		},
		{
			"from": [15.957, 4.2234, 7.75],
			"to": [16.957, 5.2234, 8.25],
			"rotation": {"angle": -45, "axis": "z", "origin": [6.5195, 12.56715, 8]},
			"faces": {
				"north": {"uv": [0, 0, 1, 1], "texture": "#1"},
				"south": {"uv": [0, 0, 1, 1], "texture": "#1"}
			}
		}
	],
	"display": {
		"thirdperson_righthand": {
			"rotation": [0, -90, 0],
			"translation": [0, 4, 0.5],
			"scale": [0.85, 0.85, 0.85]
		},
		"thirdperson_lefthand": {
			"rotation": [0, -90, 0],
			"translation": [0, 4, 0.5],
			"scale": [0.85, 0.85, 0.85]
		},
		"firstperson_righthand": {
			"rotation": [0, -90, -15],
			"translation": [1.13, 3.2, 1.13],
			"scale": [0.68, 0.68, 0.68]
		},
		"firstperson_lefthand": {
			"rotation": [0, -90, -15],
			"translation": [1.13, 3.2, 1.13],
			"scale": [0.68, 0.68, 0.68]
		},
		"ground": {
			"rotation": [0, 0, 45],
			"translation": [0, -0.25, 0],
			"scale": [0.5, 0.5, 0.5]
		},
		"gui": {
			"rotation": [-25, 0, -45],
			"translation": [-1.25, -1.25, 0]
		},
		"head": {
			"rotation": [90, -180, -52],
			"translation": [1.5, 7.25, -1.25]
		},
		"fixed": {
			"rotation": [0, 0, 45],
			"translation": [1.5, -1.5, 0]
		}
	},
	"groups": [
		{
			"name": "group",
			"origin": [7.0625, 10.84375, 8.5],
			"color": 0,
			"children": [0, 1, 2, 3, 4, 5, 6, 7, 8, 9, 10, 11, 12, 13, 14, 15, 16, 17, 18, 19, 20]
		},
		{
			"name": "hexadecagon",
			"origin": [8, 8, 8],
			"color": 0,
			"children": [21, 22, 23, 24, 25, 26, 27, 28]
		},
		{
			"name": "group",
			"origin": [6.5195, 12.56715, 8],
			"color": 0,
			"children": [29, 30, 31, 32, 33, 34, 35, 36, 37, 38, 39, 40, 41, 42, 43, 44, 45, 46, 47, 48, 49, 50]
		}
	]
}