{
	"credit": "Made with Blockbench",
	"parent": "minecraft:block/cube_bottom_top",
	"textures": {
		"3": "block/barrel_top_open",
		"4": "block/barrel_1",
		"particle": "block/barrel_top_open",
		"top": "block/barrel_top",
		"bottom": "block/barrel_bottom",
		"side": "block/barrel_side"
	},
	"elements": [
		{
			"from": [1, 0, 1],
			"to": [15, 1, 15],
			"faces": {
				"north": {"uv": [0, 0, 15, 1], "texture": "#bottom"},
				"east": {"uv": [0, 0, 14, 1], "texture": "#bottom"},
				"south": {"uv": [0, 0, 15, 1], "texture": "#bottom"},
				"west": {"uv": [0, 0, 14, 1], "texture": "#bottom"},
				"up": {"uv": [0, 0, 15, 14], "texture": "#bottom"},
				"down": {"uv": [1, 1, 15, 15], "texture": "#bottom"}
			}
		},
		{
			"from": [0, 15, 0],
			"to": [16, 16, 2],
			"faces": {
				"north": {"uv": [0, 14, 16, 15], "texture": "#side"},
				"east": {"uv": [0, 0, 2, 1], "texture": "#top"},
				"south": {"uv": [0, 14, 16, 15], "texture": "#side"},
				"west": {"uv": [0, 14, 2, 15], "texture": "#side"},
				"up": {"uv": [0, 0, 16, 2], "texture": "#top"},
				"down": {"uv": [0, 0, 16, 2], "texture": "#top"}
			}
		},
		{
			"from": [0, 15, 14],
			"to": [16, 16, 16],
			"rotation": {"angle": 0, "axis": "y", "origin": [16, 0, 16]},
			"faces": {
				"north": {"uv": [0, 14, 16, 15], "texture": "#side"},
				"east": {"uv": [0, 1, 2, 2], "texture": "#side"},
				"south": {"uv": [0, 14, 16, 15], "texture": "#side"},
				"west": {"uv": [2, 1, 4, 2], "texture": "#side"},
				"up": {"uv": [16, 2, 0, 0], "texture": "#top"},
				"down": {"uv": [16, 2, 0, 0], "texture": "#top"}
			}
		},
		{
			"from": [0, 15, 2],
			"to": [2, 16, 14],
			"faces": {
				"north": {"uv": [0, 0, 2, 1], "texture": "#top"},
				"east": {"uv": [2, 14, 14, 15], "texture": "#side"},
				"south": {"uv": [0, 0, 2, 1], "texture": "#top"},
				"west": {"uv": [2, 14, 14, 15], "texture": "#side"},
				"up": {"uv": [0, 2, 2, 14], "texture": "#top"},
				"down": {"uv": [0, 0, 2, 12], "texture": "#top"}
			}
		},
		{
			"from": [14, 15, 2],
			"to": [16, 16, 14],
			"rotation": {"angle": 0, "axis": "y", "origin": [16, 0, 0]},
			"faces": {
				"north": {"uv": [2, 0, 0, 1], "texture": "#top"},
				"east": {"uv": [13, 14, 1, 15], "texture": "#side"},
				"south": {"uv": [2, 0, 0, 1], "texture": "#top"},
				"west": {"uv": [13, 14, 1, 15], "texture": "#side"},
				"up": {"uv": [2, 2, 0, 14], "texture": "#top"},
				"down": {"uv": [2, 2, 0, 14], "texture": "#top"}
			}
		},
		{
			"from": [0, 0, 1],
			"to": [1, 15, 15],
			"faces": {
				"north": {"uv": [0, 0, 1, 15], "texture": "#side"},
				"east": {"uv": [0, 0, 16, 15], "texture": "#side"},
				"south": {"uv": [0, 0, 1, 15], "texture": "#side"},
				"west": {"uv": [1, 1, 15, 16], "texture": "#side"},
				"up": {"uv": [0, 0, 1, 16], "texture": "#top"},
				"down": {"uv": [0, 0, 1, 16], "texture": "#top"}
			}
		},
		{
			"from": [15, 0, 1],
			"to": [16, 15, 15],
			"faces": {
				"north": {"uv": [0, 0, 1, 14], "texture": "#side"},
				"east": {"uv": [1, 1, 15, 16], "texture": "#side"},
				"south": {"uv": [0, 0, 1, 14], "texture": "#side"},
				"west": {"uv": [0, 0, 14, 14], "texture": "#side"},
				"up": {"uv": [0, 0, 1, 14], "texture": "#top"},
				"down": {"uv": [0, 0, 1, 14], "texture": "#top"}
			}
		},
		{
			"from": [1, 0, 15],
			"to": [15, 15, 16],
			"faces": {
				"north": {"uv": [0, 0, 14, 15], "texture": "#side"},
				"east": {"uv": [0, 0, 1, 15], "texture": "#side"},
				"south": {"uv": [1, 1, 15, 16], "texture": "#side"},
				"west": {"uv": [0, 0, 1, 15], "texture": "#side"},
				"up": {"uv": [0, 0, 1, 14], "rotation": 90, "texture": "#top"},
				"down": {"uv": [0, 0, 1, 14], "rotation": 270, "texture": "#top"}
			}
		},
		{
			"from": [1, 0, 0],
			"to": [15, 15, 1],
			"faces": {
				"north": {"uv": [1, 1, 15, 16], "texture": "#side"},
				"east": {"uv": [0, 0, 1, 15], "texture": "#side"},
				"south": {"uv": [0, 0, 14, 15], "texture": "#side"},
				"west": {"uv": [0, 0, 1, 15], "texture": "#side"},
				"up": {"uv": [0, 0, 1, 14], "rotation": 90, "texture": "#top"},
				"down": {"uv": [0, 0, 1, 14], "rotation": 270, "texture": "#top"}
			}
		},
		{
			"from": [0, 0, 0],
			"to": [1, 15, 1],
			"faces": {
				"north": {"uv": [15, 1, 16, 16], "texture": "#side"},
				"east": {"uv": [0, 1, 1, 16], "texture": "#side"},
				"south": {"uv": [0, 1, 1, 16], "texture": "#side"},
				"west": {"uv": [0, 1, 1, 16], "texture": "#side"},
				"up": {"uv": [0, 0, 1, 1], "texture": "#side"},
				"down": {"uv": [0, 15, 1, 16], "texture": "#side"}
			}
		},
		{
			"from": [15, 0, 0],
			"to": [16, 15, 1],
			"faces": {
				"north": {"uv": [0, 1, 1, 16], "texture": "#side"},
				"east": {"uv": [15, 1, 16, 16], "texture": "#side"},
				"south": {"uv": [0, 1, 1, 16], "texture": "#side"},
				"west": {"uv": [0, 1, 1, 16], "texture": "#side"},
				"up": {"uv": [0, 0, 1, 1], "texture": "#side"},
				"down": {"uv": [0, 15, 1, 16], "texture": "#side"}
			}
		},
		{
			"from": [15, 0, 15],
			"to": [16, 15, 16],
			"faces": {
				"north": {"uv": [0, 1, 1, 16], "texture": "#side"},
				"east": {"uv": [0, 1, 1, 16], "texture": "#side"},
				"south": {"uv": [15, 1, 16, 16], "texture": "#side"},
				"west": {"uv": [0, 1, 1, 16], "texture": "#side"},
				"up": {"uv": [0, 0, 1, 1], "texture": "#side"},
				"down": {"uv": [0, 15, 1, 16], "texture": "#side"}
			}
		},
		{
			"from": [0, 0, 15],
			"to": [1, 15, 16],
			"faces": {
				"north": {"uv": [0, 1, 1, 16], "texture": "#side"},
				"east": {"uv": [0, 1, 1, 16], "texture": "#side"},
				"south": {"uv": [0, 1, 1, 16], "texture": "#side"},
				"west": {"uv": [15, 1, 16, 16], "texture": "#side"},
				"up": {"uv": [0, 0, 1, 1], "texture": "#side"},
				"down": {"uv": [0, 15, 1, 16], "texture": "#side"}
			}
		},
		{
			"from": [-1, 11, -1],
			"to": [17, 13, 17],
			"faces": {
				"north": {"uv": [0, 3, 16, 5], "texture": "#side"},
				"east": {"uv": [0, 3, 16, 5], "texture": "#side"},
				"south": {"uv": [0, 3, 16, 5], "texture": "#side"},
				"west": {"uv": [0, 3, 16, 5], "texture": "#side"},
				"up": {"uv": [0, 0, 16, 16], "texture": "#4"},
				"down": {"uv": [0, 0, 16, 16], "texture": "#4"}
			}
		},
		{
			"from": [-1, 3, -1],
			"to": [17, 5, 17],
			"faces": {
				"north": {"uv": [0, 11, 16, 13], "texture": "#side"},
				"east": {"uv": [0, 11, 16, 13], "texture": "#side"},
				"south": {"uv": [0, 11, 16, 13], "texture": "#side"},
				"west": {"uv": [0, 11, 16, 13], "texture": "#side"},
				"up": {"uv": [0, 0, 16, 16], "texture": "#4"},
				"down": {"uv": [0, 0, 16, 16], "texture": "#4"}
			}
		},
		{
			"from": [2, 16, 2],
			"to": [14, 28, 3],
			"faces": {
				"north": {"uv": [2, 2, 14, 14], "texture": "#top"},
				"east": {"uv": [2, 2, 3, 14], "texture": "#top"},
				"south": {"uv": [2, 2, 14, 14], "texture": "#3"},
				"west": {"uv": [2, 2, 3, 14], "texture": "#top"},
				"up": {"uv": [2, 2, 14, 3], "texture": "#top"},
				"down": {"uv": [2, 13, 14, 14], "texture": "#top"}
			}
		}
	],
	"display": {
		"thirdperson_righthand": {
			"rotation": [75, 45, 0],
			"translation": [0, 2.5, 0],
			"scale": [0.375, 0.375, 0.375]
		},
		"thirdperson_lefthand": {
			"rotation": [75, 45, 0],
			"translation": [0, 2.5, 0],
			"scale": [0.375, 0.375, 0.375]
		},
		"firstperson_righthand": {
			"rotation": [0, 45, 0],
			"scale": [0.4, 0.4, 0.4]
		},
		"firstperson_lefthand": {
			"rotation": [0, 225, 0],
			"scale": [0.4, 0.4, 0.4]
		},
		"ground": {
			"translation": [0, 3, 0],
			"scale": [0.25, 0.25, 0.25]
		},
		"gui": {
			"rotation": [30, 225, 0],
			"scale": [0.625, 0.625, 0.625]
		},
		"fixed": {
			"scale": [0.5, 0.5, 0.5]
		}
	},
	"groups": [
		{
			"name": "alsó és felső",
			"origin": [8, 8, 8],
			"children": [0, 1, 2, 3, 4]
		},
		{
			"name": "oldalak",
			"origin": [8, 8, 8],
			"children": [5, 6, 7, 8]
		},
		{
			"name": "sarkak",
			"origin": [0, 0, 0],
			"children": [9, 10, 11, 12]
		},
		{
			"name": "keret",
			"origin": [8, 8, 8],
			"children": [13, 14]
		},
		{
			"name": "tető",
			"origin": [0, 0, 0],
			"children": [15]
		}
	]
}