{
	"credit": "Made with Blockbench",
	"parent": "block/cube_column",
	"textures": {
		"end": "block/oak_planks",
		"side": "block/bookshelf1"
	},
	"elements": [
		{
			"from": [0, 15, 0],
			"to": [16, 16, 16],
			"faces": {
				"north": {"uv": [0, 0, 16, 1], "texture": "#side"},
				"east": {"uv": [0, 0, 16, 1], "texture": "#side"},
				"south": {"uv": [0, 0, 16, 1], "texture": "#side"},
				"west": {"uv": [0, 0, 16, 1], "texture": "#side"},
				"up": {"uv": [0, 0, 16, 16], "texture": "#end"},
				"down": {"uv": [0, 0, 16, 16], "texture": "#end"}
			}
		},
		{
			"from": [0, 0, 0],
			"to": [16, 1, 16],
			"faces": {
				"north": {"uv": [0, 15, 16, 16], "texture": "#side"},
				"east": {"uv": [0, 15, 16, 16], "texture": "#side"},
				"south": {"uv": [0, 15, 16, 16], "texture": "#side"},
				"west": {"uv": [0, 15, 16, 16], "texture": "#side"},
				"up": {"uv": [0, 0, 16, 16], "texture": "#end"},
				"down": {"uv": [0, 0, 16, 16], "texture": "#end"}
			}
		},
		{
			"from": [0, 7, 0],
			"to": [16, 9, 16],
			"faces": {
				"north": {"uv": [0, 7, 16, 9], "texture": "#side"},
				"east": {"uv": [0, 7, 16, 9], "texture": "#side"},
				"south": {"uv": [0, 7, 16, 9], "texture": "#side"},
				"west": {"uv": [0, 7, 16, 9], "texture": "#side"},
				"up": {"uv": [0, 0, 16, 16], "texture": "#end"},
				"down": {"uv": [0, 0, 16, 16], "texture": "#end"}
			}
		},
		{
			"from": [15, 9, 15],
			"to": [16, 15, 16],
			"faces": {
				"north": {"uv": [15, 1, 16, 7], "texture": "#side"},
				"east": {"uv": [15, 1, 16, 7], "texture": "#side"},
				"south": {"uv": [15, 1, 16, 7], "texture": "#side"},
				"west": {"uv": [15, 1, 16, 7], "texture": "#side"},
				"up": {"uv": [15, 1, 16, 7], "texture": "#side"},
				"down": {"uv": [15, 1, 16, 7], "texture": "#side"}
			}
		},
		{
			"from": [15, 9, 0],
			"to": [16, 15, 1],
			"faces": {
				"north": {"uv": [0, 1, 1, 7], "texture": "#side"},
				"east": {"uv": [0, 1, 1, 7], "texture": "#side"},
				"south": {"uv": [0, 1, 1, 7], "texture": "#side"},
				"west": {"uv": [0, 1, 1, 7], "texture": "#side"},
				"up": {"uv": [0, 1, 1, 7], "texture": "#side"},
				"down": {"uv": [0, 1, 1, 7], "texture": "#side"}
			}
		},
		{
			"from": [0, 9, 0],
			"to": [1, 15, 1],
			"faces": {
				"north": {"uv": [0, 1, 1, 7], "texture": "#side"},
				"east": {"uv": [0, 1, 1, 7], "texture": "#side"},
				"south": {"uv": [0, 1, 1, 7], "texture": "#side"},
				"west": {"uv": [0, 1, 1, 7], "texture": "#side"},
				"up": {"uv": [0, 1, 1, 7], "texture": "#side"},
				"down": {"uv": [0, 1, 1, 7], "texture": "#side"}
			}
		},
		{
			"from": [0, 9, 15],
			"to": [1, 15, 16],
			"faces": {
				"north": {"uv": [15, 1, 16, 7], "texture": "#side"},
				"east": {"uv": [15, 1, 16, 7], "texture": "#side"},
				"south": {"uv": [15, 1, 16, 7], "texture": "#side"},
				"west": {"uv": [15, 1, 16, 7], "texture": "#side"},
				"up": {"uv": [15, 1, 16, 7], "texture": "#side"},
				"down": {"uv": [15, 1, 16, 7], "texture": "#side"}
			}
		},
		{
			"from": [0, 1, 15],
			"to": [1, 7, 16],
			"faces": {
				"north": {"uv": [0, 1, 1, 7], "texture": "#side"},
				"east": {"uv": [0, 1, 1, 7], "texture": "#side"},
				"south": {"uv": [0, 1, 1, 7], "texture": "#side"},
				"west": {"uv": [0, 1, 1, 7], "texture": "#side"},
				"up": {"uv": [0, 1, 1, 7], "texture": "#side"},
				"down": {"uv": [0, 1, 1, 7], "texture": "#side"}
			}
		},
		{
			"from": [15, 1, 15],
			"to": [16, 7, 16],
			"faces": {
				"north": {"uv": [15, 1, 16, 7], "texture": "#side"},
				"east": {"uv": [15, 1, 16, 7], "texture": "#side"},
				"south": {"uv": [15, 1, 16, 7], "texture": "#side"},
				"west": {"uv": [15, 1, 16, 7], "texture": "#side"},
				"up": {"uv": [15, 1, 16, 7], "texture": "#side"},
				"down": {"uv": [15, 1, 16, 7], "texture": "#side"}
			}
		},
		{
			"from": [15, 1, 0],
			"to": [16, 7, 1],
			"faces": {
				"north": {"uv": [0, 1, 1, 7], "texture": "#side"},
				"east": {"uv": [0, 1, 1, 7], "texture": "#side"},
				"south": {"uv": [0, 1, 1, 7], "texture": "#side"},
				"west": {"uv": [0, 1, 1, 7], "texture": "#side"},
				"up": {"uv": [0, 1, 1, 7], "texture": "#side"},
				"down": {"uv": [0, 1, 1, 7], "texture": "#side"}
			}
		},
		{
			"from": [0, 1, 0],
			"to": [1, 7, 1],
			"faces": {
				"north": {"uv": [15, 1, 16, 7], "texture": "#side"},
				"east": {"uv": [15, 1, 16, 7], "texture": "#side"},
				"south": {"uv": [15, 1, 16, 7], "texture": "#side"},
				"west": {"uv": [15, 1, 16, 7], "texture": "#side"},
				"up": {"uv": [15, 1, 16, 7], "texture": "#side"},
				"down": {"uv": [15, 1, 16, 7], "texture": "#side"}
			}
		},
		{
			"name": "biggang",
			"from": [1, 1, 1],
			"to": [15, 15, 15],
			"faces": {
				"north": {"uv": [1, 1, 15, 15], "texture": "#side"},
				"east": {"uv": [1, 1, 15, 15], "texture": "#side"},
				"south": {"uv": [1, 1, 15, 15], "texture": "#side"},
				"west": {"uv": [1, 1, 15, 15], "texture": "#side"},
				"up": {"uv": [0, 0, 14, 14], "texture": "#missing"},
				"down": {"uv": [0, 0, 14, 14], "texture": "#missing"}
			}
		},
		{
			"from": [14, 10, 0],
			"to": [15, 11, 0],
			"faces": {
				"north": {"uv": [3, 1, 4, 2], "texture": "#side"},
				"east": {"uv": [2, 6, 3, 7], "texture": "#side"},
				"south": {"uv": [2, 6, 3, 7], "texture": "#side"},
				"west": {"uv": [2, 6, 3, 7], "texture": "#side"},
				"up": {"uv": [2, 6, 3, 7], "texture": "#side"},
				"down": {"uv": [2, 6, 3, 7], "texture": "#side"}
			}
		},
		{
			"from": [13, 9, 0],
			"to": [14, 10, 0],
			"faces": {
				"north": {"uv": [2, 6, 3, 7], "texture": "#side"},
				"east": {"uv": [2, 6, 3, 7], "texture": "#side"},
				"south": {"uv": [2, 6, 3, 7], "texture": "#side"},
				"west": {"uv": [2, 6, 3, 7], "texture": "#side"},
				"up": {"uv": [2, 6, 3, 7], "texture": "#side"},
				"down": {"uv": [2, 6, 3, 7], "texture": "#side"}
			}
		},
		{
			"from": [14, 11, 0],
			"to": [15, 12, 0],
			"faces": {
				"north": {"uv": [2, 6, 3, 7], "texture": "#side"},
				"east": {"uv": [2, 6, 3, 7], "texture": "#side"},
				"south": {"uv": [2, 6, 3, 7], "texture": "#side"},
				"west": {"uv": [2, 6, 3, 7], "texture": "#side"},
				"up": {"uv": [2, 6, 3, 7], "texture": "#side"},
				"down": {"uv": [2, 6, 3, 7], "texture": "#side"}
			}
		},
		{
			"from": [13, 13, 0],
			"to": [14, 14, 0],
			"faces": {
				"north": {"uv": [2, 6, 3, 7], "texture": "#side"},
				"east": {"uv": [2, 6, 3, 7], "texture": "#side"},
				"south": {"uv": [2, 6, 3, 7], "texture": "#side"},
				"west": {"uv": [2, 6, 3, 7], "texture": "#side"},
				"up": {"uv": [2, 6, 3, 7], "texture": "#side"},
				"down": {"uv": [2, 6, 3, 7], "texture": "#side"}
			}
		},
		{
			"from": [9, 13, 0],
			"to": [10, 14, 0],
			"faces": {
				"north": {"uv": [2, 6, 3, 7], "texture": "#side"},
				"east": {"uv": [2, 6, 3, 7], "texture": "#side"},
				"south": {"uv": [2, 6, 3, 7], "texture": "#side"},
				"west": {"uv": [2, 6, 3, 7], "texture": "#side"},
				"up": {"uv": [2, 6, 3, 7], "texture": "#side"},
				"down": {"uv": [2, 6, 3, 7], "texture": "#side"}
			}
		},
		{
			"from": [9, 9, 0],
			"to": [10, 10, 0],
			"faces": {
				"north": {"uv": [2, 6, 3, 7], "texture": "#side"},
				"east": {"uv": [2, 6, 3, 7], "texture": "#side"},
				"south": {"uv": [2, 6, 3, 7], "texture": "#side"},
				"west": {"uv": [2, 6, 3, 7], "texture": "#side"},
				"up": {"uv": [2, 6, 3, 7], "texture": "#side"},
				"down": {"uv": [2, 6, 3, 7], "texture": "#side"}
			}
		},
		{
			"from": [10, 11, 0],
			"to": [11, 12, 0],
			"faces": {
				"north": {"uv": [2, 6, 3, 7], "texture": "#side"},
				"east": {"uv": [2, 6, 3, 7], "texture": "#side"},
				"south": {"uv": [2, 6, 3, 7], "texture": "#side"},
				"west": {"uv": [2, 6, 3, 7], "texture": "#side"},
				"up": {"uv": [2, 6, 3, 7], "texture": "#side"},
				"down": {"uv": [2, 6, 3, 7], "texture": "#side"}
			}
		},
		{
			"from": [12, 11, 0],
			"to": [13, 12, 0],
			"faces": {
				"north": {"uv": [2, 6, 3, 7], "texture": "#side"},
				"east": {"uv": [2, 6, 3, 7], "texture": "#side"},
				"south": {"uv": [2, 6, 3, 7], "texture": "#side"},
				"west": {"uv": [2, 6, 3, 7], "texture": "#side"},
				"up": {"uv": [2, 6, 3, 7], "texture": "#side"},
				"down": {"uv": [2, 6, 3, 7], "texture": "#side"}
			}
		},
		{
			"from": [8, 11, 0],
			"to": [9, 12, 0],
			"faces": {
				"north": {"uv": [2, 6, 3, 7], "texture": "#side"},
				"east": {"uv": [2, 6, 3, 7], "texture": "#side"},
				"south": {"uv": [2, 6, 3, 7], "texture": "#side"},
				"west": {"uv": [2, 6, 3, 7], "texture": "#side"},
				"up": {"uv": [2, 6, 3, 7], "texture": "#side"},
				"down": {"uv": [2, 6, 3, 7], "texture": "#side"}
			}
		},
		{
			"from": [8, 14, 0],
			"to": [9, 15, 0],
			"faces": {
				"north": {"uv": [2, 6, 3, 7], "texture": "#side"},
				"east": {"uv": [2, 6, 3, 7], "texture": "#side"},
				"south": {"uv": [2, 6, 3, 7], "texture": "#side"},
				"west": {"uv": [2, 6, 3, 7], "texture": "#side"},
				"up": {"uv": [2, 6, 3, 7], "texture": "#side"},
				"down": {"uv": [2, 6, 3, 7], "texture": "#side"}
			}
		},
		{
			"from": [11, 14, 0],
			"to": [12, 15, 0],
			"faces": {
				"north": {"uv": [2, 6, 3, 7], "texture": "#side"},
				"east": {"uv": [2, 6, 3, 7], "texture": "#side"},
				"south": {"uv": [2, 6, 3, 7], "texture": "#side"},
				"west": {"uv": [2, 6, 3, 7], "texture": "#side"},
				"up": {"uv": [2, 6, 3, 7], "texture": "#side"},
				"down": {"uv": [2, 6, 3, 7], "texture": "#side"}
			}
		},
		{
			"from": [14, 14, 0],
			"to": [15, 15, 0],
			"faces": {
				"north": {"uv": [1, 1, 2, 2], "texture": "#side"},
				"east": {"uv": [1, 1, 2, 2], "texture": "#side"},
				"south": {"uv": [1, 1, 2, 2], "texture": "#side"},
				"west": {"uv": [1, 1, 2, 2], "texture": "#side"},
				"up": {"uv": [1, 1, 2, 2], "texture": "#side"},
				"down": {"uv": [1, 1, 2, 2], "texture": "#side"}
			}
		},
		{
			"from": [11, 12, 0],
			"to": [12, 13, 0],
			"faces": {
				"north": {"uv": [2, 6, 3, 7], "texture": "#side"},
				"east": {"uv": [2, 6, 3, 7], "texture": "#side"},
				"south": {"uv": [2, 6, 3, 7], "texture": "#side"},
				"west": {"uv": [2, 6, 3, 7], "texture": "#side"},
				"up": {"uv": [2, 6, 3, 7], "texture": "#side"},
				"down": {"uv": [2, 6, 3, 7], "texture": "#side"}
			}
		},
		{
			"from": [11, 10, 0],
			"to": [12, 11, 0],
			"faces": {
				"north": {"uv": [2, 6, 3, 7], "texture": "#side"},
				"east": {"uv": [2, 6, 3, 7], "texture": "#side"},
				"south": {"uv": [2, 6, 3, 7], "texture": "#side"},
				"west": {"uv": [2, 6, 3, 7], "texture": "#side"},
				"up": {"uv": [2, 6, 3, 7], "texture": "#side"},
				"down": {"uv": [2, 6, 3, 7], "texture": "#side"}
			}
		},
		{
			"from": [12, 14, 0],
			"to": [13, 15, 0],
			"faces": {
				"north": {"uv": [3, 1, 4, 2], "texture": "#side"},
				"east": {"uv": [2, 6, 3, 7], "texture": "#side"},
				"south": {"uv": [2, 6, 3, 7], "texture": "#side"},
				"west": {"uv": [2, 6, 3, 7], "texture": "#side"},
				"up": {"uv": [2, 6, 3, 7], "texture": "#side"},
				"down": {"uv": [2, 6, 3, 7], "texture": "#side"}
			}
		},
		{
			"from": [10, 14, 0],
			"to": [11, 15, 0],
			"faces": {
				"north": {"uv": [3, 1, 4, 2], "texture": "#side"},
				"east": {"uv": [2, 6, 3, 7], "texture": "#side"},
				"south": {"uv": [2, 6, 3, 7], "texture": "#side"},
				"west": {"uv": [2, 6, 3, 7], "texture": "#side"},
				"up": {"uv": [2, 6, 3, 7], "texture": "#side"},
				"down": {"uv": [2, 6, 3, 7], "texture": "#side"}
			}
		},
		{
			"from": [8, 12, 0],
			"to": [9, 13, 0],
			"faces": {
				"north": {"uv": [3, 1, 4, 2], "texture": "#side"},
				"east": {"uv": [2, 6, 3, 7], "texture": "#side"},
				"south": {"uv": [2, 6, 3, 7], "texture": "#side"},
				"west": {"uv": [2, 6, 3, 7], "texture": "#side"},
				"up": {"uv": [2, 6, 3, 7], "texture": "#side"},
				"down": {"uv": [2, 6, 3, 7], "texture": "#side"}
			}
		},
		{
			"from": [8, 10, 0],
			"to": [9, 11, 0],
			"faces": {
				"north": {"uv": [3, 1, 4, 2], "texture": "#side"},
				"east": {"uv": [2, 6, 3, 7], "texture": "#side"},
				"south": {"uv": [2, 6, 3, 7], "texture": "#side"},
				"west": {"uv": [2, 6, 3, 7], "texture": "#side"},
				"up": {"uv": [2, 6, 3, 7], "texture": "#side"},
				"down": {"uv": [2, 6, 3, 7], "texture": "#side"}
			}
		},
		{
			"from": [10, 10, 0],
			"to": [11, 11, 0],
			"faces": {
				"north": {"uv": [3, 1, 4, 2], "texture": "#side"},
				"east": {"uv": [2, 6, 3, 7], "texture": "#side"},
				"south": {"uv": [2, 6, 3, 7], "texture": "#side"},
				"west": {"uv": [2, 6, 3, 7], "texture": "#side"},
				"up": {"uv": [2, 6, 3, 7], "texture": "#side"},
				"down": {"uv": [2, 6, 3, 7], "texture": "#side"}
			}
		},
		{
			"from": [12, 10, 0],
			"to": [13, 11, 0],
			"faces": {
				"north": {"uv": [3, 1, 4, 2], "texture": "#side"},
				"east": {"uv": [2, 6, 3, 7], "texture": "#side"},
				"south": {"uv": [2, 6, 3, 7], "texture": "#side"},
				"west": {"uv": [2, 6, 3, 7], "texture": "#side"},
				"up": {"uv": [2, 6, 3, 7], "texture": "#side"},
				"down": {"uv": [2, 6, 3, 7], "texture": "#side"}
			}
		},
		{
			"from": [12, 12, 0],
			"to": [13, 13, 0],
			"faces": {
				"north": {"uv": [3, 1, 4, 2], "texture": "#side"},
				"east": {"uv": [2, 6, 3, 7], "texture": "#side"},
				"south": {"uv": [2, 6, 3, 7], "texture": "#side"},
				"west": {"uv": [2, 6, 3, 7], "texture": "#side"},
				"up": {"uv": [2, 6, 3, 7], "texture": "#side"},
				"down": {"uv": [2, 6, 3, 7], "texture": "#side"}
			}
		},
		{
			"from": [10, 12, 0],
			"to": [11, 13, 0],
			"faces": {
				"north": {"uv": [3, 1, 4, 2], "texture": "#side"},
				"east": {"uv": [2, 6, 3, 7], "texture": "#side"},
				"south": {"uv": [2, 6, 3, 7], "texture": "#side"},
				"west": {"uv": [2, 6, 3, 7], "texture": "#side"},
				"up": {"uv": [2, 6, 3, 7], "texture": "#side"},
				"down": {"uv": [2, 6, 3, 7], "texture": "#side"}
			}
		},
		{
			"from": [14, 12, 0],
			"to": [15, 13, 0],
			"faces": {
				"north": {"uv": [3, 1, 4, 2], "texture": "#side"},
				"east": {"uv": [2, 6, 3, 7], "texture": "#side"},
				"south": {"uv": [2, 6, 3, 7], "texture": "#side"},
				"west": {"uv": [2, 6, 3, 7], "texture": "#side"},
				"up": {"uv": [2, 6, 3, 7], "texture": "#side"},
				"down": {"uv": [2, 6, 3, 7], "texture": "#side"}
			}
		},
		{
			"from": [1, 9, 0.2],
			"to": [7, 11, 0.9],
			"faces": {
				"north": {"uv": [9, 5, 15, 7], "texture": "#side"},
				"east": {"uv": [9, 5, 10, 7], "texture": "#side"},
				"south": {"uv": [0, 0, 6, 2], "texture": "#missing"},
				"west": {"uv": [0, 0, 1, 2], "texture": "#missing"},
				"up": {"uv": [9, 5, 14, 6], "texture": "#side"},
				"down": {"uv": [0, 0, 6, 1], "texture": "#missing"}
			}
		},
		{
			"from": [4, 1, 0.2],
			"to": [10, 3, 1.2],
			"faces": {
				"north": {"uv": [6, 13, 12, 15], "texture": "#side"},
				"east": {"uv": [6, 13, 7, 15], "texture": "#side"},
				"south": {"uv": [0, 0, 6, 2], "texture": "#missing"},
				"west": {"uv": [11, 13, 12, 15], "texture": "#side"},
				"up": {"uv": [6, 13, 11, 14], "texture": "#side"},
				"down": {"uv": [0, 0, 6, 1], "texture": "#missing"}
			}
		},
		{
			"from": [4, 11, 0.4],
			"to": [5, 14, 1.4],
			"faces": {
				"north": {"uv": [11, 2, 12, 5], "texture": "#side"},
				"east": {"uv": [11, 2, 12, 5], "texture": "#side"},
				"south": {"uv": [0, 0, 1, 3], "texture": "#missing"},
				"west": {"uv": [11, 2, 12, 5], "texture": "#side"},
				"up": {"uv": [11, 2, 12, 3], "texture": "#side"},
				"down": {"uv": [0, 0, 1, 1], "texture": "#missing"}
			}
		},
		{
			"from": [1, 1, 0.4],
			"to": [2, 5, 1.4],
			"faces": {
				"north": {"uv": [14, 11, 15, 15], "texture": "#side"},
				"east": {"uv": [14, 11, 15, 15], "texture": "#side"},
				"south": {"uv": [0, 0, 1, 3], "texture": "#missing"},
				"west": {"uv": [11, 2, 12, 5], "texture": "#side"},
				"up": {"uv": [14, 11, 15, 12], "texture": "#side"},
				"down": {"uv": [0, 0, 1, 1], "texture": "#missing"}
			}
		},
		{
			"from": [3, 12, 0.4],
			"to": [4, 15, 1.4],
			"faces": {
				"north": {"uv": [12, 1, 13, 4], "texture": "#side"},
				"east": {"uv": [12, 1, 13, 4], "texture": "#side"},
				"south": {"uv": [0, 0, 1, 3], "texture": "#missing"},
				"west": {"uv": [12, 1, 13, 4], "texture": "#side"},
				"up": {"uv": [11, 2, 12, 3], "texture": "#side"},
				"down": {"uv": [0, 0, 1, 1], "texture": "#missing"}
			}
		},
		{
			"from": [1, 11, 0.3],
			"to": [3, 15, 1],
			"faces": {
				"north": {"uv": [13, 1, 15, 5], "texture": "#side"},
				"east": {"uv": [13, 1, 14, 5], "texture": "#side"},
				"south": {"uv": [0, 0, 2, 4], "texture": "#missing"},
				"west": {"uv": [0, 0, 1, 4], "texture": "#missing"},
				"up": {"uv": [0, 0, 2, 1], "texture": "#missing"},
				"down": {"uv": [0, 0, 2, 1], "texture": "#missing"}
			}
		},
		{
			"from": [10, 1, 0.3],
			"to": [12, 6, 1.3],
			"faces": {
				"north": {"uv": [4, 10, 6, 15], "texture": "#side"},
				"east": {"uv": [4, 10, 5, 15], "texture": "#side"},
				"south": {"uv": [0, 0, 2, 4], "texture": "#missing"},
				"west": {"uv": [5, 10, 6, 15], "texture": "#side"},
				"up": {"uv": [4, 10, 6, 11], "texture": "#side"},
				"down": {"uv": [0, 0, 2, 1], "texture": "#missing"}
			}
		},
		{
			"from": [13, 1, 0.2],
			"to": [15, 5, 1.2],
			"faces": {
				"north": {"uv": [1, 11, 3, 15], "texture": "#side"},
				"east": {"uv": [0, 0, 1, 4], "texture": "#side"},
				"south": {"uv": [0, 0, 2, 4], "texture": "#missing"},
				"west": {"uv": [2, 11, 3, 15], "texture": "#side"},
				"up": {"uv": [1, 11, 3, 12], "texture": "#side"},
				"down": {"uv": [0, 0, 2, 1], "texture": "#missing"}
			}
		},
		{
			"from": [12, 3, 0.2],
			"to": [13, 7, 1.2],
			"faces": {
				"north": {"uv": [3, 9, 4, 13], "texture": "#side"},
				"east": {"uv": [3, 9, 4, 13], "texture": "#side"},
				"south": {"uv": [0, 0, 1, 4], "texture": "#missing"},
				"west": {"uv": [3, 9, 4, 13], "texture": "#side"},
				"up": {"uv": [0, 0, 1, 1], "texture": "#side"},
				"down": {"uv": [3, 12, 4, 13], "texture": "#side"}
			}
		},
		{
			"from": [13, 5, 0.2],
			"to": [14, 7, 1.2],
			"faces": {
				"north": {"uv": [2, 9, 3, 11], "texture": "#side"},
				"east": {"uv": [2, 9, 3, 11], "texture": "#side"},
				"south": {"uv": [0, 0, 1, 2], "texture": "#missing"},
				"west": {"uv": [0, 0, 1, 2], "texture": "#missing"},
				"up": {"uv": [0, 0, 1, 1], "texture": "#missing"},
				"down": {"uv": [0, 0, 1, 1], "texture": "#missing"}
			}
		},
		{
			"from": [0, 10, 1],
			"to": [0, 11, 2],
			"rotation": {"angle": 0, "axis": "y", "origin": [16, 0, 16]},
			"faces": {
				"north": {"uv": [2, 6, 3, 7], "texture": "#side"},
				"east": {"uv": [2, 6, 3, 7], "texture": "#side"},
				"south": {"uv": [2, 6, 3, 7], "texture": "#side"},
				"west": {"uv": [3, 1, 4, 2], "texture": "#side"},
				"up": {"uv": [3, 7, 2, 6], "rotation": 90, "texture": "#side"},
				"down": {"uv": [3, 7, 2, 6], "rotation": 270, "texture": "#side"}
			}
		},
		{
			"from": [0, 9, 2],
			"to": [0, 10, 3],
			"rotation": {"angle": 0, "axis": "y", "origin": [16, 0, 16]},
			"faces": {
				"north": {"uv": [2, 6, 3, 7], "texture": "#side"},
				"east": {"uv": [2, 6, 3, 7], "texture": "#side"},
				"south": {"uv": [2, 6, 3, 7], "texture": "#side"},
				"west": {"uv": [2, 6, 3, 7], "texture": "#side"},
				"up": {"uv": [3, 7, 2, 6], "rotation": 90, "texture": "#side"},
				"down": {"uv": [3, 7, 2, 6], "rotation": 270, "texture": "#side"}
			}
		},
		{
			"from": [0, 11, 1],
			"to": [0, 12, 2],
			"rotation": {"angle": 0, "axis": "y", "origin": [16, 0, 16]},
			"faces": {
				"north": {"uv": [2, 6, 3, 7], "texture": "#side"},
				"east": {"uv": [2, 6, 3, 7], "texture": "#side"},
				"south": {"uv": [2, 6, 3, 7], "texture": "#side"},
				"west": {"uv": [2, 6, 3, 7], "texture": "#side"},
				"up": {"uv": [3, 7, 2, 6], "rotation": 90, "texture": "#side"},
				"down": {"uv": [3, 7, 2, 6], "rotation": 270, "texture": "#side"}
			}
		},
		{
			"from": [0, 13, 2],
			"to": [0, 14, 3],
			"rotation": {"angle": 0, "axis": "y", "origin": [16, 0, 16]},
			"faces": {
				"north": {"uv": [2, 6, 3, 7], "texture": "#side"},
				"east": {"uv": [2, 6, 3, 7], "texture": "#side"},
				"south": {"uv": [2, 6, 3, 7], "texture": "#side"},
				"west": {"uv": [2, 6, 3, 7], "texture": "#side"},
				"up": {"uv": [3, 7, 2, 6], "rotation": 90, "texture": "#side"},
				"down": {"uv": [3, 7, 2, 6], "rotation": 270, "texture": "#side"}
			}
		},
		{
			"from": [0, 13, 6],
			"to": [0, 14, 7],
			"rotation": {"angle": 0, "axis": "y", "origin": [16, 0, 16]},
			"faces": {
				"north": {"uv": [2, 6, 3, 7], "texture": "#side"},
				"east": {"uv": [2, 6, 3, 7], "texture": "#side"},
				"south": {"uv": [2, 6, 3, 7], "texture": "#side"},
				"west": {"uv": [2, 6, 3, 7], "texture": "#side"},
				"up": {"uv": [3, 7, 2, 6], "rotation": 90, "texture": "#side"},
				"down": {"uv": [3, 7, 2, 6], "rotation": 270, "texture": "#side"}
			}
		},
		{
			"from": [0, 9, 6],
			"to": [0, 10, 7],
			"rotation": {"angle": 0, "axis": "y", "origin": [16, 0, 16]},
			"faces": {
				"north": {"uv": [2, 6, 3, 7], "texture": "#side"},
				"east": {"uv": [2, 6, 3, 7], "texture": "#side"},
				"south": {"uv": [2, 6, 3, 7], "texture": "#side"},
				"west": {"uv": [2, 6, 3, 7], "texture": "#side"},
				"up": {"uv": [3, 7, 2, 6], "rotation": 90, "texture": "#side"},
				"down": {"uv": [3, 7, 2, 6], "rotation": 270, "texture": "#side"}
			}
		},
		{
			"from": [0, 11, 5],
			"to": [0, 12, 6],
			"rotation": {"angle": 0, "axis": "y", "origin": [16, 0, 16]},
			"faces": {
				"north": {"uv": [2, 6, 3, 7], "texture": "#side"},
				"east": {"uv": [2, 6, 3, 7], "texture": "#side"},
				"south": {"uv": [2, 6, 3, 7], "texture": "#side"},
				"west": {"uv": [2, 6, 3, 7], "texture": "#side"},
				"up": {"uv": [3, 7, 2, 6], "rotation": 90, "texture": "#side"},
				"down": {"uv": [3, 7, 2, 6], "rotation": 270, "texture": "#side"}
			}
		},
		{
			"from": [0, 11, 3],
			"to": [0, 12, 4],
			"rotation": {"angle": 0, "axis": "y", "origin": [16, 0, 16]},
			"faces": {
				"north": {"uv": [2, 6, 3, 7], "texture": "#side"},
				"east": {"uv": [2, 6, 3, 7], "texture": "#side"},
				"south": {"uv": [2, 6, 3, 7], "texture": "#side"},
				"west": {"uv": [2, 6, 3, 7], "texture": "#side"},
				"up": {"uv": [3, 7, 2, 6], "rotation": 90, "texture": "#side"},
				"down": {"uv": [3, 7, 2, 6], "rotation": 270, "texture": "#side"}
			}
		},
		{
			"from": [0, 11, 7],
			"to": [0, 12, 8],
			"rotation": {"angle": 0, "axis": "y", "origin": [16, 0, 16]},
			"faces": {
				"north": {"uv": [2, 6, 3, 7], "texture": "#side"},
				"east": {"uv": [2, 6, 3, 7], "texture": "#side"},
				"south": {"uv": [2, 6, 3, 7], "texture": "#side"},
				"west": {"uv": [2, 6, 3, 7], "texture": "#side"},
				"up": {"uv": [3, 7, 2, 6], "rotation": 90, "texture": "#side"},
				"down": {"uv": [3, 7, 2, 6], "rotation": 270, "texture": "#side"}
			}
		},
		{
			"from": [0, 14, 7],
			"to": [0, 15, 8],
			"rotation": {"angle": 0, "axis": "y", "origin": [16, 0, 16]},
			"faces": {
				"north": {"uv": [2, 6, 3, 7], "texture": "#side"},
				"east": {"uv": [2, 6, 3, 7], "texture": "#side"},
				"south": {"uv": [2, 6, 3, 7], "texture": "#side"},
				"west": {"uv": [2, 6, 3, 7], "texture": "#side"},
				"up": {"uv": [3, 7, 2, 6], "rotation": 90, "texture": "#side"},
				"down": {"uv": [3, 7, 2, 6], "rotation": 270, "texture": "#side"}
			}
		},
		{
			"from": [0, 14, 4],
			"to": [0, 15, 5],
			"rotation": {"angle": 0, "axis": "y", "origin": [16, 0, 16]},
			"faces": {
				"north": {"uv": [2, 6, 3, 7], "texture": "#side"},
				"east": {"uv": [2, 6, 3, 7], "texture": "#side"},
				"south": {"uv": [2, 6, 3, 7], "texture": "#side"},
				"west": {"uv": [2, 6, 3, 7], "texture": "#side"},
				"up": {"uv": [3, 7, 2, 6], "rotation": 90, "texture": "#side"},
				"down": {"uv": [3, 7, 2, 6], "rotation": 270, "texture": "#side"}
			}
		},
		{
			"from": [0, 14, 1],
			"to": [0, 15, 2],
			"rotation": {"angle": 0, "axis": "y", "origin": [16, 0, 16]},
			"faces": {
				"north": {"uv": [1, 1, 2, 2], "texture": "#side"},
				"east": {"uv": [1, 1, 2, 2], "texture": "#side"},
				"south": {"uv": [1, 1, 2, 2], "texture": "#side"},
				"west": {"uv": [1, 1, 2, 2], "texture": "#side"},
				"up": {"uv": [2, 2, 1, 1], "rotation": 90, "texture": "#side"},
				"down": {"uv": [2, 2, 1, 1], "rotation": 270, "texture": "#side"}
			}
		},
		{
			"from": [0, 12, 4],
			"to": [0, 13, 5],
			"rotation": {"angle": 0, "axis": "y", "origin": [16, 0, 16]},
			"faces": {
				"north": {"uv": [2, 6, 3, 7], "texture": "#side"},
				"east": {"uv": [2, 6, 3, 7], "texture": "#side"},
				"south": {"uv": [2, 6, 3, 7], "texture": "#side"},
				"west": {"uv": [2, 6, 3, 7], "texture": "#side"},
				"up": {"uv": [3, 7, 2, 6], "rotation": 90, "texture": "#side"},
				"down": {"uv": [3, 7, 2, 6], "rotation": 270, "texture": "#side"}
			}
		},
		{
			"from": [0, 10, 4],
			"to": [0, 11, 5],
			"rotation": {"angle": 0, "axis": "y", "origin": [16, 0, 16]},
			"faces": {
				"north": {"uv": [2, 6, 3, 7], "texture": "#side"},
				"east": {"uv": [2, 6, 3, 7], "texture": "#side"},
				"south": {"uv": [2, 6, 3, 7], "texture": "#side"},
				"west": {"uv": [2, 6, 3, 7], "texture": "#side"},
				"up": {"uv": [3, 7, 2, 6], "rotation": 90, "texture": "#side"},
				"down": {"uv": [3, 7, 2, 6], "rotation": 270, "texture": "#side"}
			}
		},
		{
			"from": [0, 14, 3],
			"to": [0, 15, 4],
			"rotation": {"angle": 0, "axis": "y", "origin": [16, 0, 16]},
			"faces": {
				"north": {"uv": [2, 6, 3, 7], "texture": "#side"},
				"east": {"uv": [2, 6, 3, 7], "texture": "#side"},
				"south": {"uv": [2, 6, 3, 7], "texture": "#side"},
				"west": {"uv": [3, 1, 4, 2], "texture": "#side"},
				"up": {"uv": [3, 7, 2, 6], "rotation": 90, "texture": "#side"},
				"down": {"uv": [3, 7, 2, 6], "rotation": 270, "texture": "#side"}
			}
		},
		{
			"from": [0, 14, 5],
			"to": [0, 15, 6],
			"rotation": {"angle": 0, "axis": "y", "origin": [16, 0, 16]},
			"faces": {
				"north": {"uv": [2, 6, 3, 7], "texture": "#side"},
				"east": {"uv": [2, 6, 3, 7], "texture": "#side"},
				"south": {"uv": [2, 6, 3, 7], "texture": "#side"},
				"west": {"uv": [3, 1, 4, 2], "texture": "#side"},
				"up": {"uv": [3, 7, 2, 6], "rotation": 90, "texture": "#side"},
				"down": {"uv": [3, 7, 2, 6], "rotation": 270, "texture": "#side"}
			}
		},
		{
			"from": [0, 12, 7],
			"to": [0, 13, 8],
			"rotation": {"angle": 0, "axis": "y", "origin": [16, 0, 16]},
			"faces": {
				"north": {"uv": [2, 6, 3, 7], "texture": "#side"},
				"east": {"uv": [2, 6, 3, 7], "texture": "#side"},
				"south": {"uv": [2, 6, 3, 7], "texture": "#side"},
				"west": {"uv": [3, 1, 4, 2], "texture": "#side"},
				"up": {"uv": [3, 7, 2, 6], "rotation": 90, "texture": "#side"},
				"down": {"uv": [3, 7, 2, 6], "rotation": 270, "texture": "#side"}
			}
		},
		{
			"from": [0, 10, 7],
			"to": [0, 11, 8],
			"rotation": {"angle": 0, "axis": "y", "origin": [16, 0, 16]},
			"faces": {
				"north": {"uv": [2, 6, 3, 7], "texture": "#side"},
				"east": {"uv": [2, 6, 3, 7], "texture": "#side"},
				"south": {"uv": [2, 6, 3, 7], "texture": "#side"},
				"west": {"uv": [3, 1, 4, 2], "texture": "#side"},
				"up": {"uv": [3, 7, 2, 6], "rotation": 90, "texture": "#side"},
				"down": {"uv": [3, 7, 2, 6], "rotation": 270, "texture": "#side"}
			}
		},
		{
			"from": [0, 10, 5],
			"to": [0, 11, 6],
			"rotation": {"angle": 0, "axis": "y", "origin": [16, 0, 16]},
			"faces": {
				"north": {"uv": [2, 6, 3, 7], "texture": "#side"},
				"east": {"uv": [2, 6, 3, 7], "texture": "#side"},
				"south": {"uv": [2, 6, 3, 7], "texture": "#side"},
				"west": {"uv": [3, 1, 4, 2], "texture": "#side"},
				"up": {"uv": [3, 7, 2, 6], "rotation": 90, "texture": "#side"},
				"down": {"uv": [3, 7, 2, 6], "rotation": 270, "texture": "#side"}
			}
		},
		{
			"from": [0, 10, 3],
			"to": [0, 11, 4],
			"rotation": {"angle": 0, "axis": "y", "origin": [16, 0, 16]},
			"faces": {
				"north": {"uv": [2, 6, 3, 7], "texture": "#side"},
				"east": {"uv": [2, 6, 3, 7], "texture": "#side"},
				"south": {"uv": [2, 6, 3, 7], "texture": "#side"},
				"west": {"uv": [3, 1, 4, 2], "texture": "#side"},
				"up": {"uv": [3, 7, 2, 6], "rotation": 90, "texture": "#side"},
				"down": {"uv": [3, 7, 2, 6], "rotation": 270, "texture": "#side"}
			}
		},
		{
			"from": [0, 12, 3],
			"to": [0, 13, 4],
			"rotation": {"angle": 0, "axis": "y", "origin": [16, 0, 16]},
			"faces": {
				"north": {"uv": [2, 6, 3, 7], "texture": "#side"},
				"east": {"uv": [2, 6, 3, 7], "texture": "#side"},
				"south": {"uv": [2, 6, 3, 7], "texture": "#side"},
				"west": {"uv": [3, 1, 4, 2], "texture": "#side"},
				"up": {"uv": [3, 7, 2, 6], "rotation": 90, "texture": "#side"},
				"down": {"uv": [3, 7, 2, 6], "rotation": 270, "texture": "#side"}
			}
		},
		{
			"from": [0, 12, 5],
			"to": [0, 13, 6],
			"rotation": {"angle": 0, "axis": "y", "origin": [16, 0, 16]},
			"faces": {
				"north": {"uv": [2, 6, 3, 7], "texture": "#side"},
				"east": {"uv": [2, 6, 3, 7], "texture": "#side"},
				"south": {"uv": [2, 6, 3, 7], "texture": "#side"},
				"west": {"uv": [3, 1, 4, 2], "texture": "#side"},
				"up": {"uv": [3, 7, 2, 6], "rotation": 90, "texture": "#side"},
				"down": {"uv": [3, 7, 2, 6], "rotation": 270, "texture": "#side"}
			}
		},
		{
			"from": [0, 12, 1],
			"to": [0, 13, 2],
			"rotation": {"angle": 0, "axis": "y", "origin": [16, 0, 16]},
			"faces": {
				"north": {"uv": [2, 6, 3, 7], "texture": "#side"},
				"east": {"uv": [2, 6, 3, 7], "texture": "#side"},
				"south": {"uv": [2, 6, 3, 7], "texture": "#side"},
				"west": {"uv": [3, 1, 4, 2], "texture": "#side"},
				"up": {"uv": [3, 7, 2, 6], "rotation": 90, "texture": "#side"},
				"down": {"uv": [3, 7, 2, 6], "rotation": 270, "texture": "#side"}
			}
		},
		{
			"from": [0.2, 9, 9],
			"to": [1, 11, 15],
			"rotation": {"angle": 0, "axis": "y", "origin": [16, 0, 16]},
			"faces": {
				"north": {"uv": [9, 5, 10, 7], "texture": "#side"},
				"east": {"uv": [0, 0, 6, 2], "texture": "#missing"},
				"south": {"uv": [0, 0, 1, 2], "texture": "#missing"},
				"west": {"uv": [9, 5, 15, 7], "texture": "#side"},
				"up": {"uv": [14, 6, 9, 5], "rotation": 90, "texture": "#side"},
				"down": {"uv": [6, 1, 0, 0], "rotation": 270, "texture": "#missing"}
			}
		},
		{
			"from": [0.2, 1, 6],
			"to": [1.2, 3, 12],
			"rotation": {"angle": 0, "axis": "y", "origin": [16, 0, 16]},
			"faces": {
				"north": {"uv": [6, 13, 7, 15], "texture": "#side"},
				"east": {"uv": [0, 0, 6, 2], "texture": "#missing"},
				"south": {"uv": [11, 13, 12, 15], "texture": "#side"},
				"west": {"uv": [6, 13, 12, 15], "texture": "#side"},
				"up": {"uv": [11, 14, 6, 13], "rotation": 90, "texture": "#side"},
				"down": {"uv": [6, 1, 0, 0], "rotation": 270, "texture": "#missing"}
			}
		},
		{
			"from": [0.4, 11, 11],
			"to": [1.4, 14, 12],
			"rotation": {"angle": 0, "axis": "y", "origin": [16, 0, 16]},
			"faces": {
				"north": {"uv": [11, 2, 12, 5], "texture": "#side"},
				"east": {"uv": [0, 0, 1, 3], "texture": "#missing"},
				"south": {"uv": [11, 2, 12, 5], "texture": "#side"},
				"west": {"uv": [11, 2, 12, 5], "texture": "#side"},
				"up": {"uv": [12, 3, 11, 2], "rotation": 90, "texture": "#side"},
				"down": {"uv": [1, 1, 0, 0], "rotation": 270, "texture": "#missing"}
			}
		},
		{
			"from": [0.4, 1, 14],
			"to": [1.4, 5, 15],
			"rotation": {"angle": 0, "axis": "y", "origin": [16, 0, 16]},
			"faces": {
				"north": {"uv": [14, 11, 15, 15], "texture": "#side"},
				"east": {"uv": [0, 0, 1, 3], "texture": "#missing"},
				"south": {"uv": [11, 2, 12, 5], "texture": "#side"},
				"west": {"uv": [14, 11, 15, 15], "texture": "#side"},
				"up": {"uv": [15, 12, 14, 11], "rotation": 90, "texture": "#side"},
				"down": {"uv": [1, 1, 0, 0], "rotation": 270, "texture": "#missing"}
			}
		},
		{
			"from": [0.4, 12, 12],
			"to": [1.4, 15, 13],
			"rotation": {"angle": 0, "axis": "y", "origin": [16, 0, 16]},
			"faces": {
				"north": {"uv": [12, 1, 13, 4], "texture": "#side"},
				"east": {"uv": [0, 0, 1, 3], "texture": "#missing"},
				"south": {"uv": [12, 1, 13, 4], "texture": "#side"},
				"west": {"uv": [12, 1, 13, 4], "texture": "#side"},
				"up": {"uv": [12, 3, 11, 2], "rotation": 90, "texture": "#side"},
				"down": {"uv": [1, 1, 0, 0], "rotation": 270, "texture": "#missing"}
			}
		},
		{
			"from": [0.3, 11, 13],
			"to": [1, 15, 15],
			"rotation": {"angle": 0, "axis": "y", "origin": [16, 0, 16]},
			"faces": {
				"north": {"uv": [13, 1, 14, 5], "texture": "#side"},
				"east": {"uv": [0, 0, 2, 4], "texture": "#missing"},
				"south": {"uv": [0, 0, 1, 4], "texture": "#missing"},
				"west": {"uv": [13, 1, 15, 5], "texture": "#side"},
				"up": {"uv": [2, 1, 0, 0], "rotation": 90, "texture": "#missing"},
				"down": {"uv": [2, 1, 0, 0], "rotation": 270, "texture": "#missing"}
			}
		},
		{
			"from": [0.3, 1, 4],
			"to": [1.3, 6, 6],
			"rotation": {"angle": 0, "axis": "y", "origin": [16, 0, 16]},
			"faces": {
				"north": {"uv": [4, 10, 5, 15], "texture": "#side"},
				"east": {"uv": [0, 0, 2, 4], "texture": "#missing"},
				"south": {"uv": [5, 10, 6, 15], "texture": "#side"},
				"west": {"uv": [4, 10, 6, 15], "texture": "#side"},
				"up": {"uv": [6, 11, 4, 10], "rotation": 90, "texture": "#side"},
				"down": {"uv": [2, 1, 0, 0], "rotation": 270, "texture": "#missing"}
			}
		},
		{
			"from": [0.2, 1, 1],
			"to": [1.2, 5, 3],
			"rotation": {"angle": 0, "axis": "y", "origin": [16, 0, 16]},
			"faces": {
				"north": {"uv": [0, 0, 1, 4], "texture": "#side"},
				"east": {"uv": [0, 0, 2, 4], "texture": "#missing"},
				"south": {"uv": [2, 11, 3, 15], "texture": "#side"},
				"west": {"uv": [1, 11, 3, 15], "texture": "#side"},
				"up": {"uv": [3, 12, 1, 11], "rotation": 90, "texture": "#side"},
				"down": {"uv": [2, 1, 0, 0], "rotation": 270, "texture": "#missing"}
			}
		},
		{
			"from": [0.2, 3, 3],
			"to": [1.2, 7, 4],
			"rotation": {"angle": 0, "axis": "y", "origin": [16, 0, 16]},
			"faces": {
				"north": {"uv": [3, 9, 4, 13], "texture": "#side"},
				"east": {"uv": [0, 0, 1, 4], "texture": "#missing"},
				"south": {"uv": [3, 9, 4, 13], "texture": "#side"},
				"west": {"uv": [3, 9, 4, 13], "texture": "#side"},
				"up": {"uv": [1, 1, 0, 0], "rotation": 90, "texture": "#side"},
				"down": {"uv": [4, 13, 3, 12], "rotation": 270, "texture": "#side"}
			}
		},
		{
			"from": [0.2, 5, 2],
			"to": [1.2, 7, 3],
			"rotation": {"angle": 0, "axis": "y", "origin": [16, 0, 16]},
			"faces": {
				"north": {"uv": [2, 9, 3, 11], "texture": "#side"},
				"east": {"uv": [0, 0, 1, 2], "texture": "#missing"},
				"south": {"uv": [0, 0, 1, 2], "texture": "#missing"},
				"west": {"uv": [2, 9, 3, 11], "texture": "#side"},
				"up": {"uv": [1, 1, 0, 0], "rotation": 90, "texture": "#missing"},
				"down": {"uv": [1, 1, 0, 0], "rotation": 270, "texture": "#missing"}
			}
		},
		{
			"from": [16, 10, 14],
			"to": [16, 11, 15],
			"faces": {
				"north": {"uv": [2, 6, 3, 7], "texture": "#side"},
				"east": {"uv": [3, 1, 4, 2], "texture": "#side"},
				"south": {"uv": [2, 6, 3, 7], "texture": "#side"},
				"west": {"uv": [2, 6, 3, 7], "texture": "#side"},
				"up": {"uv": [2, 6, 3, 7], "rotation": 90, "texture": "#side"},
				"down": {"uv": [2, 6, 3, 7], "rotation": 270, "texture": "#side"}
			}
		},
		{
			"from": [16, 9, 13],
			"to": [16, 10, 14],
			"faces": {
				"north": {"uv": [2, 6, 3, 7], "texture": "#side"},
				"east": {"uv": [2, 6, 3, 7], "texture": "#side"},
				"south": {"uv": [2, 6, 3, 7], "texture": "#side"},
				"west": {"uv": [2, 6, 3, 7], "texture": "#side"},
				"up": {"uv": [2, 6, 3, 7], "rotation": 90, "texture": "#side"},
				"down": {"uv": [2, 6, 3, 7], "rotation": 270, "texture": "#side"}
			}
		},
		{
			"from": [16, 11, 14],
			"to": [16, 12, 15],
			"faces": {
				"north": {"uv": [2, 6, 3, 7], "texture": "#side"},
				"east": {"uv": [2, 6, 3, 7], "texture": "#side"},
				"south": {"uv": [2, 6, 3, 7], "texture": "#side"},
				"west": {"uv": [2, 6, 3, 7], "texture": "#side"},
				"up": {"uv": [2, 6, 3, 7], "rotation": 90, "texture": "#side"},
				"down": {"uv": [2, 6, 3, 7], "rotation": 270, "texture": "#side"}
			}
		},
		{
			"from": [16, 13, 13],
			"to": [16, 14, 14],
			"faces": {
				"north": {"uv": [2, 6, 3, 7], "texture": "#side"},
				"east": {"uv": [2, 6, 3, 7], "texture": "#side"},
				"south": {"uv": [2, 6, 3, 7], "texture": "#side"},
				"west": {"uv": [2, 6, 3, 7], "texture": "#side"},
				"up": {"uv": [2, 6, 3, 7], "rotation": 90, "texture": "#side"},
				"down": {"uv": [2, 6, 3, 7], "rotation": 270, "texture": "#side"}
			}
		},
		{
			"from": [16, 13, 9],
			"to": [16, 14, 10],
			"faces": {
				"north": {"uv": [2, 6, 3, 7], "texture": "#side"},
				"east": {"uv": [2, 6, 3, 7], "texture": "#side"},
				"south": {"uv": [2, 6, 3, 7], "texture": "#side"},
				"west": {"uv": [2, 6, 3, 7], "texture": "#side"},
				"up": {"uv": [2, 6, 3, 7], "rotation": 90, "texture": "#side"},
				"down": {"uv": [2, 6, 3, 7], "rotation": 270, "texture": "#side"}
			}
		},
		{
			"from": [16, 9, 9],
			"to": [16, 10, 10],
			"faces": {
				"north": {"uv": [2, 6, 3, 7], "texture": "#side"},
				"east": {"uv": [2, 6, 3, 7], "texture": "#side"},
				"south": {"uv": [2, 6, 3, 7], "texture": "#side"},
				"west": {"uv": [2, 6, 3, 7], "texture": "#side"},
				"up": {"uv": [2, 6, 3, 7], "rotation": 90, "texture": "#side"},
				"down": {"uv": [2, 6, 3, 7], "rotation": 270, "texture": "#side"}
			}
		},
		{
			"from": [16, 11, 10],
			"to": [16, 12, 11],
			"faces": {
				"north": {"uv": [2, 6, 3, 7], "texture": "#side"},
				"east": {"uv": [2, 6, 3, 7], "texture": "#side"},
				"south": {"uv": [2, 6, 3, 7], "texture": "#side"},
				"west": {"uv": [2, 6, 3, 7], "texture": "#side"},
				"up": {"uv": [2, 6, 3, 7], "rotation": 90, "texture": "#side"},
				"down": {"uv": [2, 6, 3, 7], "rotation": 270, "texture": "#side"}
			}
		},
		{
			"from": [16, 11, 12],
			"to": [16, 12, 13],
			"faces": {
				"north": {"uv": [2, 6, 3, 7], "texture": "#side"},
				"east": {"uv": [2, 6, 3, 7], "texture": "#side"},
				"south": {"uv": [2, 6, 3, 7], "texture": "#side"},
				"west": {"uv": [2, 6, 3, 7], "texture": "#side"},
				"up": {"uv": [2, 6, 3, 7], "rotation": 90, "texture": "#side"},
				"down": {"uv": [2, 6, 3, 7], "rotation": 270, "texture": "#side"}
			}
		},
		{
			"from": [16, 11, 8],
			"to": [16, 12, 9],
			"faces": {
				"north": {"uv": [2, 6, 3, 7], "texture": "#side"},
				"east": {"uv": [2, 6, 3, 7], "texture": "#side"},
				"south": {"uv": [2, 6, 3, 7], "texture": "#side"},
				"west": {"uv": [2, 6, 3, 7], "texture": "#side"},
				"up": {"uv": [2, 6, 3, 7], "rotation": 90, "texture": "#side"},
				"down": {"uv": [2, 6, 3, 7], "rotation": 270, "texture": "#side"}
			}
		},
		{
			"from": [16, 14, 8],
			"to": [16, 15, 9],
			"faces": {
				"north": {"uv": [2, 6, 3, 7], "texture": "#side"},
				"east": {"uv": [2, 6, 3, 7], "texture": "#side"},
				"south": {"uv": [2, 6, 3, 7], "texture": "#side"},
				"west": {"uv": [2, 6, 3, 7], "texture": "#side"},
				"up": {"uv": [2, 6, 3, 7], "rotation": 90, "texture": "#side"},
				"down": {"uv": [2, 6, 3, 7], "rotation": 270, "texture": "#side"}
			}
		},
		{
			"from": [16, 14, 11],
			"to": [16, 15, 12],
			"faces": {
				"north": {"uv": [2, 6, 3, 7], "texture": "#side"},
				"east": {"uv": [2, 6, 3, 7], "texture": "#side"},
				"south": {"uv": [2, 6, 3, 7], "texture": "#side"},
				"west": {"uv": [2, 6, 3, 7], "texture": "#side"},
				"up": {"uv": [2, 6, 3, 7], "rotation": 90, "texture": "#side"},
				"down": {"uv": [2, 6, 3, 7], "rotation": 270, "texture": "#side"}
			}
		},
		{
			"from": [16, 14, 14],
			"to": [16, 15, 15],
			"faces": {
				"north": {"uv": [1, 1, 2, 2], "texture": "#side"},
				"east": {"uv": [1, 1, 2, 2], "texture": "#side"},
				"south": {"uv": [1, 1, 2, 2], "texture": "#side"},
				"west": {"uv": [1, 1, 2, 2], "texture": "#side"},
				"up": {"uv": [1, 1, 2, 2], "rotation": 90, "texture": "#side"},
				"down": {"uv": [1, 1, 2, 2], "rotation": 270, "texture": "#side"}
			}
		},
		{
			"from": [16, 12, 11],
			"to": [16, 13, 12],
			"faces": {
				"north": {"uv": [2, 6, 3, 7], "texture": "#side"},
				"east": {"uv": [2, 6, 3, 7], "texture": "#side"},
				"south": {"uv": [2, 6, 3, 7], "texture": "#side"},
				"west": {"uv": [2, 6, 3, 7], "texture": "#side"},
				"up": {"uv": [2, 6, 3, 7], "rotation": 90, "texture": "#side"},
				"down": {"uv": [2, 6, 3, 7], "rotation": 270, "texture": "#side"}
			}
		},
		{
			"from": [16, 10, 11],
			"to": [16, 11, 12],
			"faces": {
				"north": {"uv": [2, 6, 3, 7], "texture": "#side"},
				"east": {"uv": [2, 6, 3, 7], "texture": "#side"},
				"south": {"uv": [2, 6, 3, 7], "texture": "#side"},
				"west": {"uv": [2, 6, 3, 7], "texture": "#side"},
				"up": {"uv": [2, 6, 3, 7], "rotation": 90, "texture": "#side"},
				"down": {"uv": [2, 6, 3, 7], "rotation": 270, "texture": "#side"}
			}
		},
		{
			"from": [16, 14, 12],
			"to": [16, 15, 13],
			"faces": {
				"north": {"uv": [2, 6, 3, 7], "texture": "#side"},
				"east": {"uv": [3, 1, 4, 2], "texture": "#side"},
				"south": {"uv": [2, 6, 3, 7], "texture": "#side"},
				"west": {"uv": [2, 6, 3, 7], "texture": "#side"},
				"up": {"uv": [2, 6, 3, 7], "rotation": 90, "texture": "#side"},
				"down": {"uv": [2, 6, 3, 7], "rotation": 270, "texture": "#side"}
			}
		},
		{
			"from": [16, 14, 10],
			"to": [16, 15, 11],
			"faces": {
				"north": {"uv": [2, 6, 3, 7], "texture": "#side"},
				"east": {"uv": [3, 1, 4, 2], "texture": "#side"},
				"south": {"uv": [2, 6, 3, 7], "texture": "#side"},
				"west": {"uv": [2, 6, 3, 7], "texture": "#side"},
				"up": {"uv": [2, 6, 3, 7], "rotation": 90, "texture": "#side"},
				"down": {"uv": [2, 6, 3, 7], "rotation": 270, "texture": "#side"}
			}
		},
		{
			"from": [16, 12, 8],
			"to": [16, 13, 9],
			"faces": {
				"north": {"uv": [2, 6, 3, 7], "texture": "#side"},
				"east": {"uv": [3, 1, 4, 2], "texture": "#side"},
				"south": {"uv": [2, 6, 3, 7], "texture": "#side"},
				"west": {"uv": [2, 6, 3, 7], "texture": "#side"},
				"up": {"uv": [2, 6, 3, 7], "rotation": 90, "texture": "#side"},
				"down": {"uv": [2, 6, 3, 7], "rotation": 270, "texture": "#side"}
			}
		},
		{
			"from": [16, 10, 8],
			"to": [16, 11, 9],
			"faces": {
				"north": {"uv": [2, 6, 3, 7], "texture": "#side"},
				"east": {"uv": [3, 1, 4, 2], "texture": "#side"},
				"south": {"uv": [2, 6, 3, 7], "texture": "#side"},
				"west": {"uv": [2, 6, 3, 7], "texture": "#side"},
				"up": {"uv": [2, 6, 3, 7], "rotation": 90, "texture": "#side"},
				"down": {"uv": [2, 6, 3, 7], "rotation": 270, "texture": "#side"}
			}
		},
		{
			"from": [16, 10, 10],
			"to": [16, 11, 11],
			"faces": {
				"north": {"uv": [2, 6, 3, 7], "texture": "#side"},
				"east": {"uv": [3, 1, 4, 2], "texture": "#side"},
				"south": {"uv": [2, 6, 3, 7], "texture": "#side"},
				"west": {"uv": [2, 6, 3, 7], "texture": "#side"},
				"up": {"uv": [2, 6, 3, 7], "rotation": 90, "texture": "#side"},
				"down": {"uv": [2, 6, 3, 7], "rotation": 270, "texture": "#side"}
			}
		},
		{
			"from": [16, 10, 12],
			"to": [16, 11, 13],
			"faces": {
				"north": {"uv": [2, 6, 3, 7], "texture": "#side"},
				"east": {"uv": [3, 1, 4, 2], "texture": "#side"},
				"south": {"uv": [2, 6, 3, 7], "texture": "#side"},
				"west": {"uv": [2, 6, 3, 7], "texture": "#side"},
				"up": {"uv": [2, 6, 3, 7], "rotation": 90, "texture": "#side"},
				"down": {"uv": [2, 6, 3, 7], "rotation": 270, "texture": "#side"}
			}
		},
		{
			"from": [16, 12, 12],
			"to": [16, 13, 13],
			"faces": {
				"north": {"uv": [2, 6, 3, 7], "texture": "#side"},
				"east": {"uv": [3, 1, 4, 2], "texture": "#side"},
				"south": {"uv": [2, 6, 3, 7], "texture": "#side"},
				"west": {"uv": [2, 6, 3, 7], "texture": "#side"},
				"up": {"uv": [2, 6, 3, 7], "rotation": 90, "texture": "#side"},
				"down": {"uv": [2, 6, 3, 7], "rotation": 270, "texture": "#side"}
			}
		},
		{
			"from": [16, 12, 10],
			"to": [16, 13, 11],
			"faces": {
				"north": {"uv": [2, 6, 3, 7], "texture": "#side"},
				"east": {"uv": [3, 1, 4, 2], "texture": "#side"},
				"south": {"uv": [2, 6, 3, 7], "texture": "#side"},
				"west": {"uv": [2, 6, 3, 7], "texture": "#side"},
				"up": {"uv": [2, 6, 3, 7], "rotation": 90, "texture": "#side"},
				"down": {"uv": [2, 6, 3, 7], "rotation": 270, "texture": "#side"}
			}
		},
		{
			"from": [16, 12, 14],
			"to": [16, 13, 15],
			"faces": {
				"north": {"uv": [2, 6, 3, 7], "texture": "#side"},
				"east": {"uv": [3, 1, 4, 2], "texture": "#side"},
				"south": {"uv": [2, 6, 3, 7], "texture": "#side"},
				"west": {"uv": [2, 6, 3, 7], "texture": "#side"},
				"up": {"uv": [2, 6, 3, 7], "rotation": 90, "texture": "#side"},
				"down": {"uv": [2, 6, 3, 7], "rotation": 270, "texture": "#side"}
			}
		},
		{
			"from": [15, 9, 1],
			"to": [15.8, 11, 7],
			"faces": {
				"north": {"uv": [0, 0, 1, 2], "texture": "#missing"},
				"east": {"uv": [9, 5, 15, 7], "texture": "#side"},
				"south": {"uv": [9, 5, 10, 7], "texture": "#side"},
				"west": {"uv": [0, 0, 6, 2], "texture": "#missing"},
				"up": {"uv": [9, 5, 14, 6], "rotation": 90, "texture": "#side"},
				"down": {"uv": [0, 0, 6, 1], "rotation": 270, "texture": "#missing"}
			}
		},
		{
			"from": [14.8, 1, 4],
			"to": [15.8, 3, 10],
			"faces": {
				"north": {"uv": [11, 13, 12, 15], "texture": "#side"},
				"east": {"uv": [6, 13, 12, 15], "texture": "#side"},
				"south": {"uv": [6, 13, 7, 15], "texture": "#side"},
				"west": {"uv": [0, 0, 6, 2], "texture": "#missing"},
				"up": {"uv": [6, 13, 11, 14], "rotation": 90, "texture": "#side"},
				"down": {"uv": [0, 0, 6, 1], "rotation": 270, "texture": "#missing"}
			}
		},
		{
			"from": [14.6, 11, 4],
			"to": [15.6, 14, 5],
			"faces": {
				"north": {"uv": [11, 2, 12, 5], "texture": "#side"},
				"east": {"uv": [11, 2, 12, 5], "texture": "#side"},
				"south": {"uv": [11, 2, 12, 5], "texture": "#side"},
				"west": {"uv": [0, 0, 1, 3], "texture": "#missing"},
				"up": {"uv": [11, 2, 12, 3], "rotation": 90, "texture": "#side"},
				"down": {"uv": [0, 0, 1, 1], "rotation": 270, "texture": "#missing"}
			}
		},
		{
			"from": [14.6, 1, 1],
			"to": [15.6, 5, 2],
			"faces": {
				"north": {"uv": [11, 2, 12, 5], "texture": "#side"},
				"east": {"uv": [14, 11, 15, 15], "texture": "#side"},
				"south": {"uv": [14, 11, 15, 15], "texture": "#side"},
				"west": {"uv": [0, 0, 1, 3], "texture": "#missing"},
				"up": {"uv": [14, 11, 15, 12], "rotation": 90, "texture": "#side"},
				"down": {"uv": [0, 0, 1, 1], "rotation": 270, "texture": "#missing"}
			}
		},
		{
			"from": [14.6, 12, 3],
			"to": [15.6, 15, 4],
			"faces": {
				"north": {"uv": [12, 1, 13, 4], "texture": "#side"},
				"east": {"uv": [12, 1, 13, 4], "texture": "#side"},
				"south": {"uv": [12, 1, 13, 4], "texture": "#side"},
				"west": {"uv": [0, 0, 1, 3], "texture": "#missing"},
				"up": {"uv": [11, 2, 12, 3], "rotation": 90, "texture": "#side"},
				"down": {"uv": [0, 0, 1, 1], "rotation": 270, "texture": "#missing"}
			}
		},
		{
			"from": [15.1, 11, 1],
			"to": [15.7, 15, 3],
			"faces": {
				"north": {"uv": [0, 0, 1, 4], "texture": "#missing"},
				"east": {"uv": [13, 1, 15, 5], "texture": "#side"},
				"south": {"uv": [13, 1, 14, 5], "texture": "#side"},
				"west": {"uv": [0, 0, 2, 4], "texture": "#missing"},
				"up": {"uv": [0, 0, 2, 1], "rotation": 90, "texture": "#missing"},
				"down": {"uv": [0, 0, 2, 1], "rotation": 270, "texture": "#missing"}
			}
		},
		{
			"from": [14.7, 1, 10],
			"to": [15.7, 6, 12],
			"faces": {
				"north": {"uv": [5, 10, 6, 15], "texture": "#side"},
				"east": {"uv": [4, 10, 6, 15], "texture": "#side"},
				"south": {"uv": [4, 10, 5, 15], "texture": "#side"},
				"west": {"uv": [0, 0, 2, 4], "texture": "#missing"},
				"up": {"uv": [4, 10, 6, 11], "rotation": 90, "texture": "#side"},
				"down": {"uv": [0, 0, 2, 1], "rotation": 270, "texture": "#missing"}
			}
		},
		{
			"from": [14.8, 1, 13],
			"to": [15.8, 5, 15],
			"faces": {
				"north": {"uv": [2, 11, 3, 15], "texture": "#side"},
				"east": {"uv": [1, 11, 3, 15], "texture": "#side"},
				"south": {"uv": [0, 0, 1, 4], "texture": "#side"},
				"west": {"uv": [0, 0, 2, 4], "texture": "#missing"},
				"up": {"uv": [1, 11, 3, 12], "rotation": 90, "texture": "#side"},
				"down": {"uv": [0, 0, 2, 1], "rotation": 270, "texture": "#missing"}
			}
		},
		{
			"from": [14.8, 3, 12],
			"to": [15.8, 7, 13],
			"faces": {
				"north": {"uv": [3, 9, 4, 13], "texture": "#side"},
				"east": {"uv": [3, 9, 4, 13], "texture": "#side"},
				"south": {"uv": [3, 9, 4, 13], "texture": "#side"},
				"west": {"uv": [0, 0, 1, 4], "texture": "#missing"},
				"up": {"uv": [0, 0, 1, 1], "rotation": 90, "texture": "#side"},
				"down": {"uv": [3, 12, 4, 13], "rotation": 270, "texture": "#side"}
			}
		},
		{
			"from": [14.8, 5, 13],
			"to": [15.8, 7, 14],
			"faces": {
				"north": {"uv": [0, 0, 1, 2], "texture": "#missing"},
				"east": {"uv": [2, 9, 3, 11], "texture": "#side"},
				"south": {"uv": [2, 9, 3, 11], "texture": "#side"},
				"west": {"uv": [0, 0, 1, 2], "texture": "#missing"},
				"up": {"uv": [0, 0, 1, 1], "rotation": 90, "texture": "#missing"},
				"down": {"uv": [0, 0, 1, 1], "rotation": 270, "texture": "#missing"}
			}
		},
		{
			"from": [1, 10, 16],
			"to": [2, 11, 16],
			"rotation": {"angle": 0, "axis": "y", "origin": [16, 0, 16]},
			"faces": {
				"north": {"uv": [2, 6, 3, 7], "texture": "#side"},
				"east": {"uv": [2, 6, 3, 7], "texture": "#side"},
				"south": {"uv": [3, 1, 4, 2], "texture": "#side"},
				"west": {"uv": [2, 6, 3, 7], "texture": "#side"},
				"up": {"uv": [3, 7, 2, 6], "texture": "#side"},
				"down": {"uv": [3, 7, 2, 6], "texture": "#side"}
			}
		},
		{
			"from": [2, 9, 16],
			"to": [3, 10, 16],
			"rotation": {"angle": 0, "axis": "y", "origin": [16, 0, 16]},
			"faces": {
				"north": {"uv": [2, 6, 3, 7], "texture": "#side"},
				"east": {"uv": [2, 6, 3, 7], "texture": "#side"},
				"south": {"uv": [2, 6, 3, 7], "texture": "#side"},
				"west": {"uv": [2, 6, 3, 7], "texture": "#side"},
				"up": {"uv": [3, 7, 2, 6], "texture": "#side"},
				"down": {"uv": [3, 7, 2, 6], "texture": "#side"}
			}
		},
		{
			"from": [1, 11, 16],
			"to": [2, 12, 16],
			"rotation": {"angle": 0, "axis": "y", "origin": [16, 0, 16]},
			"faces": {
				"north": {"uv": [2, 6, 3, 7], "texture": "#side"},
				"east": {"uv": [2, 6, 3, 7], "texture": "#side"},
				"south": {"uv": [2, 6, 3, 7], "texture": "#side"},
				"west": {"uv": [2, 6, 3, 7], "texture": "#side"},
				"up": {"uv": [3, 7, 2, 6], "texture": "#side"},
				"down": {"uv": [3, 7, 2, 6], "texture": "#side"}
			}
		},
		{
			"from": [2, 13, 16],
			"to": [3, 14, 16],
			"rotation": {"angle": 0, "axis": "y", "origin": [16, 0, 16]},
			"faces": {
				"north": {"uv": [2, 6, 3, 7], "texture": "#side"},
				"east": {"uv": [2, 6, 3, 7], "texture": "#side"},
				"south": {"uv": [2, 6, 3, 7], "texture": "#side"},
				"west": {"uv": [2, 6, 3, 7], "texture": "#side"},
				"up": {"uv": [3, 7, 2, 6], "texture": "#side"},
				"down": {"uv": [3, 7, 2, 6], "texture": "#side"}
			}
		},
		{
			"from": [6, 13, 16],
			"to": [7, 14, 16],
			"rotation": {"angle": 0, "axis": "y", "origin": [16, 0, 16]},
			"faces": {
				"north": {"uv": [2, 6, 3, 7], "texture": "#side"},
				"east": {"uv": [2, 6, 3, 7], "texture": "#side"},
				"south": {"uv": [2, 6, 3, 7], "texture": "#side"},
				"west": {"uv": [2, 6, 3, 7], "texture": "#side"},
				"up": {"uv": [3, 7, 2, 6], "texture": "#side"},
				"down": {"uv": [3, 7, 2, 6], "texture": "#side"}
			}
		},
		{
			"from": [6, 9, 16],
			"to": [7, 10, 16],
			"rotation": {"angle": 0, "axis": "y", "origin": [16, 0, 16]},
			"faces": {
				"north": {"uv": [2, 6, 3, 7], "texture": "#side"},
				"east": {"uv": [2, 6, 3, 7], "texture": "#side"},
				"south": {"uv": [2, 6, 3, 7], "texture": "#side"},
				"west": {"uv": [2, 6, 3, 7], "texture": "#side"},
				"up": {"uv": [3, 7, 2, 6], "texture": "#side"},
				"down": {"uv": [3, 7, 2, 6], "texture": "#side"}
			}
		},
		{
			"from": [5, 11, 16],
			"to": [6, 12, 16],
			"rotation": {"angle": 0, "axis": "y", "origin": [16, 0, 16]},
			"faces": {
				"north": {"uv": [2, 6, 3, 7], "texture": "#side"},
				"east": {"uv": [2, 6, 3, 7], "texture": "#side"},
				"south": {"uv": [2, 6, 3, 7], "texture": "#side"},
				"west": {"uv": [2, 6, 3, 7], "texture": "#side"},
				"up": {"uv": [3, 7, 2, 6], "texture": "#side"},
				"down": {"uv": [3, 7, 2, 6], "texture": "#side"}
			}
		},
		{
			"from": [3, 11, 16],
			"to": [4, 12, 16],
			"rotation": {"angle": 0, "axis": "y", "origin": [16, 0, 16]},
			"faces": {
				"north": {"uv": [2, 6, 3, 7], "texture": "#side"},
				"east": {"uv": [2, 6, 3, 7], "texture": "#side"},
				"south": {"uv": [2, 6, 3, 7], "texture": "#side"},
				"west": {"uv": [2, 6, 3, 7], "texture": "#side"},
				"up": {"uv": [3, 7, 2, 6], "texture": "#side"},
				"down": {"uv": [3, 7, 2, 6], "texture": "#side"}
			}
		},
		{
			"from": [7, 11, 16],
			"to": [8, 12, 16],
			"rotation": {"angle": 0, "axis": "y", "origin": [16, 0, 16]},
			"faces": {
				"north": {"uv": [2, 6, 3, 7], "texture": "#side"},
				"east": {"uv": [2, 6, 3, 7], "texture": "#side"},
				"south": {"uv": [2, 6, 3, 7], "texture": "#side"},
				"west": {"uv": [2, 6, 3, 7], "texture": "#side"},
				"up": {"uv": [3, 7, 2, 6], "texture": "#side"},
				"down": {"uv": [3, 7, 2, 6], "texture": "#side"}
			}
		},
		{
			"from": [7, 14, 16],
			"to": [8, 15, 16],
			"rotation": {"angle": 0, "axis": "y", "origin": [16, 0, 16]},
			"faces": {
				"north": {"uv": [2, 6, 3, 7], "texture": "#side"},
				"east": {"uv": [2, 6, 3, 7], "texture": "#side"},
				"south": {"uv": [2, 6, 3, 7], "texture": "#side"},
				"west": {"uv": [2, 6, 3, 7], "texture": "#side"},
				"up": {"uv": [3, 7, 2, 6], "texture": "#side"},
				"down": {"uv": [3, 7, 2, 6], "texture": "#side"}
			}
		},
		{
			"from": [4, 14, 16],
			"to": [5, 15, 16],
			"rotation": {"angle": 0, "axis": "y", "origin": [16, 0, 16]},
			"faces": {
				"north": {"uv": [2, 6, 3, 7], "texture": "#side"},
				"east": {"uv": [2, 6, 3, 7], "texture": "#side"},
				"south": {"uv": [2, 6, 3, 7], "texture": "#side"},
				"west": {"uv": [2, 6, 3, 7], "texture": "#side"},
				"up": {"uv": [3, 7, 2, 6], "texture": "#side"},
				"down": {"uv": [3, 7, 2, 6], "texture": "#side"}
			}
		},
		{
			"from": [1, 14, 16],
			"to": [2, 15, 16],
			"rotation": {"angle": 0, "axis": "y", "origin": [16, 0, 16]},
			"faces": {
				"north": {"uv": [1, 1, 2, 2], "texture": "#side"},
				"east": {"uv": [1, 1, 2, 2], "texture": "#side"},
				"south": {"uv": [1, 1, 2, 2], "texture": "#side"},
				"west": {"uv": [1, 1, 2, 2], "texture": "#side"},
				"up": {"uv": [2, 2, 1, 1], "texture": "#side"},
				"down": {"uv": [2, 2, 1, 1], "texture": "#side"}
			}
		},
		{
			"from": [4, 12, 16],
			"to": [5, 13, 16],
			"rotation": {"angle": 0, "axis": "y", "origin": [16, 0, 16]},
			"faces": {
				"north": {"uv": [2, 6, 3, 7], "texture": "#side"},
				"east": {"uv": [2, 6, 3, 7], "texture": "#side"},
				"south": {"uv": [2, 6, 3, 7], "texture": "#side"},
				"west": {"uv": [2, 6, 3, 7], "texture": "#side"},
				"up": {"uv": [3, 7, 2, 6], "texture": "#side"},
				"down": {"uv": [3, 7, 2, 6], "texture": "#side"}
			}
		},
		{
			"from": [4, 10, 16],
			"to": [5, 11, 16],
			"rotation": {"angle": 0, "axis": "y", "origin": [16, 0, 16]},
			"faces": {
				"north": {"uv": [2, 6, 3, 7], "texture": "#side"},
				"east": {"uv": [2, 6, 3, 7], "texture": "#side"},
				"south": {"uv": [2, 6, 3, 7], "texture": "#side"},
				"west": {"uv": [2, 6, 3, 7], "texture": "#side"},
				"up": {"uv": [3, 7, 2, 6], "texture": "#side"},
				"down": {"uv": [3, 7, 2, 6], "texture": "#side"}
			}
		},
		{
			"from": [3, 14, 16],
			"to": [4, 15, 16],
			"rotation": {"angle": 0, "axis": "y", "origin": [16, 0, 16]},
			"faces": {
				"north": {"uv": [2, 6, 3, 7], "texture": "#side"},
				"east": {"uv": [2, 6, 3, 7], "texture": "#side"},
				"south": {"uv": [3, 1, 4, 2], "texture": "#side"},
				"west": {"uv": [2, 6, 3, 7], "texture": "#side"},
				"up": {"uv": [3, 7, 2, 6], "texture": "#side"},
				"down": {"uv": [3, 7, 2, 6], "texture": "#side"}
			}
		},
		{
			"from": [5, 14, 16],
			"to": [6, 15, 16],
			"rotation": {"angle": 0, "axis": "y", "origin": [16, 0, 16]},
			"faces": {
				"north": {"uv": [2, 6, 3, 7], "texture": "#side"},
				"east": {"uv": [2, 6, 3, 7], "texture": "#side"},
				"south": {"uv": [3, 1, 4, 2], "texture": "#side"},
				"west": {"uv": [2, 6, 3, 7], "texture": "#side"},
				"up": {"uv": [3, 7, 2, 6], "texture": "#side"},
				"down": {"uv": [3, 7, 2, 6], "texture": "#side"}
			}
		},
		{
			"from": [7, 12, 16],
			"to": [8, 13, 16],
			"rotation": {"angle": 0, "axis": "y", "origin": [16, 0, 16]},
			"faces": {
				"north": {"uv": [2, 6, 3, 7], "texture": "#side"},
				"east": {"uv": [2, 6, 3, 7], "texture": "#side"},
				"south": {"uv": [3, 1, 4, 2], "texture": "#side"},
				"west": {"uv": [2, 6, 3, 7], "texture": "#side"},
				"up": {"uv": [3, 7, 2, 6], "texture": "#side"},
				"down": {"uv": [3, 7, 2, 6], "texture": "#side"}
			}
		},
		{
			"from": [7, 10, 16],
			"to": [8, 11, 16],
			"rotation": {"angle": 0, "axis": "y", "origin": [16, 0, 16]},
			"faces": {
				"north": {"uv": [2, 6, 3, 7], "texture": "#side"},
				"east": {"uv": [2, 6, 3, 7], "texture": "#side"},
				"south": {"uv": [3, 1, 4, 2], "texture": "#side"},
				"west": {"uv": [2, 6, 3, 7], "texture": "#side"},
				"up": {"uv": [3, 7, 2, 6], "texture": "#side"},
				"down": {"uv": [3, 7, 2, 6], "texture": "#side"}
			}
		},
		{
			"from": [5, 10, 16],
			"to": [6, 11, 16],
			"rotation": {"angle": 0, "axis": "y", "origin": [16, 0, 16]},
			"faces": {
				"north": {"uv": [2, 6, 3, 7], "texture": "#side"},
				"east": {"uv": [2, 6, 3, 7], "texture": "#side"},
				"south": {"uv": [3, 1, 4, 2], "texture": "#side"},
				"west": {"uv": [2, 6, 3, 7], "texture": "#side"},
				"up": {"uv": [3, 7, 2, 6], "texture": "#side"},
				"down": {"uv": [3, 7, 2, 6], "texture": "#side"}
			}
		},
		{
			"from": [3, 10, 16],
			"to": [4, 11, 16],
			"rotation": {"angle": 0, "axis": "y", "origin": [16, 0, 16]},
			"faces": {
				"north": {"uv": [2, 6, 3, 7], "texture": "#side"},
				"east": {"uv": [2, 6, 3, 7], "texture": "#side"},
				"south": {"uv": [3, 1, 4, 2], "texture": "#side"},
				"west": {"uv": [2, 6, 3, 7], "texture": "#side"},
				"up": {"uv": [3, 7, 2, 6], "texture": "#side"},
				"down": {"uv": [3, 7, 2, 6], "texture": "#side"}
			}
		},
		{
			"from": [3, 12, 16],
			"to": [4, 13, 16],
			"rotation": {"angle": 0, "axis": "y", "origin": [16, 0, 16]},
			"faces": {
				"north": {"uv": [2, 6, 3, 7], "texture": "#side"},
				"east": {"uv": [2, 6, 3, 7], "texture": "#side"},
				"south": {"uv": [3, 1, 4, 2], "texture": "#side"},
				"west": {"uv": [2, 6, 3, 7], "texture": "#side"},
				"up": {"uv": [3, 7, 2, 6], "texture": "#side"},
				"down": {"uv": [3, 7, 2, 6], "texture": "#side"}
			}
		},
		{
			"from": [5, 12, 16],
			"to": [6, 13, 16],
			"rotation": {"angle": 0, "axis": "y", "origin": [16, 0, 16]},
			"faces": {
				"north": {"uv": [2, 6, 3, 7], "texture": "#side"},
				"east": {"uv": [2, 6, 3, 7], "texture": "#side"},
				"south": {"uv": [3, 1, 4, 2], "texture": "#side"},
				"west": {"uv": [2, 6, 3, 7], "texture": "#side"},
				"up": {"uv": [3, 7, 2, 6], "texture": "#side"},
				"down": {"uv": [3, 7, 2, 6], "texture": "#side"}
			}
		},
		{
			"from": [1, 12, 16],
			"to": [2, 13, 16],
			"rotation": {"angle": 0, "axis": "y", "origin": [16, 0, 16]},
			"faces": {
				"north": {"uv": [2, 6, 3, 7], "texture": "#side"},
				"east": {"uv": [2, 6, 3, 7], "texture": "#side"},
				"south": {"uv": [3, 1, 4, 2], "texture": "#side"},
				"west": {"uv": [2, 6, 3, 7], "texture": "#side"},
				"up": {"uv": [3, 7, 2, 6], "texture": "#side"},
				"down": {"uv": [3, 7, 2, 6], "texture": "#side"}
			}
		},
		{
			"from": [9, 9, 15.1],
			"to": [15, 11, 15.8],
			"rotation": {"angle": 0, "axis": "y", "origin": [16, 0, 16]},
			"faces": {
				"north": {"uv": [0, 0, 6, 2], "texture": "#missing"},
				"east": {"uv": [0, 0, 1, 2], "texture": "#missing"},
				"south": {"uv": [9, 5, 15, 7], "texture": "#side"},
				"west": {"uv": [9, 5, 10, 7], "texture": "#side"},
				"up": {"uv": [14, 6, 9, 5], "texture": "#side"},
				"down": {"uv": [6, 1, 0, 0], "texture": "#missing"}
			}
		},
		{
			"from": [6, 1, 14.8],
			"to": [12, 3, 15.8],
			"rotation": {"angle": 0, "axis": "y", "origin": [16, 0, 16]},
			"faces": {
				"north": {"uv": [0, 0, 6, 2], "texture": "#missing"},
				"east": {"uv": [11, 13, 12, 15], "texture": "#side"},
				"south": {"uv": [6, 13, 12, 15], "texture": "#side"},
				"west": {"uv": [6, 13, 7, 15], "texture": "#side"},
				"up": {"uv": [11, 14, 6, 13], "texture": "#side"},
				"down": {"uv": [6, 1, 0, 0], "texture": "#missing"}
			}
		},
		{
			"from": [11, 11, 14.6],
			"to": [12, 14, 15.6],
			"rotation": {"angle": 0, "axis": "y", "origin": [16, 0, 16]},
			"faces": {
				"north": {"uv": [0, 0, 1, 3], "texture": "#missing"},
				"east": {"uv": [11, 2, 12, 5], "texture": "#side"},
				"south": {"uv": [11, 2, 12, 5], "texture": "#side"},
				"west": {"uv": [11, 2, 12, 5], "texture": "#side"},
				"up": {"uv": [12, 3, 11, 2], "texture": "#side"},
				"down": {"uv": [1, 1, 0, 0], "texture": "#missing"}
			}
		},
		{
			"from": [14, 1, 14.6],
			"to": [15, 5, 15.6],
			"rotation": {"angle": 0, "axis": "y", "origin": [16, 0, 16]},
			"faces": {
				"north": {"uv": [0, 0, 1, 3], "texture": "#missing"},
				"east": {"uv": [11, 2, 12, 5], "texture": "#side"},
				"south": {"uv": [14, 11, 15, 15], "texture": "#side"},
				"west": {"uv": [14, 11, 15, 15], "texture": "#side"},
				"up": {"uv": [15, 12, 14, 11], "texture": "#side"},
				"down": {"uv": [1, 1, 0, 0], "texture": "#missing"}
			}
		},
		{
			"from": [12, 12, 14.6],
			"to": [13, 15, 15.6],
			"rotation": {"angle": 0, "axis": "y", "origin": [16, 0, 16]},
			"faces": {
				"north": {"uv": [0, 0, 1, 3], "texture": "#missing"},
				"east": {"uv": [12, 1, 13, 4], "texture": "#side"},
				"south": {"uv": [12, 1, 13, 4], "texture": "#side"},
				"west": {"uv": [12, 1, 13, 4], "texture": "#side"},
				"up": {"uv": [12, 3, 11, 2], "texture": "#side"},
				"down": {"uv": [1, 1, 0, 0], "texture": "#missing"}
			}
		},
		{
			"from": [13, 11, 15],
			"to": [15, 15, 15.7],
			"rotation": {"angle": 0, "axis": "y", "origin": [16, 0, 16]},
			"faces": {
				"north": {"uv": [0, 0, 2, 4], "texture": "#missing"},
				"east": {"uv": [0, 0, 1, 4], "texture": "#missing"},
				"south": {"uv": [13, 1, 15, 5], "texture": "#side"},
				"west": {"uv": [13, 1, 14, 5], "texture": "#side"},
				"up": {"uv": [2, 1, 0, 0], "texture": "#missing"},
				"down": {"uv": [2, 1, 0, 0], "texture": "#missing"}
			}
		},
		{
			"from": [4, 1, 14.7],
			"to": [6, 6, 15.7],
			"rotation": {"angle": 0, "axis": "y", "origin": [16, 0, 16]},
			"faces": {
				"north": {"uv": [0, 0, 2, 4], "texture": "#missing"},
				"east": {"uv": [5, 10, 6, 15], "texture": "#side"},
				"south": {"uv": [4, 10, 6, 15], "texture": "#side"},
				"west": {"uv": [4, 10, 5, 15], "texture": "#side"},
				"up": {"uv": [6, 11, 4, 10], "texture": "#side"},
				"down": {"uv": [2, 1, 0, 0], "texture": "#missing"}
			}
		},
		{
			"from": [1, 1, 14.8],
			"to": [3, 5, 15.8],
			"rotation": {"angle": 0, "axis": "y", "origin": [16, 0, 16]},
			"faces": {
				"north": {"uv": [0, 0, 2, 4], "texture": "#missing"},
				"east": {"uv": [2, 11, 3, 15], "texture": "#side"},
				"south": {"uv": [1, 11, 3, 15], "texture": "#side"},
				"west": {"uv": [0, 0, 1, 4], "texture": "#side"},
				"up": {"uv": [3, 12, 1, 11], "texture": "#side"},
				"down": {"uv": [2, 1, 0, 0], "texture": "#missing"}
			}
		},
		{
			"from": [3, 3, 14.8],
			"to": [4, 7, 15.8],
			"rotation": {"angle": 0, "axis": "y", "origin": [16, 0, 16]},
			"faces": {
				"north": {"uv": [0, 0, 1, 4], "texture": "#missing"},
				"east": {"uv": [3, 9, 4, 13], "texture": "#side"},
				"south": {"uv": [3, 9, 4, 13], "texture": "#side"},
				"west": {"uv": [3, 9, 4, 13], "texture": "#side"},
				"up": {"uv": [1, 1, 0, 0], "texture": "#side"},
				"down": {"uv": [4, 13, 3, 12], "texture": "#side"}
			}
		},
		{
			"from": [2, 5, 14.8],
			"to": [3, 7, 15.8],
			"rotation": {"angle": 0, "axis": "y", "origin": [16, 0, 16]},
			"faces": {
				"north": {"uv": [0, 0, 1, 2], "texture": "#missing"},
				"east": {"uv": [0, 0, 1, 2], "texture": "#missing"},
				"south": {"uv": [2, 9, 3, 11], "texture": "#side"},
				"west": {"uv": [2, 9, 3, 11], "texture": "#side"},
				"up": {"uv": [1, 1, 0, 0], "texture": "#missing"},
				"down": {"uv": [1, 1, 0, 0], "texture": "#missing"}
			}
		}
	],
	"groups": [
		{
			"name": "scaffold",
			"origin": [0, 0, 0],
			"children": [0, 1, 2, 3, 4, 5, 6, 7, 8, 9, 10, 11]
		},
		{
			"name": "books",
			"origin": [8, 8, 8],
			"children": [
				{
					"name": "cobweb",
					"origin": [8, 8, 8],
					"children": [12, 13, 14, 15, 16, 17, 18, 19, 20, 21, 22, 23, 24, 25, 26, 27, 28, 29, 30, 31, 32, 33, 34]
				}, 35, 36, 37, 38, 39, 40, 41, 42, 43, 44]
		},
		{
			"name": "books",
			"origin": [8, 8, 8],
			"children": [
				{
					"name": "cobweb",
					"origin": [8, 8, 8],
					"children": [45, 46, 47, 48, 49, 50, 51, 52, 53, 54, 55, 56, 57, 58, 59, 60, 61, 62, 63, 64, 65, 66, 67]
				}, 68, 69, 70, 71, 72, 73, 74, 75, 76, 77]
		},
		{
			"name": "books",
			"origin": [8, 8, 8],
			"children": [
				{
					"name": "cobweb",
					"origin": [8, 8, 8],
					"children": [78, 79, 80, 81, 82, 83, 84, 85, 86, 87, 88, 89, 90, 91, 92, 93, 94, 95, 96, 97, 98, 99, 100]
				}, 101, 102, 103, 104, 105, 106, 107, 108, 109, 110]
		},
		{
			"name": "books",
			"origin": [8, 8, 8],
			"children": [
				{
					"name": "cobweb",
					"origin": [8, 8, 8],
					"children": [111, 112, 113, 114, 115, 116, 117, 118, 119, 120, 121, 122, 123, 124, 125, 126, 127, 128, 129, 130, 131, 132, 133]
				}, 134, 135, 136, 137, 138, 139, 140, 141, 142, 143]
		}
	]
}