{
	"credit": "Made with Blockbench",
	"parent": "block/cube_column",
	"textures": {
		"end": "block/oak_planks",
		"side": "block/bookshelf3"
	},
	"elements": [
		{
			"from": [0, 15, 0],
			"to": [16, 16, 16],
			"faces": {
				"north": {"uv": [0, 0, 16, 1], "texture": "#side"},
				"east": {"uv": [0, 0, 16, 1], "texture": "#side"},
				"south": {"uv": [0, 0, 16, 1], "texture": "#side"},
				"west": {"uv": [0, 0, 16, 1], "texture": "#side"},
				"up": {"uv": [0, 0, 16, 16], "texture": "#end"},
				"down": {"uv": [0, 0, 16, 16], "texture": "#end"}
			}
		},
		{
			"from": [0, 0, 0],
			"to": [16, 1, 16],
			"faces": {
				"north": {"uv": [0, 15, 16, 16], "texture": "#side"},
				"east": {"uv": [0, 15, 16, 16], "texture": "#side"},
				"south": {"uv": [0, 15, 16, 16], "texture": "#side"},
				"west": {"uv": [0, 15, 16, 16], "texture": "#side"},
				"up": {"uv": [0, 0, 16, 16], "texture": "#end"},
				"down": {"uv": [0, 0, 16, 16], "texture": "#end"}
			}
		},
		{
			"from": [0, 7, 0],
			"to": [16, 9, 16],
			"faces": {
				"north": {"uv": [0, 7, 16, 9], "texture": "#side"},
				"east": {"uv": [0, 7, 16, 9], "texture": "#side"},
				"south": {"uv": [0, 7, 16, 9], "texture": "#side"},
				"west": {"uv": [0, 7, 16, 9], "texture": "#side"},
				"up": {"uv": [0, 0, 16, 16], "texture": "#end"},
				"down": {"uv": [0, 0, 16, 16], "texture": "#end"}
			}
		},
		{
			"from": [15, 9, 15],
			"to": [16, 15, 16],
			"faces": {
				"north": {"uv": [15, 1, 16, 7], "texture": "#side"},
				"east": {"uv": [15, 1, 16, 7], "texture": "#side"},
				"south": {"uv": [15, 1, 16, 7], "texture": "#side"},
				"west": {"uv": [15, 1, 16, 7], "texture": "#side"},
				"up": {"uv": [15, 1, 16, 7], "texture": "#side"},
				"down": {"uv": [15, 1, 16, 7], "texture": "#side"}
			}
		},
		{
			"from": [15, 9, 0],
			"to": [16, 15, 1],
			"faces": {
				"north": {"uv": [0, 1, 1, 7], "texture": "#side"},
				"east": {"uv": [0, 1, 1, 7], "texture": "#side"},
				"south": {"uv": [0, 1, 1, 7], "texture": "#side"},
				"west": {"uv": [0, 1, 1, 7], "texture": "#side"},
				"up": {"uv": [0, 1, 1, 7], "texture": "#side"},
				"down": {"uv": [0, 1, 1, 7], "texture": "#side"}
			}
		},
		{
			"from": [0, 9, 0],
			"to": [1, 15, 1],
			"faces": {
				"north": {"uv": [0, 1, 1, 7], "texture": "#side"},
				"east": {"uv": [0, 1, 1, 7], "texture": "#side"},
				"south": {"uv": [0, 1, 1, 7], "texture": "#side"},
				"west": {"uv": [0, 1, 1, 7], "texture": "#side"},
				"up": {"uv": [0, 1, 1, 7], "texture": "#side"},
				"down": {"uv": [0, 1, 1, 7], "texture": "#side"}
			}
		},
		{
			"from": [0, 9, 15],
			"to": [1, 15, 16],
			"faces": {
				"north": {"uv": [15, 1, 16, 7], "texture": "#side"},
				"east": {"uv": [15, 1, 16, 7], "texture": "#side"},
				"south": {"uv": [15, 1, 16, 7], "texture": "#side"},
				"west": {"uv": [15, 1, 16, 7], "texture": "#side"},
				"up": {"uv": [15, 1, 16, 7], "texture": "#side"},
				"down": {"uv": [15, 1, 16, 7], "texture": "#side"}
			}
		},
		{
			"from": [0, 1, 15],
			"to": [1, 7, 16],
			"faces": {
				"north": {"uv": [0, 1, 1, 7], "texture": "#side"},
				"east": {"uv": [0, 1, 1, 7], "texture": "#side"},
				"south": {"uv": [0, 1, 1, 7], "texture": "#side"},
				"west": {"uv": [0, 1, 1, 7], "texture": "#side"},
				"up": {"uv": [0, 1, 1, 7], "texture": "#side"},
				"down": {"uv": [0, 1, 1, 7], "texture": "#side"}
			}
		},
		{
			"from": [15, 1, 15],
			"to": [16, 7, 16],
			"faces": {
				"north": {"uv": [15, 1, 16, 7], "texture": "#side"},
				"east": {"uv": [15, 1, 16, 7], "texture": "#side"},
				"south": {"uv": [15, 1, 16, 7], "texture": "#side"},
				"west": {"uv": [15, 1, 16, 7], "texture": "#side"},
				"up": {"uv": [15, 1, 16, 7], "texture": "#side"},
				"down": {"uv": [15, 1, 16, 7], "texture": "#side"}
			}
		},
		{
			"from": [15, 1, 0],
			"to": [16, 7, 1],
			"faces": {
				"north": {"uv": [0, 1, 1, 7], "texture": "#side"},
				"east": {"uv": [0, 1, 1, 7], "texture": "#side"},
				"south": {"uv": [0, 1, 1, 7], "texture": "#side"},
				"west": {"uv": [0, 1, 1, 7], "texture": "#side"},
				"up": {"uv": [0, 1, 1, 7], "texture": "#side"},
				"down": {"uv": [0, 1, 1, 7], "texture": "#side"}
			}
		},
		{
			"from": [0, 1, 0],
			"to": [1, 7, 1],
			"faces": {
				"north": {"uv": [15, 1, 16, 7], "texture": "#side"},
				"east": {"uv": [15, 1, 16, 7], "texture": "#side"},
				"south": {"uv": [15, 1, 16, 7], "texture": "#side"},
				"west": {"uv": [15, 1, 16, 7], "texture": "#side"},
				"up": {"uv": [15, 1, 16, 7], "texture": "#side"},
				"down": {"uv": [15, 1, 16, 7], "texture": "#side"}
			}
		},
		{
			"name": "biggang",
			"from": [1, 1, 1],
			"to": [15, 15, 15],
			"faces": {
				"north": {"uv": [1, 1, 15, 15], "texture": "#side"},
				"east": {"uv": [1, 1, 15, 15], "texture": "#side"},
				"south": {"uv": [1, 1, 15, 15], "texture": "#side"},
				"west": {"uv": [1, 1, 15, 15], "texture": "#side"},
				"up": {"uv": [0, 0, 14, 14], "texture": "#missing"},
				"down": {"uv": [0, 0, 14, 14], "texture": "#missing"}
			}
		},
		{
			"from": [13, 9, 0.5],
			"to": [15, 14, 1],
			"faces": {
				"north": {"uv": [1, 2, 3, 7], "texture": "#side"},
				"east": {"uv": [0, 0, 0.5, 5], "texture": "#missing"},
				"south": {"uv": [0, 0, 2, 5], "texture": "#missing"},
				"west": {"uv": [2, 2, 2.5, 7], "texture": "#side"},
				"up": {"uv": [13, 9, 15, 9.5], "texture": "#side"},
				"down": {"uv": [0, 0, 2, 0.5], "texture": "#missing"}
			}
		},
		{
			"from": [3, 9, 0.4],
			"to": [5, 14, 1],
			"faces": {
				"north": {"uv": [11, 2, 13, 7], "texture": "#side"},
				"east": {"uv": [11, 2, 11.5, 7], "texture": "#side"},
				"south": {"uv": [0, 0, 2, 5], "texture": "#missing"},
				"west": {"uv": [12, 2, 12.5, 7], "texture": "#side"},
				"up": {"uv": [11, 2, 13, 2.5], "texture": "#side"},
				"down": {"uv": [0, 0, 2, 0.5], "texture": "#missing"}
			}
		},
		{
			"from": [1, 9, -0.2],
			"to": [3, 13, 1],
			"faces": {
				"north": {"uv": [13, 3, 15, 7], "texture": "#side"},
				"east": {"uv": [13, 3, 14, 7], "texture": "#side"},
				"south": {"uv": [0, 0, 2, 5], "texture": "#missing"},
				"west": {"uv": [12, 2, 12.5, 7], "texture": "#side"},
				"up": {"uv": [13, 5, 15, 5.5], "texture": "#side"},
				"down": {"uv": [13, 6, 15, 6.5], "texture": "#side"}
			}
		},
		{
			"from": [1, 3, 0.7],
			"to": [3, 7, 1],
			"faces": {
				"north": {"uv": [13, 9, 15, 13], "texture": "#side"},
				"east": {"uv": [13, 9, 14, 13], "texture": "#side"},
				"south": {"uv": [0, 0, 2, 5], "texture": "#missing"},
				"west": {"uv": [12, 2, 12.5, 7], "texture": "#side"},
				"up": {"uv": [13, 5, 15, 5.5], "texture": "#side"},
				"down": {"uv": [13, 12, 15, 12.5], "texture": "#side"}
			}
		},
		{
			"from": [11, 9, 0.2],
			"to": [13, 15, 1],
			"faces": {
				"north": {"uv": [3, 1, 5, 7], "texture": "#side"},
				"east": {"uv": [3, 1, 3.8, 7], "texture": "#side"},
				"south": {"uv": [0, 0, 2, 6], "texture": "#missing"},
				"west": {"uv": [4, 1, 4.8, 7], "texture": "#side"},
				"up": {"uv": [0, 0, 2, 0.8], "texture": "#missing"},
				"down": {"uv": [0, 0, 2, 0.8], "texture": "#missing"}
			}
		},
		{
			"from": [1, 1, 0.2],
			"to": [6, 3, 1],
			"faces": {
				"north": {"uv": [10, 13, 15, 15], "texture": "#side"},
				"east": {"uv": [10, 13, 10.8, 15], "texture": "#side"},
				"south": {"uv": [0, 0, 5, 2], "texture": "#missing"},
				"west": {"uv": [0, 0, 0.8, 2], "texture": "#missing"},
				"up": {"uv": [10, 13, 14, 14], "texture": "#side"},
				"down": {"uv": [0, 0, 5, 0.8], "texture": "#missing"}
			}
		},
		{
			"from": [5, 9, 0.2],
			"to": [11, 11, 1],
			"faces": {
				"north": {"uv": [5, 5, 11, 7], "texture": "#side"},
				"east": {"uv": [10, 13, 10.8, 15], "texture": "#side"},
				"south": {"uv": [0, 0, 5, 2], "texture": "#missing"},
				"west": {"uv": [0, 0, 0.8, 2], "texture": "#missing"},
				"up": {"uv": [9, 5, 10, 6], "texture": "#side"},
				"down": {"uv": [0, 0, 5, 0.8], "texture": "#missing"}
			}
		},
		{
			"from": [10, 3, 0.6],
			"to": [12, 6, 1],
			"faces": {
				"north": {"uv": [4, 10, 6, 13], "texture": "#side"},
				"east": {"uv": [4, 10, 5, 13], "texture": "#side"},
				"south": {"uv": [0, 0, 2, 3], "texture": "#missing"},
				"west": {"uv": [5, 10, 6, 13], "texture": "#side"},
				"up": {"uv": [4, 10, 6, 11], "texture": "#side"},
				"down": {"uv": [4, 12, 6, 13], "texture": "#side"}
			}
		},
		{
			"from": [12, 3, 0.6],
			"to": [13, 4, 1],
			"faces": {
				"north": {"uv": [3, 12, 4, 13], "texture": "#side"},
				"east": {"uv": [3, 12, 4, 13], "texture": "#side"},
				"south": {"uv": [3, 12, 4, 13], "texture": "#side"},
				"west": {"uv": [3, 12, 4, 13], "texture": "#side"},
				"up": {"uv": [3, 12, 4, 13], "texture": "#side"},
				"down": {"uv": [3, 12, 4, 13], "texture": "#side"}
			}
		},
		{
			"from": [8, 3, 0.7],
			"to": [9, 4, 1.3],
			"faces": {
				"north": {"uv": [7, 12, 8, 13], "texture": "#side"},
				"east": {"uv": [7, 12, 8, 13], "texture": "#side"},
				"south": {"uv": [7, 12, 8, 13], "texture": "#side"},
				"west": {"uv": [7, 12, 8, 13], "texture": "#side"},
				"up": {"uv": [7, 12, 8, 13], "texture": "#side"},
				"down": {"uv": [7, 12, 8, 13], "texture": "#side"}
			}
		},
		{
			"from": [8, 2, 0.7],
			"to": [9, 3, 1.3],
			"faces": {
				"north": {"uv": [7, 13, 8, 14], "texture": "#side"},
				"east": {"uv": [7, 13, 8, 14], "texture": "#side"},
				"south": {"uv": [7, 13, 8, 14], "texture": "#side"},
				"west": {"uv": [7, 13, 8, 14], "texture": "#side"},
				"up": {"uv": [7, 13, 8, 14], "texture": "#side"},
				"down": {"uv": [7, 13, 8, 14], "texture": "#side"}
			}
		},
		{
			"from": [12, 2, 0.7],
			"to": [13, 3, 1.3],
			"faces": {
				"north": {"uv": [3, 13, 4, 14], "texture": "#side"},
				"east": {"uv": [3, 13, 4, 14], "texture": "#side"},
				"south": {"uv": [3, 13, 4, 14], "texture": "#side"},
				"west": {"uv": [3, 13, 4, 14], "texture": "#side"},
				"up": {"uv": [3, 13, 4, 14], "texture": "#side"},
				"down": {"uv": [3, 13, 4, 14], "texture": "#side"}
			}
		},
		{
			"from": [8, 5, 0.8],
			"to": [9, 6, 1.3],
			"faces": {
				"north": {"uv": [7, 10, 8, 11], "texture": "#side"},
				"east": {"uv": [7, 10, 8, 11], "texture": "#side"},
				"south": {"uv": [7, 10, 8, 11], "texture": "#side"},
				"west": {"uv": [7, 10, 8, 11], "texture": "#side"},
				"up": {"uv": [7, 10, 8, 11], "texture": "#side"},
				"down": {"uv": [7, 10, 8, 11], "texture": "#side"}
			}
		},
		{
			"from": [7, 3, 0.8],
			"to": [8, 5, 1.3],
			"faces": {
				"north": {"uv": [8, 11, 9, 13], "texture": "#side"},
				"east": {"uv": [7, 10, 8, 11], "texture": "#side"},
				"south": {"uv": [7, 10, 8, 11], "texture": "#side"},
				"west": {"uv": [8, 11, 9, 13], "texture": "#side"},
				"up": {"uv": [8, 11, 9, 12], "texture": "#side"},
				"down": {"uv": [7, 10, 8, 11], "texture": "#side"}
			}
		},
		{
			"from": [9, 1, 0.9],
			"to": [10, 2, 1.3],
			"faces": {
				"north": {"uv": [6, 14, 7, 15], "texture": "#side"},
				"east": {"uv": [6, 14, 7, 15], "texture": "#side"},
				"south": {"uv": [6, 14, 7, 15], "texture": "#side"},
				"west": {"uv": [6, 14, 7, 15], "texture": "#side"},
				"up": {"uv": [6, 14, 7, 15], "texture": "#side"},
				"down": {"uv": [6, 14, 7, 15], "texture": "#side"}
			}
		},
		{
			"from": [13, 2, 0.9],
			"to": [14, 3, 1.3],
			"faces": {
				"north": {"uv": [2, 13, 3, 14], "texture": "#side"},
				"east": {"uv": [2, 13, 3, 14], "texture": "#side"},
				"south": {"uv": [2, 13, 3, 14], "texture": "#side"},
				"west": {"uv": [2, 13, 3, 14], "texture": "#side"},
				"up": {"uv": [2, 13, 3, 14], "texture": "#side"},
				"down": {"uv": [2, 13, 3, 14], "texture": "#side"}
			}
		},
		{
			"from": [14, 3, 0.9],
			"to": [15, 5, 1.3],
			"faces": {
				"north": {"uv": [1, 11, 2, 13], "texture": "#side"},
				"east": {"uv": [1, 11, 2, 13], "texture": "#side"},
				"south": {"uv": [1, 11, 2, 13], "texture": "#side"},
				"west": {"uv": [1, 11, 2, 13], "texture": "#side"},
				"up": {"uv": [1, 11, 2, 13], "texture": "#side"},
				"down": {"uv": [1, 11, 2, 13], "texture": "#side"}
			}
		},
		{
			"from": [10, 1, 0.8],
			"to": [13, 2, 1.3],
			"faces": {
				"north": {"uv": [3, 14, 6, 15], "texture": "#side"},
				"east": {"uv": [3, 13, 4, 14], "texture": "#side"},
				"south": {"uv": [3, 13, 4, 14], "texture": "#side"},
				"west": {"uv": [3, 13, 4, 14], "texture": "#side"},
				"up": {"uv": [3, 13, 4, 14], "texture": "#side"},
				"down": {"uv": [3, 13, 4, 14], "texture": "#side"}
			}
		},
		{
			"from": [13, 3, 0.8],
			"to": [14, 6, 1.3],
			"faces": {
				"north": {"uv": [2, 10, 3, 13], "texture": "#side"},
				"east": {"uv": [2, 10, 3, 13], "texture": "#side"},
				"south": {"uv": [3, 13, 4, 14], "texture": "#side"},
				"west": {"uv": [3, 13, 4, 14], "texture": "#side"},
				"up": {"uv": [3, 13, 4, 14], "texture": "#side"},
				"down": {"uv": [3, 13, 4, 14], "texture": "#side"}
			}
		},
		{
			"from": [8, 4, 0.7],
			"to": [9, 5, 1.3],
			"faces": {
				"north": {"uv": [7, 11, 8, 12], "texture": "#side"},
				"east": {"uv": [7, 11, 8, 12], "texture": "#side"},
				"south": {"uv": [7, 11, 8, 12], "texture": "#side"},
				"west": {"uv": [7, 11, 8, 12], "texture": "#side"},
				"up": {"uv": [7, 11, 8, 12], "texture": "#side"},
				"down": {"uv": [7, 11, 8, 12], "texture": "#side"}
			}
		},
		{
			"from": [12, 5, 0.7],
			"to": [13, 6, 1.4],
			"faces": {
				"north": {"uv": [3, 10, 4, 11], "texture": "#side"},
				"east": {"uv": [3, 10, 4, 11], "texture": "#side"},
				"south": {"uv": [3, 10, 4, 11], "texture": "#side"},
				"west": {"uv": [3, 10, 4, 11], "texture": "#side"},
				"up": {"uv": [3, 10, 4, 11], "texture": "#side"},
				"down": {"uv": [3, 10, 4, 11], "texture": "#side"}
			}
		},
		{
			"from": [9, 6, 0.8],
			"to": [13, 7, 1.1],
			"faces": {
				"north": {"uv": [3, 9, 7, 10], "texture": "#side"},
				"east": {"uv": [3, 10, 4, 11], "texture": "#side"},
				"south": {"uv": [3, 10, 4, 11], "texture": "#side"},
				"west": {"uv": [3, 10, 4, 11], "texture": "#side"},
				"up": {"uv": [3, 10, 4, 11], "texture": "#side"},
				"down": {"uv": [3, 10, 4, 11], "texture": "#side"}
			}
		},
		{
			"from": [9, 4, 0.6],
			"to": [10, 6, 1],
			"faces": {
				"north": {"uv": [6, 10, 7, 12], "texture": "#side"},
				"east": {"uv": [3, 12, 4, 13], "texture": "#side"},
				"south": {"uv": [3, 12, 4, 13], "texture": "#side"},
				"west": {"uv": [6, 10, 7, 12], "texture": "#side"},
				"up": {"uv": [3, 12, 4, 13], "texture": "#side"},
				"down": {"uv": [3, 12, 4, 13], "texture": "#side"}
			}
		},
		{
			"from": [9, 2, 0.6],
			"to": [11, 3, 1],
			"faces": {
				"north": {"uv": [5, 13, 5.4, 14], "texture": "#side"},
				"east": {"uv": [5, 13, 5.4, 14], "texture": "#side"},
				"south": {"uv": [5, 13, 5.4, 14], "texture": "#side"},
				"west": {"uv": [5, 13, 5.4, 14], "texture": "#side"},
				"up": {"uv": [5, 13, 5.4, 14], "texture": "#side"},
				"down": {"uv": [5, 13, 5.4, 14], "texture": "#side"}
			}
		},
		{
			"from": [0.5, 9, 0.9],
			"to": [1, 14, 2.9],
			"faces": {
				"north": {"uv": [0, 0, 0.5, 5], "texture": "#missing"},
				"east": {"uv": [0, 0, 2, 5], "texture": "#missing"},
				"south": {"uv": [2, 2, 2.5, 7], "texture": "#side"},
				"west": {"uv": [1, 2, 3, 7], "texture": "#side"},
				"up": {"uv": [13, 9, 15, 9.5], "rotation": 270, "texture": "#side"},
				"down": {"uv": [0, 0, 2, 0.5], "rotation": 90, "texture": "#missing"}
			}
		},
		{
			"from": [0.4, 9, 10.9],
			"to": [1, 14, 12.9],
			"faces": {
				"north": {"uv": [11, 2, 11.5, 7], "texture": "#side"},
				"east": {"uv": [0, 0, 2, 5], "texture": "#missing"},
				"south": {"uv": [12, 2, 12.5, 7], "texture": "#side"},
				"west": {"uv": [11, 2, 13, 7], "texture": "#side"},
				"up": {"uv": [11, 2, 13, 2.5], "rotation": 270, "texture": "#side"},
				"down": {"uv": [0, 0, 2, 0.5], "rotation": 90, "texture": "#missing"}
			}
		},
		{
			"from": [-0.2, 9, 12.9],
			"to": [1, 13, 14.9],
			"faces": {
				"north": {"uv": [13, 3, 14, 7], "texture": "#side"},
				"east": {"uv": [0, 0, 2, 5], "texture": "#missing"},
				"south": {"uv": [12, 2, 12.5, 7], "texture": "#side"},
				"west": {"uv": [13, 3, 15, 7], "texture": "#side"},
				"up": {"uv": [13, 5, 15, 5.5], "rotation": 270, "texture": "#side"},
				"down": {"uv": [13, 6, 15, 6.5], "rotation": 90, "texture": "#side"}
			}
		},
		{
			"from": [0.7, 3, 12.9],
			"to": [1, 7, 14.9],
			"faces": {
				"north": {"uv": [13, 9, 14, 13], "texture": "#side"},
				"east": {"uv": [0, 0, 2, 5], "texture": "#missing"},
				"south": {"uv": [12, 2, 12.5, 7], "texture": "#side"},
				"west": {"uv": [13, 9, 15, 13], "texture": "#side"},
				"up": {"uv": [13, 5, 15, 5.5], "rotation": 270, "texture": "#side"},
				"down": {"uv": [13, 12, 15, 12.5], "rotation": 90, "texture": "#side"}
			}
		},
		{
			"from": [0.2, 9, 2.9],
			"to": [1, 15, 4.9],
			"faces": {
				"north": {"uv": [3, 1, 3.8, 7], "texture": "#side"},
				"east": {"uv": [0, 0, 2, 6], "texture": "#missing"},
				"south": {"uv": [4, 1, 4.8, 7], "texture": "#side"},
				"west": {"uv": [3, 1, 5, 7], "texture": "#side"},
				"up": {"uv": [0, 0, 2, 0.8], "rotation": 270, "texture": "#missing"},
				"down": {"uv": [0, 0, 2, 0.8], "rotation": 90, "texture": "#missing"}
			}
		},
		{
			"from": [0.2, 1, 9.9],
			"to": [1, 3, 14.9],
			"faces": {
				"north": {"uv": [10, 13, 10.8, 15], "texture": "#side"},
				"east": {"uv": [0, 0, 5, 2], "texture": "#missing"},
				"south": {"uv": [0, 0, 0.8, 2], "texture": "#missing"},
				"west": {"uv": [10, 13, 15, 15], "texture": "#side"},
				"up": {"uv": [10, 13, 14, 14], "rotation": 270, "texture": "#side"},
				"down": {"uv": [0, 0, 5, 0.8], "rotation": 90, "texture": "#missing"}
			}
		},
		{
			"from": [0.2, 9, 4.9],
			"to": [1, 11, 10.9],
			"faces": {
				"north": {"uv": [10, 13, 10.8, 15], "texture": "#side"},
				"east": {"uv": [0, 0, 5, 2], "texture": "#missing"},
				"south": {"uv": [0, 0, 0.8, 2], "texture": "#missing"},
				"west": {"uv": [5, 5, 11, 7], "texture": "#side"},
				"up": {"uv": [9, 5, 10, 6], "rotation": 270, "texture": "#side"},
				"down": {"uv": [0, 0, 5, 0.8], "rotation": 90, "texture": "#missing"}
			}
		},
		{
			"from": [0.6, 3, 3.9],
			"to": [1, 6, 5.9],
			"faces": {
				"north": {"uv": [4, 10, 5, 13], "texture": "#side"},
				"east": {"uv": [0, 0, 2, 3], "texture": "#missing"},
				"south": {"uv": [5, 10, 6, 13], "texture": "#side"},
				"west": {"uv": [4, 10, 6, 13], "texture": "#side"},
				"up": {"uv": [4, 10, 6, 11], "rotation": 270, "texture": "#side"},
				"down": {"uv": [4, 12, 6, 13], "rotation": 90, "texture": "#side"}
			}
		},
		{
			"from": [0.6, 3, 2.9],
			"to": [1, 4, 3.9],
			"faces": {
				"north": {"uv": [3, 12, 4, 13], "texture": "#side"},
				"east": {"uv": [3, 12, 4, 13], "texture": "#side"},
				"south": {"uv": [3, 12, 4, 13], "texture": "#side"},
				"west": {"uv": [3, 12, 4, 13], "texture": "#side"},
				"up": {"uv": [3, 12, 4, 13], "rotation": 270, "texture": "#side"},
				"down": {"uv": [3, 12, 4, 13], "rotation": 90, "texture": "#side"}
			}
		},
		{
			"from": [0.7, 3, 6.9],
			"to": [1.3, 4, 7.9],
			"faces": {
				"north": {"uv": [7, 12, 8, 13], "texture": "#side"},
				"east": {"uv": [7, 12, 8, 13], "texture": "#side"},
				"south": {"uv": [7, 12, 8, 13], "texture": "#side"},
				"west": {"uv": [7, 12, 8, 13], "texture": "#side"},
				"up": {"uv": [7, 12, 8, 13], "rotation": 270, "texture": "#side"},
				"down": {"uv": [7, 12, 8, 13], "rotation": 90, "texture": "#side"}
			}
		},
		{
			"from": [0.7, 2, 6.9],
			"to": [1.3, 3, 7.9],
			"faces": {
				"north": {"uv": [7, 13, 8, 14], "texture": "#side"},
				"east": {"uv": [7, 13, 8, 14], "texture": "#side"},
				"south": {"uv": [7, 13, 8, 14], "texture": "#side"},
				"west": {"uv": [7, 13, 8, 14], "texture": "#side"},
				"up": {"uv": [7, 13, 8, 14], "rotation": 270, "texture": "#side"},
				"down": {"uv": [7, 13, 8, 14], "rotation": 90, "texture": "#side"}
			}
		},
		{
			"from": [0.7, 2, 2.9],
			"to": [1.3, 3, 3.9],
			"faces": {
				"north": {"uv": [3, 13, 4, 14], "texture": "#side"},
				"east": {"uv": [3, 13, 4, 14], "texture": "#side"},
				"south": {"uv": [3, 13, 4, 14], "texture": "#side"},
				"west": {"uv": [3, 13, 4, 14], "texture": "#side"},
				"up": {"uv": [3, 13, 4, 14], "rotation": 270, "texture": "#side"},
				"down": {"uv": [3, 13, 4, 14], "rotation": 90, "texture": "#side"}
			}
		},
		{
			"from": [0.8, 5, 6.9],
			"to": [1.3, 6, 7.9],
			"faces": {
				"north": {"uv": [7, 10, 8, 11], "texture": "#side"},
				"east": {"uv": [7, 10, 8, 11], "texture": "#side"},
				"south": {"uv": [7, 10, 8, 11], "texture": "#side"},
				"west": {"uv": [7, 10, 8, 11], "texture": "#side"},
				"up": {"uv": [7, 10, 8, 11], "rotation": 270, "texture": "#side"},
				"down": {"uv": [7, 10, 8, 11], "rotation": 90, "texture": "#side"}
			}
		},
		{
			"from": [0.8, 3, 7.9],
			"to": [1.3, 5, 8.9],
			"faces": {
				"north": {"uv": [7, 10, 8, 11], "texture": "#side"},
				"east": {"uv": [7, 10, 8, 11], "texture": "#side"},
				"south": {"uv": [8, 11, 9, 13], "texture": "#side"},
				"west": {"uv": [8, 11, 9, 13], "texture": "#side"},
				"up": {"uv": [8, 11, 9, 12], "rotation": 270, "texture": "#side"},
				"down": {"uv": [7, 10, 8, 11], "rotation": 90, "texture": "#side"}
			}
		},
		{
			"from": [0.9, 1, 5.9],
			"to": [1.3, 2, 6.9],
			"faces": {
				"north": {"uv": [6, 14, 7, 15], "texture": "#side"},
				"east": {"uv": [6, 14, 7, 15], "texture": "#side"},
				"south": {"uv": [6, 14, 7, 15], "texture": "#side"},
				"west": {"uv": [6, 14, 7, 15], "texture": "#side"},
				"up": {"uv": [6, 14, 7, 15], "rotation": 270, "texture": "#side"},
				"down": {"uv": [6, 14, 7, 15], "rotation": 90, "texture": "#side"}
			}
		},
		{
			"from": [0.9, 2, 1.9],
			"to": [1.3, 3, 2.9],
			"faces": {
				"north": {"uv": [2, 13, 3, 14], "texture": "#side"},
				"east": {"uv": [2, 13, 3, 14], "texture": "#side"},
				"south": {"uv": [2, 13, 3, 14], "texture": "#side"},
				"west": {"uv": [2, 13, 3, 14], "texture": "#side"},
				"up": {"uv": [2, 13, 3, 14], "rotation": 270, "texture": "#side"},
				"down": {"uv": [2, 13, 3, 14], "rotation": 90, "texture": "#side"}
			}
		},
		{
			"from": [0.9, 3, 0.9],
			"to": [1.3, 5, 1.9],
			"faces": {
				"north": {"uv": [1, 11, 2, 13], "texture": "#side"},
				"east": {"uv": [1, 11, 2, 13], "texture": "#side"},
				"south": {"uv": [1, 11, 2, 13], "texture": "#side"},
				"west": {"uv": [1, 11, 2, 13], "texture": "#side"},
				"up": {"uv": [1, 11, 2, 13], "rotation": 270, "texture": "#side"},
				"down": {"uv": [1, 11, 2, 13], "rotation": 90, "texture": "#side"}
			}
		},
		{
			"from": [0.8, 1, 2.9],
			"to": [1.3, 2, 5.9],
			"faces": {
				"north": {"uv": [3, 13, 4, 14], "texture": "#side"},
				"east": {"uv": [3, 13, 4, 14], "texture": "#side"},
				"south": {"uv": [3, 13, 4, 14], "texture": "#side"},
				"west": {"uv": [3, 14, 6, 15], "texture": "#side"},
				"up": {"uv": [3, 13, 4, 14], "rotation": 270, "texture": "#side"},
				"down": {"uv": [3, 13, 4, 14], "rotation": 90, "texture": "#side"}
			}
		},
		{
			"from": [0.8, 3, 1.9],
			"to": [1.3, 6, 2.9],
			"faces": {
				"north": {"uv": [2, 10, 3, 13], "texture": "#side"},
				"east": {"uv": [3, 13, 4, 14], "texture": "#side"},
				"south": {"uv": [3, 13, 4, 14], "texture": "#side"},
				"west": {"uv": [2, 10, 3, 13], "texture": "#side"},
				"up": {"uv": [3, 13, 4, 14], "rotation": 270, "texture": "#side"},
				"down": {"uv": [3, 13, 4, 14], "rotation": 90, "texture": "#side"}
			}
		},
		{
			"from": [0.7, 4, 6.9],
			"to": [1.3, 5, 7.9],
			"faces": {
				"north": {"uv": [7, 11, 8, 12], "texture": "#side"},
				"east": {"uv": [7, 11, 8, 12], "texture": "#side"},
				"south": {"uv": [7, 11, 8, 12], "texture": "#side"},
				"west": {"uv": [7, 11, 8, 12], "texture": "#side"},
				"up": {"uv": [7, 11, 8, 12], "rotation": 270, "texture": "#side"},
				"down": {"uv": [7, 11, 8, 12], "rotation": 90, "texture": "#side"}
			}
		},
		{
			"from": [0.7, 5, 2.9],
			"to": [1.4, 6, 3.9],
			"faces": {
				"north": {"uv": [3, 10, 4, 11], "texture": "#side"},
				"east": {"uv": [3, 10, 4, 11], "texture": "#side"},
				"south": {"uv": [3, 10, 4, 11], "texture": "#side"},
				"west": {"uv": [3, 10, 4, 11], "texture": "#side"},
				"up": {"uv": [3, 10, 4, 11], "rotation": 270, "texture": "#side"},
				"down": {"uv": [3, 10, 4, 11], "rotation": 90, "texture": "#side"}
			}
		},
		{
			"from": [0.8, 6, 2.9],
			"to": [1.1, 7, 6.9],
			"faces": {
				"north": {"uv": [3, 10, 4, 11], "texture": "#side"},
				"east": {"uv": [3, 10, 4, 11], "texture": "#side"},
				"south": {"uv": [3, 10, 4, 11], "texture": "#side"},
				"west": {"uv": [3, 9, 7, 10], "texture": "#side"},
				"up": {"uv": [3, 10, 4, 11], "rotation": 270, "texture": "#side"},
				"down": {"uv": [3, 10, 4, 11], "rotation": 90, "texture": "#side"}
			}
		},
		{
			"from": [0.6, 4, 5.9],
			"to": [1, 6, 6.9],
			"faces": {
				"north": {"uv": [3, 12, 4, 13], "texture": "#side"},
				"east": {"uv": [3, 12, 4, 13], "texture": "#side"},
				"south": {"uv": [6, 10, 7, 12], "texture": "#side"},
				"west": {"uv": [6, 10, 7, 12], "texture": "#side"},
				"up": {"uv": [3, 12, 4, 13], "rotation": 270, "texture": "#side"},
				"down": {"uv": [3, 12, 4, 13], "rotation": 90, "texture": "#side"}
			}
		},
		{
			"from": [0.6, 2, 4.9],
			"to": [1, 3, 6.9],
			"faces": {
				"north": {"uv": [5, 13, 5.4, 14], "texture": "#side"},
				"east": {"uv": [5, 13, 5.4, 14], "texture": "#side"},
				"south": {"uv": [5, 13, 5.4, 14], "texture": "#side"},
				"west": {"uv": [5, 13, 5.4, 14], "texture": "#side"},
				"up": {"uv": [5, 13, 5.4, 14], "rotation": 270, "texture": "#side"},
				"down": {"uv": [5, 13, 5.4, 14], "rotation": 90, "texture": "#side"}
			}
		},
		{
			"from": [0.9, 9, 15],
			"to": [2.9, 14, 15.5],
			"faces": {
				"north": {"uv": [0, 0, 2, 5], "texture": "#missing"},
				"east": {"uv": [2, 2, 2.5, 7], "texture": "#side"},
				"south": {"uv": [1, 2, 3, 7], "texture": "#side"},
				"west": {"uv": [0, 0, 0.5, 5], "texture": "#missing"},
				"up": {"uv": [13, 9, 15, 9.5], "rotation": 180, "texture": "#side"},
				"down": {"uv": [0, 0, 2, 0.5], "rotation": 180, "texture": "#missing"}
			}
		},
		{
			"from": [10.9, 9, 15],
			"to": [12.9, 14, 15.6],
			"faces": {
				"north": {"uv": [0, 0, 2, 5], "texture": "#missing"},
				"east": {"uv": [12, 2, 12.5, 7], "texture": "#side"},
				"south": {"uv": [11, 2, 13, 7], "texture": "#side"},
				"west": {"uv": [11, 2, 11.5, 7], "texture": "#side"},
				"up": {"uv": [11, 2, 13, 2.5], "rotation": 180, "texture": "#side"},
				"down": {"uv": [0, 0, 2, 0.5], "rotation": 180, "texture": "#missing"}
			}
		},
		{
			"from": [12.9, 9, 15],
			"to": [14.9, 13, 16.2],
			"faces": {
				"north": {"uv": [0, 0, 2, 5], "texture": "#missing"},
				"east": {"uv": [12, 2, 12.5, 7], "texture": "#side"},
				"south": {"uv": [13, 3, 15, 7], "texture": "#side"},
				"west": {"uv": [13, 3, 14, 7], "texture": "#side"},
				"up": {"uv": [13, 5, 15, 5.5], "rotation": 180, "texture": "#side"},
				"down": {"uv": [13, 6, 15, 6.5], "rotation": 180, "texture": "#side"}
			}
		},
		{
			"from": [12.9, 3, 15],
			"to": [14.9, 7, 15.3],
			"faces": {
				"north": {"uv": [0, 0, 2, 5], "texture": "#missing"},
				"east": {"uv": [12, 2, 12.5, 7], "texture": "#side"},
				"south": {"uv": [13, 9, 15, 13], "texture": "#side"},
				"west": {"uv": [13, 9, 14, 13], "texture": "#side"},
				"up": {"uv": [13, 5, 15, 5.5], "rotation": 180, "texture": "#side"},
				"down": {"uv": [13, 12, 15, 12.5], "rotation": 180, "texture": "#side"}
			}
		},
		{
			"from": [2.9, 9, 15],
			"to": [4.9, 15, 15.8],
			"faces": {
				"north": {"uv": [0, 0, 2, 6], "texture": "#missing"},
				"east": {"uv": [4, 1, 4.8, 7], "texture": "#side"},
				"south": {"uv": [3, 1, 5, 7], "texture": "#side"},
				"west": {"uv": [3, 1, 3.8, 7], "texture": "#side"},
				"up": {"uv": [0, 0, 2, 0.8], "rotation": 180, "texture": "#missing"},
				"down": {"uv": [0, 0, 2, 0.8], "rotation": 180, "texture": "#missing"}
			}
		},
		{
			"from": [9.9, 1, 15],
			"to": [14.9, 3, 15.8],
			"faces": {
				"north": {"uv": [0, 0, 5, 2], "texture": "#missing"},
				"east": {"uv": [0, 0, 0.8, 2], "texture": "#missing"},
				"south": {"uv": [10, 13, 15, 15], "texture": "#side"},
				"west": {"uv": [10, 13, 10.8, 15], "texture": "#side"},
				"up": {"uv": [10, 13, 14, 14], "rotation": 180, "texture": "#side"},
				"down": {"uv": [0, 0, 5, 0.8], "rotation": 180, "texture": "#missing"}
			}
		},
		{
			"from": [4.9, 9, 15],
			"to": [10.9, 11, 15.8],
			"faces": {
				"north": {"uv": [0, 0, 5, 2], "texture": "#missing"},
				"east": {"uv": [0, 0, 0.8, 2], "texture": "#missing"},
				"south": {"uv": [5, 5, 11, 7], "texture": "#side"},
				"west": {"uv": [10, 13, 10.8, 15], "texture": "#side"},
				"up": {"uv": [9, 5, 10, 6], "rotation": 180, "texture": "#side"},
				"down": {"uv": [0, 0, 5, 0.8], "rotation": 180, "texture": "#missing"}
			}
		},
		{
			"from": [3.9, 3, 15],
			"to": [5.9, 6, 15.4],
			"faces": {
				"north": {"uv": [0, 0, 2, 3], "texture": "#missing"},
				"east": {"uv": [5, 10, 6, 13], "texture": "#side"},
				"south": {"uv": [4, 10, 6, 13], "texture": "#side"},
				"west": {"uv": [4, 10, 5, 13], "texture": "#side"},
				"up": {"uv": [4, 10, 6, 11], "rotation": 180, "texture": "#side"},
				"down": {"uv": [4, 12, 6, 13], "rotation": 180, "texture": "#side"}
			}
		},
		{
			"from": [2.9, 3, 15],
			"to": [3.9, 4, 15.4],
			"faces": {
				"north": {"uv": [3, 12, 4, 13], "texture": "#side"},
				"east": {"uv": [3, 12, 4, 13], "texture": "#side"},
				"south": {"uv": [3, 12, 4, 13], "texture": "#side"},
				"west": {"uv": [3, 12, 4, 13], "texture": "#side"},
				"up": {"uv": [3, 12, 4, 13], "rotation": 180, "texture": "#side"},
				"down": {"uv": [3, 12, 4, 13], "rotation": 180, "texture": "#side"}
			}
		},
		{
			"from": [6.9, 3, 14.7],
			"to": [7.9, 4, 15.3],
			"faces": {
				"north": {"uv": [7, 12, 8, 13], "texture": "#side"},
				"east": {"uv": [7, 12, 8, 13], "texture": "#side"},
				"south": {"uv": [7, 12, 8, 13], "texture": "#side"},
				"west": {"uv": [7, 12, 8, 13], "texture": "#side"},
				"up": {"uv": [7, 12, 8, 13], "rotation": 180, "texture": "#side"},
				"down": {"uv": [7, 12, 8, 13], "rotation": 180, "texture": "#side"}
			}
		},
		{
			"from": [6.9, 2, 14.7],
			"to": [7.9, 3, 15.3],
			"faces": {
				"north": {"uv": [7, 13, 8, 14], "texture": "#side"},
				"east": {"uv": [7, 13, 8, 14], "texture": "#side"},
				"south": {"uv": [7, 13, 8, 14], "texture": "#side"},
				"west": {"uv": [7, 13, 8, 14], "texture": "#side"},
				"up": {"uv": [7, 13, 8, 14], "rotation": 180, "texture": "#side"},
				"down": {"uv": [7, 13, 8, 14], "rotation": 180, "texture": "#side"}
			}
		},
		{
			"from": [2.9, 2, 14.7],
			"to": [3.9, 3, 15.3],
			"faces": {
				"north": {"uv": [3, 13, 4, 14], "texture": "#side"},
				"east": {"uv": [3, 13, 4, 14], "texture": "#side"},
				"south": {"uv": [3, 13, 4, 14], "texture": "#side"},
				"west": {"uv": [3, 13, 4, 14], "texture": "#side"},
				"up": {"uv": [3, 13, 4, 14], "rotation": 180, "texture": "#side"},
				"down": {"uv": [3, 13, 4, 14], "rotation": 180, "texture": "#side"}
			}
		},
		{
			"from": [6.9, 5, 14.7],
			"to": [7.9, 6, 15.2],
			"faces": {
				"north": {"uv": [7, 10, 8, 11], "texture": "#side"},
				"east": {"uv": [7, 10, 8, 11], "texture": "#side"},
				"south": {"uv": [7, 10, 8, 11], "texture": "#side"},
				"west": {"uv": [7, 10, 8, 11], "texture": "#side"},
				"up": {"uv": [7, 10, 8, 11], "rotation": 180, "texture": "#side"},
				"down": {"uv": [7, 10, 8, 11], "rotation": 180, "texture": "#side"}
			}
		},
		{
			"from": [7.9, 3, 14.7],
			"to": [8.9, 5, 15.2],
			"faces": {
				"north": {"uv": [7, 10, 8, 11], "texture": "#side"},
				"east": {"uv": [8, 11, 9, 13], "texture": "#side"},
				"south": {"uv": [8, 11, 9, 13], "texture": "#side"},
				"west": {"uv": [7, 10, 8, 11], "texture": "#side"},
				"up": {"uv": [8, 11, 9, 12], "rotation": 180, "texture": "#side"},
				"down": {"uv": [7, 10, 8, 11], "rotation": 180, "texture": "#side"}
			}
		},
		{
			"from": [5.9, 1, 14.7],
			"to": [6.9, 2, 15.1],
			"faces": {
				"north": {"uv": [6, 14, 7, 15], "texture": "#side"},
				"east": {"uv": [6, 14, 7, 15], "texture": "#side"},
				"south": {"uv": [6, 14, 7, 15], "texture": "#side"},
				"west": {"uv": [6, 14, 7, 15], "texture": "#side"},
				"up": {"uv": [6, 14, 7, 15], "rotation": 180, "texture": "#side"},
				"down": {"uv": [6, 14, 7, 15], "rotation": 180, "texture": "#side"}
			}
		},
		{
			"from": [1.9, 2, 14.7],
			"to": [2.9, 3, 15.1],
			"faces": {
				"north": {"uv": [2, 13, 3, 14], "texture": "#side"},
				"east": {"uv": [2, 13, 3, 14], "texture": "#side"},
				"south": {"uv": [2, 13, 3, 14], "texture": "#side"},
				"west": {"uv": [2, 13, 3, 14], "texture": "#side"},
				"up": {"uv": [2, 13, 3, 14], "rotation": 180, "texture": "#side"},
				"down": {"uv": [2, 13, 3, 14], "rotation": 180, "texture": "#side"}
			}
		},
		{
			"from": [0.9, 3, 14.7],
			"to": [1.9, 5, 15.1],
			"faces": {
				"north": {"uv": [1, 11, 2, 13], "texture": "#side"},
				"east": {"uv": [1, 11, 2, 13], "texture": "#side"},
				"south": {"uv": [1, 11, 2, 13], "texture": "#side"},
				"west": {"uv": [1, 11, 2, 13], "texture": "#side"},
				"up": {"uv": [1, 11, 2, 13], "rotation": 180, "texture": "#side"},
				"down": {"uv": [1, 11, 2, 13], "rotation": 180, "texture": "#side"}
			}
		},
		{
			"from": [2.9, 1, 14.7],
			"to": [5.9, 2, 15.2],
			"faces": {
				"north": {"uv": [3, 13, 4, 14], "texture": "#side"},
				"east": {"uv": [3, 13, 4, 14], "texture": "#side"},
				"south": {"uv": [3, 14, 6, 15], "texture": "#side"},
				"west": {"uv": [3, 13, 4, 14], "texture": "#side"},
				"up": {"uv": [3, 13, 4, 14], "rotation": 180, "texture": "#side"},
				"down": {"uv": [3, 13, 4, 14], "rotation": 180, "texture": "#side"}
			}
		},
		{
			"from": [1.9, 3, 14.7],
			"to": [2.9, 6, 15.2],
			"faces": {
				"north": {"uv": [3, 13, 4, 14], "texture": "#side"},
				"east": {"uv": [3, 13, 4, 14], "texture": "#side"},
				"south": {"uv": [2, 10, 3, 13], "texture": "#side"},
				"west": {"uv": [2, 10, 3, 13], "texture": "#side"},
				"up": {"uv": [3, 13, 4, 14], "rotation": 180, "texture": "#side"},
				"down": {"uv": [3, 13, 4, 14], "rotation": 180, "texture": "#side"}
			}
		},
		{
			"from": [6.9, 4, 14.7],
			"to": [7.9, 5, 15.3],
			"faces": {
				"north": {"uv": [7, 11, 8, 12], "texture": "#side"},
				"east": {"uv": [7, 11, 8, 12], "texture": "#side"},
				"south": {"uv": [7, 11, 8, 12], "texture": "#side"},
				"west": {"uv": [7, 11, 8, 12], "texture": "#side"},
				"up": {"uv": [7, 11, 8, 12], "rotation": 180, "texture": "#side"},
				"down": {"uv": [7, 11, 8, 12], "rotation": 180, "texture": "#side"}
			}
		},
		{
			"from": [2.9, 5, 14.6],
			"to": [3.9, 6, 15.3],
			"faces": {
				"north": {"uv": [3, 10, 4, 11], "texture": "#side"},
				"east": {"uv": [3, 10, 4, 11], "texture": "#side"},
				"south": {"uv": [3, 10, 4, 11], "texture": "#side"},
				"west": {"uv": [3, 10, 4, 11], "texture": "#side"},
				"up": {"uv": [3, 10, 4, 11], "rotation": 180, "texture": "#side"},
				"down": {"uv": [3, 10, 4, 11], "rotation": 180, "texture": "#side"}
			}
		},
		{
			"from": [2.9, 6, 14.9],
			"to": [6.9, 7, 15.2],
			"faces": {
				"north": {"uv": [3, 10, 4, 11], "texture": "#side"},
				"east": {"uv": [3, 10, 4, 11], "texture": "#side"},
				"south": {"uv": [3, 9, 7, 10], "texture": "#side"},
				"west": {"uv": [3, 10, 4, 11], "texture": "#side"},
				"up": {"uv": [3, 10, 4, 11], "rotation": 180, "texture": "#side"},
				"down": {"uv": [3, 10, 4, 11], "rotation": 180, "texture": "#side"}
			}
		},
		{
			"from": [5.9, 4, 15],
			"to": [6.9, 6, 15.4],
			"faces": {
				"north": {"uv": [3, 12, 4, 13], "texture": "#side"},
				"east": {"uv": [6, 10, 7, 12], "texture": "#side"},
				"south": {"uv": [6, 10, 7, 12], "texture": "#side"},
				"west": {"uv": [3, 12, 4, 13], "texture": "#side"},
				"up": {"uv": [3, 12, 4, 13], "rotation": 180, "texture": "#side"},
				"down": {"uv": [3, 12, 4, 13], "rotation": 180, "texture": "#side"}
			}
		},
		{
			"from": [4.9, 2, 15],
			"to": [6.9, 3, 15.4],
			"faces": {
				"north": {"uv": [5, 13, 5.4, 14], "texture": "#side"},
				"east": {"uv": [5, 13, 5.4, 14], "texture": "#side"},
				"south": {"uv": [5, 13, 5.4, 14], "texture": "#side"},
				"west": {"uv": [5, 13, 5.4, 14], "texture": "#side"},
				"up": {"uv": [5, 13, 5.4, 14], "rotation": 180, "texture": "#side"},
				"down": {"uv": [5, 13, 5.4, 14], "rotation": 180, "texture": "#side"}
			}
		},
		{
			"from": [15, 9, 13.1],
			"to": [15.5, 14, 15.1],
			"faces": {
				"north": {"uv": [2, 2, 2.5, 7], "texture": "#side"},
				"east": {"uv": [1, 2, 3, 7], "texture": "#side"},
				"south": {"uv": [0, 0, 0.5, 5], "texture": "#missing"},
				"west": {"uv": [0, 0, 2, 5], "texture": "#missing"},
				"up": {"uv": [13, 9, 15, 9.5], "rotation": 90, "texture": "#side"},
				"down": {"uv": [0, 0, 2, 0.5], "rotation": 270, "texture": "#missing"}
			}
		},
		{
			"from": [15, 9, 3.1],
			"to": [15.6, 14, 5.1],
			"faces": {
				"north": {"uv": [12, 2, 12.5, 7], "texture": "#side"},
				"east": {"uv": [11, 2, 13, 7], "texture": "#side"},
				"south": {"uv": [11, 2, 11.5, 7], "texture": "#side"},
				"west": {"uv": [0, 0, 2, 5], "texture": "#missing"},
				"up": {"uv": [11, 2, 13, 2.5], "rotation": 90, "texture": "#side"},
				"down": {"uv": [0, 0, 2, 0.5], "rotation": 270, "texture": "#missing"}
			}
		},
		{
			"from": [15, 9, 1.1],
			"to": [16.2, 13, 3.1],
			"faces": {
				"north": {"uv": [12, 2, 12.5, 7], "texture": "#side"},
				"east": {"uv": [13, 3, 15, 7], "texture": "#side"},
				"south": {"uv": [13, 3, 14, 7], "texture": "#side"},
				"west": {"uv": [0, 0, 2, 5], "texture": "#missing"},
				"up": {"uv": [13, 5, 15, 5.5], "rotation": 90, "texture": "#side"},
				"down": {"uv": [13, 6, 15, 6.5], "rotation": 270, "texture": "#side"}
			}
		},
		{
			"from": [15, 3, 1.1],
			"to": [15.3, 7, 3.1],
			"faces": {
				"north": {"uv": [12, 2, 12.5, 7], "texture": "#side"},
				"east": {"uv": [13, 9, 15, 13], "texture": "#side"},
				"south": {"uv": [13, 9, 14, 13], "texture": "#side"},
				"west": {"uv": [0, 0, 2, 5], "texture": "#missing"},
				"up": {"uv": [13, 5, 15, 5.5], "rotation": 90, "texture": "#side"},
				"down": {"uv": [13, 12, 15, 12.5], "rotation": 270, "texture": "#side"}
			}
		},
		{
			"from": [15, 9, 11.1],
			"to": [15.8, 15, 13.1],
			"faces": {
				"north": {"uv": [4, 1, 4.8, 7], "texture": "#side"},
				"east": {"uv": [3, 1, 5, 7], "texture": "#side"},
				"south": {"uv": [3, 1, 3.8, 7], "texture": "#side"},
				"west": {"uv": [0, 0, 2, 6], "texture": "#missing"},
				"up": {"uv": [0, 0, 2, 0.8], "rotation": 90, "texture": "#missing"},
				"down": {"uv": [0, 0, 2, 0.8], "rotation": 270, "texture": "#missing"}
			}
		},
		{
			"from": [15, 1, 1.1],
			"to": [15.8, 3, 6.1],
			"faces": {
				"north": {"uv": [0, 0, 0.8, 2], "texture": "#missing"},
				"east": {"uv": [10, 13, 15, 15], "texture": "#side"},
				"south": {"uv": [10, 13, 10.8, 15], "texture": "#side"},
				"west": {"uv": [0, 0, 5, 2], "texture": "#missing"},
				"up": {"uv": [10, 13, 14, 14], "rotation": 90, "texture": "#side"},
				"down": {"uv": [0, 0, 5, 0.8], "rotation": 270, "texture": "#missing"}
			}
		},
		{
			"from": [15, 9, 5.1],
			"to": [15.8, 11, 11.1],
			"faces": {
				"north": {"uv": [0, 0, 0.8, 2], "texture": "#missing"},
				"east": {"uv": [5, 5, 11, 7], "texture": "#side"},
				"south": {"uv": [10, 13, 10.8, 15], "texture": "#side"},
				"west": {"uv": [0, 0, 5, 2], "texture": "#missing"},
				"up": {"uv": [9, 5, 10, 6], "rotation": 90, "texture": "#side"},
				"down": {"uv": [0, 0, 5, 0.8], "rotation": 270, "texture": "#missing"}
			}
		},
		{
			"from": [15, 3, 10.1],
			"to": [15.4, 6, 12.1],
			"faces": {
				"north": {"uv": [5, 10, 6, 13], "texture": "#side"},
				"east": {"uv": [4, 10, 6, 13], "texture": "#side"},
				"south": {"uv": [4, 10, 5, 13], "texture": "#side"},
				"west": {"uv": [0, 0, 2, 3], "texture": "#missing"},
				"up": {"uv": [4, 10, 6, 11], "rotation": 90, "texture": "#side"},
				"down": {"uv": [4, 12, 6, 13], "rotation": 270, "texture": "#side"}
			}
		},
		{
			"from": [15, 3, 12.1],
			"to": [15.4, 4, 13.1],
			"faces": {
				"north": {"uv": [3, 12, 4, 13], "texture": "#side"},
				"east": {"uv": [3, 12, 4, 13], "texture": "#side"},
				"south": {"uv": [3, 12, 4, 13], "texture": "#side"},
				"west": {"uv": [3, 12, 4, 13], "texture": "#side"},
				"up": {"uv": [3, 12, 4, 13], "rotation": 90, "texture": "#side"},
				"down": {"uv": [3, 12, 4, 13], "rotation": 270, "texture": "#side"}
			}
		},
		{
			"from": [14.7, 3, 8.1],
			"to": [15.3, 4, 9.1],
			"faces": {
				"north": {"uv": [7, 12, 8, 13], "texture": "#side"},
				"east": {"uv": [7, 12, 8, 13], "texture": "#side"},
				"south": {"uv": [7, 12, 8, 13], "texture": "#side"},
				"west": {"uv": [7, 12, 8, 13], "texture": "#side"},
				"up": {"uv": [7, 12, 8, 13], "rotation": 90, "texture": "#side"},
				"down": {"uv": [7, 12, 8, 13], "rotation": 270, "texture": "#side"}
			}
		},
		{
			"from": [14.7, 2, 8.1],
			"to": [15.3, 3, 9.1],
			"faces": {
				"north": {"uv": [7, 13, 8, 14], "texture": "#side"},
				"east": {"uv": [7, 13, 8, 14], "texture": "#side"},
				"south": {"uv": [7, 13, 8, 14], "texture": "#side"},
				"west": {"uv": [7, 13, 8, 14], "texture": "#side"},
				"up": {"uv": [7, 13, 8, 14], "rotation": 90, "texture": "#side"},
				"down": {"uv": [7, 13, 8, 14], "rotation": 270, "texture": "#side"}
			}
		},
		{
			"from": [14.7, 2, 12.1],
			"to": [15.3, 3, 13.1],
			"faces": {
				"north": {"uv": [3, 13, 4, 14], "texture": "#side"},
				"east": {"uv": [3, 13, 4, 14], "texture": "#side"},
				"south": {"uv": [3, 13, 4, 14], "texture": "#side"},
				"west": {"uv": [3, 13, 4, 14], "texture": "#side"},
				"up": {"uv": [3, 13, 4, 14], "rotation": 90, "texture": "#side"},
				"down": {"uv": [3, 13, 4, 14], "rotation": 270, "texture": "#side"}
			}
		},
		{
			"from": [14.7, 5, 8.1],
			"to": [15.2, 6, 9.1],
			"faces": {
				"north": {"uv": [7, 10, 8, 11], "texture": "#side"},
				"east": {"uv": [7, 10, 8, 11], "texture": "#side"},
				"south": {"uv": [7, 10, 8, 11], "texture": "#side"},
				"west": {"uv": [7, 10, 8, 11], "texture": "#side"},
				"up": {"uv": [7, 10, 8, 11], "rotation": 90, "texture": "#side"},
				"down": {"uv": [7, 10, 8, 11], "rotation": 270, "texture": "#side"}
			}
		},
		{
			"from": [14.7, 3, 7.1],
			"to": [15.2, 5, 8.1],
			"faces": {
				"north": {"uv": [8, 11, 9, 13], "texture": "#side"},
				"east": {"uv": [8, 11, 9, 13], "texture": "#side"},
				"south": {"uv": [7, 10, 8, 11], "texture": "#side"},
				"west": {"uv": [7, 10, 8, 11], "texture": "#side"},
				"up": {"uv": [8, 11, 9, 12], "rotation": 90, "texture": "#side"},
				"down": {"uv": [7, 10, 8, 11], "rotation": 270, "texture": "#side"}
			}
		},
		{
			"from": [14.7, 1, 9.1],
			"to": [15.1, 2, 10.1],
			"faces": {
				"north": {"uv": [6, 14, 7, 15], "texture": "#side"},
				"east": {"uv": [6, 14, 7, 15], "texture": "#side"},
				"south": {"uv": [6, 14, 7, 15], "texture": "#side"},
				"west": {"uv": [6, 14, 7, 15], "texture": "#side"},
				"up": {"uv": [6, 14, 7, 15], "rotation": 90, "texture": "#side"},
				"down": {"uv": [6, 14, 7, 15], "rotation": 270, "texture": "#side"}
			}
		},
		{
			"from": [14.7, 2, 13.1],
			"to": [15.1, 3, 14.1],
			"faces": {
				"north": {"uv": [2, 13, 3, 14], "texture": "#side"},
				"east": {"uv": [2, 13, 3, 14], "texture": "#side"},
				"south": {"uv": [2, 13, 3, 14], "texture": "#side"},
				"west": {"uv": [2, 13, 3, 14], "texture": "#side"},
				"up": {"uv": [2, 13, 3, 14], "rotation": 90, "texture": "#side"},
				"down": {"uv": [2, 13, 3, 14], "rotation": 270, "texture": "#side"}
			}
		},
		{
			"from": [14.7, 3, 14.1],
			"to": [15.1, 5, 15.1],
			"faces": {
				"north": {"uv": [1, 11, 2, 13], "texture": "#side"},
				"east": {"uv": [1, 11, 2, 13], "texture": "#side"},
				"south": {"uv": [1, 11, 2, 13], "texture": "#side"},
				"west": {"uv": [1, 11, 2, 13], "texture": "#side"},
				"up": {"uv": [1, 11, 2, 13], "rotation": 90, "texture": "#side"},
				"down": {"uv": [1, 11, 2, 13], "rotation": 270, "texture": "#side"}
			}
		},
		{
			"from": [14.7, 1, 10.1],
			"to": [15.2, 2, 13.1],
			"faces": {
				"north": {"uv": [3, 13, 4, 14], "texture": "#side"},
				"east": {"uv": [3, 14, 6, 15], "texture": "#side"},
				"south": {"uv": [3, 13, 4, 14], "texture": "#side"},
				"west": {"uv": [3, 13, 4, 14], "texture": "#side"},
				"up": {"uv": [3, 13, 4, 14], "rotation": 90, "texture": "#side"},
				"down": {"uv": [3, 13, 4, 14], "rotation": 270, "texture": "#side"}
			}
		},
		{
			"from": [14.7, 3, 13.1],
			"to": [15.2, 6, 14.1],
			"faces": {
				"north": {"uv": [3, 13, 4, 14], "texture": "#side"},
				"east": {"uv": [2, 10, 3, 13], "texture": "#side"},
				"south": {"uv": [2, 10, 3, 13], "texture": "#side"},
				"west": {"uv": [3, 13, 4, 14], "texture": "#side"},
				"up": {"uv": [3, 13, 4, 14], "rotation": 90, "texture": "#side"},
				"down": {"uv": [3, 13, 4, 14], "rotation": 270, "texture": "#side"}
			}
		},
		{
			"from": [14.7, 4, 8.1],
			"to": [15.3, 5, 9.1],
			"faces": {
				"north": {"uv": [7, 11, 8, 12], "texture": "#side"},
				"east": {"uv": [7, 11, 8, 12], "texture": "#side"},
				"south": {"uv": [7, 11, 8, 12], "texture": "#side"},
				"west": {"uv": [7, 11, 8, 12], "texture": "#side"},
				"up": {"uv": [7, 11, 8, 12], "rotation": 90, "texture": "#side"},
				"down": {"uv": [7, 11, 8, 12], "rotation": 270, "texture": "#side"}
			}
		},
		{
			"from": [14.6, 5, 12.1],
			"to": [15.3, 6, 13.1],
			"faces": {
				"north": {"uv": [3, 10, 4, 11], "texture": "#side"},
				"east": {"uv": [3, 10, 4, 11], "texture": "#side"},
				"south": {"uv": [3, 10, 4, 11], "texture": "#side"},
				"west": {"uv": [3, 10, 4, 11], "texture": "#side"},
				"up": {"uv": [3, 10, 4, 11], "rotation": 90, "texture": "#side"},
				"down": {"uv": [3, 10, 4, 11], "rotation": 270, "texture": "#side"}
			}
		},
		{
			"from": [14.9, 6, 9.1],
			"to": [15.2, 7, 13.1],
			"faces": {
				"north": {"uv": [3, 10, 4, 11], "texture": "#side"},
				"east": {"uv": [3, 9, 7, 10], "texture": "#side"},
				"south": {"uv": [3, 10, 4, 11], "texture": "#side"},
				"west": {"uv": [3, 10, 4, 11], "texture": "#side"},
				"up": {"uv": [3, 10, 4, 11], "rotation": 90, "texture": "#side"},
				"down": {"uv": [3, 10, 4, 11], "rotation": 270, "texture": "#side"}
			}
		},
		{
			"from": [15, 4, 9.1],
			"to": [15.4, 6, 10.1],
			"faces": {
				"north": {"uv": [6, 10, 7, 12], "texture": "#side"},
				"east": {"uv": [6, 10, 7, 12], "texture": "#side"},
				"south": {"uv": [3, 12, 4, 13], "texture": "#side"},
				"west": {"uv": [3, 12, 4, 13], "texture": "#side"},
				"up": {"uv": [3, 12, 4, 13], "rotation": 90, "texture": "#side"},
				"down": {"uv": [3, 12, 4, 13], "rotation": 270, "texture": "#side"}
			}
		},
		{
			"from": [15, 2, 9.1],
			"to": [15.4, 3, 11.1],
			"faces": {
				"north": {"uv": [5, 13, 5.4, 14], "texture": "#side"},
				"east": {"uv": [5, 13, 5.4, 14], "texture": "#side"},
				"south": {"uv": [5, 13, 5.4, 14], "texture": "#side"},
				"west": {"uv": [5, 13, 5.4, 14], "texture": "#side"},
				"up": {"uv": [5, 13, 5.4, 14], "rotation": 90, "texture": "#side"},
				"down": {"uv": [5, 13, 5.4, 14], "rotation": 270, "texture": "#side"}
			}
		}
	],
	"groups": [
		{
			"name": "scaffold",
			"origin": [0, 0, 0],
			"children": [0, 1, 2, 3, 4, 5, 6, 7, 8, 9, 10, 11]
		},
		{
			"name": "books",
			"origin": [8, 8, 8],
			"children": [12, 13, 14, 15, 16, 17, 18,
				{
					"name": "head",
					"origin": [8, 8, 8],
					"children": [19, 20, 21, 22, 23, 24, 25, 26, 27, 28, 29, 30, 31, 32, 33, 34, 35]
				}
			]
		},
		{
			"name": "books",
			"origin": [8, 8, 8],
			"children": [36, 37, 38, 39, 40, 41, 42,
				{
					"name": "head",
					"origin": [8, 8, 8],
					"children": [43, 44, 45, 46, 47, 48, 49, 50, 51, 52, 53, 54, 55, 56, 57, 58, 59]
				}
			]
		},
		{
			"name": "books",
			"origin": [8, 8, 8],
			"children": [60, 61, 62, 63, 64, 65, 66,
				{
					"name": "head",
					"origin": [8, 8, 8],
					"children": [67, 68, 69, 70, 71, 72, 73, 74, 75, 76, 77, 78, 79, 80, 81, 82, 83]
				}
			]
		},
		{
			"name": "books",
			"origin": [8, 8, 8],
			"children": [84, 85, 86, 87, 88, 89, 90,
				{
					"name": "head",
					"origin": [8, 8, 8],
					"children": [91, 92, 93, 94, 95, 96, 97, 98, 99, 100, 101, 102, 103, 104, 105, 106, 107]
				}
			]
		}
	]
}