{
	"credit": "Made with Blockbench",
	"parent": "minecraft:block/cross",
	"textures": {
		"cross": "block/crimson_fungus"
	},
	"elements": [
		{
			"from": [7, 0, 7],
			"to": [9, 5, 9],
			"faces": {
				"north": {"uv": [0, 11, 2, 16], "texture": "#cross"},
				"east": {"uv": [0, 11, 2, 16], "texture": "#cross"},
				"south": {"uv": [0, 11, 2, 16], "texture": "#cross"},
				"west": {"uv": [0, 11, 2, 16], "texture": "#cross"},
				"up": {"uv": [2, 14, 4, 16], "texture": "#0"},
				"down": {"uv": [2, 14, 4, 16], "texture": "#cross"}
			}
		},
		{
			"from": [4, 5, 4],
			"to": [12, 6, 12],
			"faces": {
				"north": {"uv": [0, 8, 8, 9], "texture": "#cross"},
				"east": {"uv": [0, 8, 8, 9], "texture": "#cross"},
				"south": {"uv": [0, 8, 8, 9], "texture": "#cross"},
				"west": {"uv": [0, 8, 8, 9], "texture": "#cross"},
				"up": {"uv": [0, 1, 8, 9], "texture": "#cross"},
				"down": {"uv": [0, 1, 8, 9], "texture": "#cross"}
			}
		},
		{
			"from": [3, 6, 3],
			"to": [13, 8, 13],
			"faces": {
				"north": {"uv": [6, 10, 16, 12], "texture": "#cross"},
				"east": {"uv": [6, 10, 16, 12], "texture": "#cross"},
				"south": {"uv": [6, 10, 16, 12], "texture": "#cross"},
				"west": {"uv": [6, 10, 16, 12], "texture": "#cross"},
				"up": {"uv": [7, 0, 16, 9], "texture": "#cross"},
				"down": {"uv": [7, 0, 16, 9], "texture": "#cross"}
			}
		},
		{
			"from": [5, 8, 5],
			"to": [11, 11, 11],
			"faces": {
				"north": {"uv": [10, 13, 16, 16], "texture": "#cross"},
				"east": {"uv": [10, 13, 16, 16], "texture": "#cross"},
				"south": {"uv": [10, 13, 16, 16], "texture": "#cross"},
				"west": {"uv": [10, 13, 16, 16], "texture": "#cross"},
				"up": {"uv": [1, 2, 7, 8], "texture": "#cross"},
				"down": {"uv": [1, 2, 7, 8], "texture": "#0"}
			}
		},
		{
			"from": [6, 11, 6],
			"to": [10, 12, 10],
			"faces": {
				"north": {"uv": [12, 12, 16, 13], "texture": "#cross"},
				"east": {"uv": [12, 12, 16, 13], "texture": "#cross"},
				"south": {"uv": [12, 12, 16, 13], "texture": "#cross"},
				"west": {"uv": [12, 12, 16, 13], "texture": "#cross"},
				"up": {"uv": [5, 12, 9, 16], "texture": "#cross"},
				"down": {"uv": [5, 12, 9, 16], "texture": "#0"}
			}
		}
	]
}