{
	"credit": "Made with Blockbench",
	"parent": "block/block",
	"textures": {
		"3": "block/enchanting_table_pillar",
		"particle": "block/enchanting_table_bottom",
		"bottom": "block/enchanting_table_bottom",
		"top": "block/enchanting_table_top",
		"side": "block/enchanting_table_side"
	},
	"elements": [
		{
			"from": [0, 0, 0],
			"to": [16, 12, 16],
			"faces": {
				"north": {"uv": [0, 4, 16, 16], "texture": "#side", "cullface": "north"},
				"east": {"uv": [0, 4, 16, 16], "texture": "#side", "cullface": "east"},
				"south": {"uv": [0, 4, 16, 16], "texture": "#side", "cullface": "south"},
				"west": {"uv": [0, 4, 16, 16], "texture": "#side", "cullface": "west"},
				"up": {"uv": [0, 0, 16, 16], "texture": "#top"},
				"down": {"uv": [0, 0, 16, 16], "texture": "#bottom", "cullface": "down"}
			}
		},
		{
			"from": [-0.2, 8, -0.2],
			"to": [3, 9, 3],
			"faces": {
				"north": {"uv": [13, 0, 16, 1], "texture": "#3"},
				"east": {"uv": [0, 2, 2.9, 3], "texture": "#3"},
				"south": {"uv": [0, 2, 3, 3], "texture": "#3"},
				"west": {"uv": [0, 15, 2.9, 16], "texture": "#3"},
				"up": {"uv": [0, 0, 2.9, 3], "texture": "#3"},
				"down": {"uv": [0, 13, 3, 16], "texture": "#3"}
			}
		},
		{
			"from": [-0.2, 8, 13],
			"to": [3, 9, 16.2],
			"faces": {
				"north": {"uv": [0, 2, 2.9, 3], "texture": "#3"},
				"east": {"uv": [0, 2, 3, 3], "texture": "#3"},
				"south": {"uv": [0, 15, 2.9, 16], "texture": "#3"},
				"west": {"uv": [13, 0, 16, 1], "texture": "#3"},
				"up": {"uv": [0, 0, 2.9, 3], "rotation": 270, "texture": "#3"},
				"down": {"uv": [0, 13, 3, 16], "rotation": 90, "texture": "#3"}
			}
		},
		{
			"from": [3, 9, 13],
			"to": [4, 12.2, 16.2],
			"faces": {
				"north": {"uv": [0, 2, 3, 3], "rotation": 90, "texture": "#3"},
				"east": {"uv": [0, 13, 3, 16], "rotation": 90, "texture": "#3"},
				"south": {"uv": [13, 0, 16, 1], "rotation": 270, "texture": "#3"},
				"west": {"uv": [0, 0, 2.9, 3], "rotation": 90, "texture": "#3"},
				"up": {"uv": [0, 15, 2.9, 16], "rotation": 270, "texture": "#3"},
				"down": {"uv": [0, 2, 2.9, 3], "rotation": 270, "texture": "#3"}
			}
		},
		{
			"from": [12, 9, 13],
			"to": [13, 12.2, 16.2],
			"faces": {
				"north": {"uv": [0, 2, 3, 3], "rotation": 90, "texture": "#3"},
				"east": {"uv": [0, 13, 3, 16], "rotation": 90, "texture": "#3"},
				"south": {"uv": [13, 0, 16, 1], "rotation": 270, "texture": "#3"},
				"west": {"uv": [0, 0, 2.9, 3], "rotation": 90, "texture": "#3"},
				"up": {"uv": [0, 15, 2.9, 16], "rotation": 270, "texture": "#3"},
				"down": {"uv": [0, 2, 2.9, 3], "rotation": 270, "texture": "#3"}
			}
		},
		{
			"from": [3, 9, -0.2],
			"to": [4, 12.2, 3],
			"faces": {
				"north": {"uv": [0, 0, 3, 1], "rotation": 90, "texture": "#3"},
				"east": {"uv": [0, 0, 3, 3], "rotation": 90, "texture": "#3"},
				"south": {"uv": [0, 2, 3, 3], "rotation": 270, "texture": "#3"},
				"west": {"uv": [0, 13, 2.9, 16], "rotation": 90, "texture": "#3"},
				"up": {"uv": [13.1, 0, 16, 1], "rotation": 270, "texture": "#3"},
				"down": {"uv": [0, 2, 2.9, 3], "rotation": 270, "texture": "#3"}
			}
		},
		{
			"from": [12, 9, -0.2],
			"to": [13, 12.2, 3],
			"faces": {
				"north": {"uv": [0, 0, 3, 1], "rotation": 90, "texture": "#3"},
				"east": {"uv": [0, 0, 3, 3], "rotation": 90, "texture": "#3"},
				"south": {"uv": [0, 2, 3, 3], "rotation": 270, "texture": "#3"},
				"west": {"uv": [0, 13, 2.9, 16], "rotation": 90, "texture": "#3"},
				"up": {"uv": [13.1, 0, 16, 1], "rotation": 270, "texture": "#3"},
				"down": {"uv": [0, 2, 2.9, 3], "rotation": 270, "texture": "#3"}
			}
		},
		{
			"from": [-0.2, 9, 3],
			"to": [3, 12.2, 4],
			"faces": {
				"north": {"uv": [0, 0, 3, 3], "rotation": 90, "texture": "#3"},
				"east": {"uv": [0, 2, 3, 3], "rotation": 270, "texture": "#3"},
				"south": {"uv": [0, 13, 2.9, 16], "rotation": 90, "texture": "#3"},
				"west": {"uv": [0, 0, 3, 1], "rotation": 90, "texture": "#3"},
				"up": {"uv": [13.1, 0, 16, 1], "rotation": 180, "texture": "#3"},
				"down": {"uv": [0, 2, 2.9, 3], "texture": "#3"}
			}
		},
		{
			"from": [-0.2, 9, 12],
			"to": [3, 12.2, 13],
			"faces": {
				"north": {"uv": [0, 0, 3, 3], "rotation": 90, "texture": "#3"},
				"east": {"uv": [0, 2, 3, 3], "rotation": 270, "texture": "#3"},
				"south": {"uv": [0, 13, 2.9, 16], "rotation": 90, "texture": "#3"},
				"west": {"uv": [0, 0, 3, 1], "rotation": 90, "texture": "#3"},
				"up": {"uv": [13.1, 0, 16, 1], "rotation": 180, "texture": "#3"},
				"down": {"uv": [0, 2, 2.9, 3], "texture": "#3"}
			}
		},
		{
			"from": [13, 9, 12],
			"to": [16.2, 12.2, 13],
			"faces": {
				"north": {"uv": [0, 13, 2.9, 16], "rotation": 90, "texture": "#3"},
				"east": {"uv": [0, 0, 3, 1], "rotation": 90, "texture": "#3"},
				"south": {"uv": [0, 0, 3, 3], "rotation": 90, "texture": "#3"},
				"west": {"uv": [0, 2, 3, 3], "rotation": 270, "texture": "#3"},
				"up": {"uv": [13.1, 0, 16, 1], "texture": "#3"},
				"down": {"uv": [0, 2, 2.9, 3], "rotation": 180, "texture": "#3"}
			}
		},
		{
			"from": [4, 9, 6],
			"to": [12, 12.4, 10],
			"faces": {
				"north": {"uv": [4.1, 6, 12, 10], "texture": "#top"},
				"east": {"uv": [4.1, 6, 12, 10], "texture": "#top"},
				"south": {"uv": [4.1, 6, 12, 10], "texture": "#top"},
				"west": {"uv": [4.1, 6, 12, 10], "texture": "#top"},
				"up": {"uv": [4.1, 6, 12, 10], "texture": "#top"},
				"down": {"uv": [4.1, 6, 12, 10], "texture": "#top"}
			}
		},
		{
			"from": [6, 9, 4],
			"to": [10, 12.4, 6],
			"faces": {
				"north": {"uv": [4.1, 6, 12, 10], "texture": "#top"},
				"east": {"uv": [4.1, 6, 12, 10], "texture": "#top"},
				"south": {"uv": [4.1, 6, 12, 10], "texture": "#top"},
				"west": {"uv": [4.1, 6, 12, 10], "texture": "#top"},
				"up": {"uv": [4.1, 6, 12, 10], "rotation": 270, "texture": "#top"},
				"down": {"uv": [4.1, 6, 12, 10], "rotation": 90, "texture": "#top"}
			}
		},
		{
			"from": [6, 9, 10],
			"to": [10, 12.4, 12],
			"faces": {
				"north": {"uv": [4.1, 6, 12, 10], "texture": "#top"},
				"east": {"uv": [4.1, 6, 12, 10], "texture": "#top"},
				"south": {"uv": [4.1, 6, 12, 10], "texture": "#top"},
				"west": {"uv": [4.1, 6, 12, 10], "texture": "#top"},
				"up": {"uv": [4.1, 6, 12, 10], "rotation": 270, "texture": "#top"},
				"down": {"uv": [4.1, 6, 12, 10], "rotation": 90, "texture": "#top"}
			}
		},
		{
			"from": [10, 9, 10],
			"to": [11, 12.4, 11],
			"faces": {
				"north": {"uv": [4.1, 6, 5, 7], "rotation": 270, "texture": "#top"},
				"east": {"uv": [4.1, 6, 5, 7], "rotation": 270, "texture": "#top"},
				"south": {"uv": [4.1, 6, 5, 7], "rotation": 270, "texture": "#top"},
				"west": {"uv": [4.1, 6, 5, 7], "rotation": 270, "texture": "#top"},
				"up": {"uv": [4.1, 6, 5, 7], "rotation": 270, "texture": "#top"},
				"down": {"uv": [4.1, 6, 5, 7], "rotation": 270, "texture": "#top"}
			}
		},
		{
			"from": [11, 9, 10],
			"to": [12, 12.2, 11],
			"faces": {
				"north": {"uv": [4.1, 5, 5, 6], "rotation": 270, "texture": "#top"},
				"east": {"uv": [4.1, 5, 5, 6], "rotation": 270, "texture": "#top"},
				"south": {"uv": [4.1, 5, 5, 6], "rotation": 270, "texture": "#top"},
				"west": {"uv": [4.1, 5, 5, 6], "rotation": 270, "texture": "#top"},
				"up": {"uv": [4.1, 5, 5, 6], "rotation": 270, "texture": "#top"},
				"down": {"uv": [4.1, 5, 5, 6], "rotation": 270, "texture": "#top"}
			}
		},
		{
			"from": [12, 9, 8],
			"to": [13, 12.2, 9],
			"faces": {
				"north": {"uv": [4.1, 5, 5, 6], "rotation": 270, "texture": "#top"},
				"east": {"uv": [4.1, 5, 5, 6], "rotation": 270, "texture": "#top"},
				"south": {"uv": [4.1, 5, 5, 6], "rotation": 270, "texture": "#top"},
				"west": {"uv": [4.1, 5, 5, 6], "rotation": 270, "texture": "#top"},
				"up": {"uv": [4.1, 5, 5, 6], "rotation": 270, "texture": "#top"},
				"down": {"uv": [4.1, 5, 5, 6], "rotation": 270, "texture": "#top"}
			}
		},
		{
			"from": [12, 9, 7],
			"to": [13, 12.2, 8],
			"faces": {
				"north": {"uv": [4.1, 5, 5, 6], "rotation": 270, "texture": "#top"},
				"east": {"uv": [4.1, 5, 5, 6], "rotation": 270, "texture": "#top"},
				"south": {"uv": [4.1, 5, 5, 6], "rotation": 270, "texture": "#top"},
				"west": {"uv": [4.1, 5, 5, 6], "rotation": 270, "texture": "#top"},
				"up": {"uv": [4.1, 5, 5, 6], "rotation": 270, "texture": "#top"},
				"down": {"uv": [4.1, 5, 5, 6], "rotation": 270, "texture": "#top"}
			}
		},
		{
			"from": [11, 9, 5],
			"to": [12, 12.2, 6],
			"faces": {
				"north": {"uv": [4.1, 5, 5, 6], "rotation": 270, "texture": "#top"},
				"east": {"uv": [4.1, 5, 5, 6], "rotation": 270, "texture": "#top"},
				"south": {"uv": [4.1, 5, 5, 6], "rotation": 270, "texture": "#top"},
				"west": {"uv": [4.1, 5, 5, 6], "rotation": 270, "texture": "#top"},
				"up": {"uv": [4.1, 5, 5, 6], "rotation": 270, "texture": "#top"},
				"down": {"uv": [4.1, 5, 5, 6], "rotation": 270, "texture": "#top"}
			}
		},
		{
			"from": [10, 9, 4],
			"to": [11, 12.2, 5],
			"faces": {
				"north": {"uv": [4.1, 5, 5, 6], "rotation": 270, "texture": "#top"},
				"east": {"uv": [4.1, 5, 5, 6], "rotation": 270, "texture": "#top"},
				"south": {"uv": [4.1, 5, 5, 6], "rotation": 270, "texture": "#top"},
				"west": {"uv": [4.1, 5, 5, 6], "rotation": 270, "texture": "#top"},
				"up": {"uv": [4.1, 5, 5, 6], "rotation": 270, "texture": "#top"},
				"down": {"uv": [4.1, 5, 5, 6], "rotation": 270, "texture": "#top"}
			}
		},
		{
			"from": [8, 9, 3],
			"to": [9, 12.2, 4],
			"faces": {
				"north": {"uv": [4.1, 5, 5, 6], "rotation": 270, "texture": "#top"},
				"east": {"uv": [4.1, 5, 5, 6], "rotation": 270, "texture": "#top"},
				"south": {"uv": [4.1, 5, 5, 6], "rotation": 270, "texture": "#top"},
				"west": {"uv": [4.1, 5, 5, 6], "rotation": 270, "texture": "#top"},
				"up": {"uv": [4.1, 5, 5, 6], "rotation": 270, "texture": "#top"},
				"down": {"uv": [4.1, 5, 5, 6], "rotation": 270, "texture": "#top"}
			}
		},
		{
			"from": [7, 9, 3],
			"to": [8, 12.2, 4],
			"faces": {
				"north": {"uv": [4.1, 5, 5, 6], "rotation": 270, "texture": "#top"},
				"east": {"uv": [4.1, 5, 5, 6], "rotation": 270, "texture": "#top"},
				"south": {"uv": [4.1, 5, 5, 6], "rotation": 270, "texture": "#top"},
				"west": {"uv": [4.1, 5, 5, 6], "rotation": 270, "texture": "#top"},
				"up": {"uv": [4.1, 5, 5, 6], "rotation": 270, "texture": "#top"},
				"down": {"uv": [4.1, 5, 5, 6], "rotation": 270, "texture": "#top"}
			}
		},
		{
			"from": [5, 9, 4],
			"to": [6, 12.2, 5],
			"faces": {
				"north": {"uv": [4.1, 5, 5, 6], "rotation": 270, "texture": "#top"},
				"east": {"uv": [4.1, 5, 5, 6], "rotation": 270, "texture": "#top"},
				"south": {"uv": [4.1, 5, 5, 6], "rotation": 270, "texture": "#top"},
				"west": {"uv": [4.1, 5, 5, 6], "rotation": 270, "texture": "#top"},
				"up": {"uv": [4.1, 5, 5, 6], "rotation": 270, "texture": "#top"},
				"down": {"uv": [4.1, 5, 5, 6], "rotation": 270, "texture": "#top"}
			}
		},
		{
			"from": [4, 9, 5],
			"to": [5, 12.2, 6],
			"faces": {
				"north": {"uv": [4.1, 5, 5, 6], "rotation": 270, "texture": "#top"},
				"east": {"uv": [4.1, 5, 5, 6], "rotation": 270, "texture": "#top"},
				"south": {"uv": [4.1, 5, 5, 6], "rotation": 270, "texture": "#top"},
				"west": {"uv": [4.1, 5, 5, 6], "rotation": 270, "texture": "#top"},
				"up": {"uv": [4.1, 5, 5, 6], "rotation": 270, "texture": "#top"},
				"down": {"uv": [4.1, 5, 5, 6], "rotation": 270, "texture": "#top"}
			}
		},
		{
			"from": [3, 9, 7],
			"to": [4, 12.2, 8],
			"faces": {
				"north": {"uv": [4.1, 5, 5, 6], "rotation": 270, "texture": "#top"},
				"east": {"uv": [4.1, 5, 5, 6], "rotation": 270, "texture": "#top"},
				"south": {"uv": [4.1, 5, 5, 6], "rotation": 270, "texture": "#top"},
				"west": {"uv": [4.1, 5, 5, 6], "rotation": 270, "texture": "#top"},
				"up": {"uv": [4.1, 5, 5, 6], "rotation": 270, "texture": "#top"},
				"down": {"uv": [4.1, 5, 5, 6], "rotation": 270, "texture": "#top"}
			}
		},
		{
			"from": [3, 9, 8],
			"to": [4, 12.2, 9],
			"faces": {
				"north": {"uv": [4.1, 5, 5, 6], "rotation": 270, "texture": "#top"},
				"east": {"uv": [4.1, 5, 5, 6], "rotation": 270, "texture": "#top"},
				"south": {"uv": [4.1, 5, 5, 6], "rotation": 270, "texture": "#top"},
				"west": {"uv": [4.1, 5, 5, 6], "rotation": 270, "texture": "#top"},
				"up": {"uv": [4.1, 5, 5, 6], "rotation": 270, "texture": "#top"},
				"down": {"uv": [4.1, 5, 5, 6], "rotation": 270, "texture": "#top"}
			}
		},
		{
			"from": [4, 9, 10],
			"to": [5, 12.2, 11],
			"faces": {
				"north": {"uv": [4.1, 5, 5, 6], "rotation": 270, "texture": "#top"},
				"east": {"uv": [4.1, 5, 5, 6], "rotation": 270, "texture": "#top"},
				"south": {"uv": [4.1, 5, 5, 6], "rotation": 270, "texture": "#top"},
				"west": {"uv": [4.1, 5, 5, 6], "rotation": 270, "texture": "#top"},
				"up": {"uv": [4.1, 5, 5, 6], "rotation": 270, "texture": "#top"},
				"down": {"uv": [4.1, 5, 5, 6], "rotation": 270, "texture": "#top"}
			}
		},
		{
			"from": [5, 9, 11],
			"to": [6, 12.2, 12],
			"faces": {
				"north": {"uv": [4.1, 5, 5, 6], "rotation": 270, "texture": "#top"},
				"east": {"uv": [4.1, 5, 5, 6], "rotation": 270, "texture": "#top"},
				"south": {"uv": [4.1, 5, 5, 6], "rotation": 270, "texture": "#top"},
				"west": {"uv": [4.1, 5, 5, 6], "rotation": 270, "texture": "#top"},
				"up": {"uv": [4.1, 5, 5, 6], "rotation": 270, "texture": "#top"},
				"down": {"uv": [4.1, 5, 5, 6], "rotation": 270, "texture": "#top"}
			}
		},
		{
			"from": [7, 9, 12],
			"to": [8, 12.2, 13],
			"faces": {
				"north": {"uv": [4.1, 5, 5, 6], "rotation": 270, "texture": "#top"},
				"east": {"uv": [4.1, 5, 5, 6], "rotation": 270, "texture": "#top"},
				"south": {"uv": [4.1, 5, 5, 6], "rotation": 270, "texture": "#top"},
				"west": {"uv": [4.1, 5, 5, 6], "rotation": 270, "texture": "#top"},
				"up": {"uv": [4.1, 5, 5, 6], "rotation": 270, "texture": "#top"},
				"down": {"uv": [4.1, 5, 5, 6], "rotation": 270, "texture": "#top"}
			}
		},
		{
			"from": [8, 9, 12],
			"to": [9, 12.2, 13],
			"faces": {
				"north": {"uv": [4.1, 5, 5, 6], "rotation": 270, "texture": "#top"},
				"east": {"uv": [4.1, 5, 5, 6], "rotation": 270, "texture": "#top"},
				"south": {"uv": [4.1, 5, 5, 6], "rotation": 270, "texture": "#top"},
				"west": {"uv": [4.1, 5, 5, 6], "rotation": 270, "texture": "#top"},
				"up": {"uv": [4.1, 5, 5, 6], "rotation": 270, "texture": "#top"},
				"down": {"uv": [4.1, 5, 5, 6], "rotation": 270, "texture": "#top"}
			}
		},
		{
			"from": [10, 9, 11],
			"to": [11, 12.2, 12],
			"faces": {
				"north": {"uv": [4.1, 5, 5, 6], "rotation": 270, "texture": "#top"},
				"east": {"uv": [4.1, 5, 5, 6], "rotation": 270, "texture": "#top"},
				"south": {"uv": [4.1, 5, 5, 6], "rotation": 270, "texture": "#top"},
				"west": {"uv": [4.1, 5, 5, 6], "rotation": 270, "texture": "#top"},
				"up": {"uv": [4.1, 5, 5, 6], "rotation": 270, "texture": "#top"},
				"down": {"uv": [4.1, 5, 5, 6], "rotation": 270, "texture": "#top"}
			}
		},
		{
			"from": [5, 9, 5],
			"to": [6, 12.4, 6],
			"faces": {
				"north": {"uv": [4.1, 6, 12, 10], "texture": "#top"},
				"east": {"uv": [4.1, 6, 12, 10], "texture": "#top"},
				"south": {"uv": [4.1, 6, 12, 10], "texture": "#top"},
				"west": {"uv": [4.1, 6, 12, 10], "texture": "#top"},
				"up": {"uv": [4.1, 6, 12, 10], "rotation": 270, "texture": "#top"},
				"down": {"uv": [4.1, 6, 12, 10], "rotation": 90, "texture": "#top"}
			}
		},
		{
			"from": [5, 9, 10],
			"to": [6, 12.4, 11],
			"faces": {
				"north": {"uv": [4.1, 6, 12, 10], "texture": "#top"},
				"east": {"uv": [4.1, 6, 12, 10], "texture": "#top"},
				"south": {"uv": [4.1, 6, 12, 10], "texture": "#top"},
				"west": {"uv": [4.1, 6, 12, 10], "texture": "#top"},
				"up": {"uv": [4.1, 6, 12, 10], "rotation": 270, "texture": "#top"},
				"down": {"uv": [4.1, 6, 12, 10], "rotation": 90, "texture": "#top"}
			}
		},
		{
			"from": [10, 9, 5],
			"to": [11, 12.4, 6],
			"faces": {
				"north": {"uv": [4.1, 6, 12, 10], "texture": "#top"},
				"east": {"uv": [4.1, 6, 12, 10], "texture": "#top"},
				"south": {"uv": [4.1, 6, 12, 10], "texture": "#top"},
				"west": {"uv": [4.1, 6, 12, 10], "texture": "#top"},
				"up": {"uv": [4.1, 6, 12, 10], "rotation": 270, "texture": "#top"},
				"down": {"uv": [4.1, 6, 12, 10], "rotation": 90, "texture": "#top"}
			}
		},
		{
			"from": [13, 9, 3],
			"to": [16.2, 12.2, 4],
			"faces": {
				"north": {"uv": [0, 13, 2.9, 16], "rotation": 90, "texture": "#3"},
				"east": {"uv": [0, 0, 3, 1], "rotation": 90, "texture": "#3"},
				"south": {"uv": [0, 0, 3, 3], "rotation": 90, "texture": "#3"},
				"west": {"uv": [0, 2, 3, 3], "rotation": 270, "texture": "#3"},
				"up": {"uv": [13.1, 0, 16, 1], "texture": "#3"},
				"down": {"uv": [0, 2, 2.9, 3], "rotation": 180, "texture": "#3"}
			}
		},
		{
			"from": [13, 8, 13],
			"to": [16.2, 9, 16.2],
			"faces": {
				"north": {"uv": [0, 2, 2.9, 3], "texture": "#3"},
				"east": {"uv": [0, 15, 2.9, 16], "texture": "#3"},
				"south": {"uv": [13, 0, 16, 1], "texture": "#3"},
				"west": {"uv": [0, 2, 2.9, 3], "texture": "#3"},
				"up": {"uv": [0, 0, 2.9, 3], "rotation": 180, "texture": "#3"},
				"down": {"uv": [0, 13, 3, 16], "rotation": 180, "texture": "#3"}
			}
		},
		{
			"from": [13, 8, -0.2],
			"to": [16.2, 9, 3],
			"faces": {
				"north": {"uv": [0, 15, 3, 16], "texture": "#3"},
				"east": {"uv": [13.1, 15, 16, 16], "texture": "#3"},
				"south": {"uv": [13, 0, 16, 1], "texture": "#3"},
				"west": {"uv": [0, 2, 2.9, 3], "texture": "#3"},
				"up": {"uv": [0, 13, 2.9, 16], "rotation": 180, "texture": "#3"},
				"down": {"uv": [0, 0, 3, 3], "rotation": 180, "texture": "#3"}
			}
		}
	],
	"groups": [
		0,
		{
			"name": "pillars",
			"origin": [8, 8, 8],
			"color": 0,
			"children": [1, 2, 3, 4, 5, 6, 7, 8, 9, 10, 11, 12, 13, 14, 15, 16, 17, 18, 19, 20, 21, 22, 23, 24, 25, 26, 27, 28, 29, 30, 31, 32, 33, 34, 35]
		}
	]
}