{
	"credit": "Made with Blockbench",
	"parent": "block/block",
	"textures": {
		"bottom": "block/end_stone",
		"top": "block/end_portal_frame_top",
		"particle": "block/end_portal_frame_side",
		"side": "block/end_portal_frame_side"
	},
	"elements": [
		{
			"from": [0, 0, 0],
			"to": [16, 13, 16],
			"faces": {
				"north": {"uv": [0, 3, 16, 16], "texture": "#side", "cullface": "north"},
				"east": {"uv": [0, 3, 16, 16], "texture": "#side", "cullface": "east"},
				"south": {"uv": [0, 3, 16, 16], "texture": "#side", "cullface": "south"},
				"west": {"uv": [0, 3, 16, 16], "texture": "#side", "cullface": "west"},
				"up": {"uv": [0, 0, 16, 16], "texture": "#top"},
				"down": {"uv": [0, 0, 16, 16], "texture": "#bottom", "cullface": "down"}
			}
		},
		{
			"from": [6, 12.6, 3],
			"to": [10, 13.6, 4],
			"faces": {
				"north": {"uv": [6, 12, 10, 13], "texture": "#top"},
				"east": {"uv": [7, 12, 10, 13], "texture": "#top"},
				"south": {"uv": [6, 12, 10, 13], "texture": "#top"},
				"west": {"uv": [7, 12, 9, 13], "texture": "#top"},
				"up": {"uv": [6, 12, 10, 13], "texture": "#top"},
				"down": {"uv": [6, 12, 10, 13], "texture": "#top"}
			}
		},
		{
			"from": [6, 12.6, 12],
			"to": [10, 13.6, 13],
			"faces": {
				"north": {"uv": [6, 12, 10, 13], "texture": "#top"},
				"east": {"uv": [7, 12, 10, 13], "texture": "#top"},
				"south": {"uv": [6, 12, 10, 13], "texture": "#top"},
				"west": {"uv": [7, 12, 9, 13], "texture": "#top"},
				"up": {"uv": [6, 12, 10, 13], "texture": "#top"},
				"down": {"uv": [6, 12, 10, 13], "texture": "#top"}
			}
		},
		{
			"from": [9, 12.5, 2],
			"to": [11, 13.3, 3],
			"faces": {
				"north": {"uv": [5, 13, 7, 14], "texture": "#top"},
				"east": {"uv": [9, 13, 11, 14], "texture": "#top"},
				"south": {"uv": [5, 13, 7, 14], "texture": "#top"},
				"west": {"uv": [9, 13, 11, 14], "texture": "#top"},
				"up": {"uv": [5, 13, 7, 14], "texture": "#top"},
				"down": {"uv": [5, 13, 7, 14], "texture": "#top"}
			}
		},
		{
			"from": [5, 12.5, 2],
			"to": [7, 13.3, 3],
			"faces": {
				"north": {"uv": [5, 13, 7, 14], "texture": "#top"},
				"east": {"uv": [9, 13, 11, 14], "texture": "#top"},
				"south": {"uv": [5, 13, 7, 14], "texture": "#top"},
				"west": {"uv": [9, 13, 11, 14], "texture": "#top"},
				"up": {"uv": [5, 13, 7, 14], "texture": "#top"},
				"down": {"uv": [5, 13, 7, 14], "texture": "#top"}
			}
		},
		{
			"from": [5, 12.5, 13],
			"to": [7, 13.3, 14],
			"faces": {
				"north": {"uv": [5, 13, 7, 14], "texture": "#top"},
				"east": {"uv": [9, 13, 11, 14], "texture": "#top"},
				"south": {"uv": [5, 13, 7, 14], "texture": "#top"},
				"west": {"uv": [9, 13, 11, 14], "texture": "#top"},
				"up": {"uv": [5, 13, 7, 14], "texture": "#top"},
				"down": {"uv": [5, 13, 7, 14], "texture": "#top"}
			}
		},
		{
			"from": [9, 12.5, 13],
			"to": [11, 13.3, 14],
			"faces": {
				"north": {"uv": [5, 13, 6, 14], "texture": "#top"},
				"east": {"uv": [5, 13, 6, 14], "texture": "#top"},
				"south": {"uv": [5, 13, 6, 14], "texture": "#top"},
				"west": {"uv": [5, 13, 6, 14], "texture": "#top"},
				"up": {"uv": [5, 13, 6, 14], "texture": "#top"},
				"down": {"uv": [5, 13, 6, 14], "texture": "#top"}
			}
		}
	]
}