{
	"credit": "Made with Blockbench",
	"parent": "block/thin_block",
	"textures": {
		"particle": "block/jungle_trapdoor",
		"texture": "block/jungle_trapdoor"
	},
	"elements": [
		{
			"name": "Element",
			"from": [13, 0, 12.9999],
			"to": [16, 16, 15.9999],
			"faces": {
				"north": {"uv": [3, 16, 0, 0], "rotation": 180, "texture": "#texture"},
				"east": {"uv": [0, 0, 16, 3], "rotation": 90, "texture": "#texture", "cullface": "east"},
				"south": {"uv": [0, 0, 3, 16], "rotation": 180, "texture": "#texture", "cullface": "south"},
				"west": {"uv": [0, 0, 16, 3], "rotation": 270, "texture": "#texture"},
				"up": {"uv": [0, 13, 3, 16], "rotation": 180, "texture": "#texture", "cullface": "up"},
				"down": {"uv": [16, 16, 13, 13], "rotation": 180, "texture": "#texture", "cullface": "down"}
			}
		},
		{
			"name": "Element",
			"from": [0, 0, 12.9999],
			"to": [3, 16, 15.9999],
			"faces": {
				"north": {"uv": [16, 16, 13, 0], "rotation": 180, "texture": "#texture"},
				"east": {"uv": [0, 0, 16, 3], "rotation": 90, "texture": "#texture"},
				"south": {"uv": [13, 0, 16, 16], "rotation": 180, "texture": "#texture", "cullface": "south"},
				"west": {"uv": [0, 0, 16, 3], "rotation": 270, "texture": "#texture", "cullface": "west"},
				"up": {"uv": [13, 13, 16, 16], "rotation": 180, "texture": "#texture", "cullface": "up"},
				"down": {"uv": [3, 16, 0, 13], "rotation": 180, "texture": "#texture", "cullface": "down"}
			}
		},
		{
			"name": "Element",
			"from": [3, 0, 12.9999],
			"to": [13, 3, 15.9999],
			"faces": {
				"north": {"uv": [13.5, 3, 3.5, 0], "texture": "#texture"},
				"south": {"uv": [3, 0, 13, 3], "rotation": 180, "texture": "#texture", "cullface": "south"},
				"up": {"uv": [3, 0, 13, 3], "texture": "#texture"},
				"down": {"uv": [13, 3, 3, 0], "texture": "#texture", "cullface": "down"}
			}
		},
		{
			"name": "Element",
			"from": [3, 12, 13.0002],
			"to": [13, 16, 16.0002],
			"faces": {
				"north": {"uv": [13, 16, 3, 12], "texture": "#texture"},
				"south": {"uv": [3, 12, 13, 16], "rotation": 180, "texture": "#texture", "cullface": "south"},
				"up": {"uv": [3, 0, 13, 3], "texture": "#texture", "cullface": "up"},
				"down": {"uv": [13, 3, 3, 0], "texture": "#texture"}
			}
		},
		{
			"name": "Element",
			"from": [12, 7, 13.0001],
			"to": [13, 12, 16.0001],
			"faces": {
				"north": {"uv": [3, 9, 2, 4], "rotation": 180, "texture": "#texture"},
				"south": {"uv": [3, 7, 4, 12], "rotation": 180, "texture": "#texture", "cullface": "south"},
				"west": {"uv": [1, 9, 4, 15], "rotation": 180, "texture": "#texture"},
				"down": {"uv": [13, 16, 12, 13], "rotation": 180, "texture": "#texture"}
			}
		},
		{
			"name": "Element",
			"from": [3, 7, 13.0001],
			"to": [4, 12, 16.0001],
			"faces": {
				"north": {"uv": [14, 9, 13, 4], "rotation": 180, "texture": "#texture"},
				"east": {"uv": [7.5, 0, 12.5, 3], "rotation": 270, "texture": "#texture"},
				"south": {"uv": [12, 7, 13, 12], "rotation": 180, "texture": "#texture", "cullface": "south"},
				"down": {"uv": [4, 16, 3, 13], "rotation": 180, "texture": "#texture"}
			}
		},
		{
			"name": "Element",
			"from": [6, 3, 13],
			"to": [7, 12, 16],
			"faces": {
				"north": {"uv": [10, 13, 9, 4], "rotation": 180, "texture": "#texture"},
				"east": {"uv": [1, 8, 4, 15], "texture": "#texture"},
				"south": {"uv": [9, 3, 10, 12], "rotation": 180, "texture": "#texture", "cullface": "south"},
				"west": {"uv": [1, 8, 4, 15], "rotation": 180, "texture": "#texture"}
			}
		},
		{
			"name": "Element",
			"from": [9, 3, 13],
			"to": [10, 12, 16],
			"faces": {
				"north": {"uv": [7, 13, 6, 4], "rotation": 180, "texture": "#texture"},
				"east": {"uv": [1, 8, 4, 15], "texture": "#texture"},
				"south": {"uv": [6, 3, 7, 12], "rotation": 180, "texture": "#texture", "cullface": "south"},
				"west": {"uv": [1, 8, 4, 15], "rotation": 180, "texture": "#texture"}
			}
		},
		{
			"name": "Element",
			"from": [11, 11, 13.0002],
			"to": [12, 12, 16.0002],
			"faces": {
				"north": {"uv": [4, 4, 3, 3], "rotation": 180, "texture": "#texture"},
				"south": {"uv": [4, 11, 5, 12], "rotation": 180, "texture": "#texture", "cullface": "south"},
				"west": {"uv": [4, 13, 5, 16], "rotation": 90, "texture": "#texture"},
				"down": {"uv": [12, 16, 11, 13], "rotation": 180, "texture": "#texture"}
			}
		},
		{
			"name": "Element",
			"from": [10, 7, 13.0001],
			"to": [12, 9, 16.0001],
			"faces": {
				"north": {"uv": [6, 9, 4, 7], "rotation": 180, "texture": "#texture"},
				"south": {"uv": [4, 7, 6, 9], "rotation": 180, "texture": "#texture", "cullface": "south"},
				"up": {"uv": [1, 10, 3, 13], "rotation": 180, "texture": "#texture"},
				"down": {"uv": [3, 13, 1, 10], "rotation": 180, "texture": "#texture"}
			}
		},
		{
			"name": "Element",
			"from": [4, 7, 13.0001],
			"to": [6, 9, 16.0001],
			"faces": {
				"north": {"uv": [12, 9, 10, 7], "rotation": 180, "texture": "#texture"},
				"south": {"uv": [10, 7, 12, 9], "rotation": 180, "texture": "#texture", "cullface": "south"},
				"up": {"uv": [1, 10, 3, 13], "rotation": 180, "texture": "#texture"},
				"down": {"uv": [3, 13, 1, 10], "rotation": 180, "texture": "#texture"}
			}
		},
		{
			"name": "Element",
			"from": [4, 11, 13.0002],
			"to": [5, 12, 16.0002],
			"faces": {
				"north": {"uv": [13, 4, 12, 3], "rotation": 180, "texture": "#texture"},
				"east": {"uv": [11, 13, 12, 16], "rotation": 270, "texture": "#texture"},
				"south": {"uv": [11, 11, 12, 12], "rotation": 180, "texture": "#texture", "cullface": "south"},
				"down": {"uv": [5, 16, 4, 13], "rotation": 180, "texture": "#texture"}
			}
		},
		{
			"name": "Element",
			"from": [7, 7, 13.0001],
			"to": [9, 9, 16.0001],
			"faces": {
				"north": {"uv": [9, 9, 7, 7], "rotation": 180, "texture": "#texture"},
				"south": {"uv": [7, 7, 9, 9], "rotation": 180, "texture": "#texture", "cullface": "south"},
				"up": {"uv": [1, 10, 3, 13], "rotation": 180, "texture": "#texture"},
				"down": {"uv": [3, 13, 1, 10], "rotation": 180, "texture": "#texture"}
			}
		},
		{
			"name": "Element",
			"from": [11, 3, 13],
			"to": [13, 4, 16],
			"faces": {
				"north": {"uv": [5, 13, 3, 12], "rotation": 180, "texture": "#texture"},
				"south": {"uv": [3, 3, 5, 4], "rotation": 180, "texture": "#texture", "cullface": "south"},
				"west": {"uv": [12, 13, 13, 16], "rotation": 90, "texture": "#texture"},
				"up": {"uv": [3, 13, 5, 16], "rotation": 180, "texture": "#texture"}
			}
		},
		{
			"name": "Element",
			"from": [12, 4, 13],
			"to": [13, 5, 16],
			"faces": {
				"north": {"uv": [4, 12, 3, 11], "rotation": 180, "texture": "#texture"},
				"south": {"uv": [3, 4, 4, 5], "rotation": 180, "texture": "#texture", "cullface": "south"},
				"west": {"uv": [11, 0, 12, 3], "rotation": 90, "texture": "#texture"},
				"up": {"uv": [3, 0, 4, 3], "rotation": 180, "texture": "#texture"}
			}
		},
		{
			"name": "Element",
			"from": [3, 3, 13],
			"to": [5, 4, 16],
			"faces": {
				"north": {"uv": [13, 13, 11, 12], "rotation": 180, "texture": "#texture"},
				"east": {"uv": [3, 13, 4, 16], "rotation": 270, "texture": "#texture"},
				"south": {"uv": [11, 3, 13, 4], "rotation": 180, "texture": "#texture", "cullface": "south"},
				"up": {"uv": [11, 13, 13, 16], "rotation": 180, "texture": "#texture"}
			}
		},
		{
			"name": "Element",
			"from": [3, 4, 13],
			"to": [4, 5, 16],
			"faces": {
				"north": {"uv": [13, 12, 12, 11], "rotation": 180, "texture": "#texture"},
				"east": {"uv": [4, 13, 5, 16], "rotation": 270, "texture": "#texture"},
				"south": {"uv": [12, 4, 13, 5], "rotation": 180, "texture": "#texture", "cullface": "south"},
				"up": {"uv": [12, 13, 13, 16], "rotation": 180, "texture": "#texture"}
			}
		}
	]
}