{
	"credit": "Made with Blockbench",
	"ambientocclusion": false,
	"textures": {
		"1": "block/ladder",
		"particle": "block/ladder"
	},
	"elements": [
		{
			"from": [2, 0, 15],
			"to": [4, 16, 16],
			"faces": {
				"north": {"uv": [12, 0, 14, 16], "texture": "#1"},
				"east": {"uv": [13, 0, 14, 16], "texture": "#1"},
				"south": {"uv": [12, 0, 14, 16], "texture": "#1"},
				"west": {"uv": [13, 0, 14, 16], "texture": "#1"},
				"up": {"uv": [13, 1, 15, 2], "texture": "#1"},
				"down": {"uv": [13, 1, 15, 2], "texture": "#1"}
			}
		},
		{
			"from": [12, 0, 15],
			"to": [14, 16, 16],
			"faces": {
				"north": {"uv": [2, 0, 4, 16], "texture": "#1"},
				"east": {"uv": [3, 0, 4, 16], "texture": "#1"},
				"south": {"uv": [2, 0, 4, 16], "texture": "#1"},
				"west": {"uv": [3, 0, 4, 16], "texture": "#1"},
				"up": {"uv": [13, 1, 15, 2], "texture": "#1"},
				"down": {"uv": [13, 1, 15, 2], "texture": "#1"}
			}
		},
		{
			"from": [1, 1, 14.5],
			"to": [15, 3, 15.5],
			"faces": {
				"north": {"uv": [1, 13, 15, 15], "texture": "#1"},
				"east": {"uv": [1, 13, 2, 15], "texture": "#1"},
				"south": {"uv": [1, 13, 15, 15], "texture": "#1"},
				"west": {"uv": [1, 13, 2, 15], "texture": "#1"},
				"up": {"uv": [1, 13, 15, 14], "texture": "#1"},
				"down": {"uv": [1, 14, 15, 15], "texture": "#1"}
			}
		},
		{
			"from": [1, 5, 14.5],
			"to": [15, 7, 15.5],
			"faces": {
				"north": {"uv": [1, 9, 15, 11], "texture": "#1"},
				"east": {"uv": [1, 9, 2, 11], "texture": "#1"},
				"south": {"uv": [1, 9, 15, 11], "texture": "#1"},
				"west": {"uv": [1, 9, 2, 11], "texture": "#1"},
				"up": {"uv": [1, 9, 15, 10], "texture": "#1"},
				"down": {"uv": [1, 10, 15, 11], "texture": "#1"}
			}
		},
		{
			"from": [1, 9, 14.5],
			"to": [15, 11, 15.5],
			"faces": {
				"north": {"uv": [1, 5, 15, 7], "texture": "#1"},
				"east": {"uv": [1, 5, 2, 7], "texture": "#1"},
				"south": {"uv": [1, 5, 15, 7], "texture": "#1"},
				"west": {"uv": [1, 5, 2, 7], "texture": "#1"},
				"up": {"uv": [1, 5, 15, 6], "texture": "#1"},
				"down": {"uv": [1, 6, 15, 7], "texture": "#1"}
			}
		},
		{
			"from": [1, 13, 14.5],
			"to": [15, 15, 15.5],
			"faces": {
				"north": {"uv": [1, 1, 15, 3], "texture": "#1"},
				"east": {"uv": [1, 1, 2, 3], "texture": "#1"},
				"south": {"uv": [1, 1, 15, 3], "texture": "#1"},
				"west": {"uv": [1, 1, 2, 3], "texture": "#1"},
				"up": {"uv": [1, 1, 15, 2], "texture": "#1"},
				"down": {"uv": [1, 2, 15, 3], "texture": "#1"}
			}
		}
	],
	"groups": [
		{
			"name": "főfok",
			"origin": [8, 8, 8],
			"children": [0, 1]
		},
		{
			"name": "fok",
			"origin": [8, 8, 8],
			"children": [2, 3, 4, 5]
		}
	]
}
