{
	"credit": "Made with Blockbench",
	"ambientocclusion": false,
	"textures": {
		"2": "block/oak_door_top",
		"particle": "block/oak_door_top"
	},
	"elements": [
		{
			"from": [-0.00093, 2.00056, 0.00074],
			"to": [2.99907, 5.00056, 16.00074],
			"faces": {
				"north": {"uv": [16, 11, 15, 14], "texture": "#2"},
				"east": {"uv": [0, 11, 16, 14], "texture": "#2"},
				"south": {"uv": [0, 11, 1, 14], "texture": "#2"},
				"west": {"uv": [16, 11, 0, 14], "texture": "#2", "cullface": "west"},
				"up": {"uv": [0, 12, 16, 11], "rotation": 270, "texture": "#2"},
				"down": {"uv": [13, 16, 16, 0], "texture": "#2"}
			}
		},
		{
			"from": [0.00021, 13.00086, 0.00014],
			"to": [3.00021, 16.00086, 16.00014],
			"faces": {
				"north": {"uv": [16, 3, 15, 0], "rotation": 180, "texture": "#2"},
				"east": {"uv": [0, 0, 16, 3], "texture": "#2"},
				"south": {"uv": [1, 0, 0, 3], "texture": "#2"},
				"west": {"uv": [16, 0, 0, 3], "texture": "#2"},
				"up": {"uv": [0, 0, 16, 1], "rotation": 270, "texture": "#2", "cullface": "up"},
				"down": {"uv": [0, 3, 16, 2], "rotation": 90, "texture": "#2"}
			}
		},
		{
			"from": [-0.00099, 5.00021, 6.99907],
			"to": [2.99901, 13.00021, 8.99907],
			"faces": {
				"north": {"uv": [9, 11, 8, 3], "texture": "#2"},
				"east": {"uv": [7, 3, 9, 11], "texture": "#2"},
				"south": {"uv": [7, 11, 8, 3], "texture": "#2"},
				"west": {"uv": [9, 3, 7, 11], "texture": "#2", "cullface": "west"},
				"up": {"uv": [0, 0, 0, 0], "texture": "#2"},
				"down": {"uv": [0, 0, 0, 0], "texture": "#2", "cullface": "west"}
			}
		},
		{
			"from": [-0.00095, 4.99981, 0.00023],
			"to": [2.99905, 12.99981, 3.00023],
			"faces": {
				"north": {"uv": [16, 3, 15, 11], "texture": "#2"},
				"east": {"uv": [13, 3, 16, 11], "texture": "#2"},
				"south": {"uv": [14, 3, 13, 11], "texture": "#2"},
				"west": {"uv": [16, 3, 13, 11], "texture": "#2", "cullface": "west"},
				"up": {"uv": [0, 0, 0, 0], "texture": "#2"},
				"down": {"uv": [0, 0, 0, 0], "texture": "#2"}
			}
		},
		{
			"from": [0, 8.00068, 3.0006],
			"to": [3, 10.00068, 13.0006],
			"faces": {
				"north": {"uv": [0, 0, 0, 0], "texture": "#2"},
				"east": {"uv": [3, 6, 13, 8], "texture": "#2"},
				"south": {"uv": [0, 0, 0, 0], "texture": "#2"},
				"west": {"uv": [13, 6, 3, 8], "texture": "#2", "cullface": "west"},
				"up": {"uv": [3, 6, 13, 7], "rotation": 90, "texture": "#2"},
				"down": {"uv": [3, 8, 13, 7], "rotation": 90, "texture": "#2"}
			}
		},
		{
			"from": [0.00072, 4.99948, 12.99936],
			"to": [3.00072, 12.99948, 15.99936],
			"faces": {
				"north": {"uv": [9, 11, 8, 3], "texture": "#2"},
				"east": {"uv": [0, 3, 3, 11], "texture": "#2"},
				"south": {"uv": [0, 3, 1, 11], "texture": "#2"},
				"west": {"uv": [3, 3, 0, 11], "texture": "#2"},
				"up": {"uv": [0, 0, 0, 0], "texture": "#2"},
				"down": {"uv": [0, 0, 0, 0], "texture": "#2"}
			}
		},
		{
			"from": [1.00022, 0.00021, 3.00078],
			"to": [2.00022, 2.00021, 7.00078],
			"faces": {
				"north": {"uv": [2, 14, 1, 16], "texture": "#2"},
				"east": {"uv": [9, 14, 13, 16], "texture": "#2"},
				"south": {"uv": [15, 14, 14, 16], "texture": "#2"},
				"west": {"uv": [13, 14, 9, 16], "texture": "#2"},
				"up": {"uv": [0, 0, 0, 0], "texture": "#2"}
			}
		},
		{
			"from": [0, 0, 13],
			"to": [3, 2, 16],
			"faces": {
				"north": {"uv": [3, 14, 2, 16], "texture": "#2"},
				"east": {"uv": [0, 14, 3, 16], "texture": "#2"},
				"south": {"uv": [0, 14, 1, 16], "texture": "#2"},
				"west": {"uv": [3, 14, 0, 16], "texture": "#2", "cullface": "west"},
				"up": {"uv": [0, 0, 0, 0], "texture": "#2"}
			}
		},
		{
			"from": [0.00048, 0.00086, 6.99946],
			"to": [3.00048, 2.00086, 8.99946],
			"faces": {
				"north": {"uv": [9, 14, 8, 16], "texture": "#2"},
				"east": {"uv": [7, 14, 9, 16], "texture": "#2"},
				"south": {"uv": [8, 14, 7, 16], "texture": "#2"},
				"west": {"uv": [9, 14, 7, 16], "texture": "#2"},
				"up": {"uv": [0, 0, 0, 0], "texture": "#2"}
			}
		},
		{
			"from": [1.0008, 0.00006, 8.99904],
			"to": [2.0008, 2.00006, 12.99904],
			"faces": {
				"north": {"uv": [2, 14, 1, 16], "texture": "#2"},
				"east": {"uv": [13, 1, 9, 3], "texture": "#2"},
				"south": {"uv": [15, 14, 14, 16], "texture": "#2"},
				"west": {"uv": [7, 14, 3, 16], "texture": "#2"},
				"up": {"uv": [0, 0, 0, 0], "texture": "#2"}
			}
		},
		{
			"from": [0.00084, 0.0007, 0.00062],
			"to": [3.00084, 2.0007, 3.00062],
			"faces": {
				"north": {"uv": [16, 14, 15, 16], "texture": "#2"},
				"east": {"uv": [13, 14, 16, 16], "texture": "#2"},
				"south": {"uv": [14, 14, 13, 16], "texture": "#2"},
				"west": {"uv": [16, 14, 13, 16], "texture": "#2"},
				"up": {"uv": [0, 0, 0, 0], "texture": "#2"}
			}
		}
	]
}