{
	"credit": "Made with Blockbench",
	"parent": "minecraft:block/cross",
	"textures": {
		"2": "block/flower_pot",
		"3": "block/crimson_nylium",
		"cross": "block/crimson_fungus",
		"particle": "block/flower_pot"
	},
	"elements": [
		{
			"from": [7, 1, 7],
			"to": [9, 5, 9],
			"faces": {
				"north": {"uv": [0, 11, 2, 15], "texture": "#cross"},
				"east": {"uv": [0, 11, 2, 15], "texture": "#cross"},
				"south": {"uv": [0, 11, 2, 15], "texture": "#cross"},
				"west": {"uv": [0, 11, 2, 15], "texture": "#cross"},
				"up": {"uv": [0, 11, 2, 15], "texture": "#cross"},
				"down": {"uv": [0, 11, 2, 15], "texture": "#cross"}
			}
		},
		{
			"from": [4, 5, 4],
			"to": [12, 6, 12],
			"faces": {
				"north": {"uv": [0, 8, 8, 9], "texture": "#cross"},
				"east": {"uv": [0, 8, 8, 9], "texture": "#cross"},
				"south": {"uv": [0, 8, 8, 9], "texture": "#cross"},
				"west": {"uv": [0, 8, 8, 9], "texture": "#cross"},
				"up": {"uv": [0, 1, 8, 9], "texture": "#cross"},
				"down": {"uv": [0, 1, 8, 9], "texture": "#cross"}
			}
		},
		{
			"from": [3, 6, 3],
			"to": [13, 8, 13],
			"faces": {
				"north": {"uv": [6, 10, 16, 12], "texture": "#cross"},
				"east": {"uv": [6, 10, 16, 12], "texture": "#cross"},
				"south": {"uv": [6, 10, 16, 12], "texture": "#cross"},
				"west": {"uv": [6, 10, 16, 12], "texture": "#cross"},
				"up": {"uv": [7, 0, 16, 9], "texture": "#cross"},
				"down": {"uv": [7, 0, 16, 9], "texture": "#cross"}
			}
		},
		{
			"from": [5, 8, 5],
			"to": [11, 11, 11],
			"faces": {
				"north": {"uv": [10, 13, 16, 16], "texture": "#cross"},
				"east": {"uv": [10, 13, 16, 16], "texture": "#cross"},
				"south": {"uv": [10, 13, 16, 16], "texture": "#cross"},
				"west": {"uv": [10, 13, 16, 16], "texture": "#cross"},
				"up": {"uv": [1, 2, 7, 8], "texture": "#cross"},
				"down": {"uv": [1, 2, 7, 8], "texture": "#missing"}
			}
		},
		{
			"from": [6, 11, 6],
			"to": [10, 12, 10],
			"faces": {
				"north": {"uv": [12, 12, 16, 13], "texture": "#cross"},
				"east": {"uv": [12, 12, 16, 13], "texture": "#cross"},
				"south": {"uv": [12, 12, 16, 13], "texture": "#cross"},
				"west": {"uv": [12, 12, 16, 13], "texture": "#cross"},
				"up": {"uv": [5, 12, 9, 16], "texture": "#cross"},
				"down": {"uv": [5, 12, 9, 16], "texture": "#missing"}
			}
		},
		{
			"from": [6, 0, 6],
			"to": [10, 1, 10],
			"faces": {
				"north": {"uv": [6, 11, 10, 15], "texture": "#2"},
				"east": {"uv": [6, 11, 10, 15], "texture": "#2"},
				"south": {"uv": [6, 11, 10, 15], "texture": "#2"},
				"west": {"uv": [6, 11, 10, 15], "texture": "#2"},
				"up": {"uv": [6, 11, 10, 15], "texture": "#2"},
				"down": {"uv": [6, 11, 10, 15], "texture": "#2"}
			}
		},
		{
			"from": [5, 0, 5],
			"to": [6, 4, 11],
			"faces": {
				"north": {"uv": [6, 12, 7, 16], "texture": "#2"},
				"east": {"uv": [5, 12, 11, 16], "texture": "#2"},
				"south": {"uv": [5, 12, 6, 16], "texture": "#2"},
				"west": {"uv": [5, 12, 11, 16], "texture": "#2"},
				"up": {"uv": [5, 12, 6, 16], "texture": "#2"},
				"down": {"uv": [5, 10, 6, 16], "texture": "#2"}
			}
		},
		{
			"from": [10, 0, 5],
			"to": [11, 4, 11],
			"faces": {
				"north": {"uv": [6, 12, 7, 16], "texture": "#2"},
				"east": {"uv": [5, 12, 11, 16], "texture": "#2"},
				"south": {"uv": [10, 12, 11, 16], "texture": "#2"},
				"west": {"uv": [5, 12, 11, 16], "texture": "#2"},
				"up": {"uv": [5, 10, 6, 16], "texture": "#2"},
				"down": {"uv": [10, 10, 11, 16], "texture": "#2"}
			}
		},
		{
			"from": [6, 0, 10],
			"to": [10, 4, 11],
			"faces": {
				"north": {"uv": [6, 12, 10, 16], "texture": "#2"},
				"east": {"uv": [0, 0, 1, 4], "texture": "#missing"},
				"south": {"uv": [6, 12, 10, 16], "texture": "#2"},
				"west": {"uv": [0, 0, 1, 4], "texture": "#missing"},
				"up": {"uv": [6, 12, 10, 13], "texture": "#2"},
				"down": {"uv": [6, 15, 10, 16], "texture": "#2"}
			}
		},
		{
			"from": [6, 0, 5],
			"to": [10, 4, 6],
			"faces": {
				"north": {"uv": [6, 12, 10, 16], "texture": "#2"},
				"east": {"uv": [0, 0, 1, 4], "texture": "#missing"},
				"south": {"uv": [6, 12, 10, 16], "texture": "#2"},
				"west": {"uv": [0, 0, 1, 4], "texture": "#missing"},
				"up": {"uv": [6, 12, 10, 13], "texture": "#2"},
				"down": {"uv": [6, 15, 10, 16], "texture": "#2"}
			}
		},
		{
			"from": [6, 1, 6],
			"to": [10, 3, 10],
			"faces": {
				"north": {"uv": [0, 0, 4, 2], "texture": "#missing"},
				"east": {"uv": [0, 0, 4, 2], "texture": "#missing"},
				"south": {"uv": [0, 0, 4, 2], "texture": "#missing"},
				"west": {"uv": [0, 0, 4, 2], "texture": "#missing"},
				"up": {"uv": [4, 3, 8, 7], "texture": "#3"},
				"down": {"uv": [0, 0, 4, 4], "texture": "#missing"}
			}
		}
	]
}