{
	"credit": "Made with Blockbench",
	"ambientocclusion": false,
	"textures": {
		"particle": "block/iron_bars",
		"bars": "block/iron_bars"
	},
	"elements": [
		{
			"from": [7.5, 0, 2.25],
			"to": [8.5, 16, 4.25],
			"faces": {
				"north": {"uv": [13, 0, 14, 16], "texture": "#bars"},
				"east": {"uv": [12, 0, 14, 16], "texture": "#bars"},
				"south": {"uv": [12, 0, 13, 16], "texture": "#bars"},
				"west": {"uv": [14, 0, 12, 16], "texture": "#bars"},
				"up": {"uv": [12, 0, 13, 2], "texture": "#bars"},
				"down": {"uv": [12, 0, 13, 2], "texture": "#bars"}
			}
		},
		{
			"from": [7.5, 0, 7.5],
			"to": [8.5, 16, 8.5],
			"faces": {
				"north": {"uv": [7, 0, 8, 16], "texture": "#bars"},
				"east": {"uv": [7, 0, 8, 16], "texture": "#bars"},
				"south": {"uv": [7, 0, 8, 16], "texture": "#bars"},
				"west": {"uv": [8, 0, 7, 16], "texture": "#bars"},
				"up": {"uv": [7, 0, 8, 1], "texture": "#bars"},
				"down": {"uv": [7, 15, 8, 16], "texture": "#bars"}
			}
		},
		{
			"from": [7.5, 2, 4.25],
			"to": [8.5, 4, 7.5],
			"faces": {
				"north": {"uv": [8, 0, 9, 16], "texture": "#bars"},
				"east": {"uv": [9, 12, 12, 14], "texture": "#bars"},
				"south": {"uv": [8, 0, 9, 16], "texture": "#bars"},
				"west": {"uv": [12, 12, 9, 14], "texture": "#bars"},
				"up": {"uv": [12, 12, 9, 13], "rotation": 90, "texture": "#bars"},
				"down": {"uv": [9, 13, 12, 14], "rotation": 90, "texture": "#bars"}
			}
		},
		{
			"from": [7.5, 7, 0],
			"to": [8.5, 9, 2.25],
			"faces": {
				"north": {"uv": [8, 0, 9, 16], "texture": "#bars"},
				"east": {"uv": [4, 2, 6, 4], "texture": "#bars"},
				"south": {"uv": [8, 0, 9, 16], "texture": "#bars"},
				"west": {"uv": [6, 2, 4, 4], "texture": "#bars"},
				"up": {"uv": [6, 2, 4, 3], "rotation": 90, "texture": "#bars"},
				"down": {"uv": [4, 3, 6, 4], "rotation": 90, "texture": "#bars"}
			}
		},
		{
			"from": [7.5, 0, 7.5],
			"to": [8.5, 16, 8.5],
			"faces": {
				"north": {"uv": [7, 16, 8, 0], "rotation": 180, "texture": "#bars"},
				"east": {"uv": [7, 16, 8, 0], "rotation": 180, "texture": "#bars"},
				"south": {"uv": [7, 16, 8, 0], "rotation": 180, "texture": "#bars"},
				"west": {"uv": [8, 16, 7, 0], "rotation": 180, "texture": "#bars"},
				"up": {"uv": [7, 0, 8, 1], "texture": "#bars"},
				"down": {"uv": [7, 15, 8, 16], "texture": "#bars"}
			}
		},
		{
			"from": [7.5, 12, 8.5],
			"to": [8.5, 14, 11.75],
			"faces": {
				"north": {"uv": [8, 0, 9, 16], "rotation": 180, "texture": "#bars"},
				"east": {"uv": [7, 4, 4, 2], "rotation": 180, "texture": "#bars"},
				"south": {"uv": [4, 4, 5, 2], "rotation": 180, "texture": "#bars"},
				"west": {"uv": [4, 4, 7, 2], "rotation": 180, "texture": "#bars"},
				"up": {"uv": [4, 2, 7, 3], "rotation": 90, "texture": "#bars"},
				"down": {"uv": [4, 3, 7, 4], "rotation": 90, "texture": "#bars"}
			}
		},
		{
			"from": [7.5, 0, 11.75],
			"to": [8.5, 16, 13.75],
			"faces": {
				"north": {"uv": [4, 16, 3, 0], "rotation": 180, "texture": "#bars"},
				"east": {"uv": [4, 16, 2, 0], "rotation": 180, "texture": "#bars"},
				"south": {"uv": [3, 16, 2, 0], "rotation": 180, "texture": "#bars"},
				"west": {"uv": [2, 16, 4, 0], "rotation": 180, "texture": "#bars"},
				"up": {"uv": [3, 2, 2, 0], "texture": "#bars"},
				"down": {"uv": [3, 2, 2, 0], "texture": "#bars"}
			}
		},
		{
			"from": [7.5, 7, 13.75],
			"to": [8.5, 9, 16],
			"faces": {
				"north": {"uv": [8, 0, 9, 16], "rotation": 180, "texture": "#bars"},
				"east": {"uv": [2, 9, 0, 7], "rotation": 180, "texture": "#bars"},
				"south": {"uv": [0, 9, 1, 7], "rotation": 180, "texture": "#bars"},
				"west": {"uv": [0, 9, 2, 7], "rotation": 180, "texture": "#bars"},
				"up": {"uv": [2, 9, 0, 8], "rotation": 90, "texture": "#bars"},
				"down": {"uv": [0, 8, 2, 7], "rotation": 90, "texture": "#bars"}
			}
		}
	],
	"display": {
		"thirdperson_righthand": {
			"translation": [0, 0, -1.5],
			"scale": [0.375, 0.375, 0.375]
		},
		"thirdperson_lefthand": {
			"translation": [0, 0, -1.5],
			"scale": [0.375, 0.375, 0.375]
		},
		"firstperson_righthand": {
			"rotation": [165, 0, -180],
			"translation": [2, 2.25, -0.25],
			"scale": [0.7, 0.7, 0.7]
		},
		"firstperson_lefthand": {
			"rotation": [165, 0, -180],
			"translation": [2, 2.25, -0.25],
			"scale": [0.7, 0.7, 0.7]
		},
		"ground": {
			"translation": [0, 2, 0],
			"scale": [0.6, 0.6, 0.6]
		},
		"gui": {
			"rotation": [30, -135, 0],
			"scale": [0.8, 0.8, 0.8]
		},
		"fixed": {
			"rotation": [0, 90, 0],
			"translation": [0, 0, -0.25]
		}
	}
}