{
	"credit": "Made by Ecorn",
	"texture_size": [64, 32],
	"textures": {
		"0": "entity/minecart",
		"1": "block/tnt_side",
		"2": "block/tnt_top",
		"particle": "entity/minecart"
	},
	"elements": [
		{
			"name": "left2",
			"from": [0, 2, 14],
			"to": [16, 10, 16],
			"faces": {
				"north": {"uv": [0.5, 1, 4.5, 5], "texture": "#0"},
				"east": {"uv": [0, 2, 0.5, 6], "texture": "#0"},
				"south": {"uv": [5, 1, 9, 5], "texture": "#0"},
				"west": {"uv": [18, 2, 18.5, 6], "texture": "#0"},
				"up": {"uv": [4.5, 1, 0.5, 0], "texture": "#0"},
				"down": {"uv": [0, 0, 4, 1], "texture": "#0"}
			}
		},
		{
			"name": "left3",
			"from": [0, 2, 0],
			"to": [16, 10, 2],
			"faces": {
				"north": {"uv": [5, 1, 9, 5], "texture": "#0"},
				"east": {"uv": [0, 2, 0.5, 6], "texture": "#0"},
				"south": {"uv": [0.5, 1, 4.5, 5], "texture": "#0"},
				"west": {"uv": [18, 2, 18.5, 6], "texture": "#0"},
				"up": {"uv": [4.5, 0, 0.5, 1], "texture": "#0"},
				"down": {"uv": [0, 14, 4, 15], "texture": "#0"}
			}
		},
		{
			"name": "front2",
			"from": [-2, 2, 0],
			"to": [0, 10, 16],
			"rotation": {"angle": 0, "axis": "y", "origin": [0, 6, 9]},
			"faces": {
				"north": {"uv": [4.5, 1, 5, 5], "texture": "#0"},
				"east": {"uv": [0.5, 1, 4.5, 5], "texture": "#0"},
				"south": {"uv": [0, 1, 0.5, 5], "texture": "#0"},
				"west": {"uv": [5, 1, 9, 5], "texture": "#0"},
				"up": {"uv": [4.5, 1, 0.5, 0], "rotation": 90, "texture": "#0"},
				"down": {"uv": [0.5, 0, 4.5, 1], "rotation": 270, "texture": "#0"}
			}
		},
		{
			"name": "front3",
			"from": [16, 2, 0],
			"to": [18, 10, 16],
			"rotation": {"angle": 0, "axis": "y", "origin": [0, 6, 9]},
			"faces": {
				"north": {"uv": [0, 1, 0.5, 5], "texture": "#0"},
				"east": {"uv": [5, 1, 9, 5], "texture": "#0"},
				"south": {"uv": [4.5, 1, 5, 5], "texture": "#0"},
				"west": {"uv": [0.5, 1, 4.5, 5], "texture": "#0"},
				"up": {"uv": [4.5, 0, 0.5, 1], "rotation": 90, "texture": "#0"},
				"down": {"uv": [14.5, 0, 18.5, 1], "rotation": 270, "texture": "#0"}
			}
		},
		{
			"from": [-2, 0, 0],
			"to": [18, 2, 16],
			"faces": {
				"north": {"uv": [0.5, 5, 5.5, 6], "texture": "#0"},
				"east": {"uv": [0, 6, 0.5, 14], "rotation": 90, "texture": "#0"},
				"south": {"uv": [5.5, 5, 10.5, 6], "texture": "#0"},
				"west": {"uv": [5.5, 6, 6, 14], "rotation": 90, "texture": "#0"},
				"up": {"uv": [6, 6, 11, 14], "texture": "#0"},
				"down": {"uv": [0.5, 6, 5.5, 14], "texture": "#0"}
			}
		},
		{
			"from": [1.1, 0.25, 2],
			"to": [14.85, 14, 14],
			"faces": {
				"north": {"uv": [0, 3.5, 16, 16], "texture": "#1"},
				"east": {"uv": [0, 3.5, 16, 16], "texture": "#1"},
				"south": {"uv": [0, 3.5, 16, 16], "texture": "#1"},
				"west": {"uv": [0, 3.5, 16, 16], "texture": "#1"},
				"up": {"uv": [0, 0, 16, 16], "texture": "#2"},
				"down": {"uv": [0, 0, 3.75, 6], "texture": "#1"}
			}
		}
	],
	"display": {
		"thirdperson_righthand": {
			"rotation": [75, 45, 0],
			"translation": [0, 2.5, 0],
			"scale": [0.375, 0.375, 0.375]
		},
		"thirdperson_lefthand": {
			"rotation": [75, 45, 0],
			"translation": [0, 2.5, 0],
			"scale": [0.375, 0.375, 0.375]
		},
		"firstperson_righthand": {
			"rotation": [10, 105, 0],
			"translation": [0, 2.5, 2],
			"scale": [0.4, 0.4, 0.4]
		},
		"firstperson_lefthand": {
			"rotation": [10, 105, 0],
			"translation": [0, 2.5, 2],
			"scale": [0.4, 0.4, 0.4]
		},
		"ground": {
			"translation": [0, 2.5, 0],
			"scale": [0.3, 0.3, 0.3]
		},
		"gui": {
			"rotation": [30, 225, 0],
			"scale": [0.55, 0.55, 0.55]
		},
		"fixed": {
			"scale": [0.5, 0.5, 0.5]
		}
	}
}