{
	"credit": "Made by Ecorn",
	"textures": {
		"layer0": "block/soul_torch"
	},
	"elements": [
		{
			"from": [7, 0, 7],
			"to": [9, 10, 9],
			"faces": {
				"north": {"uv": [7, 6, 9, 16], "texture": "#layer0"},
				"east": {"uv": [7, 6, 9, 16], "texture": "#layer0"},
				"south": {"uv": [7, 6, 9, 16], "texture": "#layer0"},
				"west": {"uv": [7, 6, 9, 16], "texture": "#layer0"},
				"up": {"uv": [7, 6, 9, 8], "texture": "#layer0"},
				"down": {"uv": [7, 14, 9, 16], "texture": "#layer0"}
			}
		}
	],
	"display": {
		"thirdperson_righthand": {
			"translation": [0, 2.5, 1],
			"scale": [0.5, 0.5, 0.5]
		},
		"thirdperson_lefthand": {
			"translation": [0, 2.5, 1],
			"scale": [0.5, 0.5, 0.5]
		},
		"firstperson_righthand": {
			"rotation": [0, -90, 9],
			"translation": [-0.5, 3.75, 1.5],
			"scale": [0.6, 0.6, 0.6]
		},
		"firstperson_lefthand": {
			"rotation": [0, -90, 9],
			"translation": [-0.5, 3.75, 1.5],
			"scale": [0.6, 0.6, 0.6]
		},
		"ground": {
			"translation": [0, 3.5, 0],
			"scale": [0.5, 0.5, 0.5]
		},
		"gui": {
			"rotation": [30, 225, 0],
			"translation": [0, 0.5, 0],
			"scale": [0.8, 0.8, 0.8]
		},
		"head": {
			"rotation": [0, 180, 0],
			"translation": [0, 13, 7]
		},
		"fixed": {
			"rotation": [0, 180, 0],
			"translation": [0, 4, -0.5]
		}
	}
}