{
	"credit": "Made with Blockbench",

	"textures": {
		"2": "block/acacia_door",
		"particle": "block/door_particle/acacia_door_bottom"
	},
	"elements": [
		{
			"from": [0, 3, 5],
			"to": [3, 29, 7],
		    "shade": true,
			"faces": {
				"north": {"uv": [2.2, 9, 2.8, 14.2], "texture": "#2"},
				"east": {"uv": [5.6, 9, 6, 14.2], "texture": "#2"},
				"south": {"uv": [1.2, 9, 1.8, 14.2], "texture": "#2"},
				"west": {"uv": [8.6, 9, 9, 14.2], "texture": "#2"},
				"up": {"uv": [10, 4.2, 10, 4.2], "rotation": 270, "texture": "#2"}
			}
		},
		{
			"from": [-1, 15, 1],
			"to": [-0.5, 17, 4],
		    "shade": true,
			"faces": {
				"north": {"uv": [12.2, 2, 12.2, 2], "texture": "#2"},
				"east": {"uv": [13.8, 10.8, 13.2, 11.2], "texture": "#2"},
				"south": {"uv": [13.6, 10.8, 13.8, 11.2], "texture": "#2"},
				"west": {"uv": [13.2, 10.8, 13.8, 11.2], "texture": "#2"},
				"up": {"uv": [13.2, 11.4, 13.8, 11.6], "rotation": 270, "texture": "#2"}
			}
		},
		{
			"from": [3.5, 15, 1],
			"to": [4, 17, 4],
		    "shade": true,
			"faces": {
				"north": {"uv": [12.2, 2, 12.2, 2], "texture": "#2"},
				"east": {"uv": [12.4, 11.4, 13, 11.8], "texture": "#2"},
				"south": {"uv": [12.4, 11.4, 12.6, 11.8], "texture": "#2"},
				"west": {"uv": [13, 11.4, 12.4, 11.8], "texture": "#2"},
				"up": {"uv": [12.4, 11.4, 13, 11.6], "rotation": 270, "texture": "#2"}
			}
		},
		{
			"from": [-1, 16, 1],
			"to": [4, 17, 1.25],
		    "shade": true,
			"faces": {
				"north": {"uv": [12.8, 8.8, 12.4, 9], "texture": "#2"},
				"east": {"uv": [13.4, 5.2, 13.4, 5.2], "texture": "#2"},
				"south": {"uv": [12.4, 9.4, 12.6, 9.6], "texture": "#2"},
				"west": {"uv": [13.2, 6, 13.2, 6], "texture": "#2"},
				"up": {"uv": [12.4, 8.8, 12.8, 9], "texture": "#2"}
			}
		},
		{
			"from": [0, 3, 0],
			"to": [3, 29, 3],
		    "shade": true,
			"faces": {
				"north": {"uv": [7, 9, 7.6, 14.2], "texture": "#2"},
				"east": {"uv": [6.4, 9, 7, 14.2], "texture": "#2"},
				"south": {"uv": [0.2, 9, 0.8, 14.2], "texture": "#2"},
				"west": {"uv": [7.6, 9, 8.2, 14.2], "texture": "#2"},
				"up": {"uv": [10, 4.2, 10, 4.2], "rotation": 270, "texture": "#2"}
			}
		},
		{
			"from": [0, 3, 9],
			"to": [3, 29, 11],
		    "shade": true,
			"faces": {
				"north": {"uv": [1.2, 9, 1.8, 14.2], "texture": "#2"},
				"east": {"uv": [4.8, 9, 5.2, 14.2], "texture": "#2"},
				"south": {"uv": [2.2, 9, 2.8, 14.2], "texture": "#2"},
				"west": {"uv": [9.4, 9, 9.8, 14.2], "texture": "#2"},
				"up": {"uv": [10, 4.2, 10, 4.2], "rotation": 270, "texture": "#2"}
			}
		},
		{
			"from": [0, 3, 13],
			"to": [3, 29, 16],
		    "shade": true,
			"faces": {
				"north": {"uv": [2.2, 9, 2.8, 14.2], "texture": "#2"},
				"east": {"uv": [3.8, 9, 4.4, 14.2], "texture": "#2"},
				"south": {"uv": [3.2, 9, 3.8, 14.2], "texture": "#2"},
				"west": {"uv": [10.2, 9, 10.8, 14.2], "texture": "#2"},
				"up": {"uv": [10, 4.2, 10, 4.2], "rotation": 270, "texture": "#2"}
			}
		},
		{
			"from": [0, 15, 3],
			"to": [3, 17, 13],
		    "shade": true,
			"faces": {
				"north": {"uv": [14.4, 5.4, 14.4, 5.4], "texture": "#2"},
				"east": {"uv": [4.4, 11.4, 6.4, 11.8], "texture": "#2"},
				"south": {"uv": [15.6, 7.2, 15.6, 7.2], "texture": "#2"},
				"west": {"uv": [8.2, 11.4, 10.2, 11.8], "texture": "#2"},
				"up": {"uv": [8.2, 14.2, 10.2, 14.8], "rotation": 270, "texture": "#2"},
				"down": {"uv": [8.2, 14.2, 10.2, 14.8], "rotation": 270, "texture": "#2"}
			}
		},
		{
			"from": [0, 29, 0],
			"to": [3, 32, 16],
		    "shade": true,
			"faces": {
				"north": {"uv": [7, 8.4, 7.6, 9], "texture": "#2"},
				"east": {"uv": [3.8, 8.4, 7, 9], "texture": "#2"},
				"south": {"uv": [3.2, 8.4, 3.8, 9], "texture": "#2"},
				"west": {"uv": [7.6, 8.4, 10.8, 9], "texture": "#2"},
				"up": {"uv": [4.4, 7.8, 6.4, 8.4], "rotation": 270, "texture": "#2"},
				"down": {"uv": [0.2, 8.2, 2.8, 8.8], "rotation": 270, "texture": "#2"}
			}
		},
		{
			"from": [0, 0, 0],
			"to": [3, 3, 16],
		    "shade": true,
			"faces": {
				"north": {"uv": [7, 14.2, 7.6, 14.8], "texture": "#2"},
				"east": {"uv": [3.8, 14.2, 7, 14.8], "texture": "#2"},
				"south": {"uv": [3.2, 14.2, 3.8, 14.8], "texture": "#2"},
				"west": {"uv": [7.6, 14.2, 10.8, 14.8], "texture": "#2"},
				"up": {"uv": [0.2, 14.4, 2.8, 15], "rotation": 270, "texture": "#2"},
				"down": {"uv": [3.8, 14.8, 7, 15.4], "rotation": 270, "texture": "#2"}
			}
		}
	]
}