{
	"credit": "Made with Blockbench",
	"parent": "block/thin_block",
	"ambientocclusion": false,
	"textures": {
		"1": "block/acacia_door",
		"particle": "block/acacia_trapdoor",
		"texture": "block/acacia_trapdoor"
	},
	"elements": [
		{
			"from": [13, 0, 0],
			"to": [16, 3, 16],
			"faces": {
				"north": {"uv": [10.8, 4.6, 10.2, 5.2], "texture": "#1"},
				"east": {"uv": [10.8, 8.4, 11.4, 5.2], "rotation": 270, "texture": "#1"},
				"south": {"uv": [7.6, 5.2, 8, 4.6], "rotation": 180, "texture": "#1"},
				"west": {"uv": [2.8, 12.2, 2.2, 9], "rotation": 270, "texture": "#1"},
				"up": {"uv": [7.6, 5.2, 8.2, 8.4], "rotation": 180, "texture": "#1"},
				"down": {"uv": [10.2, 5.2, 10.8, 8.4], "texture": "#1"}
			}
		},
		{
			"from": [3, 0, 13],
			"to": [13, 3, 16],
			"faces": {
				"north": {"uv": [0.2, 8.8, 2.2, 8.2], "rotation": 180, "texture": "#1"},
				"east": {"uv": [10.8, 8.4, 11.4, 7.8], "rotation": 270, "texture": "#1"},
				"south": {"uv": [8, 5.2, 10.4, 4.6], "rotation": 180, "texture": "#1"},
				"west": {"uv": [10.8, 5.8, 11.4, 5.2], "rotation": 270, "texture": "#1"},
				"up": {"uv": [8.2, 5.2, 10.2, 5.8], "rotation": 180, "texture": "#1"},
				"down": {"uv": [8, 5.2, 10.2, 5.8], "texture": "#1"}
			}
		},
		{
			"from": [3, 0, 0],
			"to": [13, 3, 3],
			"faces": {
				"north": {"uv": [8.2, 5.2, 10.2, 4.6], "rotation": 180, "texture": "#1"},
				"east": {"uv": [10.8, 5.8, 11.4, 5.2], "rotation": 270, "texture": "#1"},
				"south": {"uv": [0.8, 8.8, 2.8, 8.2], "rotation": 180, "texture": "#1"},
				"west": {"uv": [10.8, 8.4, 11.4, 7.8], "rotation": 270, "texture": "#1"},
				"up": {"uv": [8.2, 7.8, 10.2, 8.4], "rotation": 180, "texture": "#1"},
				"down": {"uv": [8.2, 7.8, 10.2, 8.4], "texture": "#1"}
			}
		},
		{
			"from": [0, 0, 0],
			"to": [3, 3, 16],
			"faces": {
				"north": {"uv": [7.6, 5.2, 8.2, 4.6], "rotation": 180, "texture": "#1"},
				"east": {"uv": [2.2, 12, 2.8, 10], "rotation": 270, "texture": "#1"},
				"south": {"uv": [10.4, 5.2, 10.8, 4.6], "rotation": 180, "texture": "#1"},
				"west": {"uv": [10.8, 8.4, 11.4, 5.2], "rotation": 90, "texture": "#1"},
				"up": {"uv": [10.2, 5.2, 10.8, 8.4], "rotation": 180, "texture": "#1"},
				"down": {"uv": [7.6, 5.2, 8.2, 8.4], "texture": "#1"}
			}
		},
		{
			"from": [5, 0, 3],
			"to": [7, 3, 13],
			"faces": {
				"north": {"uv": [0, 16, 16, 13], "rotation": 180, "texture": "#texture"},
				"east": {"uv": [1.2, 13.8, 1.8, 11.8], "rotation": 270, "texture": "#1"},
				"south": {"uv": [0, 16, 16, 13], "rotation": 180, "texture": "#texture"},
				"west": {"uv": [2.8, 13.8, 2.2, 11.8], "rotation": 270, "texture": "#1"},
				"up": {"uv": [9.4, 5.8, 9.8, 7.8], "rotation": 180, "texture": "#1"},
				"down": {"uv": [8.6, 5.8, 9, 7.8], "texture": "#1"}
			}
		},
		{
			"from": [9, 0, 3],
			"to": [11, 3, 13],
			"faces": {
				"north": {"uv": [0, 16, 16, 13], "rotation": 180, "texture": "#texture"},
				"east": {"uv": [2.2, 13.6, 2.8, 11.6], "rotation": 270, "texture": "#1"},
				"south": {"uv": [0, 16, 16, 13], "rotation": 180, "texture": "#texture"},
				"west": {"uv": [2.8, 14, 2.2, 12], "rotation": 270, "texture": "#1"},
				"up": {"uv": [8.6, 5.8, 9, 7.8], "rotation": 180, "texture": "#1"},
				"down": {"uv": [9.4, 5.8, 9.8, 7.8], "texture": "#1"}
			}
		}
	],
	"display": {
		"thirdperson_righthand": {
			"translation": [0, 1.75, -1.75],
			"scale": [0.3, 0.3, 0.3]
		},
		"thirdperson_lefthand": {
			"translation": [0, 1.75, -1.75],
			"scale": [0.3, 0.3, 0.3]
		},
		"firstperson_righthand": {
			"rotation": [-83, -5.75, -150.5],
			"scale": [0.36, 0.36, 0.36]
		},
		"firstperson_lefthand": {
			"rotation": [-83, -5.75, -150.5],
			"scale": [0.36, 0.36, 0.36]
		},
		"ground": {
			"rotation": [90, 0, 0],
			"scale": [0.4, 0.4, 0.4]
		},
		"gui": {
			"rotation": [-60, -180, -37.75],
			"scale": [0.64, 0.64, 0.64]
		},
		"head": {
			"rotation": [-92, 0, 0]
		},
		"fixed": {
			"rotation": [90, 0, 0],
			"translation": [0, 1.5, 0],
			"scale": [0.6, 0.6, 0.6]
		}
	}
}