{
	"credit": "Made with Blockbench",
	"parent": "block/thin_block",
	"textures": {
		"1": "block/birch_door",
		"particle": "block/birch_trapdoor",
		"texture": "block/birch_trapdoor"
	},
	"elements": [
		{
			"from": [13, 0, 0],
			"to": [16, 3, 16],
			"faces": {
				"north": {"uv": [10.8, 8.4, 11.4, 7.8], "rotation": 270, "texture": "#1"},
				"east": {"uv": [7.6, 4.6, 10.8, 4], "texture": "#1"},
				"south": {"uv": [10.2, 5.2, 10.8, 4.6], "texture": "#1"},
				"west": {"uv": [7.6, 5.2, 10.8, 4.6], "texture": "#1"},
				"up": {"uv": [7.6, 5.2, 8.2, 8.4], "rotation": 180, "texture": "#1"},
				"down": {"uv": [10.2, 5.2, 10.8, 8.4], "texture": "#1"}
			}
		},
		{
			"from": [3, 0, 0],
			"to": [13, 3, 3],
			"faces": {
				"north": {"uv": [10.8, 7.8, 11.4, 5.8], "rotation": 270, "texture": "#1"},
				"east": {"uv": [0, 16, 16, 13], "texture": "#1"},
				"south": {"uv": [7.6, 5.2, 10.8, 4.6], "texture": "#1"},
				"west": {"uv": [0, 16, 16, 13], "texture": "#1"},
				"up": {"uv": [8.2, 5.2, 10.2, 5.8], "rotation": 180, "texture": "#1"},
				"down": {"uv": [8.2, 7.8, 10.2, 8.4], "texture": "#1"}
			}
		},
		{
			"from": [3, 0, 13],
			"to": [13, 3, 16],
			"faces": {
				"north": {"uv": [10.8, 7.8, 11.4, 5.8], "rotation": 270, "texture": "#1"},
				"east": {"uv": [0, 16, 16, 13], "texture": "#1"},
				"south": {"uv": [8.2, 5.2, 10.2, 4.6], "texture": "#1"},
				"west": {"uv": [0, 16, 16, 13], "texture": "#1"},
				"up": {"uv": [8.2, 7.8, 10.2, 8.4], "rotation": 180, "texture": "#1"},
				"down": {"uv": [8.2, 5.2, 10.2, 5.8], "texture": "#1"}
			}
		},
		{
			"from": [0, 0, 0],
			"to": [3, 3, 16],
			"faces": {
				"north": {"uv": [10.8, 5.8, 11.4, 5.2], "rotation": 270, "texture": "#1"},
				"east": {"uv": [7.6, 5.2, 10.8, 4.6], "rotation": 180, "texture": "#1"},
				"south": {"uv": [7.6, 5.2, 8.2, 4.6], "texture": "#1"},
				"west": {"uv": [7.6, 4.6, 10.8, 4], "texture": "#1"},
				"up": {"uv": [10.2, 5.2, 10.8, 8.4], "rotation": 180, "texture": "#1"},
				"down": {"uv": [7.6, 5.2, 8.2, 8.4], "texture": "#1"}
			}
		},
		{
			"from": [3, 1, 3],
			"to": [13, 2, 13],
			"faces": {
				"north": {"uv": [0, 16, 16, 13], "texture": "#texture"},
				"east": {"uv": [0, 16, 16, 13], "texture": "#texture"},
				"south": {"uv": [0, 16, 16, 13], "texture": "#texture"},
				"west": {"uv": [0, 16, 16, 13], "texture": "#texture"},
				"up": {"uv": [8.2, 5.8, 10.2, 7.8], "rotation": 180, "texture": "#1"},
				"down": {"uv": [8.2, 5.8, 10.2, 7.8], "rotation": 180, "texture": "#1"}
			}
		}
	]
}