{
	"credit": "Made with Blockbench",
	"parent": "block/thin_block",
	"ambientocclusion": false,
	"textures": {
		"1": "block/crimson_door",
		"particle": "block/crimson_trapdoor",
		"texture": "block/crimson_trapdoor"
	},
	"elements": [
		{
			"from": [13, 0, 13],
			"to": [16, 16, 16],
			"faces": {
				"north": {"uv": [10.2, 5.2, 10.8, 8.4], "rotation": 180, "texture": "#1"},
				"east": {"uv": [10.8, 8.4, 11.4, 5.2], "rotation": 180, "texture": "#1"},
				"south": {"uv": [7.6, 5.2, 8.2, 8.4], "rotation": 180, "texture": "#1"},
				"west": {"uv": [10.8, 8.4, 11.4, 5.2], "texture": "#1"},
				"up": {"uv": [10.8, 4, 10.2, 4.6], "rotation": 180, "texture": "#1"},
				"down": {"uv": [7.6, 5.2, 8.2, 4.6], "rotation": 180, "texture": "#1"}
			}
		},
		{
			"from": [3, 0, 13],
			"to": [13, 3, 16],
			"faces": {
				"north": {"uv": [8.2, 5.2, 10.2, 5.8], "rotation": 180, "texture": "#1"},
				"east": {"uv": [10.8, 8.4, 11.4, 7.8], "rotation": 180, "texture": "#1"},
				"south": {"uv": [8.2, 5.2, 10.2, 5.8], "rotation": 180, "texture": "#1"},
				"west": {"uv": [10.8, 5.8, 11.4, 5.2], "texture": "#1"},
				"up": {"uv": [8.2, 8.4, 10.2, 7.8], "texture": "#1"},
				"down": {"uv": [8.2, 5.2, 10.2, 4.6], "rotation": 180, "texture": "#1"}
			}
		},
		{
			"from": [3, 13, 13],
			"to": [13, 16, 16],
			"faces": {
				"north": {"uv": [8.2, 7.8, 10.2, 8.4], "rotation": 180, "texture": "#1"},
				"east": {"uv": [10.8, 5.8, 11.4, 5.2], "rotation": 180, "texture": "#1"},
				"south": {"uv": [8.2, 7.8, 10.2, 8.4], "rotation": 180, "texture": "#1"},
				"west": {"uv": [10.8, 8.4, 11.4, 7.8], "texture": "#1"},
				"up": {"uv": [8.2, 4.6, 10.2, 4], "texture": "#1"},
				"down": {"uv": [8.2, 8.4, 10.2, 7.8], "rotation": 180, "texture": "#1"}
			}
		},
		{
			"from": [0, 0, 13],
			"to": [3, 16, 16],
			"faces": {
				"north": {"uv": [7.6, 5.2, 8.2, 8.4], "rotation": 180, "texture": "#1"},
				"east": {"uv": [10.8, 8.4, 11.4, 5.2], "rotation": 180, "texture": "#1"},
				"south": {"uv": [10.2, 5.2, 10.8, 8.4], "rotation": 180, "texture": "#1"},
				"west": {"uv": [10.8, 8.4, 11.4, 5.2], "rotation": 180, "texture": "#1"},
				"up": {"uv": [7.6, 4.6, 8.2, 4], "texture": "#1"},
				"down": {"uv": [10.2, 5.2, 10.8, 4.6], "rotation": 180, "texture": "#1"}
			}
		},
		{
			"from": [3, 4, 13],
			"to": [13, 7, 16],
			"faces": {
				"north": {"uv": [8.2, 6, 10.2, 6.6], "rotation": 180, "texture": "#1"},
				"east": {"uv": [1.2, 13.8, 1.8, 11.8], "rotation": 90, "texture": "#1"},
				"south": {"uv": [8.2, 6, 10.2, 6.6], "rotation": 180, "texture": "#1"},
				"west": {"uv": [2.2, 13.8, 2.8, 11.8], "texture": "#1"},
				"up": {"uv": [8.2, 7.4, 10, 7], "texture": "#1"},
				"down": {"uv": [0, 16, 16, 13], "rotation": 180, "texture": "#texture"}
			}
		},
		{
			"from": [3, 9, 13],
			"to": [13, 12, 16],
			"faces": {
				"north": {"uv": [8.2, 7, 10, 7.6], "rotation": 180, "texture": "#1"},
				"east": {"uv": [2.2, 13.6, 2.8, 11.6], "rotation": 90, "texture": "#1"},
				"south": {"uv": [8.2, 7, 10.2, 7.6], "rotation": 180, "texture": "#1"},
				"west": {"uv": [2.2, 14, 2.8, 12], "texture": "#1"},
				"up": {"uv": [8.2, 10.8, 10.2, 10.2], "texture": "#1"},
				"down": {"uv": [8.2, 6.4, 10.2, 6], "rotation": 180, "texture": "#1"}
			}
		}
	]
}