{
	"credit": "Made with Blockbench",
	"textures": {
		"2": "block/crimson_door",
		"particle": "block/door_particle/crimson_door_bottom"
	},
	"elements": [
		{
			"from": [0, -16, 0],
			"to": [3, 16, 16],
			"faces": {
				"north": {"uv": [3.2, 8.4, 3.8, 14.8], "texture": "#2"},
				"east": {"uv": [7.6, 8.4, 10.8, 14.8], "texture": "#2"},
				"south": {"uv": [7, 8.4, 7.6, 14.8], "texture": "#2"},
				"west": {"uv": [3.8, 8.4, 7, 14.8], "texture": "#2"},
				"up": {"uv": [3.8, 7.8, 7, 8.4], "rotation": 270, "texture": "#2"},
				"down": {"uv": [3.8, 14.8, 7, 15.4], "rotation": 270, "texture": "#2"}
			}
		}
	]
}