{
	"credit": "Made with Blockbench",
	"textures": {
		"texture": "block/dark_oak_door",
		"particle": "block/dark_oak_trapdoor"
	},
	"elements": [
		{
			"from": [0, 0, 13],
			"to": [16, 16, 16],
			"faces": {
				"north": {"uv": [12.6, 3.6, 15.8, 6.8], "texture": "#texture"},
				"east": {"uv": [7.6, 4, 10.6, 4.6], "rotation": 270, "texture": "#texture"},
				"south": {"uv": [12.6, 3.6, 15.8, 6.8], "texture": "#texture"},
				"west": {"uv": [7.6, 5.2, 10.6, 4.6], "rotation": 270, "texture": "#texture"},
				"up": {"uv": [10.8, 5.2, 11.4, 8.4], "rotation": 270, "texture": "#texture"},
				"down": {"uv": [11.4, 5.2, 10.8, 8.4], "rotation": 270, "texture": "#texture"}
			}
		}
	],
	"display": {
		"thirdperson_righthand": {
			"translation": [0, 1.75, -1.75],
			"scale": [0.3, 0.3, 0.3]
		},
		"thirdperson_lefthand": {
			"translation": [0, 1.75, -1.75],
			"scale": [0.3, 0.3, 0.3]
		},
		"firstperson_righthand": {
			"rotation": [-83, -5.75, -150.5],
			"scale": [0.36, 0.36, 0.36]
		},
		"firstperson_lefthand": {
			"rotation": [-83, -5.75, -150.5],
			"scale": [0.36, 0.36, 0.36]
		},
		"ground": {
			"rotation": [90, 0, 0],
			"scale": [0.4, 0.4, 0.4]
		},
		"gui": {
			"rotation": [-60, -180, -37.75],
			"scale": [0.64, 0.64, 0.64]
		},
		"fixed": {
			"rotation": [90, 0, 0],
			"translation": [0, 1.5, 0],
			"scale": [0.6, 0.6, 0.6]
		}
	}
}