{
	"credit": "Made with Blockbench",
	"parent": "block/thin_block",
	"ambientocclusion": false,
	"textures": {
		"1": "block/iron_door",
		"particle": "block/iron_trapdoor",
		"texture": "block/iron_trapdoor"
	},
	"elements": [
		{
			"from": [0, 0, 13],
			"to": [3, 16, 16],
			"faces": {
				"north": {"uv": [10.2, 5.2, 10.8, 8.4], "texture": "#1"},
				"east": {"uv": [10.2, 8.4, 10.8, 5.2], "rotation": 180, "texture": "#1"},
				"south": {"uv": [7.6, 5.2, 8.2, 8.4], "texture": "#1"},
				"west": {"uv": [10.8, 8.4, 11.4, 5.2], "texture": "#1"},
				"up": {"uv": [7.6, 5.2, 8, 4.6], "texture": "#1"},
				"down": {"uv": [10.8, 4.6, 10.2, 5.2], "texture": "#1"}
			}
		},
		{
			"from": [3, 13, 13],
			"to": [13, 16, 16],
			"faces": {
				"north": {"uv": [8.2, 5.2, 10.2, 5.8], "texture": "#1"},
				"east": {"uv": [10.8, 5.8, 11.4, 5.2], "rotation": 180, "texture": "#1"},
				"south": {"uv": [8.2, 5.2, 10.2, 5.8], "texture": "#1"},
				"west": {"uv": [10.8, 8.4, 11.4, 7.8], "texture": "#1"},
				"up": {"uv": [8, 5.2, 10.4, 4.6], "texture": "#1"},
				"down": {"uv": [8, 6.6, 10.2, 7.2], "rotation": 180, "texture": "#1"}
			}
		},
		{
			"from": [3, 0, 13],
			"to": [13, 3, 16],
			"faces": {
				"north": {"uv": [8.2, 7.8, 10.2, 8.4], "texture": "#1"},
				"east": {"uv": [10.8, 8.4, 11.4, 7.8], "rotation": 180, "texture": "#1"},
				"south": {"uv": [8.2, 7.8, 10.2, 8.4], "texture": "#1"},
				"west": {"uv": [10.8, 5.8, 11.4, 5.2], "texture": "#1"},
				"up": {"uv": [8.2, 7.2, 10.2, 6.6], "texture": "#1"},
				"down": {"uv": [8.2, 5.2, 10.2, 4.6], "rotation": 180, "texture": "#1"}
			}
		},
		{
			"from": [13, 0, 13],
			"to": [16, 16, 16],
			"faces": {
				"north": {"uv": [7.6, 5.2, 8.2, 8.4], "texture": "#1"},
				"east": {"uv": [10.8, 8.4, 11.4, 5.2], "texture": "#1"},
				"south": {"uv": [10.2, 5.2, 10.8, 8.4], "texture": "#1"},
				"west": {"uv": [7.6, 8.4, 8.2, 5.2], "rotation": 180, "texture": "#1"},
				"up": {"uv": [10.4, 5.2, 10.8, 4.6], "texture": "#1"},
				"down": {"uv": [7.6, 5.2, 8.2, 4.6], "rotation": 180, "texture": "#1"}
			}
		},
		{
			"from": [6, 3, 13],
			"to": [10, 13, 16],
			"faces": {
				"north": {"uv": [8.8, 5.8, 9.6, 7.8], "texture": "#1"},
				"east": {"uv": [8.8, 7.8, 9.4, 5.8], "rotation": 180, "texture": "#1"},
				"south": {"uv": [8.8, 5.8, 9.6, 7.8], "texture": "#1"},
				"west": {"uv": [8.8, 5.8, 9.4, 7.8], "rotation": 180, "texture": "#1"},
				"up": {"uv": [0, 16, 16, 13], "texture": "#texture"},
				"down": {"uv": [0, 16, 16, 13], "rotation": 180, "texture": "#texture"}
			}
		},
		{
			"from": [3, 6, 13],
			"to": [13, 10, 16],
			"faces": {
				"north": {"uv": [8.2, 6.4, 10.2, 7.2], "texture": "#1"},
				"east": {"uv": [2.2, 14, 2.8, 12], "rotation": 180, "texture": "#1"},
				"south": {"uv": [8.2, 6.4, 10.2, 7.2], "texture": "#1"},
				"west": {"uv": [2.2, 13.6, 2.8, 11.6], "rotation": 270, "texture": "#1"},
				"up": {"uv": [8.2, 7, 10.2, 6.4], "texture": "#1"},
				"down": {"uv": [8.2, 6.4, 10.2, 7], "rotation": 180, "texture": "#1"}
			}
		}
	]
}