{
	"credit": "Made with Blockbench",
	"textures": {
		"2": "block/jungle_door",
		"particle": "block/door_particle/jungle_door_bottom"
	},
	"elements": [
		{
			"from": [0, 0, 0],
			"to": [3, 16, 16],
			"faces": {
				"north": {"uv": [7, 11.6, 7.6, 14.8], "texture": "#2"},
				"east": {"uv": [3.8, 11.6, 7, 14.8], "texture": "#2"},
				"south": {"uv": [3.2, 11.6, 3.8, 14.8], "texture": "#2"},
				"west": {"uv": [7.6, 11.6, 10.8, 14.8], "texture": "#2"},
				"up": {"uv": [3.4, 15.2, 3.4, 15.2], "rotation": 270, "texture": "#2"},
				"down": {"uv": [3.8, 14.8, 7, 15.4], "rotation": 270, "texture": "#2"}
			}
		}
	]
}