{
	"credit": "Made with Blockbench",
	"textures": {
		"2": "block/jungle_door",
		"particle": "block/door_particle/jungle_door_bottom"
	},
	"elements": [
		{
			"from": [0, 0, 0],
			"to": [3, 4, 16],
			"faces": {
				"north": {"uv": [7, 10.8, 7.6, 11.6], "texture": "#2"},
				"east": {"uv": [3.8, 10.8, 7, 11.6], "texture": "#2"},
				"south": {"uv": [3.2, 10.8, 3.8, 11.6], "texture": "#2"},
				"west": {"uv": [7.6, 10.8, 10.8, 11.6], "texture": "#2"},
				"up": {"uv": [0.2, 10, 3, 10.6], "rotation": 270, "texture": "#2"},
				"down": {"uv": [3.6, 15.2, 3.6, 16], "rotation": 270, "texture": "#2"}
			}
		},
		{
			"from": [0, 4, 9],
			"to": [3, 5, 16],
			"faces": {
				"north": {"uv": [0.4, 10.2, 1.2, 10.4], "texture": "#2"},
				"east": {"uv": [3.8, 10.6, 5.2, 10.8], "texture": "#2"},
				"south": {"uv": [3.2, 10.6, 3.8, 10.8], "texture": "#2"},
				"west": {"uv": [9.4, 10.6, 10.8, 10.8], "texture": "#2"},
				"up": {"uv": [1.6, 10, 1.8, 10.6], "rotation": 270, "texture": "#2"},
				"down": {"uv": [13.8, 5.2, 13.8, 5.2], "rotation": 270, "texture": "#2"}
			}
		},
		{
			"from": [0, 4, 0],
			"to": [3, 5, 7],
			"faces": {
				"north": {"uv": [7, 10.6, 7.6, 10.8], "texture": "#2"},
				"east": {"uv": [5.6, 10.6, 7, 10.8], "texture": "#2"},
				"south": {"uv": [1.4, 10.4, 2, 10.6], "texture": "#2"},
				"west": {"uv": [7.6, 10.6, 9, 10.8], "texture": "#2"},
				"up": {"uv": [1.2, 10, 1.4, 10.6], "rotation": 270, "texture": "#2"},
				"down": {"uv": [13.8, 5.2, 13.8, 5.2], "rotation": 270, "texture": "#2"}
			}
		},
		{
			"from": [0, 5, 0],
			"to": [3, 6, 6],
			"faces": {
				"north": {"uv": [7, 10.4, 7.6, 10.6], "texture": "#2"},
				"east": {"uv": [5.8, 10.4, 7, 10.6], "texture": "#2"},
				"south": {"uv": [0.2, 9.6, 1, 9.8], "texture": "#2"},
				"west": {"uv": [7.6, 10.4, 8.8, 10.6], "texture": "#2"},
				"up": {"uv": [11.2, 6, 11.2, 6], "rotation": 270, "texture": "#2"},
				"down": {"uv": [13.8, 5.2, 13.8, 5.2], "rotation": 270, "texture": "#2"}
			}
		},
		{
			"from": [0, 5, 10],
			"to": [3, 6, 16],
			"faces": {
				"north": {"uv": [2.2, 10, 2.8, 10.2], "texture": "#2"},
				"east": {"uv": [3.8, 10.4, 5, 10.6], "texture": "#2"},
				"south": {"uv": [3.2, 10.4, 3.8, 10.6], "texture": "#2"},
				"west": {"uv": [9.6, 10.4, 10.8, 10.6], "texture": "#2"},
				"up": {"uv": [11.8, 6.6, 11.8, 6.6], "rotation": 270, "texture": "#2"},
				"down": {"uv": [13.8, 5.2, 13.8, 5.2], "rotation": 270, "texture": "#2"}
			}
		},
		{
			"from": [0, 6, 4],
			"to": [3, 8, 12],
			"faces": {
				"north": {"uv": [12.8, 5.4, 12.8, 5.4], "texture": "#2"},
				"east": {"uv": [4.6, 10, 6.2, 10.4], "texture": "#2"},
				"south": {"uv": [9.4, 5.4, 9.4, 5.4], "texture": "#2"},
				"west": {"uv": [8.4, 10, 10, 10.4], "texture": "#2"},
				"up": {"uv": [1.4, 10, 3, 10.6], "rotation": 90, "texture": "#2"},
				"down": {"uv": [0.2, 10, 1.8, 10.6], "rotation": 270, "texture": "#2"}
			}
		},
		{
			"from": [0, 6, 12],
			"to": [3, 16, 16],
			"faces": {
				"north": {"uv": [1.2, 8.6, 1.8, 10.6], "texture": "#2"},
				"east": {"uv": [3.8, 8.4, 4.6, 10.4], "texture": "#2"},
				"south": {"uv": [3.2, 8.4, 3.8, 10.4], "texture": "#2"},
				"west": {"uv": [10, 8.4, 10.8, 10.4], "texture": "#2"},
				"up": {"uv": [3.8, 7.8, 4.6, 8.4], "rotation": 270, "texture": "#2"},
				"down": {"uv": [13.8, 5.2, 13.8, 5.2], "rotation": 270, "texture": "#2"}
			}
		},
		{
			"from": [0, 6, 0],
			"to": [3, 16, 4],
			"faces": {
				"north": {"uv": [7, 8.4, 7.6, 10.4], "texture": "#2"},
				"east": {"uv": [6.2, 8.4, 7, 10.4], "texture": "#2"},
				"south": {"uv": [1.2, 8, 1.8, 10], "texture": "#2"},
				"west": {"uv": [7.6, 8.4, 8.4, 10.4], "texture": "#2"},
				"up": {"uv": [6.2, 7.8, 7, 8.4], "rotation": 270, "texture": "#2"},
				"down": {"uv": [13.8, 5.2, 13.8, 5.2], "rotation": 270, "texture": "#2"}
			}
		},
		{
			"from": [0, 13, 4],
			"to": [3, 16, 12],
			"faces": {
				"north": {"uv": [7, 10.8, 7.6, 14.8], "texture": "#2"},
				"east": {"uv": [4.6, 8.4, 6.2, 9], "texture": "#2"},
				"south": {"uv": [3.2, 10.8, 3.8, 14.8], "texture": "#2"},
				"west": {"uv": [8.4, 8.4, 10, 9], "texture": "#2"},
				"up": {"uv": [4.6, 7.8, 6.2, 8.4], "rotation": 270, "texture": "#2"},
				"down": {"uv": [0.4, 10.8, 2, 11.4], "rotation": 270, "texture": "#2"}
			}
		},
		{
			"from": [0, 8, 6],
			"to": [3, 13, 7],
			"faces": {
				"north": {"uv": [1.2, 9.6, 1.8, 10.6], "texture": "#2"},
				"east": {"uv": [5.6, 9, 5.8, 10], "texture": "#2"},
				"south": {"uv": [1.2, 9.6, 1.8, 10.6], "texture": "#2"},
				"west": {"uv": [8.8, 9, 9, 10], "texture": "#2"},
				"up": {"uv": [9.8, 5, 9.8, 5], "rotation": 270, "texture": "#2"},
				"down": {"uv": [9.6, 5.2, 9.6, 5.2], "rotation": 270, "texture": "#2"}
			}
		},
		{
			"from": [0, 8, 9],
			"to": [3, 13, 10],
			"faces": {
				"north": {"uv": [1.2, 8.4, 1.8, 9.4], "texture": "#2"},
				"east": {"uv": [5, 9, 5.2, 10], "texture": "#2"},
				"south": {"uv": [1.2, 8, 1.8, 9], "texture": "#2"},
				"west": {"uv": [9.4, 9, 9.6, 10], "texture": "#2"},
				"up": {"uv": [10, 4.2, 10, 4.2], "rotation": 270, "texture": "#2"},
				"down": {"uv": [12, 5.8, 12, 5.8], "rotation": 270, "texture": "#2"}
			}
		},
		{
			"from": [0, 12, 10],
			"to": [3, 13, 12],
			"faces": {
				"north": {"uv": [7, 10.8, 7.6, 14.8], "texture": "#2"},
				"east": {"uv": [4.6, 9, 5, 9.2], "texture": "#2"},
				"south": {"uv": [12.8, 3.6, 12.8, 3.6], "texture": "#2"},
				"west": {"uv": [9.8, 9, 10.2, 9.2], "texture": "#2"},
				"up": {"uv": [0.2, 14.4, 2.8, 15], "rotation": 270, "texture": "#2"},
				"down": {"uv": [4.2, 14.8, 6.4, 15.4], "rotation": 270, "texture": "#2"}
			}
		},
		{
			"from": [0, 12, 4],
			"to": [3, 13, 6],
			"faces": {
				"north": {"uv": [11.8, 5, 11.8, 5], "texture": "#2"},
				"east": {"uv": [5.8, 9, 6.2, 9.2], "texture": "#2"},
				"south": {"uv": [3.2, 10.8, 3.8, 14.8], "texture": "#2"},
				"west": {"uv": [8.2, 9.2, 8.6, 9.4], "texture": "#2"},
				"up": {"uv": [0.2, 14.4, 2.8, 15], "rotation": 270, "texture": "#2"},
				"down": {"uv": [4.2, 14.8, 6.4, 15.4], "rotation": 270, "texture": "#2"}
			}
		},
		{
			"from": [0, 11, 4],
			"to": [3, 12, 5],
			"faces": {
				"north": {"uv": [12.2, 3.2, 12.2, 3.2], "texture": "#2"},
				"east": {"uv": [6, 9.2, 6.2, 9.4], "texture": "#2"},
				"south": {"uv": [0.2, 9.6, 1, 9.8], "texture": "#2"},
				"west": {"uv": [8.4, 9.2, 8.6, 9.4], "texture": "#2"},
				"up": {"uv": [8.2, 6, 8.2, 6], "rotation": 270, "texture": "#2"},
				"down": {"uv": [0.2, 9.2, 1, 9.4], "rotation": 180, "texture": "#2"}
			}
		},
		{
			"from": [0, 11, 11],
			"to": [3, 12, 12],
			"faces": {
				"north": {"uv": [0.2, 9.2, 1, 9.4], "texture": "#2"},
				"east": {"uv": [4.6, 9.2, 4.8, 9.4], "texture": "#2"},
				"south": {"uv": [12.2, 3.6, 12.2, 3.6], "texture": "#2"},
				"west": {"uv": [9.8, 9.2, 10, 9.4], "texture": "#2"},
				"up": {"uv": [11.2, 5, 11.2, 5], "rotation": 270, "texture": "#2"},
				"down": {"uv": [0.2, 9.6, 0.8, 9.8], "texture": "#2"}
			}
		}
	]
}