{
	"credit": "Made with Blockbench",
	"parent": "block/thin_block",
	"ambientocclusion": false,
	"textures": {
		"1": "block/jungle_door",
		"particle": "block/jungle_trapdoor",
		"texture": "block/jungle_trapdoor"
	},
	"elements": [
		{
			"from": [12, 0, 0],
			"to": [16, 3, 16],
			"faces": {
				"north": {"uv": [10.8, 4.6, 10, 5.2], "texture": "#1"},
				"east": {"uv": [10.8, 5.2, 11.4, 8.4], "rotation": 270, "texture": "#1"},
				"south": {"uv": [7.6, 5.2, 8.2, 4.6], "rotation": 180, "texture": "#1"},
				"west": {"uv": [10, 8.4, 10.2, 5.2], "rotation": 270, "texture": "#1"},
				"up": {"uv": [7.6, 5.2, 8.4, 8.4], "rotation": 180, "texture": "#1"},
				"down": {"uv": [10, 5.2, 10.8, 8.4], "texture": "#1"}
			}
		},
		{
			"from": [4, 0, 13],
			"to": [12, 3, 16],
			"faces": {
				"north": {"uv": [8.4, 5.6, 10, 5.8], "rotation": 180, "texture": "#1"},
				"east": {"uv": [10.8, 8.4, 11.4, 7.8], "rotation": 270, "texture": "#1"},
				"south": {"uv": [8.4, 5.2, 10, 4.6], "rotation": 180, "texture": "#1"},
				"west": {"uv": [10.8, 5.8, 11.4, 5.2], "rotation": 270, "texture": "#1"},
				"up": {"uv": [8.4, 5.2, 10, 5.8], "rotation": 180, "texture": "#1"},
				"down": {"uv": [8.4, 5.2, 10, 5.8], "texture": "#1"}
			}
		},
		{
			"from": [4, 0, 0],
			"to": [12, 3, 3],
			"faces": {
				"north": {"uv": [8.4, 5.2, 10, 4.6], "rotation": 180, "texture": "#1"},
				"east": {"uv": [10.8, 5.8, 11.4, 5.2], "rotation": 270, "texture": "#1"},
				"south": {"uv": [8.4, 8, 10, 7.8], "rotation": 180, "texture": "#1"},
				"west": {"uv": [10.8, 8.4, 11.4, 7.8], "rotation": 270, "texture": "#1"},
				"up": {"uv": [8.4, 7.8, 10, 8.4], "rotation": 180, "texture": "#1"},
				"down": {"uv": [8.4, 7.8, 10, 8.4], "texture": "#1"}
			}
		},
		{
			"from": [0, 0, 0],
			"to": [4, 3, 16],
			"faces": {
				"north": {"uv": [7.6, 5.2, 8.4, 4.6], "rotation": 180, "texture": "#1"},
				"east": {"uv": [8.2, 8.4, 8.4, 5.2], "rotation": 90, "texture": "#1"},
				"south": {"uv": [10.2, 5.2, 10.8, 4.6], "rotation": 180, "texture": "#1"},
				"west": {"uv": [10.8, 5.2, 11.4, 8.4], "rotation": 90, "texture": "#1"},
				"up": {"uv": [10, 5.2, 10.8, 8.4], "rotation": 180, "texture": "#1"},
				"down": {"uv": [7.6, 5.2, 8.4, 8.4], "texture": "#1"}
			}
		},
		{
			"from": [6, 0, 3],
			"to": [7, 3, 13],
			"faces": {
				"north": {"uv": [0, 16, 16, 13], "rotation": 180, "texture": "#texture"},
				"east": {"uv": [8.8, 5.8, 9, 7.8], "rotation": 270, "texture": "#1"},
				"south": {"uv": [0, 16, 16, 13], "rotation": 180, "texture": "#texture"},
				"west": {"uv": [8.8, 7.8, 9, 5.8], "rotation": 270, "texture": "#1"},
				"up": {"uv": [9.4, 5.8, 9.6, 7.8], "rotation": 180, "texture": "#1"},
				"down": {"uv": [8.8, 5.8, 9, 7.8], "texture": "#1"}
			}
		},
		{
			"from": [4, 0, 3],
			"to": [6, 3, 4],
			"faces": {
				"north": {"uv": [0, 16, 16, 13], "rotation": 180, "texture": "#texture"},
				"east": {"uv": [8.8, 5.8, 9.4, 7.8], "rotation": 90, "texture": "#1"},
				"south": {"uv": [0.8, 10.6, 1.2, 10.2], "rotation": 180, "texture": "#1"},
				"west": {"uv": [8.8, 7.8, 9.4, 5.8], "rotation": 270, "texture": "#1"},
				"up": {"uv": [9.6, 7.6, 10, 7.8], "rotation": 180, "texture": "#1"},
				"down": {"uv": [8.4, 7.6, 8.8, 7.8], "texture": "#1"}
			}
		},
		{
			"from": [4, 0, 12],
			"to": [6, 3, 13],
			"faces": {
				"north": {"uv": [0.8, 11.4, 1.2, 11], "rotation": 180, "texture": "#1"},
				"east": {"uv": [8.8, 5.8, 9.4, 7.8], "rotation": 90, "texture": "#1"},
				"south": {"uv": [0, 16, 16, 13], "rotation": 180, "texture": "#texture"},
				"west": {"uv": [8.8, 7.8, 9.4, 5.8], "rotation": 270, "texture": "#1"},
				"up": {"uv": [9.6, 5.8, 10, 6], "rotation": 180, "texture": "#1"},
				"down": {"uv": [8.4, 5.8, 8.8, 6], "texture": "#1"}
			}
		},
		{
			"from": [10, 0, 3],
			"to": [12, 3, 4],
			"faces": {
				"north": {"uv": [0, 16, 16, 13], "rotation": 180, "texture": "#texture"},
				"east": {"uv": [8.8, 5.8, 9.4, 7.8], "rotation": 90, "texture": "#1"},
				"south": {"uv": [1.4, 9.6, 1.8, 9.2], "rotation": 180, "texture": "#1"},
				"west": {"uv": [8.8, 7.8, 9.4, 5.8], "rotation": 270, "texture": "#1"},
				"up": {"uv": [8.4, 7.6, 8.8, 7.8], "rotation": 180, "texture": "#1"},
				"down": {"uv": [9.6, 7.6, 10, 7.8], "texture": "#1"}
			}
		},
		{
			"from": [10, 0, 12],
			"to": [12, 3, 13],
			"faces": {
				"north": {"uv": [1, 11, 1.4, 11.4], "rotation": 180, "texture": "#1"},
				"east": {"uv": [8.8, 5.8, 9.4, 7.8], "rotation": 90, "texture": "#1"},
				"south": {"uv": [0, 16, 16, 13], "rotation": 180, "texture": "#texture"},
				"west": {"uv": [8.8, 7.8, 9.4, 5.8], "rotation": 270, "texture": "#1"},
				"up": {"uv": [8.2, 6, 8.6, 6.2], "rotation": 180, "texture": "#1"},
				"down": {"uv": [9.6, 5.8, 10, 6], "texture": "#1"}
			}
		},
		{
			"from": [11, 0, 4],
			"to": [12, 3, 5],
			"faces": {
				"north": {"uv": [0, 16, 16, 13], "rotation": 180, "texture": "#texture"},
				"east": {"uv": [8.8, 5.8, 9.4, 7.8], "rotation": 90, "texture": "#1"},
				"south": {"uv": [8.8, 7.4, 9, 7.6], "rotation": 180, "texture": "#1"},
				"west": {"uv": [8.8, 7.8, 9, 7.4], "rotation": 180, "texture": "#1"},
				"up": {"uv": [8.4, 7.4, 8.6, 7.6], "rotation": 180, "texture": "#1"},
				"down": {"uv": [9.8, 7.4, 10, 7.6], "texture": "#1"}
			}
		},
		{
			"from": [11, 0, 11],
			"to": [12, 3, 12],
			"faces": {
				"north": {"uv": [1.6, 11.2, 1.8, 10.8], "rotation": 180, "texture": "#1"},
				"east": {"uv": [8.8, 5.8, 9.4, 7.8], "rotation": 90, "texture": "#1"},
				"south": {"uv": [0, 16, 16, 13], "rotation": 180, "texture": "#texture"},
				"west": {"uv": [9.8, 6, 10, 6.2], "rotation": 270, "texture": "#1"},
				"up": {"uv": [8.4, 6, 8.6, 6.2], "rotation": 180, "texture": "#1"},
				"down": {"uv": [9.8, 6, 10, 6.2], "texture": "#1"}
			}
		},
		{
			"from": [4, 0, 11],
			"to": [5, 3, 12],
			"faces": {
				"north": {"uv": [1.6, 11.4, 1.8, 11], "rotation": 180, "texture": "#1"},
				"east": {"uv": [8.4, 6, 8.6, 6.2], "rotation": 90, "texture": "#1"},
				"south": {"uv": [0, 16, 16, 13], "rotation": 180, "texture": "#texture"},
				"west": {"uv": [8.8, 7.8, 9.4, 5.8], "rotation": 270, "texture": "#1"},
				"up": {"uv": [9.8, 6, 10, 6.2], "rotation": 180, "texture": "#1"},
				"down": {"uv": [8.4, 6, 8.6, 6.2], "texture": "#1"}
			}
		},
		{
			"from": [4, 0, 4],
			"to": [5, 3, 5],
			"faces": {
				"north": {"uv": [0, 16, 16, 13], "rotation": 180, "texture": "#texture"},
				"east": {"uv": [9.4, 7.2, 9.6, 7.6], "texture": "#1"},
				"south": {"uv": [9.4, 7.6, 9.6, 7.4], "rotation": 180, "texture": "#1"},
				"west": {"uv": [8.8, 7.8, 9.4, 5.8], "rotation": 270, "texture": "#1"},
				"up": {"uv": [9.8, 7.4, 10, 7.6], "rotation": 180, "texture": "#1"},
				"down": {"uv": [8.4, 7.4, 8.6, 7.6], "texture": "#1"}
			}
		},
		{
			"from": [9, 0, 3],
			"to": [10, 3, 13],
			"faces": {
				"north": {"uv": [0, 16, 16, 13], "rotation": 180, "texture": "#texture"},
				"east": {"uv": [9.4, 5.8, 9.6, 7.8], "rotation": 270, "texture": "#1"},
				"south": {"uv": [0, 16, 16, 13], "rotation": 180, "texture": "#texture"},
				"west": {"uv": [8.8, 7.8, 9, 5.8], "rotation": 270, "texture": "#1"},
				"up": {"uv": [8.8, 5.8, 9, 7.8], "rotation": 180, "texture": "#1"},
				"down": {"uv": [9.4, 5.8, 9.6, 7.8], "texture": "#1"}
			}
		},
		{
			"from": [4, 0, 7],
			"to": [12, 3, 9],
			"faces": {
				"north": {"uv": [8.4, 6.8, 10, 7], "rotation": 180, "texture": "#1"},
				"east": {"uv": [2.2, 13.6, 2.8, 11.6], "rotation": 180, "texture": "#1"},
				"south": {"uv": [5, 8, 6.6, 8.2], "texture": "#1"},
				"west": {"uv": [2.2, 14, 2.8, 12], "rotation": 270, "texture": "#1"},
				"up": {"uv": [8.4, 6.6, 10, 7], "rotation": 180, "texture": "#1"},
				"down": {"uv": [8.4, 6.6, 10, 7], "texture": "#1"}
			}
		}
	]
}