{
	"credit": "Made with Blockbench",
	"textures": {
		"2": "block/oak_door",
		"particle": "block/door_particle/oak_door_bottom"
	},
	"elements": [
		{
			"from": [0, 0, 0],
			"to": [3, 16, 16],
			"faces": {
				"north": {"uv": [7, 11.6, 7.6, 14.8], "texture": "#2"},
				"east": {"uv": [3.8, 11.6, 7, 14.8], "texture": "#2"},
				"south": {"uv": [11.4, 11.6, 10.8, 14.8], "texture": "#2"},
				"west": {"uv": [7.6, 11.6, 10.8, 14.8], "texture": "#2"},
				"up": {"uv": [13.6, 8.6, 13.6, 8.6], "texture": "#2"},
				"down": {"uv": [4.4, 14.8, 6.4, 15.4], "rotation": 90, "texture": "#2"}
			}
		}
	]
}