{
	"credit": "Made with Blockbench",
	"textures": {
		"2": "block/oak_door",
		"particle": "block/door_particle/oak_door_bottom"
	},
	"elements": [
		{
			"from": [0, 0, 3],
			"to": [3, 5, 13],
			"faces": {
				"north": {"uv": [11.4, 11.6, 10.8, 14.8], "texture": "#2"},
				"east": {"uv": [8.2, 10.6, 10.2, 11.6], "texture": "#2"},
				"south": {"uv": [7, 11.6, 7.6, 14.8], "texture": "#2"},
				"west": {"uv": [4.4, 10.6, 6.4, 11.6], "texture": "#2"},
				"up": {"uv": [7, 8.8, 7.6, 10.8], "rotation": 180, "texture": "#2"},
				"down": {"uv": [13.2, 11.8, 13.2, 11.8], "rotation": 270, "texture": "#2"}
			}
		},
		{
			"from": [0, 5, 7],
			"to": [3, 13, 9],
			"faces": {
				"north": {"uv": [7.6, 12.4, 7, 14.4], "texture": "#2"},
				"east": {"uv": [9, 9, 9.4, 10.6], "texture": "#2"},
				"south": {"uv": [7, 12.4, 7.6, 14.4], "texture": "#2"},
				"west": {"uv": [5.2, 9, 5.6, 10.6], "texture": "#2"},
				"up": {"uv": [10, 4.2, 10, 4.2], "rotation": 90, "texture": "#2"}
			}
		},
		{
			"from": [0, 8, 3],
			"to": [3, 10, 13],
			"faces": {
				"north": {"uv": [15.6, 7.2, 15.6, 7.2], "texture": "#2"},
				"east": {"uv": [8.2, 9.6, 10.2, 10], "texture": "#2"},
				"south": {"uv": [14.4, 5.4, 14.4, 5.4], "texture": "#2"},
				"west": {"uv": [4.4, 9.6, 6.4, 10], "texture": "#2"},
				"up": {"uv": [7, 12.4, 7.6, 14.4], "texture": "#2"},
				"down": {"uv": [7, 12.4, 7.6, 14.4], "texture": "#2"}
			}
		},
		{
			"from": [0, 13, 3],
			"to": [3, 16, 13],
			"faces": {
				"north": {"uv": [13.4, 6.2, 13.4, 6.2], "texture": "#2"},
				"east": {"uv": [8.2, 8.4, 10.2, 9], "texture": "#2"},
				"south": {"uv": [9.8, 2.6, 9.8, 2.6], "texture": "#2"},
				"west": {"uv": [4.4, 8.4, 6.4, 9], "texture": "#2"},
				"up": {"uv": [4.4, 7.8, 6.4, 8.4], "rotation": 90, "texture": "#2"},
				"down": {"uv": [7, 12.4, 7.6, 14.4], "texture": "#2"}
			}
		},
		{
			"from": [0, 0, 13],
			"to": [3, 16, 16],
			"faces": {
				"north": {"uv": [7.6, 8.6, 7, 11.8], "texture": "#2"},
				"east": {"uv": [7.6, 8.4, 8.2, 11.6], "texture": "#2"},
				"south": {"uv": [7, 8.4, 7.6, 11.6], "texture": "#2"},
				"west": {"uv": [6.4, 8.4, 7, 11.6], "texture": "#2"},
				"up": {"uv": [6.4, 7.8, 7, 8.4], "rotation": 90, "texture": "#2"},
				"down": {"uv": [12.8, 11.8, 12.8, 11.8], "rotation": 180, "texture": "#2"}
			}
		},
		{
			"from": [0, 0, 0],
			"to": [3, 16, 3],
			"faces": {
				"north": {"uv": [11.4, 8.4, 10.8, 11.6], "texture": "#2"},
				"east": {"uv": [10.2, 8.4, 10.8, 11.6], "texture": "#2"},
				"south": {"uv": [7, 8.4, 7.6, 11.6], "texture": "#2"},
				"west": {"uv": [3.8, 8.4, 4.4, 11.6], "texture": "#2"},
				"up": {"uv": [3.8, 7.8, 4.4, 8.4], "rotation": 90, "texture": "#2"},
				"down": {"uv": [12.6, 12.8, 12.6, 12.8], "rotation": 180, "texture": "#2"}
			}
		}
	]
}