{
	"credit": "Made with Blockbench",

	"textures": {
		"2": "block/spruce_door",
		"particle": "block/door_particle/spruce_door_top"
	},
	"elements": [
		{
			"from": [0, 0, 0],
			"to": [3, 32, 16],
		    "shade": true,
			"faces": {
				"north": {"uv": [7, 8.4, 7.6, 14.8], "texture": "#2"},
				"east": {"uv": [3.8, 8.4, 7, 14.8], "texture": "#2"},
				"south": {"uv": [11.4, 8.4, 10.8, 14.8], "texture": "#2"},
				"west": {"uv": [7.6, 8.4, 10.8, 14.8], "texture": "#2"},
				"up": {"uv": [7.6, 7.8, 10.8, 8.4], "rotation": 90, "texture": "#2"},
				"down": {"uv": [3.8, 14.8, 7, 15.4], "rotation": 90, "texture": "#2"}
			}
		},
		{
			"from": [-0.75, 13, 2],
			"to": [-0.25, 15, 3],
		    "shade": true,
			"faces": {
				"north": {"uv": [1, 12, 1.2, 12.4], "texture": "#2"},
				"east": {"uv": [11.6, 3, 11.6, 3], "texture": "#2"},
				"south": {"uv": [1, 12, 1.2, 12.4], "texture": "#2"},
				"west": {"uv": [1, 12, 1.2, 12.4], "texture": "#2"},
				"up": {"uv": [1, 12, 1.2, 12.2], "rotation": 90, "texture": "#2"},
				"down": {"uv": [1, 12.2, 1.2, 12.4], "rotation": 90, "texture": "#2"}
			}
		},
		{
			"from": [3.25, 13, 5],
			"to": [3.75, 15, 6],
		    "shade": true,
			"faces": {
				"north": {"uv": [1, 12, 1.2, 12.4], "texture": "#2"},
				"east": {"uv": [1, 12, 1.2, 12.4], "texture": "#2"},
				"south": {"uv": [1, 12, 1.2, 12.4], "texture": "#2"},
				"west": {"uv": [9.8, 6.4, 9.8, 6.4], "texture": "#2"},
				"up": {"uv": [1, 12, 1.2, 12.2], "rotation": 270, "texture": "#2"},
				"down": {"uv": [1, 12.2, 1.2, 12.4], "rotation": 270, "texture": "#2"}
			}
		},
		{
			"from": [-0.75, 13, 5],
			"to": [-0.25, 15, 6],
		    "shade": true,
			"faces": {
				"north": {"uv": [10.8, 6.4, 10.8, 6.4], "texture": "#2"},
				"east": {"uv": [13.8, 4, 13.8, 4], "texture": "#2"},
				"south": {"uv": [1.6, 12, 1.8, 12.4], "texture": "#2"},
				"west": {"uv": [1.6, 12, 1.8, 12.4], "texture": "#2"},
				"up": {"uv": [1.6, 12, 1.8, 12.2], "rotation": 90, "texture": "#2"},
				"down": {"uv": [1.6, 12.2, 1.8, 12.4], "rotation": 90, "texture": "#2"}
			}
		},
		{
			"from": [3.25, 13, 2],
			"to": [3.75, 15, 3],
		    "shade": true,
			"faces": {
				"north": {"uv": [1.6, 12, 1.8, 12.4], "texture": "#2"},
				"east": {"uv": [1.6, 12, 1.8, 12.4], "texture": "#2"},
				"south": {"uv": [1.6, 12, 1.8, 12.4], "texture": "#2"},
				"west": {"uv": [9, 5.2, 9, 5.2], "texture": "#2"},
				"up": {"uv": [1.6, 12, 1.8, 12.2], "rotation": 270, "texture": "#2"},
				"down": {"uv": [1.6, 12.2, 1.8, 12.4], "rotation": 270, "texture": "#2"}
			}
		},
		{
			"from": [-0.75, 12, 3],
			"to": [-0.25, 13, 5],
		    "shade": true,
			"faces": {
				"north": {"uv": [1.2, 12.4, 1.4, 12.6], "texture": "#2"},
				"east": {"uv": [14, 6.4, 14, 6.4], "texture": "#2"},
				"south": {"uv": [1.4, 12.4, 1.6, 12.6], "texture": "#2"},
				"west": {"uv": [1.2, 12.4, 1.6, 12.6], "texture": "#2"},
				"up": {"uv": [1.2, 12.4, 1.6, 12.6], "rotation": 90, "texture": "#2"},
				"down": {"uv": [1.2, 12.4, 1.6, 12.6], "rotation": 270, "texture": "#2"}
			}
		},
		{
			"from": [3.25, 12, 3],
			"to": [3.75, 13, 5],
		    "shade": true,
			"faces": {
				"north": {"uv": [1.4, 12.4, 1.6, 12.6], "texture": "#2"},
				"east": {"uv": [1.2, 12.4, 1.6, 12.6], "texture": "#2"},
				"south": {"uv": [1.2, 12.4, 1.4, 12.6], "texture": "#2"},
				"west": {"uv": [11.8, 4.2, 11.8, 4.2], "texture": "#2"},
				"up": {"uv": [1.2, 12.4, 1.6, 12.6], "rotation": 270, "texture": "#2"},
				"down": {"uv": [1.2, 12.4, 1.6, 12.6], "rotation": 90, "texture": "#2"}
			}
		},
		{
			"from": [-0.75, 15, 3],
			"to": [-0.25, 16, 5],
		    "shade": true,
			"faces": {
				"north": {"uv": [1.4, 11.8, 1.4, 11.8], "texture": "#2"},
				"east": {"uv": [8.4, 6.6, 8.4, 6.6], "texture": "#2"},
				"south": {"uv": [1.4, 11.8, 1.6, 12], "texture": "#2"},
				"west": {"uv": [1.2, 11.8, 1.6, 12], "texture": "#2"},
				"up": {"uv": [12, 5.6, 12, 5.6], "rotation": 90, "texture": "#2"},
				"down": {"uv": [1.2, 11.8, 1.6, 12], "rotation": 90, "texture": "#2"}
			}
		},
		{
			"from": [3.25, 15, 3],
			"to": [3.75, 16, 5],
		    "shade": true,
			"faces": {
				"north": {"uv": [1.4, 11.8, 1.6, 12], "texture": "#2"},
				"east": {"uv": [1.2, 11.8, 1.6, 12], "texture": "#2"},
				"south": {"uv": [1.4, 11.8, 1.4, 11.8], "texture": "#2"},
				"west": {"uv": [10.2, 4.6, 10.2, 4.6], "texture": "#2"},
				"up": {"uv": [12, 5.6, 12, 5.6], "rotation": 270, "texture": "#2"},
				"down": {"uv": [1.2, 11.8, 1.6, 12], "rotation": 270, "texture": "#2"}
			}
		},
		{
			"from": [-0.75, 15.5, 3],
			"to": [3.75, 16, 5],
		    "shade": true,
			"faces": {
				"north": {"uv": [1.6, 11.8, 1.2, 12], "texture": "#2"},
				"east": {"uv": [11.2, 6.4, 11.2, 6.4], "texture": "#2"},
				"south": {"uv": [1.4, 11.8, 1.6, 12], "texture": "#2"},
				"west": {"uv": [11, 5.4, 11.4, 5.6], "texture": "#2"},
				"up": {"uv": [1.2, 10.6, 1.6, 11.6], "rotation": 90, "texture": "#2"},
				"down": {"uv": [1.2, 10.6, 1.4, 10.8], "rotation": 90, "texture": "#2"}
			}
		}
	]
}