{
	"credit": "Made with Blockbench",
	"parent": "block/thin_block",
	"ambientocclusion": false,
	"textures": {
		"1": "block/warped_door",
		"particle": "block/warped_trapdoor",
		"texture": "block/warped_trapdoor"
	},
	"elements": [
		{
			"from": [13, 0, 13],
			"to": [16, 16, 16],
			"faces": {
				"north": {"uv": [10.2, 5.2, 10.8, 8.4], "rotation": 180, "texture": "#1"},
				"east": {"uv": [10.8, 8.4, 11.4, 5.2], "texture": "#1"},
				"south": {"uv": [7.6, 5.2, 8.2, 8.4], "rotation": 180, "texture": "#1"},
				"west": {"uv": [12, 8.4, 12.6, 5.2], "texture": "#1"},
				"up": {"uv": [10.8, 4, 10.2, 4.6], "rotation": 180, "texture": "#1"},
				"down": {"uv": [7.6, 5.2, 8, 4.6], "rotation": 180, "texture": "#1"}
			}
		},
		{
			"from": [3, 5, 13],
			"to": [4, 10, 16],
			"faces": {
				"north": {"uv": [10, 6.2, 10.2, 7.2], "rotation": 180, "texture": "#1"},
				"east": {"uv": [10, 7.2, 10.2, 6.2], "texture": "#1"},
				"south": {"uv": [10, 6.2, 10.2, 7.2], "rotation": 180, "texture": "#1"},
				"west": {"uv": [10.8, 8.4, 11.4, 5.2], "texture": "#1"},
				"up": {"uv": [8.4, 6.6, 8.2, 6.8], "rotation": 180, "texture": "#1"},
				"down": {"uv": [10, 6.4, 10.2, 6.2], "rotation": 180, "texture": "#1"}
			}
		},
		{
			"from": [3, 0, 13],
			"to": [13, 3, 16],
			"faces": {
				"north": {"uv": [10.2, 5.2, 8.2, 5.8], "rotation": 180, "texture": "#1"},
				"east": {"uv": [10.8, 8.4, 11.4, 7.8], "rotation": 180, "texture": "#1"},
				"south": {"uv": [8.2, 5.2, 10.4, 5.8], "rotation": 180, "texture": "#1"},
				"west": {"uv": [10.8, 5.8, 11.4, 5.2], "texture": "#1"},
				"up": {"uv": [12, 8.4, 12.6, 6.4], "rotation": 90, "texture": "#1"},
				"down": {"uv": [8.2, 5.2, 10.2, 4.6], "rotation": 180, "texture": "#1"}
			}
		},
		{
			"from": [3, 13, 13],
			"to": [13, 16, 16],
			"faces": {
				"north": {"uv": [10.2, 7.8, 8.2, 8.4], "rotation": 180, "texture": "#1"},
				"east": {"uv": [10.8, 5.8, 11.4, 5.2], "rotation": 180, "texture": "#1"},
				"south": {"uv": [8.2, 7.8, 10.2, 8.4], "rotation": 180, "texture": "#1"},
				"west": {"uv": [10.8, 8.4, 11.4, 7.8], "texture": "#1"},
				"up": {"uv": [8.2, 4.6, 10.2, 4], "texture": "#1"},
				"down": {"uv": [11.4, 8.2, 12, 6.2], "rotation": 90, "texture": "#1"}
			}
		},
		{
			"from": [0, 0, 13],
			"to": [3, 16, 16],
			"faces": {
				"north": {"uv": [7.6, 5.2, 8.2, 8.4], "rotation": 180, "texture": "#1"},
				"east": {"uv": [12, 8.4, 12.6, 5.2], "rotation": 180, "texture": "#1"},
				"south": {"uv": [10.2, 5.2, 10.8, 8.4], "rotation": 180, "texture": "#1"},
				"west": {"uv": [10.8, 8.4, 11.4, 5.2], "texture": "#1"},
				"up": {"uv": [7.6, 4.6, 8.2, 4], "texture": "#1"},
				"down": {"uv": [10.4, 5.2, 10.8, 4.6], "rotation": 180, "texture": "#1"}
			}
		},
		{
			"from": [5, 5, 13],
			"to": [6, 12, 16],
			"faces": {
				"north": {"uv": [9.6, 6.2, 9.8, 7.6], "rotation": 180, "texture": "#1"},
				"east": {"uv": [9.6, 7.6, 9.8, 6.2], "texture": "#1"},
				"south": {"uv": [9.6, 6.2, 9.8, 7.6], "rotation": 180, "texture": "#1"},
				"west": {"uv": [9.6, 7.6, 9.8, 6.2], "texture": "#1"},
				"up": {"uv": [9.6, 7.6, 9.8, 7.4], "texture": "#1"},
				"down": {"uv": [9.6, 6.4, 9.8, 6.2], "rotation": 180, "texture": "#1"}
			}
		},
		{
			"from": [6, 3, 13],
			"to": [7, 7, 16],
			"faces": {
				"north": {"uv": [9.4, 5.8, 9.6, 6.6], "rotation": 180, "texture": "#1"},
				"east": {"uv": [9.4, 6.6, 9.6, 5.8], "texture": "#1"},
				"south": {"uv": [9.4, 5.8, 9.6, 6.6], "rotation": 180, "texture": "#1"},
				"west": {"uv": [9.4, 6.6, 9.6, 5.8], "texture": "#1"},
				"up": {"uv": [9.4, 6.6, 9.6, 6.4], "texture": "#1"},
				"down": {"uv": [0, 16, 16, 13], "rotation": 180, "texture": "#texture"}
			}
		},
		{
			"from": [6, 10, 13],
			"to": [7, 13, 16],
			"faces": {
				"north": {"uv": [9.4, 7.2, 9.6, 7.8], "rotation": 180, "texture": "#1"},
				"east": {"uv": [9.4, 7.8, 9.6, 7.2], "texture": "#1"},
				"south": {"uv": [9.4, 7.2, 9.6, 7.8], "rotation": 180, "texture": "#1"},
				"west": {"uv": [9.4, 7.8, 9.6, 7.2], "texture": "#1"},
				"up": {"uv": [0, 16, 16, 13], "texture": "#texture"},
				"down": {"uv": [9.4, 7.4, 9.6, 7.2], "rotation": 180, "texture": "#1"}
			}
		},
		{
			"from": [4, 12, 13],
			"to": [6, 13, 16],
			"faces": {
				"north": {"uv": [9.6, 7.6, 10, 7.8], "texture": "#1"},
				"east": {"uv": [9.8, 7.8, 10, 7.6], "rotation": 90, "texture": "#1"},
				"south": {"uv": [9.6, 7.6, 10, 7.8], "rotation": 180, "texture": "#1"},
				"west": {"uv": [9.8, 7.8, 10, 7.6], "texture": "#1"},
				"up": {"uv": [0, 16, 16, 13], "texture": "#texture"},
				"down": {"uv": [9.8, 7.8, 10, 7.6], "rotation": 180, "texture": "#1"}
			}
		},
		{
			"from": [10, 8, 13],
			"to": [11, 9, 16],
			"faces": {
				"north": {"uv": [8.6, 7, 8.8, 7.2], "rotation": 180, "texture": "#1"},
				"east": {"uv": [8.6, 7, 8.8, 6.8], "rotation": 90, "texture": "#1"},
				"south": {"uv": [8.6, 7, 8.8, 7.2], "rotation": 180, "texture": "#1"},
				"west": {"uv": [9.4, 5.6, 9.6, 5.4], "texture": "#1"},
				"up": {"uv": [0, 16, 16, 13], "texture": "#texture"},
				"down": {"uv": [8.6, 7, 8.8, 6.8], "rotation": 180, "texture": "#1"}
			}
		},
		{
			"from": [9, 4, 13],
			"to": [10, 10, 16],
			"faces": {
				"north": {"uv": [8.8, 6, 9, 7.2], "rotation": 180, "texture": "#1"},
				"east": {"uv": [8.8, 7.2, 9, 6], "texture": "#1"},
				"south": {"uv": [8.8, 6, 9, 7.2], "rotation": 180, "texture": "#1"},
				"west": {"uv": [8.8, 7.2, 9, 6], "texture": "#1"},
				"up": {"uv": [8.8, 7.2, 9, 7], "texture": "#1"},
				"down": {"uv": [8.8, 6.2, 9, 6], "rotation": 180, "texture": "#1"}
			}
		},
		{
			"from": [10, 3, 13],
			"to": [11, 6, 16],
			"faces": {
				"north": {"uv": [8.6, 5.8, 8.8, 6.4], "rotation": 180, "texture": "#1"},
				"east": {"uv": [8.6, 6.4, 8.8, 6], "texture": "#1"},
				"south": {"uv": [8.6, 5.8, 8.8, 6.4], "rotation": 180, "texture": "#1"},
				"west": {"uv": [8.4, 6.2, 8.6, 5.6], "texture": "#1"},
				"up": {"uv": [8.6, 6.4, 8.8, 6.2], "texture": "#1"},
				"down": {"uv": [0, 16, 16, 13], "rotation": 180, "texture": "#texture"}
			}
		},
		{
			"from": [11, 3, 13],
			"to": [12, 5, 16],
			"faces": {
				"north": {"uv": [8.4, 5.8, 8.6, 6.2], "rotation": 180, "texture": "#1"},
				"east": {"uv": [8.4, 6.2, 8.6, 5.8], "texture": "#1"},
				"south": {"uv": [8.4, 5.8, 8.6, 6.2], "rotation": 180, "texture": "#1"},
				"west": {"uv": [2.2, 14, 2.8, 12], "texture": "#1"},
				"up": {"uv": [8.4, 6.2, 8.6, 6], "texture": "#1"},
				"down": {"uv": [0, 16, 16, 13], "rotation": 180, "texture": "#texture"}
			}
		},
		{
			"from": [12, 6, 13],
			"to": [13, 8, 16],
			"faces": {
				"north": {"uv": [8.2, 6.4, 8.4, 6.8], "rotation": 180, "texture": "#1"},
				"east": {"uv": [2.2, 13.6, 2.8, 11.6], "rotation": 90, "texture": "#1"},
				"south": {"uv": [8.4, 5.8, 8.6, 6.2], "rotation": 180, "texture": "#1"},
				"west": {"uv": [8.2, 6.8, 8.4, 6.4], "texture": "#1"},
				"up": {"uv": [8.2, 6.8, 8.4, 6.6], "texture": "#1"},
				"down": {"uv": [8, 6.4, 8.2, 6.2], "rotation": 180, "texture": "#1"}
			}
		},
		{
			"from": [9, 12, 13],
			"to": [10, 13, 16],
			"faces": {
				"north": {"uv": [8.6, 7.4, 8.8, 7.6], "rotation": 180, "texture": "#1"},
				"east": {"uv": [2.2, 13.6, 2.8, 11.6], "rotation": 90, "texture": "#1"},
				"south": {"uv": [8.8, 7.6, 9, 7.8], "rotation": 180, "texture": "#1"},
				"west": {"uv": [8.8, 7.8, 9, 7.6], "texture": "#1"},
				"up": {"uv": [0, 16, 16, 13], "texture": "#texture"},
				"down": {"uv": [8.8, 7.8, 9, 7.6], "rotation": 180, "texture": "#1"}
			}
		},
		{
			"from": [10, 9, 13],
			"to": [12, 13, 16],
			"faces": {
				"north": {"uv": [8.4, 7, 8.8, 7.8], "rotation": 180, "texture": "#1"},
				"east": {"uv": [8.4, 7.8, 8.6, 7], "texture": "#1"},
				"south": {"uv": [8.4, 7, 8.8, 7.8], "rotation": 180, "texture": "#1"},
				"west": {"uv": [8.6, 7.8, 8.8, 7], "texture": "#1"},
				"up": {"uv": [0, 16, 16, 13], "texture": "#texture"},
				"down": {"uv": [8.4, 7.2, 8.8, 7], "rotation": 180, "texture": "#1"}
			}
		}
	]
}