{
  "variants": {
    "bottom=false,distance=0": {
      "model": "minecraft:block/scaffolding_stable"
    },
    "bottom=false,distance=1": {
      "model": "minecraft:block/scaffolding_stable"
    },
    "bottom=false,distance=2": {
      "model": "minecraft:block/scaffolding_stable"
    },
    "bottom=false,distance=3": {
      "model": "minecraft:block/scaffolding_stable"
    },
    "bottom=false,distance=4": {
      "model": "minecraft:block/scaffolding_stable"
    },
    "bottom=false,distance=5": {
      "model": "minecraft:block/scaffolding_stable"
    },
    "bottom=false,distance=6": {
      "model": "minecraft:block/scaffolding_stable_end"
    },
    "bottom=true,distance=0": {
      "model": "minecraft:block/scaffolding_unstable"
    },
    "bottom=true,distance=1": {
      "model": "minecraft:block/scaffolding_unstable"
    },
    "bottom=true,distance=2": {
      "model": "minecraft:block/scaffolding_unstable"
    },
    "bottom=true,distance=3": {
      "model": "minecraft:block/scaffolding_unstable"
    },
    "bottom=true,distance=4": {
      "model": "minecraft:block/scaffolding_unstable"
    },
    "bottom=true,distance=5": {
      "model": "minecraft:block/scaffolding_unstable"
    },
    "bottom=true,distance=6": {
      "model": "minecraft:block/scaffolding_unstable_end"
    }
  }
}