{
  "variants": {
    "facing=east,lit=false,signal_fire=false": {
      "model": "minecraft:block/soul_campfire_off",
      "y": 270
    },
    "facing=east,lit=false,signal_fire=true": {
      "model": "minecraft:block/soul_campfire_hay_off",
      "y": 270
    },
    "facing=east,lit=true,signal_fire=false": {
      "model": "minecraft:block/soul_campfire",
      "y": 270
    },
    "facing=east,lit=true,signal_fire=true": {
      "model": "minecraft:block/soul_campfire_hay",
      "y": 270
    },
    "facing=north,lit=false,signal_fire=false": {
      "model": "minecraft:block/soul_campfire_off",
      "y": 180
    },
    "facing=north,lit=false,signal_fire=true": {
      "model": "minecraft:block/soul_campfire_hay_off",
      "y": 180
    },
    "facing=north,lit=true,signal_fire=false": {
      "model": "minecraft:block/soul_campfire",
      "y": 180
    },
    "facing=north,lit=true,signal_fire=true": {
      "model": "minecraft:block/soul_campfire_hay",
      "y": 180
    },
    "facing=south,lit=false,signal_fire=false": {
      "model": "minecraft:block/soul_campfire_off"
    },
    "facing=south,lit=false,signal_fire=true": {
      "model": "minecraft:block/soul_campfire_hay_off"
    },
    "facing=south,lit=true,signal_fire=false": {
      "model": "minecraft:block/soul_campfire"
    },
    "facing=south,lit=true,signal_fire=true": {
      "model": "minecraft:block/soul_campfire_hay"
    },
    "facing=west,lit=false,signal_fire=false": {
      "model": "minecraft:block/soul_campfire_off",
      "y": 90
    },
    "facing=west,lit=false,signal_fire=true": {
      "model": "minecraft:block/soul_campfire_hay_off",
      "y": 90
    },
    "facing=west,lit=true,signal_fire=false": {
      "model": "minecraft:block/soul_campfire",
      "y": 90
    },
    "facing=west,lit=true,signal_fire=true": {
      "model": "minecraft:block/soul_campfire_hay",
      "y": 90
    }
  }
}