{
  "textures": {
    "particle": "block/bell_bottom",
    "bar": "block/bell_bar"
  },
  "elements": [
    {
      "from": [0, 13, 7],
      "to": [16, 15, 9],
      "faces": {
        "north": {"uv": [4, 2, 16, 4], "texture": "#bar"},
        "east": {"uv": [9, 2, 11, 4], "texture": "#bar", "cullface": "east"},
        "south": {"uv": [4, 2, 16, 4], "texture": "#bar"},
        "west": {"uv": [9, 2, 11, 4], "texture": "#bar", "cullface": "west"},
        "up": {"uv": [4, 2, 16, 5], "texture": "#bar"},
        "down": {"uv": [4, 3, 16, 4], "texture": "#bar"}
      }
    }
  ]
}