{
  "ambientocclusion": false,
  "textures": {
    "particle": "block/comparator_on",
    "top": "block/comparator_on",
    "lit": "block/redstone_torch",
    "sub_unlit": "block/comparator_subtract_torch_off"
  },
  "elements": [
    {
      "from": [0, 0, 0],
      "to": [16, 2, 16],
      "faces": {
        "north": {"uv": [0, 14, 16, 16], "texture": "#top", "cullface": "north"},
        "east": {"uv": [0, 14, 16, 16], "texture": "#top", "cullface": "east"},
        "south": {"uv": [0, 14, 16, 16], "texture": "#top", "cullface": "south"},
        "west": {"uv": [0, 14, 16, 16], "texture": "#top", "cullface": "west"},
        "up": {"uv": [0, 0, 16, 16], "texture": "#top"},
        "down": {"uv": [0, 16, 16, 0], "texture": "#top", "cullface": "down"}
      }
    },
    {
      "from": [4, 7, 11],
      "to": [6, 7, 13],
      "faces": {
        "up": {"uv": [7, 6, 9, 8], "texture": "#lit"}
      }
    },
    {
      "from": [4, 2, 10],
      "to": [6, 8, 14],
      "faces": {
        "east": {"uv": [6, 5, 10, 11], "texture": "#lit"},
        "west": {"uv": [6, 5, 10, 11], "texture": "#lit"}
      }
    },
    {
      "from": [3, 2, 11],
      "to": [7, 8, 13],
      "faces": {
        "north": {"uv": [6, 5, 10, 11], "texture": "#lit"},
        "south": {"uv": [6, 5, 10, 11], "texture": "#lit"}
      }
    },
    {
      "from": [10, 7, 11],
      "to": [12, 7, 13],
      "faces": {
        "up": {"uv": [7, 6, 9, 8], "texture": "#lit"}
      }
    },
    {
      "from": [10, 2, 10],
      "to": [12, 8, 14],
      "faces": {
        "east": {"uv": [6, 5, 10, 11], "texture": "#lit"},
        "west": {"uv": [6, 5, 10, 11], "texture": "#lit"}
      }
    },
    {
      "from": [9, 2, 11],
      "to": [13, 8, 13],
      "faces": {
        "north": {"uv": [6, 5, 10, 11], "texture": "#lit"},
        "south": {"uv": [6, 5, 10, 11], "texture": "#lit"}
      }
    },
    {
      "from": [7, 2, 2],
      "to": [9, 4, 4],
      "faces": {
        "north": {"uv": [7, 6, 9, 8], "texture": "#sub_unlit"},
        "east": {"uv": [7, 6, 9, 8], "texture": "#sub_unlit"},
        "south": {"uv": [7, 6, 9, 8], "texture": "#sub_unlit"},
        "west": {"uv": [7, 6, 9, 8], "texture": "#sub_unlit"},
        "up": {"uv": [7, 6, 9, 8], "texture": "#sub_unlit"},
        "down": {"uv": [7, 13, 9, 15], "texture": "#sub_unlit"}
      }
    },
    {
      "from": [10, -2, 11],
      "to": [12, 0, 13],
      "faces": {
        "north": {"uv": [7, 10, 9, 8], "texture": "#lit"},
        "east": {"uv": [7, 10, 9, 8], "texture": "#lit"},
        "south": {"uv": [7, 10, 9, 8], "texture": "#lit"},
        "west": {"uv": [7, 10, 9, 8], "texture": "#lit"},
        "down": {"uv": [7, 8, 9, 9], "texture": "#lit"}
      }
    },
    {
      "from": [4, -2, 11],
      "to": [6, 0, 13],
      "faces": {
        "north": {"uv": [7, 10, 9, 8], "texture": "#lit"},
        "east": {"uv": [7, 10, 9, 8], "texture": "#lit"},
        "south": {"uv": [7, 10, 9, 8], "texture": "#lit"},
        "west": {"uv": [7, 10, 9, 8], "texture": "#lit"},
        "down": {"uv": [7, 8, 9, 9], "texture": "#lit"}
      }
    },
    {
      "from": [7, -2, 2],
      "to": [9, 0, 4],
      "faces": {
        "north": {"uv": [7, 8, 9, 6], "texture": "#sub_unlit"},
        "east": {"uv": [7, 8, 9, 6], "texture": "#sub_unlit"},
        "south": {"uv": [7, 8, 9, 6], "texture": "#sub_unlit"},
        "west": {"uv": [7, 8, 9, 6], "texture": "#sub_unlit"},
        "down": {"uv": [7, 6, 9, 8], "texture": "#sub_unlit"}
      }
    }
  ]
}