{
    "textures": {
        "top": "block/composter_top",
        "bottom": "block/composter_bottom",
        "side": "block/composter_side_0"
    },
    "elements": [
        {
            "from": [0, 0, 0],
            "to": [16, 2, 16],
            "faces": {
                "up": {"uv": [0, 0, 16, 16], "texture": "#bottom"},
                "down": {"uv": [0, 0, 16, 16], "texture": "#bottom", "cullface": "down"}
            }
        },
        {
            "from": [0, 0, 0],
            "to": [2, 16, 16],
            "faces": {
                "north": {"uv": [14, 0, 16, 16], "texture": "#side", "cullface": "north"},
                "east": {"uv": [0, 0, 16, 16], "texture": "#side", "cullface": "up"},
                "south": {"uv": [0, 0, 2, 16], "texture": "#side", "cullface": "south"},
                "west": {"uv": [0, 0, 16, 16], "texture": "#side", "cullface": "west"},
                "up": {"uv": [0, 0, 2, 16], "texture": "#top", "cullface": "up"}
            }
        },
        {
            "from": [14, 0, 0],
            "to": [16, 16, 16],
            "faces": {
                "north": {"uv": [0, 0, 2, 16], "texture": "#side", "cullface": "north"},
                "east": {"uv": [0, 0, 16, 16], "texture": "#side", "cullface": "east"},
                "south": {"uv": [14, 0, 16, 16], "texture": "#side", "cullface": "south"},
                "west": {"uv": [0, 0, 16, 16], "texture": "#side", "cullface": "up"},
                "up": {"uv": [14, 0, 16, 16], "texture": "#top", "cullface": "up"}
            }
        },
        {
            "from": [2, 0, 0],
            "to": [14, 16, 2],
            "faces": {
                "north": {"uv": [2, 0, 14, 16], "texture": "#side", "cullface": "north"},
                "south": {"uv": [2, 0, 14, 16], "texture": "#side", "cullface": "up"},
                "up": {"uv": [2, 0, 14, 2], "texture": "#top", "cullface": "up"}
            }
        },
        {
            "from": [2, 0, 14],
            "to": [14, 16, 16],
            "faces": {
                "north": {"uv": [2, 0, 14, 16], "texture": "#side", "cullface": "up"},
                "south": {"uv": [2, 0, 14, 16], "texture": "#side", "cullface": "south"},
                "up": {"uv": [2, 14, 14, 16], "texture": "#top", "cullface": "up"}
            }
        }
    ],
    "display": {
        "thirdperson_righthand": {
            "rotation": [75, 45, 0],
            "translation": [0, 2.5, 0],
            "scale": [0.375, 0.375, 0.375]
        },
        "thirdperson_lefthand": {
            "rotation": [75, 45, 0],
            "translation": [0, 2.5, 0],
            "scale": [0.375, 0.375, 0.375]
        },
        "firstperson_righthand": {
            "rotation": [0, 45, 0],
            "scale": [0.4, 0.4, 0.4]
        },
        "firstperson_lefthand": {
            "rotation": [0, 45, 0],
            "scale": [0.4, 0.4, 0.4]
        },
        "ground": {
            "translation": [0, 3, 0],
            "scale": [0.25, 0.25, 0.25]
        },
        "gui": {
            "rotation": [30, 225, 0],
            "scale": [0.625, 0.625, 0.625]
        },
        "fixed": {
            "scale": [0.5, 0.5, 0.5]
        }
    }
}