{
  "textures": {
    "rail": "block/detector_rail",
    "rail_rote": "block/detector_rail_rote",
    "particle": "block/detector_rail"
  },
  "elements": [
    {
      "from": [1, 1, 13],
      "to": [15, 1.5, 15],
      "faces": {
        "north": {"uv": [1, 2, 15, 2.5], "texture": "#rail"},
        "east": {"uv": [1, 14.5, 3, 14], "texture": "#rail_rote"},
        "south": {"uv": [1, 1, 15, 1.5], "texture": "#rail"},
        "west": {"uv": [3, 1.5, 1, 1], "texture": "#rail_rote"},
        "up": {"uv": [15, 3, 1, 1], "texture": "#rail"},
        "down": {"uv": [1, 1, 15, 3], "texture": "#rail"}
      }
    },
    {
      "from": [1, 1, 9],
      "to": [15, 1.5, 11],
      "faces": {
        "north": {"uv": [1, 6, 15, 6.5], "texture": "#rail"},
        "east": {"uv": [5, 14.5, 7, 14], "texture": "#rail_rote"},
        "south": {"uv": [1, 5, 15, 5.5], "texture": "#rail"},
        "west": {"uv": [7, 1.5, 5, 1], "texture": "#rail_rote"},
        "up": {"uv": [15, 7, 1, 5], "texture": "#rail"},
        "down": {"uv": [1, 5, 15, 7], "texture": "#rail"}
      }
    },
    {
      "from": [1, 1, 5],
      "to": [15, 1.5, 7],
      "faces": {
        "north": {"uv": [1, 10, 15, 10.5], "texture": "#rail"},
        "east": {"uv": [9, 14.5, 11, 14], "texture": "#rail_rote"},
        "south": {"uv": [1, 9, 15, 9.5], "texture": "#rail"},
        "west": {"uv": [11, 1.5, 9, 1], "texture": "#rail_rote"},
        "up": {"uv": [15, 11, 1, 9], "texture": "#rail"},
        "down": {"uv": [1, 9, 15, 11], "texture": "#rail"}
      }
    },
    {
      "from": [1, 1, 1],
      "to": [15, 1.5, 3],
      "faces": {
        "north": {"uv": [1, 13.999, 15, 14.499], "texture": "#rail"},
        "east": {"uv": [13, 14.5, 15, 14], "texture": "#rail_rote"},
        "south": {"uv": [1, 13, 15, 13.5], "texture": "#rail"},
        "west": {"uv": [15, 1.5, 13, 1], "texture": "#rail_rote"},
        "up": {"uv": [15, 15, 1, 13], "texture": "#rail"},
        "down": {"uv": [1, 13, 15, 15], "texture": "#rail"}
      }
    },
    {
      "from": [12, 1, 0],
      "to": [14, 2, 16],
      "faces": {
        "north": {"uv": [2, 15, 4, 16], "texture": "#rail"},
        "east": {"uv": [0, 13, 16, 14], "texture": "#rail_rote"},
        "south": {"uv": [12, 0, 14, 1], "texture": "#rail"},
        "west": {"uv": [0, 12, 16, 13], "texture": "#rail_rote"},
        "up": {"uv": [4, 16, 2, 0], "texture": "#rail"},
        "down": {"uv": [12, 0, 14, 16], "texture": "#rail"}
      }
    },
    {
      "from": [2, 1, 0],
      "to": [4, 2, 16],
      "faces": {
        "north": {"uv": [12, 15, 14, 16], "texture": "#rail"},
        "east": {"uv": [0, 3, 16, 4], "texture": "#rail_rote"},
        "south": {"uv": [2, 0, 4, 1], "texture": "#rail"},
        "west": {"uv": [0, 2, 16, 3], "texture": "#rail_rote"},
        "up": {"uv": [14, 0, 12, 16], "texture": "#rail"},
        "down": {"uv": [2, 0, 4, 16], "texture": "#rail"}
      }
    },
    {
      "from": [-1.5, -8.2, 0],
      "to": [0, -4.7, 1],
      "faces": {
        "north": {"uv": [3, 1, 3.499, 4.5], "texture": "#rail"},
        "east": {"uv": [3, 2, 4, 5.5], "texture": "#rail"},
        "south": {"uv": [3, 1, 3.499, 4.5], "texture": "#rail"},
        "west": {"uv": [3, 2, 4, 5.5], "texture": "#rail"},
        "up": {"uv": [1, 3, 2.5, 4], "texture": "#rail_rote"},
        "down": {"uv": [3, 1, 3.5, 2], "texture": "#rail"}
      }
    },
    {
      "from": [-1.5, -8.2, 15],
      "to": [0, -4.7, 16],
      "faces": {
        "north": {"uv": [3, 1, 3.499, 4.5], "texture": "#rail"},
        "east": {"uv": [3, 2, 4, 5.5], "texture": "#rail"},
        "south": {"uv": [3, 1, 3.499, 4.5], "texture": "#rail"},
        "west": {"uv": [3, 1, 4, 4.5], "texture": "#rail"},
        "up": {"uv": [1, 3, 2.5, 4], "texture": "#rail_rote"},
        "down": {"uv": [3, 1, 3.5, 2], "texture": "#rail"}
      }
    },
    {
      "from": [-1, -6, 0.1],
      "to": [0, -5, 15.9],
      "faces": {
        "east": {"uv": [0, 2, 16, 3], "texture": "#rail_rote"},
        "west": {"uv": [0, 2, 16, 3], "texture": "#rail_rote"},
        "up": {"uv": [2, 0, 3, 16], "texture": "#rail"},
        "down": {"uv": [2, 0, 3, 16], "texture": "#rail"}
      }
    },
    {
      "from": [-1, -8, 0.1],
      "to": [0, -7, 15.9],
      "faces": {
        "east": {"uv": [0, 2, 16, 3], "texture": "#rail_rote"},
        "west": {"uv": [0, 13, 16, 14], "texture": "#rail_rote"},
        "up": {"uv": [13, 0, 14, 16], "texture": "#rail"},
        "down": {"uv": [2, 0, 3, 15.998], "texture": "#rail"}
      }
    },
    {
      "from": [-1, -7, 0.1],
      "to": [0, -6, 15.9],
      "faces": {
        "east": {"uv": [0, 0, 16, 1], "texture": "#rail_rote"},
        "west": {"uv": [0, 5, 16, 6], "texture": "#rail_rote"}
      }
    },
    {
      "from": [16, -7, 0.1],
      "to": [17, -6, 15.9],
      "faces": {
        "north": {"uv": [0, 5, 1, 6], "texture": "#rail"},
        "east": {"uv": [0, 5, 16, 6], "texture": "#rail_rote"},
        "south": {"uv": [0, 5, 1, 6], "texture": "#rail"},
        "west": {"uv": [0, 0, 16, 1], "texture": "#rail_rote"}
      }
    },
    {
      "from": [16, -8, 0.1],
      "to": [17, -7, 15.9],
      "faces": {
        "north": {"uv": [4, 0, 5, 1], "texture": "#rail"},
        "east": {"uv": [0, 13, 16, 14], "texture": "#rail_rote"},
        "south": {"uv": [4, 0, 5, 1], "texture": "#rail"},
        "west": {"uv": [0, 2, 16, 3], "texture": "#rail_rote"},
        "up": {"uv": [13, 0, 14, 16], "texture": "#rail"},
        "down": {"uv": [2, 0, 3, 15.998], "texture": "#rail"}
      }
    },
    {
      "from": [16, -6, 0.1],
      "to": [17, -5, 15.9],
      "faces": {
        "north": {"uv": [4, 0, 5, 1], "texture": "#rail"},
        "east": {"uv": [0, 2, 16, 3], "texture": "#rail_rote"},
        "south": {"uv": [4, 0, 5, 1], "texture": "#rail"},
        "west": {"uv": [0, 2, 16, 3], "texture": "#rail_rote"},
        "up": {"uv": [2, 0, 3, 16], "texture": "#rail"},
        "down": {"uv": [2, 0, 3, 16], "texture": "#rail"}
      }
    },
    {
      "from": [16, -8.2, 15],
      "to": [17.5, -4.7, 16],
      "faces": {
        "north": {"uv": [3, 1, 3.499, 4.5], "texture": "#rail"},
        "east": {"uv": [3, 1, 4, 4.5], "texture": "#rail"},
        "south": {"uv": [3, 1, 3.499, 4.5], "texture": "#rail"},
        "west": {"uv": [3, 1, 4, 4.5], "texture": "#rail"},
        "up": {"uv": [1, 3, 2.5, 4], "texture": "#rail_rote"},
        "down": {"uv": [1, 3, 2.5, 4], "texture": "#rail_rote"}
      }
    },
    {
      "from": [16, -8.2, 0],
      "to": [17.5, -4.7, 1],
      "faces": {
        "north": {"uv": [3, 1, 3.499, 4.5], "texture": "#rail"},
        "east": {"uv": [3, 1, 4, 4.5], "texture": "#rail"},
        "south": {"uv": [3, 1, 3.499, 4.5], "texture": "#rail"},
        "west": {"uv": [3, 1, 4, 4.5], "texture": "#rail"},
        "up": {"uv": [1, 3, 2.5, 4], "texture": "#rail_rote"},
        "down": {"uv": [1, 3, 2.5, 4], "texture": "#rail_rote"}
      }
    },
    {
      "from": [5, 1, 5],
      "to": [11, 2, 11],
      "faces": {
        "north": {"uv": [5, 5, 11, 6], "texture": "#rail"},
        "east": {"uv": [5, 10, 11, 11], "texture": "#rail"},
        "south": {"uv": [5, 5, 11, 6], "texture": "#rail"},
        "west": {"uv": [5, 5, 11, 6], "texture": "#rail"},
        "up": {"uv": [5, 5, 11, 11], "texture": "#rail"},
        "down": {"uv": [5, 5, 11, 11], "texture": "#rail"}
      }
    },
    {
      "from": [6, 2, 6],
      "to": [10, 3, 10],
      "faces": {
        "north": {"uv": [6, 6, 9.999, 7], "texture": "#rail"},
        "east": {"uv": [6, 6, 9.999, 7], "texture": "#rail_rote"},
        "south": {"uv": [6, 9, 9.999, 10], "texture": "#rail"},
        "west": {"uv": [6, 9, 9.999, 10], "texture": "#rail_rote"},
        "up": {"uv": [6, 6, 9.999, 9.999], "texture": "#rail"},
        "down": {"uv": [5, 5, 11, 11], "texture": "#rail"}
      }
    },
    {
      "from": [-2, -9, 5],
      "to": [-1, -3, 11],
      "faces": {
        "north": {"uv": [5, 5, 6, 11], "texture": "#rail"},
        "east": {"uv": [5, 5, 11, 11], "texture": "#rail"},
        "south": {"uv": [10, 5, 11, 11], "texture": "#rail"},
        "west": {"uv": [5, 5, 11, 11], "texture": "#rail"},
        "up": {"uv": [5, 5, 6, 11], "texture": "#rail"},
        "down": {"uv": [10, 5, 11, 11], "texture": "#rail"}
      }
    },
    {
      "from": [17, -9, 5],
      "to": [18, -3, 11],
      "faces": {
        "north": {"uv": [5, 5, 6, 11], "texture": "#rail"},
        "east": {"uv": [5, 5, 11, 11], "texture": "#rail"},
        "south": {"uv": [10, 5, 11, 11], "texture": "#rail"},
        "west": {"uv": [5, 5, 11, 11], "texture": "#rail"},
        "up": {"uv": [5, 5, 6, 11], "texture": "#rail"},
        "down": {"uv": [10, 5, 11, 11], "texture": "#rail"}
      }
    }
  ],
  "groups": [
    {
      "name": "rail",
      "children": [0, 1, 2, 3, 4, 5, 6, 7]
    },
    {
      "name": "sideLine1",
      "children": [8, 9, 10, 11, 12, 13]
    },
    {
      "name": "sideLine2",
      "children": [14, 15, 16, 17, 18, 19]
    }
  ]
}