{
  "ambientocclusion": false,
  "textures": {
    "particle": "block/hopper_outside",
    "top": "block/hopper_top",
    "side": "block/hopper_side",
    "outside": "block/hopper_outside",
    "inside": "block/hopper_inside",
    "bottom": "block/hopper_bottom"
  },
  "elements": [
    {
      "from": [0, 10, 0],
      "to": [16, 11, 16],
      "faces": {
        "north": {"uv": [0, 5, 16, 6], "texture": "#side", "cullface": "north"},
        "east": {"uv": [0, 5, 16, 6], "texture": "#side", "cullface": "east"},
        "south": {"uv": [0, 5, 16, 6], "texture": "#side", "cullface": "south"},
        "west": {"uv": [0, 5, 16, 6], "texture": "#side", "cullface": "west"},
        "up": {"uv": [0, 0, 16, 16], "texture": "#inside", "cullface": "up"},
        "down": {"uv": [0, 0, 16, 16], "texture": "#bottom"}
      }
    },
    {
      "from": [0, 11, 0],
      "to": [2, 16, 16],
      "faces": {
        "north": {"uv": [14, 0, 16, 5], "texture": "#side", "cullface": "north"},
        "east": {"uv": [0, 1, 16, 6], "texture": "#outside", "cullface": "up"},
        "south": {"uv": [0, 0, 2, 5], "texture": "#side", "cullface": "south"},
        "west": {"uv": [0, 0, 16, 5], "texture": "#side", "cullface": "west"},
        "up": {"uv": [0, 0, 2, 16], "texture": "#top", "cullface": "up"}
      }
    },
    {
      "from": [14, 11, 0],
      "to": [16, 16, 16],
      "faces": {
        "north": {"uv": [0, 0, 2, 5], "texture": "#side", "cullface": "north"},
        "east": {"uv": [0, 0, 16, 5], "texture": "#side", "cullface": "east"},
        "south": {"uv": [14, 0, 16, 5], "texture": "#side", "cullface": "south"},
        "west": {"uv": [0, 1, 16, 6], "texture": "#outside", "cullface": "up"},
        "up": {"uv": [14, 0, 16, 16], "texture": "#top", "cullface": "up"}
      }
    },
    {
      "from": [2, 11, 0],
      "to": [14, 16, 2],
      "faces": {
        "north": {"uv": [2, 0, 14, 5], "texture": "#side", "cullface": "north"},
        "south": {"uv": [2, 1, 14, 6], "texture": "#outside", "cullface": "up"},
        "up": {"uv": [2, 0, 14, 2], "texture": "#top", "cullface": "up"}
      }
    },
    {
      "from": [2, 11, 14],
      "to": [14, 16, 16],
      "faces": {
        "north": {"uv": [2, 1, 14, 6], "texture": "#outside", "cullface": "up"},
        "south": {"uv": [2, 0, 14, 5], "texture": "#side", "cullface": "south"},
        "up": {"uv": [2, 14, 14, 16], "texture": "#top", "cullface": "up"}
      }
    },
    {
      "from": [4, 4, 4],
      "to": [12, 10, 12],
      "faces": {
        "north": {"uv": [0, 6, 8, 12], "texture": "#outside"},
        "east": {"uv": [0, 6, 8, 12], "texture": "#outside"},
        "south": {"uv": [0, 6, 8, 12], "texture": "#outside"},
        "west": {"uv": [0, 6, 8, 12], "texture": "#outside"},
        "down": {"uv": [8, 6, 16, 14], "texture": "#outside"}
      }
    },
    {
      "from": [6, 0, 6],
      "to": [10, 4, 10],
      "faces": {
        "north": {"uv": [0, 12, 4, 16], "texture": "#outside"},
        "east": {"uv": [0, 12, 4, 16], "texture": "#outside"},
        "south": {"uv": [0, 12, 4, 16], "texture": "#outside"},
        "west": {"uv": [0, 12, 4, 16], "texture": "#outside"},
        "down": {"uv": [4, 12, 8, 16], "texture": "#outside", "cullface": "down"}
      }
    }
  ]
}