{
	"credit": "Made with Blockbench",
	"texture_size": [64, 64],
	"textures": {
		"0": "./tower",
		"particle": "./tower"
	},
	"elements": [
		{
			"from": [15, -1, 10],
			"to": [17, 24, 11],
			"faces": {
				"north": {"uv": [0, 6.75, 0.5, 13], "texture": "#0"},
				"east": {"uv": [5.5, 6.75, 5.75, 13], "texture": "#0"},
				"south": {"uv": [0.5, 6.75, 1, 13], "texture": "#0"},
				"west": {"uv": [5.75, 6.75, 6, 13], "texture": "#0"},
				"up": {"uv": [7.5, 6.5, 7, 6.25], "texture": "#0"},
				"down": {"uv": [7, 7, 6.5, 7.25], "texture": "#0"}
			}
		},
		{
			"from": [-1, -1, 10],
			"to": [1, 24, 11],
			"faces": {
				"north": {"uv": [1, 6.75, 1.5, 13], "texture": "#0"},
				"east": {"uv": [6, 6.75, 6.25, 13], "texture": "#0"},
				"south": {"uv": [1.5, 6.75, 2, 13], "texture": "#0"},
				"west": {"uv": [6.25, 6.75, 6.5, 13], "texture": "#0"},
				"up": {"uv": [7.5, 6.75, 7, 6.5], "texture": "#0"},
				"down": {"uv": [7.5, 7, 7, 7.25], "texture": "#0"}
			}
		},
		{
			"name": "Cube",
			"from": [7, 8, 5],
			"to": [9, 14, 11],
			"faces": {
				"north": {"uv": [7, 0.25, 7.5, 1.75], "texture": "#0"},
				"east": {"uv": [2, 6.75, 3.5, 8.25], "texture": "#0"},
				"south": {"uv": [7, 1.75, 7.5, 3.25], "texture": "#0"},
				"west": {"uv": [3.5, 6.75, 5, 8.25], "texture": "#0"},
				"up": {"uv": [7.5, 4.75, 7, 3.25], "texture": "#0"},
				"down": {"uv": [7.5, 4.75, 7, 6.25], "texture": "#0"}
			}
		},
		{
			"name": "Cube",
			"from": [1, -2, 11],
			"to": [15, 25, 12],
			"faces": {
				"north": {"uv": [0, 0, 3.5, 6.75], "texture": "#0"},
				"east": {"uv": [5, 6.75, 5.25, 13.5], "texture": "#0"},
				"south": {"uv": [3.5, 0, 7, 6.75], "texture": "#0"},
				"west": {"uv": [5.25, 6.75, 5.5, 13.5], "texture": "#0"},
				"up": {"uv": [10, 7, 6.5, 6.75], "texture": "#0"},
				"down": {"uv": [10.5, 0, 7, 0.25], "texture": "#0"}
			}
		}
	],
	"gui_light": "front",
	"display": {
		"thirdperson_righthand": {
			"rotation": [0, 90, 0],
			"translation": [0.25, -5, 4]
		},
		"thirdperson_lefthand": {
			"rotation": [0, 90, 0],
			"translation": [0.25, -5, 4]
		},
		"firstperson_righthand": {
			"rotation": [0, 180, 5],
			"translation": [-1, -14, 2],
			"scale": [1.25, 1.25, 1.25]
		},
		"firstperson_lefthand": {
			"rotation": [0, 180, 5],
			"translation": [-1, -14, 2],
			"scale": [1.25, 1.25, 1.25]
		},
		"ground": {
			"translation": [0, 6.5, 0]
		},
		"gui": {
			"rotation": [15, -25, -5],
			"translation": [0, -1.5, 0],
			"scale": [0.55, 0.55, 0.55]
		},
		"head": {
			"translation": [0, -16, 4.5]
		},
		"fixed": {
			"rotation": [0, 180, 0],
			"translation": [0, -2.5, 1.5],
			"scale": [0.7, 0.7, 0.7]
		}
	},
	"groups": [
		{
			"name": "group",
			"origin": [0, 0, 0],
			"color": 0,
			"children": [0, 1, 2, 3]
		}
	]
}