{
  "variants": {
		"axis=x":	[
					{ "model": "minecraft:block/0_log", "weight":100, "x": 90, "y": 90 },
					{ "model": "minecraft:block/1_log", "weight":10,  "x": 90, "y": 90 },
					{ "model": "minecraft:block/2_log", "weight":100, "x": 90, "y": 90 },
					{ "model": "minecraft:block/4_log", "weight":100, "x": 90, "y": 90 },
					{ "model": "minecraft:block/5_log", "weight":10,  "x": 90, "y": 90 }
	],
		"axis=y":	[
					{ "model": "minecraft:block/0_log", "weight":100 },
					{ "model": "minecraft:block/1_log", "weight":10  },
					{ "model": "minecraft:block/2_log", "weight":100 },
					{ "model": "minecraft:block/4_log", "weight":100 },
					{ "model": "minecraft:block/5_log", "weight":10  }
	],
		"axis=z": 	[
					{ "model": "minecraft:block/0_log", "weight":100, "x": 90 },
					{ "model": "minecraft:block/1_log", "weight":10,  "x": 90 },
					{ "model": "minecraft:block/2_log", "weight":100, "x": 90 },
					{ "model": "minecraft:block/4_log", "weight":100, "x": 90 },
					{ "model": "minecraft:block/5_log", "weight":10,  "x": 90 }
	]
  }
}
