{
    "credit": "Made with Blockbench, by Enchanted Games (https://www.youtube.com/c/enchantedgames)",
    "parent": "block/block",
    "textures": {
        "texture": "block/powder_snow",
        "particle": "block/powder_snow"
    },
    "elements": [
        {
            "from": [0, 0, 0],
            "to": [16, 16, 16],
            "faces": {
                "north": { "uv": [0, 16, 16, 0], "texture": "#texture", "cullface": "north" },
                "east": { "uv": [0, 16, 16, 0], "texture": "#texture", "cullface": "east" },
                "south": { "uv": [0, 16, 16, 0], "texture": "#texture", "cullface": "south" },
                "west": { "uv": [0, 16, 16, 0], "texture": "#texture", "cullface": "west" },
                "up": { "uv": [0, 16, 16, 0], "texture": "#texture", "cullface": "up" },
                "down": { "uv": [0, 16, 16, 0], "texture": "#texture", "cullface": "down" }
            }
        }
    ]
}
