{
  "variants": {
        "axis=x": [

            {
              "model": "minecraft:block/oak_log_horizontal",
              "x": 90,
              "y": 90
            },
            {
              "model": "minecraft:block/oak_log_1_horizontal",
              "x": 90,
              "y": 90
            },
            {
              "model": "minecraft:block/oak_log_2_horizontal",
              "x": 90,
              "y": 90
            }

        ],
        "axis=y": [

            {
              "model": "minecraft:block/oak_log",
              "weight": 1000
            },
            {
              "model": "minecraft:block/oak_log_1",
              "weight": 5
            },
            {
              "model": "minecraft:block/oak_log_1_1",
              "weight": 5
            },
            {
              "model": "minecraft:block/oak_log_1",
              "weight": 5,
              "y": 180
            },
            {
              "model": "minecraft:block/oak_log_1_1",
              "weight": 5,
              "y": 180
            },
            {
              "model": "minecraft:block/oak_log_1",
              "weight": 5,
              "y": 90
            },
            {
              "model": "minecraft:block/oak_log_1_1",
              "weight": 5,
              "y": 90
            },
            {
              "model": "minecraft:block/oak_log_2",
              "weight": 500
            }

        ],
        "axis=z": [
          {
            "model": "minecraft:block/oak_log_horizontal",
            "x": 90
          },
          {
            "model": "minecraft:block/oak_log_1_horizontal",
            "x": 90
          },
          {
            "model": "minecraft:block/oak_log_2_horizontal",
            "x": 90
          }

        ]
    }
}
