{
  "variants": {
        "axis=x": [

            {
              "model": "minecraft:block/spruce_log_horizontal",
              "x": 90,
              "y": 90
            },
            {
              "model": "minecraft:block/spruce_log_horizontal_1",
              "x": 90,
              "y": 90
            },
            {
              "model": "minecraft:block/spruce_log_horizontal_2",
              "x": 90,
              "y": 90
            }

        ],
        "axis=y": [

            {
              "model": "minecraft:block/spruce_log",
              "weight": 1000
            },
            {
              "model": "minecraft:block/spruce_log_1",
              "weight": 10
            },
            {
              "model": "minecraft:block/spruce_log_2",
              "weight": 500
            }

        ],
        "axis=z": [
          {
            "model": "minecraft:block/spruce_log_horizontal",
            "x": 90
          },
          {
            "model": "minecraft:block/spruce_log_horizontal_1",
            "x": 90
          },
          {
            "model": "minecraft:block/spruce_log_horizontal_2",
            "x": 90
          }

        ]
    }
}
