{
	"credit": "Made by Ecorn",
	"textures": {
		"bush": "#bush",
		"bush_shadow": "#bush_shadow",
		"default": "#default",
		"particle": "#default"
	},
	"elements": [
		{
			"from": [0, 0, 0],
			"to": [16, 16, 16],
			"faces": {
				"north": {"uv": [0, 0, 16, 16], "texture": "#default", "cullface": "north", "tintindex": 0},
				"east": {"uv": [0, 0, 16, 16], "texture": "#default", "cullface": "east", "tintindex": 0},
				"south": {"uv": [0, 0, 16, 16], "texture": "#default", "cullface": "south", "tintindex": 0},
				"west": {"uv": [0, 0, 16, 16], "texture": "#default", "cullface": "west", "tintindex": 0},
				"up": {"uv": [0, 0, 16, 16], "texture": "#default", "cullface": "up", "tintindex": 0},
				"down": {"uv": [0, 0, 16, 16], "texture": "#default", "cullface": "down", "tintindex": 0}
			}
		},
		{
			"from": [0, 16, 8],
			"to": [16, 22, 8],
			"shade": false,
			"rotation": {"angle": 22.5, "axis": "y", "origin": [8, 8, 8], "rescale": true},
			"faces": {
				"north": {"uv": [0, 0, 16, 6], "rotation": 180, "texture": "#bush", "tintindex": 0},
				"south": {"uv": [0, 0, 16, 6], "rotation": 180, "texture": "#bush", "tintindex": 0}
			}
		},
		{
			"from": [8, 16, 0],
			"to": [8, 22, 16],
			"shade": false,
			"rotation": {"angle": 22.5, "axis": "y", "origin": [8, 8, 8], "rescale": true},
			"faces": {
				"east": {"uv": [0, 0, 16, 6], "rotation": 180, "texture": "#bush", "tintindex": 0},
				"west": {"uv": [0, 0, 16, 6], "rotation": 180, "texture": "#bush", "tintindex": 0}
			}
		},
		{
			"from": [0, -6, 8],
			"to": [16, 0, 8],
			"shade": false,
			"rotation": {"angle": -22.5, "axis": "y", "origin": [8, 8, 8], "rescale": true},
			"faces": {
				"north": {"uv": [0, 0, 16, 6], "texture": "#bush_shadow", "tintindex": 0},
				"south": {"uv": [0, 0, 16, 6], "texture": "#bush_shadow", "tintindex": 0}
			}
		},
		{
			"from": [8, -6, 0],
			"to": [8, 0, 16],
			"shade": false,
			"rotation": {"angle": -22.5, "axis": "y", "origin": [8, 8, 8], "rescale": true},
			"faces": {
				"east": {"uv": [0, 0, 16, 6], "texture": "#bush_shadow", "tintindex": 0},
				"west": {"uv": [0, 0, 16, 6], "texture": "#bush_shadow", "tintindex": 0}
			}
		},
		{
			"from": [-6, 8, 0],
			"to": [0, 8, 16],
			"shade": false,
			"rotation": {"angle": 22.5, "axis": "x", "origin": [-3, 8, 8], "rescale": true},
			"faces": {
				"up": {"uv": [0, 0, 16, 6], "rotation": 90, "texture": "#bush_shadow", "tintindex": 0},
				"down": {"uv": [0, 0, 16, 6], "rotation": 90, "texture": "#bush_shadow", "tintindex": 0}
			}
		},
		{
			"from": [16, 0, 8],
			"to": [22, 16, 8],
			"shade": false,
			"rotation": {"angle": -22.5, "axis": "x", "origin": [19, 8, 8], "rescale": true},
			"faces": {
				"north": {"uv": [0, 0, 16, 6], "rotation": 90, "texture": "#bush_shadow", "tintindex": 0},
				"south": {"uv": [0, 0, 16, 6], "rotation": 270, "texture": "#bush_shadow", "tintindex": 0}
			}
		},
		{
			"from": [-6, 0, 8],
			"to": [0, 16, 8],
			"shade": false,
			"rotation": {"angle": 22.5, "axis": "x", "origin": [-3, 8, 8], "rescale": true},
			"faces": {
				"north": {"uv": [0, 0, 16, 6], "rotation": 270, "texture": "#bush_shadow", "tintindex": 0},
				"south": {"uv": [0, 0, 16, 6], "rotation": 90, "texture": "#bush_shadow", "tintindex": 0}
			}
		},
		{
			"from": [16, 8, 0],
			"to": [22, 8, 16],
			"shade": false,
			"rotation": {"angle": -22.5, "axis": "x", "origin": [19, 8, 8], "rescale": true},
			"faces": {
				"up": {"uv": [0, 0, 16, 6], "rotation": 270, "texture": "#bush_shadow", "tintindex": 0},
				"down": {"uv": [0, 0, 16, 6], "rotation": 270, "texture": "#bush_shadow", "tintindex": 0}
			}
		},
		{
			"from": [0, 8, 16],
			"to": [16, 8, 22],
			"shade": false,
			"rotation": {"angle": -22.5, "axis": "z", "origin": [8, 8, 19], "rescale": true},
			"faces": {
				"up": {"uv": [0, 0, 16, 6], "texture": "#bush", "tintindex": 0},
				"down": {"uv": [0, 0, 16, 6], "rotation": 180, "texture": "#bush", "tintindex": 0}
			}
		},
		{
			"from": [8, 0, -6],
			"to": [8, 16, 0],
			"shade": false,
			"rotation": {"angle": 22.5, "axis": "z", "origin": [8, 8, -3], "rescale": true},
			"faces": {
				"east": {"uv": [0, 0, 16, 6], "rotation": 270, "texture": "#bush", "tintindex": 0},
				"west": {"uv": [0, 0, 16, 6], "rotation": 90, "texture": "#bush", "tintindex": 0}
			}
		},
		{
			"from": [8, 0, 16],
			"to": [8, 16, 22],
			"shade": false,
			"rotation": {"angle": -22.5, "axis": "z", "origin": [8, 8, 19], "rescale": true},
			"faces": {
				"east": {"uv": [0, 0, 16, 6], "rotation": 90, "texture": "#bush", "tintindex": 0},
				"west": {"uv": [0, 0, 16, 6], "rotation": 270, "texture": "#bush", "tintindex": 0}
			}
		},
		{
			"from": [0, 8, -6],
			"to": [16, 8, 0],
			"shade": false,
			"rotation": {"angle": 22.5, "axis": "z", "origin": [8, 8, -3], "rescale": true},
			"faces": {
				"up": {"uv": [0, 0, 16, 6], "rotation": 180, "texture": "#bush", "tintindex": 0},
				"down": {"uv": [0, 0, 16, 6], "texture": "#bush", "tintindex": 0}
			}
		}
	]
}
