{
	"credit": "Made with Blockbench",
	"parent": "block/thin_block",
	"textures": {
		"particle": "block/iron_trapdoor",
		"texture": "block/iron_trapdoor"
	},
	"elements": [
		{
			"from": [0, 0, 0],
			"to": [16, 3, 3],
			"faces": {
				"north": {"uv": [0, 16, 16, 13], "texture": "#texture", "cullface": "north"},
				"east": {"uv": [13, 16, 16, 13], "texture": "#texture", "cullface": "east"},
				"south": {"uv": [0, 16, 16, 13], "texture": "#texture"},
				"west": {"uv": [0, 16, 3, 13], "texture": "#texture", "cullface": "west"},
				"up": {"uv": [0, 0, 16, 3], "texture": "#texture"},
				"down": {"uv": [0, 13, 16, 16], "texture": "#texture", "cullface": "down"}
			}
		},
		{
			"from": [0, 0, 13],
			"to": [16, 3, 16],
			"faces": {
				"north": {"uv": [0, 16, 16, 13], "texture": "#texture"},
				"east": {"uv": [0, 16, 3, 13], "texture": "#texture", "cullface": "east"},
				"south": {"uv": [0, 16, 16, 13], "texture": "#texture", "cullface": "south"},
				"west": {"uv": [13, 16, 16, 13], "texture": "#texture", "cullface": "west"},
				"up": {"uv": [0, 13, 16, 16], "texture": "#texture"},
				"down": {"uv": [0, 0, 16, 3], "texture": "#texture", "cullface": "down"}
			}
		},
		{
			"from": [0, 0, 3],
			"to": [3, 3, 13],
			"faces": {
				"east": {"uv": [3, 16, 13, 13], "texture": "#texture"},
				"west": {"uv": [3, 16, 13, 13], "texture": "#texture", "cullface": "west"},
				"up": {"uv": [0, 3, 3, 13], "texture": "#texture"},
				"down": {"uv": [0, 3, 3, 13], "texture": "#texture", "cullface": "down"}
			}
		},
		{
			"from": [13, 0, 3],
			"to": [16, 3, 13],
			"faces": {
				"east": {"uv": [3, 16, 13, 13], "texture": "#texture", "cullface": "east"},
				"west": {"uv": [3, 16, 13, 13], "texture": "#texture"},
				"up": {"uv": [13, 3, 16, 13], "texture": "#texture"},
				"down": {"uv": [13, 3, 16, 13], "texture": "#texture", "cullface": "down"}
			}
		},
		{
			"from": [3, 0, 6],
			"to": [13, 3, 10],
			"faces": {
				"north": {"uv": [3, 16, 13, 13], "texture": "#texture"},
				"south": {"uv": [3, 16, 13, 13], "texture": "#texture"},
				"up": {"uv": [3, 6, 13, 10], "texture": "#texture"},
				"down": {"uv": [3, 6, 13, 10], "texture": "#texture", "cullface": "down"}
			}
		},
		{
			"from": [6, 0, 3],
			"to": [10, 3, 13],
			"faces": {
				"east": {"uv": [3, 16, 13, 13], "texture": "#texture"},
				"west": {"uv": [3, 16, 13, 13], "texture": "#texture"},
				"up": {"uv": [6, 3, 10, 13], "texture": "#texture"},
				"down": {"uv": [6, 3, 10, 13], "texture": "#texture", "cullface": "down"}
			}
		}
	]
}
