{
	"credit": "Made with Blockbench",
	"parent": "block/block",
	"textures": {
		"0": "block/mangrove_trapdoor",
		"particle": "block/mangrove_trapdoor"
	},
	"elements": [
		{
			"name": "Element",
			"from": [11, 0, 0],
			"to": [16, 3, 16],
			"rotation": {"angle": 0, "axis": "y", "origin": [16, 0, 0]},
			"faces": {
				"north": {"uv": [5, 13, 0, 16], "texture": "#0", "cullface": "north"},
				"east": {"uv": [0, 16, 3, 0], "rotation": 270, "texture": "#0"},
				"south": {"uv": [16, 13, 11, 16], "texture": "#0", "cullface": "south"},
				"west": {"uv": [16, 0, 0, 3], "rotation": 180, "texture": "#0", "cullface": "east"},
				"up": {"uv": [16, 0, 11, 16], "rotation": 180, "texture": "#0", "cullface": "up"},
				"down": {"uv": [5, 0, 0, 16], "texture": "#0"}
			}
		},
		{
			"name": "Element",
			"from": [0, 0, 0],
			"to": [5, 3, 16],
			"faces": {
				"north": {"uv": [0, 13, 5, 16], "texture": "#0", "cullface": "north"},
				"east": {"uv": [0, 0, 16, 3], "rotation": 180, "texture": "#0", "cullface": "east"},
				"south": {"uv": [11, 13, 16, 16], "texture": "#0", "cullface": "south"},
				"west": {"uv": [0, 0, 3, 16], "rotation": 270, "texture": "#0"},
				"up": {"uv": [11, 0, 16, 16], "rotation": 180, "texture": "#0", "cullface": "up"},
				"down": {"uv": [0, 0, 5, 16], "texture": "#0"}
			}
		},
		{
			"name": "Element",
			"from": [5, 0, 0],
			"to": [11, 3, 5],
			"faces": {
				"north": {"uv": [0, 6, 3, 11], "rotation": 270, "texture": "#0"},
				"east": {"uv": [0, 13, 5, 16], "texture": "#missing", "cullface": "north"},
				"south": {"uv": [5, 0, 11, 3], "rotation": 180, "texture": "#0", "cullface": "east"},
				"west": {"uv": [11, 13, 16, 16], "texture": "#missing", "cullface": "south"},
				"up": {"uv": [11, 5, 16, 11], "rotation": 270, "texture": "#0", "cullface": "up"},
				"down": {"uv": [0, 5, 5, 11], "rotation": 270, "texture": "#0"}
			}
		},
		{
			"name": "Element",
			"from": [5, 0, 11],
			"to": [11, 3, 16],
			"faces": {
				"north": {"uv": [5, 0, 11, 3], "rotation": 180, "texture": "#0", "cullface": "east"},
				"east": {"uv": [11, 13, 16, 16], "texture": "#missing", "cullface": "south"},
				"south": {"uv": [0, 6, 3, 10], "rotation": 270, "texture": "#0"},
				"west": {"uv": [0, 13, 5, 16], "texture": "#missing", "cullface": "north"},
				"up": {"uv": [11, 6, 16, 10], "rotation": 90, "texture": "#0", "cullface": "up"},
				"down": {"uv": [0, 5, 5, 11], "rotation": 90, "texture": "#0"}
			}
		},
		{
			"name": "Element",
			"from": [5, 0, 10],
			"to": [6, 3, 11],
			"faces": {
				"north": {"uv": [8, 0, 9, 3], "rotation": 180, "texture": "#0", "cullface": "east"},
				"east": {"uv": [8, 0, 9, 3], "rotation": 180, "texture": "#0", "cullface": "east"},
				"south": {"uv": [8, 0, 9, 3], "rotation": 180, "texture": "#missing", "cullface": "east"},
				"west": {"uv": [8, 0, 9, 3], "rotation": 180, "texture": "#missing", "cullface": "east"},
				"up": {"uv": [10, 5, 11, 6], "rotation": 180, "texture": "#0", "cullface": "east"},
				"down": {"uv": [10, 5, 11, 6], "rotation": 180, "texture": "#0", "cullface": "east"}
			}
		},
		{
			"name": "Element",
			"from": [10, 0, 10],
			"to": [11, 3, 11],
			"faces": {
				"north": {"uv": [8, 0, 9, 3], "rotation": 180, "texture": "#0", "cullface": "east"},
				"east": {"uv": [8, 0, 9, 3], "rotation": 180, "texture": "#missing", "cullface": "east"},
				"south": {"uv": [8, 0, 9, 3], "rotation": 180, "texture": "#missing", "cullface": "east"},
				"west": {"uv": [8, 0, 9, 3], "rotation": 180, "texture": "#0", "cullface": "east"},
				"up": {"uv": [10, 5, 11, 6], "rotation": 180, "texture": "#0", "cullface": "east"},
				"down": {"uv": [10, 5, 11, 6], "rotation": 180, "texture": "#0", "cullface": "east"}
			}
		},
		{
			"name": "Element",
			"from": [10, 0, 5],
			"to": [11, 3, 6],
			"faces": {
				"north": {"uv": [8, 0, 9, 3], "rotation": 180, "texture": "#missing", "cullface": "east"},
				"east": {"uv": [8, 0, 9, 3], "rotation": 180, "texture": "#missing", "cullface": "east"},
				"south": {"uv": [8, 0, 9, 3], "rotation": 180, "texture": "#0", "cullface": "east"},
				"west": {"uv": [8, 0, 9, 3], "rotation": 180, "texture": "#0", "cullface": "east"},
				"up": {"uv": [10, 5, 11, 6], "rotation": 180, "texture": "#0", "cullface": "east"},
				"down": {"uv": [10, 5, 11, 6], "rotation": 180, "texture": "#0", "cullface": "east"}
			}
		},
		{
			"name": "Element",
			"from": [5, 0, 5],
			"to": [6, 3, 6],
			"faces": {
				"north": {"uv": [8, 0, 9, 3], "rotation": 180, "texture": "#missing", "cullface": "east"},
				"east": {"uv": [8, 0, 9, 3], "rotation": 180, "texture": "#0", "cullface": "east"},
				"south": {"uv": [8, 0, 9, 3], "rotation": 180, "texture": "#0", "cullface": "east"},
				"west": {"uv": [8, 0, 9, 3], "rotation": 180, "texture": "#missing", "cullface": "east"},
				"up": {"uv": [10, 5, 11, 6], "rotation": 180, "texture": "#0", "cullface": "east"},
				"down": {"uv": [10, 5, 11, 6], "rotation": 180, "texture": "#0", "cullface": "east"}
			}
		}
	]
}