{
	"credit": "Made with Blockbench",
	"parent": "block/block",
	"textures": {
		"particle": "block/lantern",
		"lantern": "block/lantern"
	},
	"elements": [
		{
			"name": "chain",
			"from": [7.7, 9, 6.5],
			"to": [8.3, 11, 7.5],
			"rotation": {"angle": 45, "axis": "y", "origin": [8, 8, 8]},
			"faces": {
				"north": {"uv": [13, 6, 14, 7], "texture": "#lantern"},
				"east": {"uv": [13, 6, 14, 7], "texture": "#lantern"},
				"south": {"uv": [13, 6, 14, 7], "texture": "#lantern"},
				"west": {"uv": [13, 6, 14, 7], "texture": "#lantern"},
				"up": {"uv": [13, 6, 14, 7], "texture": "#lantern"},
				"down": {"uv": [13, 6, 14, 7], "texture": "#lantern"}
			}
		},
		{
			"name": "chain",
			"from": [7.7, 9, 8.5],
			"to": [8.3, 11, 9.5],
			"rotation": {"angle": 45, "axis": "y", "origin": [8, 8, 8]},
			"faces": {
				"north": {"uv": [13, 10, 14, 12], "texture": "#lantern"},
				"east": {"uv": [13, 10, 14, 12], "texture": "#lantern"},
				"south": {"uv": [13, 10, 14, 12], "texture": "#lantern"},
				"west": {"uv": [13, 10, 14, 12], "texture": "#lantern"},
				"up": {"uv": [13, 10, 14, 11], "texture": "#lantern"},
				"down": {"uv": [13, 10, 14, 12], "texture": "#lantern"}
			}
		},
		{
			"name": "chain",
			"from": [7.7, 10, 7.5],
			"to": [8.3, 11, 8.5],
			"rotation": {"angle": 45, "axis": "y", "origin": [8, 8, 8]},
			"faces": {
				"north": {"uv": [13, 10, 14, 11], "texture": "#lantern"},
				"east": {"uv": [13, 10, 14, 11], "texture": "#lantern"},
				"south": {"uv": [13, 10, 14, 11], "texture": "#lantern"},
				"west": {"uv": [13, 10, 14, 11], "texture": "#lantern"},
				"up": {"uv": [13, 10, 14, 11], "texture": "#lantern"},
				"down": {"uv": [13, 10, 14, 11], "texture": "#lantern"}
			}
		},
		{
			"name": "chain",
			"from": [7.7, 9, 8.5],
			"to": [8.3, 11, 9.5],
			"rotation": {"angle": -45, "axis": "y", "origin": [8, 8, 8]},
			"faces": {
				"north": {"uv": [13, 10, 14, 12], "texture": "#lantern"},
				"east": {"uv": [13, 10, 14, 12], "texture": "#lantern"},
				"south": {"uv": [13, 10, 14, 12], "texture": "#lantern"},
				"west": {"uv": [13, 10, 14, 12], "texture": "#lantern"},
				"up": {"uv": [13, 10, 14, 11], "texture": "#lantern"},
				"down": {"uv": [13, 10, 14, 12], "texture": "#lantern"}
			}
		},
		{
			"name": "chain",
			"from": [7.7, 10, 7.5],
			"to": [8.3, 11, 8.5],
			"rotation": {"angle": -45, "axis": "y", "origin": [8, 8, 8]},
			"faces": {
				"north": {"uv": [13, 10, 14, 11], "texture": "#lantern"},
				"east": {"uv": [13, 10, 14, 11], "texture": "#lantern"},
				"south": {"uv": [13, 10, 14, 11], "texture": "#lantern"},
				"west": {"uv": [13, 10, 14, 11], "texture": "#lantern"},
				"up": {"uv": [13, 10, 14, 11], "texture": "#lantern"},
				"down": {"uv": [13, 10, 14, 11], "texture": "#lantern"}
			}
		},
		{
			"name": "chain",
			"from": [7.7, 9, 6.5],
			"to": [8.3, 11, 7.5],
			"rotation": {"angle": -45, "axis": "y", "origin": [8, 8, 8]},
			"faces": {
				"north": {"uv": [11, 6, 12, 8], "texture": "#lantern"},
				"east": {"uv": [11, 6, 12, 8], "texture": "#lantern"},
				"south": {"uv": [11, 6, 12, 8], "texture": "#lantern"},
				"west": {"uv": [11, 6, 12, 8], "texture": "#lantern"},
				"up": {"uv": [11, 6, 12, 8], "texture": "#lantern"},
				"down": {"uv": [11, 6, 12, 8], "texture": "#lantern"}
			}
		},
		{
			"name": "lantern",
			"from": [5.2, 1, 6],
			"to": [9.2, 6, 10],
			"faces": {
				"north": {"uv": [1, 3, 5, 8], "texture": "#lantern"},
				"east": {"uv": [1, 3, 5, 8], "texture": "#lantern"},
				"south": {"uv": [1, 3, 5, 8], "texture": "#lantern"},
				"west": {"uv": [1, 3, 5, 8], "texture": "#lantern"},
				"up": {"uv": [1, 3, 5, 8], "texture": "#lantern"},
				"down": {"uv": [1, 3, 5, 8], "texture": "#lantern"}
			}
		},
		{
			"name": "lantern",
			"from": [6, 1, 5.2],
			"to": [10, 6, 9.2],
			"faces": {
				"north": {"uv": [1, 3, 5, 8], "texture": "#lantern"},
				"east": {"uv": [1, 3, 5, 8], "texture": "#lantern"},
				"south": {"uv": [1, 3, 5, 8], "texture": "#lantern"},
				"west": {"uv": [1, 3, 5, 8], "texture": "#lantern"},
				"up": {"uv": [1, 3, 5, 8], "texture": "#lantern"},
				"down": {"uv": [1, 3, 5, 8], "texture": "#lantern"}
			}
		},
		{
			"name": "lantern",
			"from": [6.8, 1, 6],
			"to": [10.8, 6, 10],
			"faces": {
				"north": {"uv": [1, 3, 5, 8], "texture": "#lantern"},
				"east": {"uv": [1, 3, 5, 8], "texture": "#lantern"},
				"south": {"uv": [1, 3, 5, 8], "texture": "#lantern"},
				"west": {"uv": [1, 3, 5, 8], "texture": "#lantern"},
				"up": {"uv": [1, 3, 5, 8], "texture": "#lantern"},
				"down": {"uv": [1, 3, 5, 8], "texture": "#lantern"}
			}
		},
		{
			"name": "lantern",
			"from": [6, 1, 6.8],
			"to": [10, 6, 10.8],
			"faces": {
				"north": {"uv": [1, 3, 5, 8], "texture": "#lantern"},
				"east": {"uv": [1, 3, 5, 8], "texture": "#lantern"},
				"south": {"uv": [1, 3, 5, 8], "texture": "#lantern"},
				"west": {"uv": [1, 3, 5, 8], "texture": "#lantern"},
				"up": {"uv": [1, 3, 5, 8], "texture": "#lantern"},
				"down": {"uv": [1, 3, 5, 8], "texture": "#lantern"}
			}
		},
		{
			"name": "lantern",
			"from": [10, 1, 5],
			"to": [11, 6, 6],
			"faces": {
				"north": {"uv": [0, 3, 1, 8], "texture": "#lantern"},
				"east": {"uv": [0, 3, 1, 8], "texture": "#lantern"},
				"south": {"uv": [0, 3, 1, 8], "texture": "#lantern"},
				"west": {"uv": [0, 3, 1, 8], "texture": "#lantern"},
				"up": {"uv": [0, 3, 1, 8], "texture": "#lantern"},
				"down": {"uv": [0, 3, 1, 8], "texture": "#lantern"}
			}
		},
		{
			"name": "lantern",
			"from": [5, 1, 10],
			"to": [6, 6, 11],
			"faces": {
				"north": {"uv": [0, 3, 1, 8], "texture": "#lantern"},
				"east": {"uv": [0, 3, 1, 8], "texture": "#lantern"},
				"south": {"uv": [0, 3, 1, 8], "texture": "#lantern"},
				"west": {"uv": [0, 3, 1, 8], "texture": "#lantern"},
				"up": {"uv": [0, 3, 1, 8], "texture": "#lantern"},
				"down": {"uv": [0, 3, 1, 8], "texture": "#lantern"}
			}
		},
		{
			"name": "lantern",
			"from": [5, 1, 5],
			"to": [6, 6, 6],
			"faces": {
				"north": {"uv": [5, 3, 6, 8], "texture": "#lantern"},
				"east": {"uv": [5, 3, 6, 8], "texture": "#lantern"},
				"south": {"uv": [5, 3, 6, 8], "texture": "#lantern"},
				"west": {"uv": [5, 3, 6, 8], "texture": "#lantern"},
				"up": {"uv": [5, 3, 6, 8], "texture": "#lantern"},
				"down": {"uv": [5, 3, 6, 8], "texture": "#lantern"}
			}
		},
		{
			"name": "lantern",
			"from": [10, 1, 10],
			"to": [11, 6, 11],
			"faces": {
				"north": {"uv": [5, 3, 6, 8], "texture": "#lantern"},
				"east": {"uv": [5, 3, 6, 8], "texture": "#lantern"},
				"south": {"uv": [5, 3, 6, 8], "texture": "#lantern"},
				"west": {"uv": [5, 3, 6, 8], "texture": "#lantern"},
				"up": {"uv": [5, 3, 6, 8], "texture": "#lantern"},
				"down": {"uv": [5, 3, 6, 8], "texture": "#lantern"}
			}
		},
		{
			"name": "lantern",
			"from": [6.2, 7, 6.2],
			"to": [9.8, 8, 9.8],
			"faces": {
				"north": {"uv": [1, 1, 5, 2], "texture": "#lantern"},
				"east": {"uv": [1, 1, 5, 2], "texture": "#lantern"},
				"south": {"uv": [1, 1, 5, 2], "texture": "#lantern"},
				"west": {"uv": [1, 1, 5, 2], "texture": "#lantern"},
				"up": {"uv": [1, 1, 5, 2], "texture": "#lantern"},
				"down": {"uv": [1, 1, 5, 2], "texture": "#lantern"}
			}
		},
		{
			"name": "lantern",
			"from": [6, 8, 6],
			"to": [10, 9, 10],
			"faces": {
				"north": {"uv": [1, 0, 5, 1], "texture": "#lantern"},
				"east": {"uv": [1, 0, 5, 1], "texture": "#lantern"},
				"south": {"uv": [1, 0, 5, 1], "texture": "#lantern"},
				"west": {"uv": [1, 0, 5, 1], "texture": "#lantern"},
				"up": {"uv": [0, 9, 6, 15], "texture": "#lantern"},
				"down": {"uv": [0, 9, 6, 15], "texture": "#lantern"}
			}
		},
		{
			"name": "lantern",
			"from": [5, 6, 5],
			"to": [11, 7, 11],
			"faces": {
				"north": {"uv": [0, 2, 6, 3], "texture": "#lantern"},
				"east": {"uv": [0, 2, 6, 3], "texture": "#lantern"},
				"south": {"uv": [0, 2, 6, 3], "texture": "#lantern"},
				"west": {"uv": [0, 2, 6, 3], "texture": "#lantern"},
				"up": {"uv": [0, 9, 6, 15], "texture": "#lantern"},
				"down": {"uv": [0, 9, 6, 15], "texture": "#lantern"}
			}
		},
		{
			"name": "lantern",
			"from": [5, 0, 5],
			"to": [11, 1, 11],
			"faces": {
				"north": {"uv": [0, 2, 6, 3], "texture": "#lantern"},
				"east": {"uv": [0, 2, 6, 3], "texture": "#lantern"},
				"south": {"uv": [0, 2, 6, 3], "texture": "#lantern"},
				"west": {"uv": [0, 2, 6, 3], "texture": "#lantern"},
				"up": {"uv": [0, 9, 6, 15], "texture": "#lantern"},
				"down": {"uv": [0, 9, 6, 15], "texture": "#lantern"}
			}
		}
	]
}