{
	"credit": "Made with Blockbench",
	"parent": "block/block",
	"textures": {
		"1": "block/lantern",
		"particle": "block/lantern",
		"chain": "block/chain"
	},
	"elements": [
		{
			"name": "chain",
			"from": [7.7, 10, 6.5],
			"to": [8.3, 12, 9.5],
			"rotation": {"angle": 45, "axis": "y", "origin": [8, 8, 8]},
			"faces": {
				"north": {"uv": [13, 10, 14, 12], "texture": "#1"},
				"east": {"uv": [11, 10, 14, 12], "texture": "#1"},
				"south": {"uv": [11, 10, 12, 12], "texture": "#1"},
				"west": {"uv": [11, 10, 14, 12], "texture": "#1"},
				"up": {"uv": [11, 10, 14, 11], "rotation": 90, "texture": "#1"}
			}
		},
		{
			"name": "chain",
			"from": [6.5, 11, 7.7],
			"to": [9.5, 15, 8.3],
			"rotation": {"angle": 45, "axis": "y", "origin": [8, 8, 8]},
			"faces": {
				"north": {"uv": [14, 1, 11, 5], "texture": "#1"},
				"east": {"uv": [12, 1, 11, 5], "texture": "#1"},
				"south": {"uv": [14, 1, 11, 5], "texture": "#1"},
				"west": {"uv": [14, 1, 13, 5], "texture": "#1"},
				"up": {"uv": [14, 1, 11, 2], "texture": "#1"},
				"down": {"uv": [14, 1, 11, 2], "texture": "#1"}
			}
		},
		{
			"name": "chain",
			"from": [7.7, 14, 6.5],
			"to": [8.3, 16, 9.5],
			"rotation": {"angle": 45, "axis": "y", "origin": [8, 8, 8]},
			"faces": {
				"north": {"uv": [13, 6, 14, 8], "texture": "#1"},
				"east": {"uv": [11, 6, 14, 8], "texture": "#1"},
				"south": {"uv": [11, 6, 12, 8], "texture": "#1"},
				"west": {"uv": [11, 6, 14, 8], "texture": "#1"},
				"down": {"uv": [11, 7, 14, 8], "rotation": 90, "texture": "#1"}
			}
		},
		{
			"name": "inverted",
			"from": [8.5, 10, 7.5],
			"to": [7.5, 16, 8.5],
			"rotation": {"angle": 45, "axis": "y", "origin": [8, 8, 8]},
			"faces": {
				"north": {"uv": [3, 5, 4, 11], "texture": "#chain"},
				"east": {"uv": [2, 5, 3, 11], "texture": "#chain"},
				"south": {"uv": [3, 5, 4, 11], "texture": "#chain"},
				"west": {"uv": [9, 5, 10, 11], "texture": "#1"}
			}
		},
		{
			"name": "lantern",
			"from": [10, 2, 5],
			"to": [11, 7, 6],
			"faces": {
				"north": {"uv": [0, 3, 1, 8], "texture": "#1"},
				"east": {"uv": [0, 3, 1, 8], "texture": "#1"},
				"south": {"uv": [0, 3, 1, 8], "texture": "#1"},
				"west": {"uv": [0, 3, 1, 8], "texture": "#1"},
				"up": {"uv": [0, 3, 1, 8], "texture": "#missing"},
				"down": {"uv": [0, 3, 1, 8], "texture": "#missing"}
			}
		},
		{
			"name": "lantern",
			"from": [5, 2, 10],
			"to": [6, 7, 11],
			"faces": {
				"north": {"uv": [0, 3, 1, 8], "texture": "#1"},
				"east": {"uv": [0, 3, 1, 8], "texture": "#1"},
				"south": {"uv": [0, 3, 1, 8], "texture": "#1"},
				"west": {"uv": [0, 3, 1, 8], "texture": "#1"},
				"up": {"uv": [0, 3, 1, 8], "texture": "#missing"},
				"down": {"uv": [0, 3, 1, 8], "texture": "#missing"}
			}
		},
		{
			"name": "lantern",
			"from": [5, 2, 5],
			"to": [6, 7, 6],
			"faces": {
				"north": {"uv": [5, 3, 6, 8], "texture": "#1"},
				"east": {"uv": [5, 3, 6, 8], "texture": "#1"},
				"south": {"uv": [5, 3, 6, 8], "texture": "#1"},
				"west": {"uv": [5, 3, 6, 8], "texture": "#1"},
				"up": {"uv": [5, 3, 6, 8], "texture": "#missing"},
				"down": {"uv": [5, 3, 6, 8], "texture": "#missing"}
			}
		},
		{
			"name": "lantern",
			"from": [10, 2, 10],
			"to": [11, 7, 11],
			"faces": {
				"north": {"uv": [5, 3, 6, 8], "texture": "#1"},
				"east": {"uv": [5, 3, 6, 8], "texture": "#1"},
				"south": {"uv": [5, 3, 6, 8], "texture": "#1"},
				"west": {"uv": [5, 3, 6, 8], "texture": "#1"},
				"up": {"uv": [5, 3, 6, 8], "texture": "#missing"},
				"down": {"uv": [5, 3, 6, 8], "texture": "#missing"}
			}
		},
		{
			"name": "lantern",
			"from": [5, 7, 5],
			"to": [11, 8, 11],
			"faces": {
				"north": {"uv": [0, 2, 6, 3], "texture": "#1"},
				"east": {"uv": [0, 2, 6, 3], "texture": "#1"},
				"south": {"uv": [0, 2, 6, 3], "texture": "#1"},
				"west": {"uv": [0, 2, 6, 3], "texture": "#1"},
				"up": {"uv": [0, 9, 6, 15], "texture": "#1"},
				"down": {"uv": [0, 9, 6, 15], "texture": "#1"}
			}
		},
		{
			"name": "lantern",
			"from": [5, 1, 5],
			"to": [11, 2, 11],
			"faces": {
				"north": {"uv": [0, 2, 6, 3], "texture": "#1"},
				"east": {"uv": [0, 2, 6, 3], "texture": "#1"},
				"south": {"uv": [0, 2, 6, 3], "texture": "#1"},
				"west": {"uv": [0, 2, 6, 3], "texture": "#1"},
				"up": {"uv": [0, 9, 6, 15], "texture": "#1"},
				"down": {"uv": [0, 9, 6, 15], "texture": "#1"}
			}
		},
		{
			"name": "lantern",
			"from": [6, 2, 6.8],
			"to": [10, 7, 10.8],
			"faces": {
				"north": {"uv": [1, 3, 5, 8], "texture": "#missing"},
				"east": {"uv": [1, 3, 5, 8], "texture": "#1"},
				"south": {"uv": [1, 3, 5, 8], "texture": "#1"},
				"west": {"uv": [1, 3, 5, 8], "texture": "#missing"},
				"up": {"uv": [1, 3, 5, 8], "texture": "#missing"},
				"down": {"uv": [1, 3, 5, 8], "texture": "#missing"}
			}
		},
		{
			"name": "lantern",
			"from": [5.2, 2, 6],
			"to": [9.2, 7, 10],
			"faces": {
				"north": {"uv": [1, 3, 5, 8], "texture": "#missing"},
				"east": {"uv": [1, 3, 5, 8], "texture": "#1"},
				"south": {"uv": [1, 3, 5, 8], "texture": "#missing"},
				"west": {"uv": [1, 3, 5, 8], "texture": "#1"},
				"up": {"uv": [1, 3, 5, 8], "texture": "#missing"},
				"down": {"uv": [1, 3, 5, 8], "texture": "#missing"}
			}
		},
		{
			"name": "lantern",
			"from": [6, 2, 5.2],
			"to": [10, 7, 9.2],
			"faces": {
				"north": {"uv": [1, 3, 5, 8], "texture": "#1"},
				"east": {"uv": [1, 3, 5, 8], "texture": "#1"},
				"south": {"uv": [1, 3, 5, 8], "texture": "#missing"},
				"west": {"uv": [1, 3, 5, 8], "texture": "#missing"},
				"up": {"uv": [1, 3, 5, 8], "texture": "#missing"},
				"down": {"uv": [1, 3, 5, 8], "texture": "#missing"}
			}
		},
		{
			"name": "lantern",
			"from": [6.8, 2, 6],
			"to": [10.8, 7, 10],
			"faces": {
				"north": {"uv": [1, 3, 5, 8], "texture": "#missing"},
				"east": {"uv": [1, 3, 5, 8], "texture": "#1"},
				"south": {"uv": [1, 3, 5, 8], "texture": "#missing"},
				"west": {"uv": [1, 3, 5, 8], "texture": "#missing"},
				"up": {"uv": [1, 3, 5, 8], "texture": "#missing"},
				"down": {"uv": [1, 3, 5, 8], "texture": "#missing"}
			}
		},
		{
			"name": "lantern",
			"from": [6.2, 8, 6.2],
			"to": [9.8, 9, 9.8],
			"faces": {
				"north": {"uv": [1, 1, 5, 2], "texture": "#1"},
				"east": {"uv": [1, 1, 5, 2], "texture": "#1"},
				"south": {"uv": [1, 1, 5, 2], "texture": "#1"},
				"west": {"uv": [1, 1, 5, 2], "texture": "#1"},
				"up": {"uv": [1, 1, 5, 2], "texture": "#missing"},
				"down": {"uv": [1, 1, 5, 2], "texture": "#missing"}
			}
		},
		{
			"name": "lantern",
			"from": [6, 9, 6],
			"to": [10, 10, 10],
			"faces": {
				"north": {"uv": [1, 0, 5, 1], "texture": "#1"},
				"east": {"uv": [1, 0, 5, 1], "texture": "#1"},
				"south": {"uv": [1, 0, 5, 1], "texture": "#1"},
				"west": {"uv": [1, 0, 5, 1], "texture": "#1"},
				"up": {"uv": [0, 9, 6, 15], "texture": "#1"},
				"down": {"uv": [0, 9, 6, 15], "texture": "#1"}
			}
		}
	],
	"groups": [
		{
			"name": "1",
			"origin": [8, 8, 8],
			"color": 0,
			"children": [0, 1, 2, 3]
		},
		{
			"name": "lantern",
			"origin": [0, 0, 0],
			"color": 0,
			"children": []
		},
		4,
		5,
		6,
		7,
		8,
		9,
		10,
		11,
		12,
		13,
		14,
		15
	]
}