{
	"credit": "Made by Mariood, the shark person",
	"parent": "block/block",
	"texture_size": [32, 16],
	"textures": {
		"0": "item/experience_bottle"
	},
	"elements": [
		{
			"from": [4, 3, 4],
			"to": [12, 9, 12],
			"shade": false,
			"faces": {
				"north": {"uv": [0, 2, 4, 8], "texture": "#0"},
				"east": {"uv": [0, 2, 4, 8], "texture": "#0"},
				"south": {"uv": [0, 2, 4, 8], "texture": "#0"},
				"west": {"uv": [0, 2, 4, 8], "texture": "#0"},
				"up": {"uv": [0, 8, 4, 16], "texture": "#0"},
				"down": {"uv": [4, 8, 8, 16], "texture": "#0"}
			}
		},
		{
			"from": [6, 9, 6],
			"to": [10, 11, 10],
			"shade": false,
			"faces": {
				"north": {"uv": [0, 0, 2, 2], "texture": "#0"},
				"east": {"uv": [0, 0, 2, 2], "texture": "#0"},
				"south": {"uv": [0, 0, 2, 2], "texture": "#0"},
				"west": {"uv": [0, 0, 2, 2], "texture": "#0"},
				"up": {"uv": [0, 0, 2, 0], "texture": "#0"},
				"down": {"uv": [0, 0, 2, 0], "texture": "#0"}
			}
		},
		{
			"from": [5, 11, 5],
			"to": [11, 14, 11],
			"shade": false,
			"faces": {
				"north": {"uv": [8, 13, 11, 16], "texture": "#0"},
				"east": {"uv": [8, 13, 11, 16], "texture": "#0"},
				"south": {"uv": [8, 13, 11, 16], "texture": "#0"},
				"west": {"uv": [8, 13, 11, 16], "texture": "#0"},
				"up": {"uv": [4, 0, 7, 6], "texture": "#0"},
				"down": {"uv": [7, 0, 10, 6], "texture": "#0"}
			}
		},
		{
			"from": [5, 4, 5],
			"to": [11, 7, 11],
			"shade": false,
			"faces": {
				"north": {"uv": [13, 0, 16, 3], "texture": "#0", "tintindex": 0},
				"east": {"uv": [13, 0, 16, 3], "texture": "#0", "tintindex": 0},
				"south": {"uv": [13, 0, 16, 3], "texture": "#0", "tintindex": 0},
				"west": {"uv": [13, 0, 16, 3], "texture": "#0", "tintindex": 0},
				"up": {"uv": [10, 0, 13, 6], "texture": "#0", "tintindex": 0},
				"down": {"uv": [10, 6, 13, 12], "texture": "#0", "tintindex": 0}
			}
		},
		{
			"from": [3, 10, 3],
			"to": [13, 2, 13],
			"shade": false,
			"faces": {
				"north": {"uv": [15.5, 15, 16, 16], "texture": "#0"},
				"east": {"uv": [15.5, 15, 16, 16], "texture": "#0"},
				"south": {"uv": [15.5, 15, 16, 16], "texture": "#0"},
				"west": {"uv": [15.5, 15, 16, 16], "texture": "#0"},
				"up": {"uv": [15.5, 15, 16, 16], "texture": "#0"},
				"down": {"uv": [13, 10, 16, 16], "texture": "#0"}
			}
		},
		{
			"from": [4, 15, 4],
			"to": [12, 10, 12],
			"shade": false,
			"faces": {
				"north": {"uv": [15.5, 15, 16, 16], "texture": "#0"},
				"east": {"uv": [15.5, 15, 16, 16], "texture": "#0"},
				"south": {"uv": [15.5, 15, 16, 16], "texture": "#0"},
				"west": {"uv": [15.5, 15, 16, 16], "texture": "#0"},
				"down": {"uv": [15.5, 15, 16, 16], "texture": "#0"}
			}
		}
	],
	"gui_light": "front",
	"display": {
		"thirdperson_righthand": {
			"translation": [0, -2.75, 0],
			"scale": [0.75, 0.75, 0.75]
		},
		"firstperson_righthand": {
			"translation": [0, 1.75, 0],
			"scale": [0.5, 0.5, 0.5]
		},
		"firstperson_lefthand": {
			"translation": [0, 1.75, 0],
			"scale": [0.5, 0.5, 0.5]
		},
		"ground": {
			"translation": [0, 1, 0],
			"scale": [0.75, 0.75, 0.75]
		},
		"gui": {
			"rotation": [22.5, 45, 0]
		}
	}
}