{
	"credit": "Made by Mariood, the shark person",
	"parent": "block/block",
	"texture_size": [24, 16],
	"textures": {
		"0": "item/potion",
		"1": "item/potion_overlay"
	},
	"elements": [
		{
			"from": [4, 3, 4],
			"to": [12, 9, 12],
			"faces": {
				"north": {"uv": [0, 2, 5.33333, 8], "texture": "#0"},
				"east": {"uv": [0, 2, 5.33333, 8], "texture": "#0"},
				"south": {"uv": [0, 2, 5.33333, 8], "texture": "#0"},
				"west": {"uv": [0, 2, 5.33333, 8], "texture": "#0"},
				"up": {"uv": [0, 8, 5.33333, 16], "texture": "#0"},
				"down": {"uv": [5.33333, 8, 10.66667, 16], "texture": "#0"}
			}
		},
		{
			"from": [6, 9, 6],
			"to": [10, 11, 10],
			"faces": {
				"north": {"uv": [0, 0, 2.66667, 2], "texture": "#0"},
				"east": {"uv": [0, 0, 2.66667, 2], "texture": "#0"},
				"south": {"uv": [0, 0, 2.66667, 2], "texture": "#0"},
				"west": {"uv": [0, 0, 2.66667, 2], "texture": "#0"}
			}
		},
		{
			"from": [5, 11, 5],
			"to": [11, 14, 11],
			"faces": {
				"north": {"uv": [10.66667, 13, 14.66667, 16], "texture": "#0"},
				"east": {"uv": [10.66667, 13, 14.66667, 16], "texture": "#0"},
				"south": {"uv": [10.66667, 13, 14.66667, 16], "texture": "#0"},
				"west": {"uv": [10.66667, 13, 14.66667, 16], "texture": "#0"},
				"up": {"uv": [5.33333, 0, 9.33333, 6], "texture": "#0"},
				"down": {"uv": [9.33333, 0, 13.33333, 6], "texture": "#0"}
			}
		},
		{
			"from": [5, 4, 5],
			"to": [11, 7, 11],
			"faces": {
				"north": {"uv": [12, 0, 16, 3], "texture": "#1", "tintindex": 0},
				"east": {"uv": [12, 0, 16, 3], "texture": "#1", "tintindex": 0},
				"south": {"uv": [12, 0, 16, 3], "texture": "#1", "tintindex": 0},
				"west": {"uv": [12, 0, 16, 3], "texture": "#1", "tintindex": 0},
				"up": {"uv": [8, 0, 12, 6], "texture": "#1", "tintindex": 0},
				"down": {"uv": [8, 6, 12, 12], "texture": "#1", "tintindex": 0}
			}
		}
	],
	"gui_light": "front",
	"display": {
		"thirdperson_righthand": {
			"translation": [0, -2.75, 0],
			"scale": [0.75, 0.75, 0.75]
		},
		"firstperson_righthand": {
			"translation": [0, 1.75, 0],
			"scale": [0.5, 0.5, 0.5]
		},
		"firstperson_lefthand": {
			"translation": [0, 1.75, 0],
			"scale": [0.5, 0.5, 0.5]
		},
		"ground": {
			"translation": [0, 1, 0],
			"scale": [0.75, 0.75, 0.75]
		},
		"gui": {
			"rotation": [22.5, 45, 0]
		}
	}
}