{
	"credit": "Made by Mariood, the shark person",
	"parent": "block/block",
	"texture_size": [24, 16],
	"textures": {
		"0": "item/potion",
		"1": "item/potion_overlay",
		"particle": "minecraft:block/glass"
	},
	"elements": [
		{
			"from": [4, 3, 4],
			"to": [12, 9, 12],
			"faces": {
				"north": {"uv": [0, 2, 5.33333, 8], "texture": "#0"},
				"east": {"uv": [0, 2, 5.33333, 8], "texture": "#0"},
				"south": {"uv": [0, 2, 5.33333, 8], "texture": "#0"},
				"west": {"uv": [0, 2, 5.33333, 8], "texture": "#0"},
				"up": {"uv": [0, 8, 5.33333, 16], "texture": "#0"},
				"down": {"uv": [5.33333, 8, 10.66667, 16], "texture": "#0"}
			}
		},
		{
			"from": [6, 9, 6],
			"to": [10, 11, 10],
			"faces": {
				"north": {"uv": [2.66667, 0, 5.33334, 2], "texture": "#0"},
				"east": {"uv": [2.66667, 0, 5.33334, 2], "texture": "#0"},
				"south": {"uv": [2.66667, 0, 5.33334, 2], "texture": "#0"},
				"west": {"uv": [2.66667, 0, 5.33334, 2], "texture": "#0"},
				"up": {"uv": [13.33333, 2, 16, 6], "texture": "#0"}
			}
		},
		{
			"from": [5, 4, 5],
			"to": [11, 7, 11],
			"faces": {
				"north": {"uv": [4, 0, 8, 3], "texture": "#1", "tintindex": 0},
				"east": {"uv": [4, 0, 8, 3], "texture": "#1", "tintindex": 0},
				"south": {"uv": [4, 0, 8, 3], "texture": "#1", "tintindex": 0},
				"west": {"uv": [4, 0, 8, 3], "texture": "#1", "tintindex": 0},
				"up": {"uv": [0, 0, 4, 6], "texture": "#1", "tintindex": 0},
				"down": {"uv": [0, 6, 4, 12], "texture": "#1", "tintindex": 0}
			}
		},
		{
			"from": [8, 11, 6],
			"to": [8, 13, 10],
			"rotation": {"angle": -45, "axis": "y", "origin": [8, 11, 8]},
			"faces": {
				"east": {"uv": [13.33333, 0, 16, 2], "texture": "#0"},
				"west": {"uv": [13.33333, 0, 16, 2], "texture": "#0"}
			}
		},
		{
			"from": [6, 11, 8],
			"to": [10, 13, 8],
			"rotation": {"angle": -45, "axis": "y", "origin": [8, 11, 8]},
			"faces": {
				"north": {"uv": [13.33333, 0, 16, 2], "texture": "#0"},
				"south": {"uv": [13.33333, 0, 16, 2], "texture": "#0"}
			}
		}
	],
	"gui_light": "front",
	"display": {
		"thirdperson_righthand": {
			"translation": [0, -2.75, 0],
			"scale": [0.75, 0.75, 0.75]
		},
		"firstperson_righthand": {
			"translation": [0, 1.75, 0],
			"scale": [0.5, 0.5, 0.5]
		},
		"firstperson_lefthand": {
			"translation": [0, 1.75, 0],
			"scale": [0.5, 0.5, 0.5]
		},
		"ground": {
			"translation": [0, 1, 0],
			"scale": [0.75, 0.75, 0.75]
		},
		"gui": {
			"rotation": [22.5, 45, 0]
		}
	}
}