{
	"credit": "Made with Blockbench",
	"textures": {
		"1": "block/dark_oak_button",
		"particle": "block/dark_oak_button"
	},
	"elements": [
		{
			"from": [5, 0, 6],
			"to": [11, 1, 10],
			"faces": {
				"north": {"uv": [6, 0, 12, 1], "texture": "#1"},
				"east": {"uv": [6, 4, 10, 5], "texture": "#1"},
				"south": {"uv": [6, 3, 12, 4], "texture": "#1"},
				"west": {"uv": [6, 4, 10, 5], "texture": "#1"},
				"up": {"uv": [0, 4, 6, 0], "texture": "#1"},
				"down": {"uv": [0, 4, 6, 8], "texture": "#1", "cullface": "down"}
			}
		}
	]
}