{
	"credit": "Made with Blockbench",
	"parent": "block/block",
	"ambientocclusion": false,
	"texture_size": [32, 16],
	"textures": {
		"0": "block/dragon_egg",
		"particle": "block/dragon_egg"
	},
	"elements": [
		{
			"from": [5, 13, 5],
			"to": [11, 15, 11],
			"faces": {
				"north": {"uv": [2.5, 1, 5.5, 3], "texture": "#0"},
				"east": {"uv": [2.5, 1, 5.5, 3], "texture": "#0"},
				"south": {"uv": [2.5, 1, 5.5, 3], "texture": "#0"},
				"west": {"uv": [2.5, 1, 5.5, 3], "texture": "#0"},
				"up": {"uv": [14, 4, 11, 10], "texture": "#0"},
				"down": {"uv": [14, 4, 11, 10], "texture": "#0"}
			}
		},
		{
			"from": [3, 8, 3],
			"to": [13, 13, 13],
			"faces": {
				"north": {"uv": [1.5, 3, 6.5, 8], "texture": "#0"},
				"east": {"uv": [1.5, 3, 6.5, 8], "texture": "#0"},
				"south": {"uv": [1.5, 3, 6.5, 8], "texture": "#0"},
				"west": {"uv": [1.5, 3, 6.5, 8], "texture": "#0"},
				"up": {"uv": [15, 2, 10, 12], "texture": "#0"},
				"down": {"uv": [15, 2, 10, 12], "texture": "#0"}
			}
		},
		{
			"from": [1, 2, 1],
			"to": [15, 8, 15],
			"faces": {
				"north": {"uv": [0.5, 8, 7.5, 14], "texture": "#0"},
				"east": {"uv": [0.5, 8, 7.5, 14], "texture": "#0"},
				"south": {"uv": [0.5, 8, 7.5, 14], "texture": "#0"},
				"west": {"uv": [0.5, 8, 7.5, 14], "texture": "#0"},
				"up": {"uv": [16, 0, 9, 14], "texture": "#0"},
				"down": {"uv": [16, 0, 9, 14], "texture": "#0"}
			}
		},
		{
			"from": [3, 0, 3],
			"to": [13, 2, 13],
			"faces": {
				"north": {"uv": [1.5, 14, 6.5, 16], "texture": "#0"},
				"east": {"uv": [1.5, 14, 6.5, 16], "texture": "#0"},
				"south": {"uv": [1.5, 14, 6.5, 16], "texture": "#0"},
				"west": {"uv": [1.5, 14, 6.5, 16], "texture": "#0"},
				"up": {"uv": [15, 2, 10, 12], "texture": "#0"},
				"down": {"uv": [15, 2, 10, 12], "texture": "#0"}
			}
		}
	],
	"display": {
		"thirdperson_righthand": {
			"rotation": [75, 45, 0],
			"translation": [0, 2.5, 0],
			"scale": [0.5, 0.5, 0.5]
		},
		"thirdperson_lefthand": {
			"rotation": [75, 45, 0],
			"translation": [0, 2.5, 0],
			"scale": [0.5, 0.5, 0.5]
		},
		"firstperson_righthand": {
			"rotation": [0, 45, 0],
			"translation": [0, 2.5, 0],
			"scale": [0.4, 0.4, 0.4]
		},
		"firstperson_lefthand": {
			"rotation": [0, 225, 0],
			"translation": [0, 2.5, 0],
			"scale": [0.4, 0.4, 0.4]
		},
		"ground": {
			"translation": [0, 3, 0],
			"scale": [0.25, 0.25, 0.25]
		},
		"gui": {
			"rotation": [30, 225, 0],
			"scale": [0.625, 0.625, 0.625]
		},
		"head": {
			"translation": [0, 14.5, 0]
		}
	}
}