{
	"credit": "Made with Blockbench",
	"ambientocclusion": true,
	"textures": {
		"0": "block/flower_pot",
		"particle": "block/flower_pot"
	},
	"elements": [
		{
			"from": [4, 5, 5],
			"to": [5, 7, 11],
			"faces": {
				"north": {"uv": [8, 0, 9, 2], "texture": "#0"},
				"east": {"uv": [0, 0, 8, 2], "texture": "#0"},
				"south": {"uv": [8, 0, 9, 2], "texture": "#0"},
				"west": {"uv": [1, 0, 7, 2], "texture": "#0"},
				"up": {"uv": [10, 7, 9, 1], "texture": "#0"},
				"down": {"uv": [10, 1, 9, 7], "texture": "#0"}
			}
		},
		{
			"from": [11, 5, 5],
			"to": [12, 7, 11],
			"rotation": {"angle": 0, "axis": "y", "origin": [16, 0, 0]},
			"faces": {
				"north": {"uv": [1, 0, 0, 2], "texture": "#0"},
				"east": {"uv": [7, 0, 1, 2], "texture": "#0"},
				"south": {"uv": [8, 0, 7, 2], "texture": "#0"},
				"west": {"uv": [8, 0, 0, 2], "texture": "#0"},
				"up": {"uv": [9, 7, 10, 1], "texture": "#0"},
				"down": {"uv": [9, 1, 10, 7], "texture": "#0"}
			}
		},
		{
			"from": [4, 5, 4],
			"to": [12, 7, 5],
			"faces": {
				"north": {"uv": [0, 0, 8, 2], "texture": "#0"},
				"east": {"uv": [0, 0, 1, 2], "texture": "#0"},
				"south": {"uv": [0, 0, 8, 2], "texture": "#0"},
				"west": {"uv": [7, 0, 8, 2], "texture": "#0"},
				"up": {"uv": [8, 3, 0, 2], "texture": "#0"},
				"down": {"uv": [8, 3, 0, 2], "texture": "#0"}
			}
		},
		{
			"from": [4, 5, 11],
			"to": [12, 7, 12],
			"rotation": {"angle": 0, "axis": "y", "origin": [0, 0, 16]},
			"faces": {
				"north": {"uv": [8, 0, 0, 2], "texture": "#0"},
				"east": {"uv": [1, 0, 0, 2], "texture": "#0"},
				"south": {"uv": [8, 0, 0, 2], "texture": "#0"},
				"west": {"uv": [8, 0, 7, 2], "texture": "#0"},
				"up": {"uv": [8, 2, 0, 3], "texture": "#0"},
				"down": {"uv": [8, 2, 0, 3], "texture": "#0"}
			}
		},
		{
			"from": [5, 0, 5],
			"to": [11, 6, 11],
			"faces": {
				"north": {"uv": [0, 3, 6, 9], "texture": "#0"},
				"east": {"uv": [0, 3, 6, 9], "texture": "#0"},
				"south": {"uv": [0, 3, 6, 9], "texture": "#0"},
				"west": {"uv": [0, 3, 6, 9], "texture": "#0"},
				"up": {"uv": [16, 6, 10, 0], "texture": "#0"},
				"down": {"uv": [16, 6, 10, 12], "texture": "#0"}
			}
		}
	],
	"display": {
		"thirdperson_righthand": {
			"rotation": [75, 45, 0],
			"translation": [0, 0.75, 0.75],
			"scale": [0.375, 0.375, 0.375]
		},
		"thirdperson_lefthand": {
			"rotation": [75, 45, 0],
			"translation": [0, 0.75, 0.75],
			"scale": [0.375, 0.375, 0.375]
		},
		"firstperson_righthand": {
			"rotation": [0, 45, 0],
			"translation": [0, 2.5, 0],
			"scale": [0.4, 0.4, 0.4]
		},
		"firstperson_lefthand": {
			"rotation": [0, 225, 0],
			"translation": [0, 2.5, 0],
			"scale": [0.4, 0.4, 0.4]
		},
		"ground": {
			"translation": [0, 3, 0],
			"scale": [0.25, 0.25, 0.25]
		},
		"gui": {
			"rotation": [30, 225, 0],
			"scale": [0.625, 0.625, 0.625]
		}
	}
}