{
	"credit": "Made with Blockbench",
	"textures": {
		"1": "block/jungle_button",
		"particle": "block/jungle_button"
	},
	"elements": [
		{
			"from": [5, 0, 6],
			"to": [11, 2, 10],
			"faces": {
				"north": {"uv": [6, 0, 12, 2], "texture": "#1"},
				"east": {"uv": [6, 4, 10, 6], "texture": "#1"},
				"south": {"uv": [6, 2, 12, 4], "texture": "#1"},
				"west": {"uv": [6, 6, 10, 8], "texture": "#1"},
				"up": {"uv": [6, 4, 0, 0], "texture": "#1"},
				"down": {"uv": [6, 4, 0, 8], "texture": "#1", "cullface": "down"}
			}
		}
	],
	"display": {}
}