{
	"credit": "Made with Blockbench",
	"ambientocclusion": true,
	"textures": {
		"particle": "block/flower_pot",
		"flowerpot": "block/flower_pot",
		"cactus_top": "block/cactus_top",
		"cactus": "block/cactus_side"
	},
	"elements": [
		{
			"from": [6, 5, 6],
			"to": [10, 16, 10],
			"faces": {
				"north": {"uv": [6, 0, 10, 12], "texture": "#cactus"},
				"east": {"uv": [6, 0, 10, 12], "texture": "#cactus"},
				"south": {"uv": [6, 0, 10, 12], "texture": "#cactus"},
				"west": {"uv": [6, 0, 10, 12], "texture": "#cactus"},
				"up": {"uv": [6, 6, 10, 10], "texture": "#cactus_top", "cullface": "up"}
			}
		},
		{
			"from": [4, 5, 4],
			"to": [12, 7, 5],
			"faces": {
				"north": {"uv": [0, 0, 8, 2], "texture": "#flowerpot"},
				"east": {"uv": [0, 0, 1, 2], "texture": "#flowerpot"},
				"south": {"uv": [0, 0, 8, 2], "texture": "#flowerpot"},
				"west": {"uv": [7, 0, 8, 2], "texture": "#flowerpot"},
				"up": {"uv": [8, 3, 0, 2], "texture": "#flowerpot"},
				"down": {"uv": [8, 3, 0, 2], "texture": "#flowerpot"}
			}
		},
		{
			"from": [4, 5, 5],
			"to": [5, 7, 11],
			"faces": {
				"north": {"uv": [8, 0, 9, 2], "texture": "#flowerpot"},
				"east": {"uv": [0, 0, 8, 2], "texture": "#flowerpot"},
				"south": {"uv": [8, 0, 9, 2], "texture": "#flowerpot"},
				"west": {"uv": [1, 0, 7, 2], "texture": "#flowerpot"},
				"up": {"uv": [10, 7, 9, 1], "texture": "#flowerpot"},
				"down": {"uv": [10, 1, 9, 7], "texture": "#flowerpot"}
			}
		},
		{
			"from": [5, 0, 5],
			"to": [11, 6, 11],
			"faces": {
				"north": {"uv": [0, 3, 6, 9], "texture": "#flowerpot"},
				"east": {"uv": [0, 3, 6, 9], "texture": "#flowerpot"},
				"south": {"uv": [0, 3, 6, 9], "texture": "#flowerpot"},
				"west": {"uv": [0, 3, 6, 9], "texture": "#flowerpot"},
				"up": {"uv": [16, 6, 10, 0], "texture": "#flowerpot"},
				"down": {"uv": [16, 6, 10, 12], "texture": "#flowerpot"}
			}
		},
		{
			"from": [11, 5, 5],
			"to": [12, 7, 11],
			"rotation": {"angle": 0, "axis": "y", "origin": [16, 0, 0]},
			"faces": {
				"north": {"uv": [1, 0, 0, 2], "texture": "#flowerpot"},
				"east": {"uv": [7, 0, 1, 2], "texture": "#flowerpot"},
				"south": {"uv": [8, 0, 7, 2], "texture": "#flowerpot"},
				"west": {"uv": [8, 0, 0, 2], "texture": "#flowerpot"},
				"up": {"uv": [9, 7, 10, 1], "texture": "#flowerpot"},
				"down": {"uv": [9, 1, 10, 7], "texture": "#flowerpot"}
			}
		},
		{
			"from": [4, 5, 11],
			"to": [12, 7, 12],
			"rotation": {"angle": 0, "axis": "y", "origin": [0, 0, 16]},
			"faces": {
				"north": {"uv": [8, 0, 0, 2], "texture": "#flowerpot"},
				"east": {"uv": [1, 0, 0, 2], "texture": "#flowerpot"},
				"south": {"uv": [8, 0, 0, 2], "texture": "#flowerpot"},
				"west": {"uv": [8, 0, 7, 2], "texture": "#flowerpot"},
				"up": {"uv": [8, 2, 0, 3], "texture": "#flowerpot"},
				"down": {"uv": [8, 2, 0, 3], "texture": "#flowerpot"}
			}
		}
	]
}