{
	"credit": "Made with Blockbench",
	"ambientocclusion": true,
	"textures": {
		"2": "block/flower_pot",
		"particle": "block/flower_pot",
		"bamboo": "block/bamboo_stalk",
		"leaf": "block/bamboo_singleleaf"
	},
	"elements": [
		{
			"from": [7, 0, 7],
			"to": [9, 16, 9],
			"faces": {
				"north": {"uv": [6, 0, 8, 16], "texture": "#bamboo"},
				"east": {"uv": [6, 0, 8, 16], "texture": "#bamboo"},
				"south": {"uv": [6, 0, 8, 16], "texture": "#bamboo"},
				"west": {"uv": [6, 0, 8, 16], "texture": "#bamboo"},
				"up": {"uv": [13, 0, 15, 2], "texture": "#bamboo", "cullface": "up"}
			}
		},
		{
			"from": [0, 2, 8],
			"to": [16, 18, 8],
			"shade": false,
			"faces": {
				"north": {"uv": [0, 0, 16, 16], "texture": "#leaf"},
				"south": {"uv": [16, 0, 0, 16], "texture": "#leaf"}
			}
		},
		{
			"from": [4, 5, 4],
			"to": [12, 7, 5],
			"faces": {
				"north": {"uv": [0, 0, 8, 2], "texture": "#2"},
				"east": {"uv": [0, 0, 1, 2], "texture": "#2"},
				"south": {"uv": [0, 0, 8, 2], "texture": "#2"},
				"west": {"uv": [7, 0, 8, 2], "texture": "#2"},
				"up": {"uv": [8, 3, 0, 2], "texture": "#2"},
				"down": {"uv": [8, 3, 0, 2], "texture": "#2"}
			}
		},
		{
			"from": [4, 5, 5],
			"to": [5, 7, 11],
			"faces": {
				"north": {"uv": [8, 0, 9, 2], "texture": "#2"},
				"east": {"uv": [0, 0, 8, 2], "texture": "#2"},
				"south": {"uv": [8, 0, 9, 2], "texture": "#2"},
				"west": {"uv": [1, 0, 7, 2], "texture": "#2"},
				"up": {"uv": [10, 7, 9, 1], "texture": "#2"},
				"down": {"uv": [10, 1, 9, 7], "texture": "#2"}
			}
		},
		{
			"from": [5, 0, 5],
			"to": [11, 6, 11],
			"faces": {
				"north": {"uv": [0, 3, 6, 9], "texture": "#2"},
				"east": {"uv": [0, 3, 6, 9], "texture": "#2"},
				"south": {"uv": [0, 3, 6, 9], "texture": "#2"},
				"west": {"uv": [0, 3, 6, 9], "texture": "#2"},
				"up": {"uv": [16, 6, 10, 0], "texture": "#2"},
				"down": {"uv": [16, 6, 10, 12], "texture": "#2"}
			}
		},
		{
			"from": [11, 5, 5],
			"to": [12, 7, 11],
			"rotation": {"angle": 0, "axis": "y", "origin": [16, 0, 0]},
			"faces": {
				"north": {"uv": [1, 0, 0, 2], "texture": "#2"},
				"east": {"uv": [7, 0, 1, 2], "texture": "#2"},
				"south": {"uv": [8, 0, 7, 2], "texture": "#2"},
				"west": {"uv": [8, 0, 0, 2], "texture": "#2"},
				"up": {"uv": [9, 7, 10, 1], "texture": "#2"},
				"down": {"uv": [9, 1, 10, 7], "texture": "#2"}
			}
		},
		{
			"from": [4, 5, 11],
			"to": [12, 7, 12],
			"rotation": {"angle": 0, "axis": "y", "origin": [0, 0, 16]},
			"faces": {
				"north": {"uv": [8, 0, 0, 2], "texture": "#2"},
				"east": {"uv": [1, 0, 0, 2], "texture": "#2"},
				"south": {"uv": [8, 0, 0, 2], "texture": "#2"},
				"west": {"uv": [8, 0, 7, 2], "texture": "#2"},
				"up": {"uv": [8, 2, 0, 3], "texture": "#2"},
				"down": {"uv": [8, 2, 0, 3], "texture": "#2"}
			}
		}
	]
}