{
	"credit": "Made with Blockbench",
	"textures": {
		"1": "block/potted_azalea_bush_plant",
		"2": "block/potted_azalea_bush_side",
		"3": "block/potted_azalea_bush_top",
		"particle": "block/flower_pot",
		"flowerpot": "block/flower_pot"
	},
	"elements": [
		{
			"from": [8, 5.99, 3],
			"to": [8, 16.99, 13],
			"rotation": {"angle": -45, "axis": "y", "origin": [8, 8, 8]},
			"faces": {
				"north": {"uv": [0, 0, 0, 16], "texture": "#missing"},
				"east": {"uv": [13, 5, 3, 16], "texture": "#1"},
				"south": {"uv": [0, 0, 0, 16], "texture": "#missing"},
				"west": {"uv": [3, 5, 13, 16], "texture": "#1"},
				"up": {"uv": [0, 0, 16, 0], "rotation": 270, "texture": "#missing"},
				"down": {"uv": [0, 0, 16, 0], "rotation": 90, "texture": "#missing"}
			}
		},
		{
			"from": [8, 5.99, 3],
			"to": [8, 16.99, 13],
			"rotation": {"angle": 45, "axis": "y", "origin": [8, 8, 8]},
			"faces": {
				"north": {"uv": [0, 0, 0, 16], "texture": "#missing"},
				"east": {"uv": [13, 5, 3, 16], "texture": "#1"},
				"south": {"uv": [0, 0, 0, 16], "texture": "#missing"},
				"west": {"uv": [3, 5, 13, 16], "texture": "#1"},
				"up": {"uv": [0, 0, 16, 0], "rotation": 270, "texture": "#missing"},
				"down": {"uv": [0, 0, 16, 0], "rotation": 90, "texture": "#missing"}
			}
		},
		{
			"from": [4, 9, 12],
			"to": [12, 17, 12],
			"faces": {
				"north": {"uv": [4, 5, 12, 13], "texture": "#2"},
				"east": {"uv": [0, 0, 0, 16], "texture": "#missing"},
				"south": {"uv": [12, 5, 4, 13], "texture": "#2"},
				"west": {"uv": [0, 0, 0, 16], "texture": "#missing"},
				"up": {"uv": [0, 0, 16, 0], "texture": "#missing"},
				"down": {"uv": [0, 0, 16, 0], "texture": "#missing"}
			}
		},
		{
			"from": [4, 9, 4],
			"to": [12, 17, 4],
			"rotation": {"angle": 0, "axis": "y", "origin": [8, 8, 8]},
			"faces": {
				"north": {"uv": [12, 5, 4, 13], "texture": "#2"},
				"east": {"uv": [0, 0, 0, 16], "texture": "#missing"},
				"south": {"uv": [4, 5, 12, 13], "texture": "#2"},
				"west": {"uv": [0, 0, 0, 16], "texture": "#missing"},
				"up": {"uv": [0, 0, 16, 0], "rotation": 180, "texture": "#missing"},
				"down": {"uv": [0, 0, 16, 0], "rotation": 180, "texture": "#missing"}
			}
		},
		{
			"from": [4, 9, 4],
			"to": [4, 17, 12],
			"rotation": {"angle": 0, "axis": "y", "origin": [8, 8, 8]},
			"faces": {
				"north": {"uv": [0, 0, 0, 16], "texture": "#missing"},
				"east": {"uv": [4, 5, 12, 13], "texture": "#2"},
				"south": {"uv": [0, 0, 0, 16], "texture": "#missing"},
				"west": {"uv": [12, 5, 4, 13], "texture": "#2"},
				"up": {"uv": [0, 0, 16, 0], "rotation": 90, "texture": "#missing"},
				"down": {"uv": [0, 0, 16, 0], "rotation": 270, "texture": "#missing"}
			}
		},
		{
			"from": [12, 9, 4],
			"to": [12, 17, 12],
			"rotation": {"angle": 0, "axis": "y", "origin": [8, 8, 8]},
			"faces": {
				"north": {"uv": [0, 0, 0, 16], "texture": "#missing"},
				"east": {"uv": [12, 5, 4, 13], "texture": "#2"},
				"south": {"uv": [0, 0, 0, 16], "texture": "#missing"},
				"west": {"uv": [4, 5, 12, 13], "texture": "#2"},
				"up": {"uv": [0, 0, 16, 0], "rotation": 270, "texture": "#missing"},
				"down": {"uv": [0, 0, 16, 0], "rotation": 90, "texture": "#missing"}
			}
		},
		{
			"from": [4, 17, 4],
			"to": [12, 17, 12],
			"faces": {
				"north": {"uv": [0, 0, 16, 0], "texture": "#missing"},
				"east": {"uv": [0, 0, 16, 0], "texture": "#missing"},
				"south": {"uv": [0, 0, 16, 0], "texture": "#missing"},
				"west": {"uv": [0, 0, 16, 0], "texture": "#missing"},
				"up": {"uv": [4, 4, 12, 12], "texture": "#3"},
				"down": {"uv": [12, 4, 4, 12], "texture": "#3"}
			}
		},
		{
			"from": [4, 5, 4],
			"to": [12, 7, 5],
			"faces": {
				"north": {"uv": [0, 0, 8, 2], "texture": "#flowerpot"},
				"east": {"uv": [0, 0, 1, 2], "texture": "#flowerpot"},
				"south": {"uv": [0, 0, 8, 2], "texture": "#flowerpot"},
				"west": {"uv": [7, 0, 8, 2], "texture": "#flowerpot"},
				"up": {"uv": [8, 3, 0, 2], "texture": "#flowerpot"},
				"down": {"uv": [8, 3, 0, 2], "texture": "#flowerpot"}
			}
		},
		{
			"from": [4, 5, 5],
			"to": [5, 7, 11],
			"faces": {
				"north": {"uv": [8, 0, 9, 2], "texture": "#flowerpot"},
				"east": {"uv": [0, 0, 8, 2], "texture": "#flowerpot"},
				"south": {"uv": [8, 0, 9, 2], "texture": "#flowerpot"},
				"west": {"uv": [1, 0, 7, 2], "texture": "#flowerpot"},
				"up": {"uv": [10, 7, 9, 1], "texture": "#flowerpot"},
				"down": {"uv": [10, 1, 9, 7], "texture": "#flowerpot"}
			}
		},
		{
			"from": [5, 0, 5],
			"to": [11, 6, 11],
			"faces": {
				"north": {"uv": [0, 3, 6, 9], "texture": "#flowerpot"},
				"east": {"uv": [0, 3, 6, 9], "texture": "#flowerpot"},
				"south": {"uv": [0, 3, 6, 9], "texture": "#flowerpot"},
				"west": {"uv": [0, 3, 6, 9], "texture": "#flowerpot"},
				"up": {"uv": [16, 6, 10, 0], "texture": "#flowerpot"},
				"down": {"uv": [16, 6, 10, 12], "texture": "#flowerpot"}
			}
		},
		{
			"from": [11, 5, 5],
			"to": [12, 7, 11],
			"rotation": {"angle": 0, "axis": "y", "origin": [16, 0, 0]},
			"faces": {
				"north": {"uv": [1, 0, 0, 2], "texture": "#flowerpot"},
				"east": {"uv": [7, 0, 1, 2], "texture": "#flowerpot"},
				"south": {"uv": [8, 0, 7, 2], "texture": "#flowerpot"},
				"west": {"uv": [8, 0, 0, 2], "texture": "#flowerpot"},
				"up": {"uv": [9, 7, 10, 1], "texture": "#flowerpot"},
				"down": {"uv": [9, 1, 10, 7], "texture": "#flowerpot"}
			}
		},
		{
			"from": [4, 5, 11],
			"to": [12, 7, 12],
			"rotation": {"angle": 0, "axis": "y", "origin": [0, 0, 16]},
			"faces": {
				"north": {"uv": [8, 0, 0, 2], "texture": "#flowerpot"},
				"east": {"uv": [1, 0, 0, 2], "texture": "#flowerpot"},
				"south": {"uv": [8, 0, 0, 2], "texture": "#flowerpot"},
				"west": {"uv": [8, 0, 7, 2], "texture": "#flowerpot"},
				"up": {"uv": [8, 2, 0, 3], "texture": "#flowerpot"},
				"down": {"uv": [8, 2, 0, 3], "texture": "#flowerpot"}
			}
		}
	]
}