{
  "variants": {
      "": [
    { "model": "block/birch_planks", "weight": 1 },
    { "model": "block/birch_planks_1", "weight": 1 },
    { "model": "block/birch_planks_2", "weight": 1 },
    { "model": "block/birch_planks_3", "weight": 1 },
    { "model": "block/birch_planks_4", "weight": 1 },
    { "model": "block/birch_planks_5", "weight": 1 },
    { "model": "block/birch_planks_6", "weight": 1 },
    { "model": "block/birch_planks_7", "weight": 1 },
    { "model": "block/birch_planks_8", "weight": 1 },
    { "model": "block/birch_planks_9", "weight": 1 },
    { "model": "block/birch_planks_10", "weight": 1 },
    { "model": "block/birch_planks_11", "weight": 1 },
    { "model": "block/birch_planks_12", "weight": 1 },
    { "model": "block/birch_planks_13", "weight": 1 },
    { "model": "block/birch_planks_14", "weight": 1 },
    { "model": "block/birch_planks_15", "weight": 1 },
    { "model": "block/birch_planks_16", "weight": 1 },
    { "model": "block/birch_planks_17", "weight": 1 }
      ] 
  }
}
