 {
  "variants": {
      "": [
    { "model": "block/bookshelf", "weight": 1 },
    { "model": "block/bookshelf_1", "weight": 1 },
    { "model": "block/bookshelf_2", "weight": 1 },
    { "model": "block/bookshelf_3", "weight": 1 },
    { "model": "block/bookshelf_4", "weight": 1 },
    { "model": "block/bookshelf_5", "weight": 1 },
    { "model": "block/bookshelf_6", "weight": 1 },
    { "model": "block/bookshelf_7", "weight": 1 },
    { "model": "block/bookshelf_8", "weight": 1 },
    { "model": "block/bookshelf_9", "weight": 1 },
    { "model": "block/bookshelf_10", "weight": 1 },
    { "model": "block/bookshelf_11", "weight": 1 },
    { "model": "block/bookshelf_12", "weight": 1 },
    { "model": "block/bookshelf_13", "weight": 1 },
    { "model": "block/bookshelf_14", "weight": 1 },
    { "model": "block/bookshelf_15", "weight": 1 },
    { "model": "block/bookshelf_16", "weight": 1 },
    { "model": "block/bookshelf_17", "weight": 1 },
    { "model": "block/bookshelf_18", "weight": 1 },
    { "model": "block/bookshelf_19", "weight": 1 },
    { "model": "block/bookshelf_20", "weight": 1 }  
      ]
  }
}
