{
  "variants": {
      "": [
    { "model": "block/bricks", "weight": 1 },
    { "model": "block/bricks_1", "weight": 1 },
    { "model": "block/bricks_2", "weight": 1 },
    { "model": "block/bricks_3", "weight": 1 },
    { "model": "block/bricks_4", "weight": 1 },
    { "model": "block/bricks_5", "weight": 1 },
    { "model": "block/bricks_6", "weight": 1 },
    { "model": "block/bricks_7", "weight": 1 },
    { "model": "block/bricks_8", "weight": 1 },
    { "model": "block/bricks_9", "weight": 1 },
    { "model": "block/bricks_10", "weight": 1 },
    { "model": "block/bricks_11", "weight": 1 },
    { "model": "block/bricks_12", "weight": 1 },
    { "model": "block/bricks_13", "weight": 1 },
    { "model": "block/bricks_14", "weight": 1 },
    { "model": "block/bricks_15", "weight": 1 },
    { "model": "block/bricks_16", "weight": 1 },
    { "model": "block/bricks_17", "weight": 1 },
    { "model": "block/bricks_18", "weight": 1 },
    { "model": "block/bricks_19", "weight": 1 },
    { "model": "block/bricks_20", "weight": 1 }  
      ]
  }
}
