{
  "variants": {
      "": [
    { "model": "block/cactus", "weight": 4 },
    { "model": "block/cactus_1", "weight": 3 },
    { "model": "block/cactus_2", "weight": 3 },
    { "model": "block/cactus_3", "weight": 4 },
    { "model": "block/cactus_4", "weight": 4 },
    { "model": "block/cactus_5", "weight": 5 },
    { "model": "block/cactus_6", "weight": 5 },
    { "model": "block/cactus_7", "weight": 5 },
    { "model": "block/cactus_8", "weight": 5 },
    { "model": "block/cactus_9", "weight": 3 },
    { "model": "block/cactus_10", "weight": 3 }
      ] 
  }
}
