{
  "variants": {
    "facing=east": [
    { "model": "minecraft:block/carved_pumpkin", "y": 90 },
    { "model": "minecraft:block/carved_pumpkin_1", "y": 90 },
    { "model": "minecraft:block/carved_pumpkin_2", "y": 90 },
    { "model": "minecraft:block/carved_pumpkin_3", "y": 90 },
    { "model": "minecraft:block/carved_pumpkin_4", "y": 90 },
    { "model": "minecraft:block/carved_pumpkin_5", "y": 90 },
    { "model": "minecraft:block/carved_pumpkin_6", "y": 90 },
    { "model": "minecraft:block/carved_pumpkin_7", "y": 90 }
    ],
    "facing=north": [
      { "model": "minecraft:block/carved_pumpkin"},
      { "model": "minecraft:block/carved_pumpkin_1"},
      { "model": "minecraft:block/carved_pumpkin_2"},
      { "model": "minecraft:block/carved_pumpkin_3"},
      { "model": "minecraft:block/carved_pumpkin_4"},
      { "model": "minecraft:block/carved_pumpkin_5"},
      { "model": "minecraft:block/carved_pumpkin_6"},
      { "model": "minecraft:block/carved_pumpkin_7"}
      ],
    "facing=south": [
      { "model": "minecraft:block/carved_pumpkin", "y": 180 },
      { "model": "minecraft:block/carved_pumpkin_1", "y": 180 },
      { "model": "minecraft:block/carved_pumpkin_2", "y": 180 },
      { "model": "minecraft:block/carved_pumpkin_3", "y": 180 },
      { "model": "minecraft:block/carved_pumpkin_4", "y": 180 },
      { "model": "minecraft:block/carved_pumpkin_5", "y": 180 },
      { "model": "minecraft:block/carved_pumpkin_6", "y": 180 },
      { "model": "minecraft:block/carved_pumpkin_7", "y": 180 }
      ],
    "facing=west": [
      { "model": "minecraft:block/carved_pumpkin", "y": 270 },
      { "model": "minecraft:block/carved_pumpkin_1", "y": 270 },
      { "model": "minecraft:block/carved_pumpkin_2", "y": 270 },
      { "model": "minecraft:block/carved_pumpkin_3", "y": 270 },
      { "model": "minecraft:block/carved_pumpkin_4", "y": 270 },
      { "model": "minecraft:block/carved_pumpkin_5", "y": 270 },
      { "model": "minecraft:block/carved_pumpkin_6", "y": 270 },
      { "model": "minecraft:block/carved_pumpkin_7", "y": 270 }
      ]
  }
}