{
    "variants": {
        "": [
            { "model": "block/cobblestone", "weight": 1 },
			{ "model": "block/cobblestone_1", "weight": 1 },
			{ "model": "block/cobblestone_2", "weight": 1 },
			{ "model": "block/cobblestone_3", "weight": 1 },
			{ "model": "block/cobblestone_4", "weight": 1 },
            { "model": "block/cobblestone_5", "weight": 1 },
			{ "model": "block/cobblestone_6", "weight": 1 },
			{ "model": "block/cobblestone_7", "weight": 1 },
			{ "model": "block/cobblestone_8", "weight": 1 },
			{ "model": "block/cobblestone_9", "weight": 1 },
			{ "model": "block/cobblestone_10", "weight": 1 },
			{ "model": "block/cobblestone_11", "weight": 1 },
            { "model": "block/cobblestone_12", "weight": 1 },
            { "model": "block/cobblestone_13", "weight": 1 },
            { "model": "block/cobblestone_14", "weight": 1 }
            
        ]
    }
}
