{
    "variants": {
        "": [
            { "model": "block/mossy_cobblestone", "weight": 1 },
			{ "model": "block/mossy_cobblestone_1", "weight": 1 },
			{ "model": "block/mossy_cobblestone_2", "weight": 1 },
			{ "model": "block/mossy_cobblestone_3", "weight": 1 },
			{ "model": "block/mossy_cobblestone_4", "weight": 1 },
            { "model": "block/mossy_cobblestone_5", "weight": 1 },
			{ "model": "block/mossy_cobblestone_6", "weight": 1 },
			{ "model": "block/mossy_cobblestone_7", "weight": 1 },
			{ "model": "block/mossy_cobblestone_8", "weight": 1 },
			{ "model": "block/mossy_cobblestone_9", "weight": 1 },
			{ "model": "block/mossy_cobblestone_10", "weight": 1 },
			{ "model": "block/mossy_cobblestone_11", "weight": 1 },
            { "model": "block/mossy_cobblestone_12", "weight": 1 },
            { "model": "block/mossy_cobblestone_13", "weight": 1 },
            { "model": "block/mossy_cobblestone_14", "weight": 1 },
			{ "model": "block/mossy_cobblestone_15", "weight": 1 },
			{ "model": "block/mossy_cobblestone_16", "weight": 1 },
			{ "model": "block/mossy_cobblestone_17", "weight": 1 },
            { "model": "block/mossy_cobblestone_18", "weight": 1 },
            { "model": "block/mossy_cobblestone_19", "weight": 1 },
            { "model": "block/mossy_cobblestone_20", "weight": 1 }
        ]
    }
}
