{
  "variants": {
      "": [
          { "model": "block/cracked_deepslate_bricks", "weight": 1 },
    { "model": "block/cracked_deepslate_bricks_1", "weight": 1 },
    { "model": "block/cracked_deepslate_bricks_2", "weight": 1 },
    { "model": "block/cracked_deepslate_bricks_3", "weight": 1 },
    { "model": "block/cracked_deepslate_bricks_4", "weight": 1 },
          { "model": "block/cracked_deepslate_bricks_5", "weight": 1 },
    { "model": "block/cracked_deepslate_bricks_6", "weight": 1 },
    { "model": "block/cracked_deepslate_bricks_7", "weight": 1 },
    { "model": "block/cracked_deepslate_bricks_8", "weight": 1 },
    { "model": "block/cracked_deepslate_bricks_9", "weight": 1 },
    { "model": "block/cracked_deepslate_bricks_10", "weight": 1 }
          
      ]
  }
}
