{
  "variants": {
      "": [
    { "model": "block/crimson_nylium", "weight": 1 },
    { "model": "block/crimson_nylium_1", "weight": 1 },
    { "model": "block/crimson_nylium_2", "weight": 1 },
    { "model": "block/crimson_nylium_3", "weight": 1 },
    { "model": "block/crimson_nylium_4", "weight": 1 },
    { "model": "block/crimson_nylium_5", "weight": 1 },
    { "model": "block/crimson_nylium_6", "weight": 1 },
    { "model": "block/crimson_nylium_7", "weight": 1 },
    { "model": "block/crimson_nylium_8", "weight": 1 },
    { "model": "block/crimson_nylium_9", "weight": 1 },
    { "model": "block/crimson_nylium_10", "weight": 1 },
    { "model": "block/crimson_nylium_11", "weight": 1 },
    { "model": "block/crimson_nylium_12", "weight": 1 },
    { "model": "block/crimson_nylium_13", "weight": 1 },
    { "model": "block/crimson_nylium_14", "weight": 1 },
    { "model": "block/crimson_nylium_15", "weight": 1 }
      ]
  }
}
