{
  "variants": {
      "": [
    { "model": "block/crimson_planks", "weight": 1 },
    { "model": "block/crimson_planks_1", "weight": 1 },
    { "model": "block/crimson_planks_2", "weight": 1 },
    { "model": "block/crimson_planks_3", "weight": 1 },
    { "model": "block/crimson_planks_4", "weight": 1 },
    { "model": "block/crimson_planks_5", "weight": 1 },
    { "model": "block/crimson_planks_6", "weight": 1 },
    { "model": "block/crimson_planks_7", "weight": 1 },
    { "model": "block/crimson_planks_8", "weight": 1 },
    { "model": "block/crimson_planks_9", "weight": 1 },
    { "model": "block/crimson_planks_10", "weight": 1 },
    { "model": "block/crimson_planks_11", "weight": 1 },
    { "model": "block/crimson_planks_12", "weight": 1 },
    { "model": "block/crimson_planks_13", "weight": 1 },
    { "model": "block/crimson_planks_14", "weight": 1 },
    { "model": "block/crimson_planks_15", "weight": 1 },
    { "model": "block/crimson_planks_16", "weight": 1 },
    { "model": "block/crimson_planks_17", "weight": 1 }
      ] 
  }
}
