{
    "variants": {
        "": [
            { "model": "block/diamond_ore", "weight": 1 },
			{ "model": "block/diamond_ore_1", "weight": 1 },
			{ "model": "block/diamond_ore_2", "weight": 2 },
			{ "model": "block/diamond_ore_3", "weight": 1 },
			{ "model": "block/diamond_ore_4", "weight": 1 },
            { "model": "block/diamond_ore_5", "weight": 1 },
			{ "model": "block/diamond_ore_6", "weight": 1 },
			{ "model": "block/diamond_ore_7", "weight": 1 },
			{ "model": "block/diamond_ore_8", "weight": 2 },
			{ "model": "block/diamond_ore_9", "weight": 1 }
            
        ]
    }
}
