{
    "variants": {
        "": [
            { "model": "block/diorite", "weight": 3 },
			{ "model": "block/diorite_1", "weight": 3 },
			{ "model": "block/diorite_2", "weight": 1 },
			{ "model": "block/diorite_3", "weight": 1 },
			{ "model": "block/diorite_4", "weight": 1 },
            { "model": "block/diorite_5", "weight": 1 },
			{ "model": "block/diorite_6", "weight": 1 },
			{ "model": "block/diorite_7", "weight": 1 },
			{ "model": "block/diorite_8", "weight": 1 },
			{ "model": "block/diorite_9", "weight": 1 },
			{ "model": "block/diorite_10", "weight": 1 },
			{ "model": "block/diorite_11", "weight": 1 }
            
        ]
    }
}
