{
  "variants": {
      "": [
        { "model": "block/dirt_path_top", "weight": 1 },
        { "model": "block/dirt_path_top", "weight": 1, "y": 180 },
        { "model": "block/dirt_path_top", "weight": 1, "y": 90 },
        { "model": "block/dirt_path_top", "weight": 1, "y": -90 },
        { "model": "block/dirt_path_top_1", "weight": 1 },
        { "model": "block/dirt_path_top_1", "weight": 1, "y": 180  },
        { "model": "block/dirt_path_top_1", "weight": 1, "y": 90  },
        { "model": "block/dirt_path_top_1", "weight": 1, "y": -90  },
        { "model": "block/dirt_path_top_2", "weight": 1 },
        { "model": "block/dirt_path_top_2", "weight": 1, "y": 180  },
        { "model": "block/dirt_path_top_2", "weight": 1, "y": 90  },
        { "model": "block/dirt_path_top_2", "weight": 1, "y": -90  },
        { "model": "block/dirt_path_top_3", "weight": 1 },
        { "model": "block/dirt_path_top_3", "weight": 1, "y": 180  },
        { "model": "block/dirt_path_top_3", "weight": 1, "y": 90  },
        { "model": "block/dirt_path_top_3", "weight": 1, "y": -90  },
        { "model": "block/dirt_path_top_4", "weight": 1 },
        { "model": "block/dirt_path_top_4", "weight": 1, "y": 180  },
        { "model": "block/dirt_path_top_4", "weight": 1, "y": 90  },
        { "model": "block/dirt_path_top_4", "weight": 1, "y": -90  },
              { "model": "block/dirt_path_top_5", "weight": 1 },
              { "model": "block/dirt_path_top_5", "weight": 1, "y": 180  },
              { "model": "block/dirt_path_top_5", "weight": 1, "y": 90  },
              { "model": "block/dirt_path_top_5", "weight": 1, "y": -90  },
        { "model": "block/dirt_path_top_6", "weight": 1 },
        { "model": "block/dirt_path_top_6", "weight": 1, "y": 180  },
        { "model": "block/dirt_path_top_6", "weight": 1, "y": 90  },
        { "model": "block/dirt_path_top_6", "weight": 2, "y": -90  },
        { "model": "block/dirt_path_top_7", "weight": 1 },
        { "model": "block/dirt_path_top_7", "weight": 1, "y": 180  },
        { "model": "block/dirt_path_top_7", "weight": 1, "y": 90  },
        { "model": "block/dirt_path_top_7", "weight": 1, "y": -90  },
        { "model": "block/dirt_path_top_8", "weight": 1 },
        { "model": "block/dirt_path_top_8", "weight": 1, "y": 180  },
        { "model": "block/dirt_path_top_8", "weight": 1, "y": 90  },
        { "model": "block/dirt_path_top_8", "weight": 1, "y": -90  },
        { "model": "block/dirt_path_top_9", "weight": 1 },
        { "model": "block/dirt_path_top_9", "weight": 1, "y": 180  },
        { "model": "block/dirt_path_top_9", "weight": 1, "y": 90  },
        { "model": "block/dirt_path_top_9", "weight": 1, "y": -90  },
        { "model": "block/dirt_path_top_10", "weight": 1 },
        { "model": "block/dirt_path_top_10", "weight": 1, "y": 180  },
        { "model": "block/dirt_path_top_10", "weight": 2, "y": 90  },
        { "model": "block/dirt_path_top_10", "weight": 1, "y": -90  },
        { "model": "block/dirt_path_top_11", "weight": 1 },
        { "model": "block/dirt_path_top_11", "weight": 1, "y": 180  },
        { "model": "block/dirt_path_top_11", "weight": 1, "y": 90  },
        { "model": "block/dirt_path_top_11", "weight": 1, "y": -90  },
        { "model": "block/dirt_path_top_12", "weight": 1 },
        { "model": "block/dirt_path_top_12", "weight": 1, "y": 180  },
        { "model": "block/dirt_path_top_12", "weight": 1, "y": 90  },
        { "model": "block/dirt_path_top_12", "weight": 1, "y": -90  },
        { "model": "block/dirt_path_top_11", "weight": 1 },
        { "model": "block/dirt_path_top_11", "weight": 1, "y": 180  },
        { "model": "block/dirt_path_top_11", "weight": 1, "y": 90  },
        { "model": "block/dirt_path_top_11", "weight": 1, "y": -90  },
        { "model": "block/dirt_path_top_14", "weight": 1 },
        { "model": "block/dirt_path_top_14", "weight": 1, "y": 180  },
        { "model": "block/dirt_path_top_14", "weight": 1, "y": 90  },
        { "model": "block/dirt_path_top_14", "weight": 1, "y": -90  },
        { "model": "block/dirt_path_top_15", "weight": 1 },
        { "model": "block/dirt_path_top_15", "weight": 1, "y": 180  },
        { "model": "block/dirt_path_top_15", "weight": 1, "y": 90  },
        { "model": "block/dirt_path_top_15", "weight": 1, "y": -90  },
        { "model": "block/dirt_path_top_16", "weight": 1 },
        { "model": "block/dirt_path_top_16", "weight": 1, "y": 180  },
        { "model": "block/dirt_path_top_16", "weight": 1, "y": 90  },
        { "model": "block/dirt_path_top_16", "weight": 1, "y": -90  },
        { "model": "block/dirt_path_top_17", "weight": 1 },
        { "model": "block/dirt_path_top_17", "weight": 1, "y": 180  },
        { "model": "block/dirt_path_top_17", "weight": 1, "y": 90  },
        { "model": "block/dirt_path_top_17", "weight": 1, "y": -90  },
        { "model": "block/dirt_path_top_18", "weight": 1 },
        { "model": "block/dirt_path_top_18", "weight": 1, "y": 180  },
        { "model": "block/dirt_path_top_18", "weight": 1, "y": 90  },
        { "model": "block/dirt_path_top_18", "weight": 1, "y": -90  },
        { "model": "block/dirt_path_top_19", "weight": 1 },
        { "model": "block/dirt_path_top_19", "weight": 1, "y": 180  },
        { "model": "block/dirt_path_top_19", "weight": 1, "y": 90  },
        { "model": "block/dirt_path_top_19", "weight": 1, "y": -90  },
        { "model": "block/dirt_path_top_20", "weight": 1 },
        { "model": "block/dirt_path_top_20", "weight": 1, "y": 180  },
        { "model": "block/dirt_path_top_20", "weight": 1, "y": 90  },
        { "model": "block/dirt_path_top_20", "weight": 1, "y": -90  }
      ]
  }
}
