{
    "variants": {
        "": [
            { "model": "block/granite", "weight": 3 },
			{ "model": "block/granite_1", "weight": 3 },
			{ "model": "block/granite_2", "weight": 1 },
			{ "model": "block/granite_3", "weight": 1 },
			{ "model": "block/granite_4", "weight": 1 },
            { "model": "block/granite_5", "weight": 1 },
			{ "model": "block/granite_6", "weight": 1 },
			{ "model": "block/granite_7", "weight": 1 },
			{ "model": "block/granite_8", "weight": 1 },
			{ "model": "block/granite_9", "weight": 1 },
			{ "model": "block/granite_10", "weight": 1 },
			{ "model": "block/granite_11", "weight": 1 }
            
        ]
    }
}
