{
  "variants": {
      "": [
          { "model": "block/ice", "weight": 1 },
    { "model": "block/ice_1", "weight": 1 },
    { "model": "block/ice_2", "weight": 1 },
    { "model": "block/ice_3", "weight": 1 },
    { "model": "block/ice_4", "weight": 1 },
          { "model": "block/ice_5", "weight": 1 },
    { "model": "block/ice_6", "weight": 1 },
    { "model": "block/ice_7", "weight": 1 },
    { "model": "block/ice_8", "weight": 1 },
    { "model": "block/ice_9", "weight": 1 },
    { "model": "block/ice_10", "weight": 1 }
      ]
  }
}
