{
    "variants": {
        "": [
            { "model": "block/lily_pad", "weight": 1 },
			{ "model": "block/lily_pad", "weight": 1, "y": 180 },
			{ "model": "block/lily_pad", "weight": 1, "y": 90 },
			{ "model": "block/lily_pad", "weight": 1, "y": 270 },
			{ "model": "block/lily_pad_1", "weight": 1 },
			{ "model": "block/lily_pad_1", "weight": 1, "y": 180  },
			{ "model": "block/lily_pad_1", "weight": 1, "y": 90 },
			{ "model": "block/lily_pad_1", "weight": 1, "y": 270 },
			{ "model": "block/lily_pad_2", "weight": 1 },
			{ "model": "block/lily_pad_2", "weight": 1, "y": 180  },
			{ "model": "block/lily_pad_2", "weight": 1, "y": 90 },
			{ "model": "block/lily_pad_2", "weight": 1, "y": 270 },
			{ "model": "block/lily_pad_3", "weight": 1 },
			{ "model": "block/lily_pad_3", "weight": 1, "y": 180  },
			{ "model": "block/lily_pad_3", "weight": 1, "y": 90 },
			{ "model": "block/lily_pad_3", "weight": 1, "y": 270 },
			{ "model": "block/lily_pad_4", "weight": 1 },
			{ "model": "block/lily_pad_4", "weight": 1, "y": 180  },
			{ "model": "block/lily_pad_4", "weight": 1, "y": 90 },
			{ "model": "block/lily_pad_4", "weight": 1, "y": 270 },
            { "model": "block/lily_pad_5", "weight": 1 },
            { "model": "block/lily_pad_5", "weight": 1, "y": 180  },
			{ "model": "block/lily_pad_5", "weight": 1, "y": 90 },
			{ "model": "block/lily_pad_5", "weight": 1, "y": 270 },
			{ "model": "block/lily_pad_6", "weight": 1 },
			{ "model": "block/lily_pad_6", "weight": 1, "y": 180  },
			{ "model": "block/lily_pad_6", "weight": 1, "y": 90 },
			{ "model": "block/lily_pad_6", "weight": 1, "y": 270 },
			{ "model": "block/lily_pad_7", "weight": 1 },
			{ "model": "block/lily_pad_7", "weight": 1, "y": 180  },
			{ "model": "block/lily_pad_7", "weight": 1, "y": 90 },
			{ "model": "block/lily_pad_7", "weight": 1, "y": 270 }
        ]
    }
}
