{ 
  "variants": {
      "": [
    { "model": "block/mangrove_planks", "weight": 1 },
    { "model": "block/mangrove_planks_1", "weight": 1 },
    { "model": "block/mangrove_planks_2", "weight": 1 },
    { "model": "block/mangrove_planks_3", "weight": 1 },
    { "model": "block/mangrove_planks_4", "weight": 1 },
    { "model": "block/mangrove_planks_5", "weight": 1 },
    { "model": "block/mangrove_planks_6", "weight": 1 },
    { "model": "block/mangrove_planks_7", "weight": 1 },
    { "model": "block/mangrove_planks_8", "weight": 1 },
    { "model": "block/mangrove_planks_9", "weight": 1 },
    { "model": "block/mangrove_planks_10", "weight": 1 },
    { "model": "block/mangrove_planks_11", "weight": 1 },
    { "model": "block/mangrove_planks_12", "weight": 1 },
    { "model": "block/mangrove_planks_13", "weight": 1 },
    { "model": "block/mangrove_planks_14", "weight": 1 },
    { "model": "block/mangrove_planks_15", "weight": 1 },
    { "model": "block/mangrove_planks_16", "weight": 1 },
    { "model": "block/mangrove_planks_17", "weight": 1 }
      ] 
  }
}
