{
  "variants": {
      "": [
    { "model": "block/nether_bricks", "weight": 1 },
    { "model": "block/nether_bricks_1", "weight": 1 },
    { "model": "block/nether_bricks_2", "weight": 1 },
    { "model": "block/nether_bricks_3", "weight": 1 },
    { "model": "block/nether_bricks_4", "weight": 1 },
    { "model": "block/nether_bricks_5", "weight": 1 },
    { "model": "block/nether_bricks_6", "weight": 1 },
    { "model": "block/nether_bricks_7", "weight": 1 },
    { "model": "block/nether_bricks_8", "weight": 1 },
    { "model": "block/nether_bricks_9", "weight": 1 },
    { "model": "block/nether_bricks_10", "weight": 1 },
    { "model": "block/nether_bricks_11", "weight": 1 },
    { "model": "block/nether_bricks_12", "weight": 1 },
    { "model": "block/nether_bricks_13", "weight": 1 },
    { "model": "block/nether_bricks_14", "weight": 1 },
    { "model": "block/nether_bricks_15", "weight": 1 },
    { "model": "block/nether_bricks_16", "weight": 1 },
    { "model": "block/nether_bricks_17", "weight": 1 },
    { "model": "block/nether_bricks_18", "weight": 1 },
    { "model": "block/nether_bricks_19", "weight": 1 },
    { "model": "block/nether_bricks_20", "weight": 1 }  
      ]
  }
}
