{
  "variants": {
      "": [
          { "model": "block/packed_ice", "weight": 1 },
    { "model": "block/packed_ice_1", "weight": 1 },
    { "model": "block/packed_ice_2", "weight": 1 },
    { "model": "block/packed_ice_3", "weight": 1 },
    { "model": "block/packed_ice_4", "weight": 1 },
          { "model": "block/packed_ice_5", "weight": 1 },
    { "model": "block/packed_ice_6", "weight": 1 },
    { "model": "block/packed_ice_7", "weight": 1 },
    { "model": "block/packed_ice_8", "weight": 1 },
    { "model": "block/packed_ice_9", "weight": 1 },
    { "model": "block/packed_ice_10", "weight": 1 }
      ]
  }
}
