{
  "variants": {
      "": [
    { "model": "block/polished_blackstone_bricks", "weight": 1 },
    { "model": "block/polished_blackstone_bricks_1", "weight": 1 },
    { "model": "block/polished_blackstone_bricks_2", "weight": 1 },
    { "model": "block/polished_blackstone_bricks_3", "weight": 1 },
    { "model": "block/polished_blackstone_bricks_4", "weight": 1 },
    { "model": "block/polished_blackstone_bricks_5", "weight": 1 },
    { "model": "block/polished_blackstone_bricks_6", "weight": 1 },
    { "model": "block/polished_blackstone_bricks_7", "weight": 1 },
    { "model": "block/polished_blackstone_bricks_8", "weight": 1 },
    { "model": "block/polished_blackstone_bricks_9", "weight": 1 },
    { "model": "block/polished_blackstone_bricks_10", "weight": 1 },
    { "model": "block/polished_blackstone_bricks_11", "weight": 1 },
    { "model": "block/polished_blackstone_bricks_12", "weight": 1 },
    { "model": "block/polished_blackstone_bricks_13", "weight": 1 },
    { "model": "block/polished_blackstone_bricks_14", "weight": 1 },
    { "model": "block/polished_blackstone_bricks_15", "weight": 1 },
    { "model": "block/polished_blackstone_bricks_16", "weight": 1 },
    { "model": "block/polished_blackstone_bricks_17", "weight": 1 },
    { "model": "block/polished_blackstone_bricks_18", "weight": 1 },
    { "model": "block/polished_blackstone_bricks_19", "weight": 1 },
    { "model": "block/polished_blackstone_bricks_20", "weight": 1 } 
      ]
  }
}
