{
  "variants": {
    "axis=x": [
      { "model": "minecraft:block/quartz_pillar", "x": 90,  "y": 90, "weight": 10 },
      { "model": "minecraft:block/quartz_pillar_1", "x": 90,  "y": 90, "weight": 1 },
      { "model": "minecraft:block/quartz_pillar_2", "x": 90,  "y": 90, "weight": 1 },
      { "model": "minecraft:block/quartz_pillar_3", "x": 90,  "y": 90, "weight": 1 },
      { "model": "minecraft:block/quartz_pillar_4", "x": 90,  "y": 90, "weight": 1 },
      { "model": "minecraft:block/quartz_pillar_5", "x": 90,  "y": 90, "weight": 1 }
      ],
    "axis=y": [
      { "model": "minecraft:block/quartz_pillar", "weight": 10 },
      { "model": "minecraft:block/quartz_pillar_1", "weight": 1 },
      { "model": "minecraft:block/quartz_pillar_2", "weight": 1 },
      { "model": "minecraft:block/quartz_pillar_3", "weight": 1 },
      { "model": "minecraft:block/quartz_pillar_4", "weight": 1 },
      { "model": "minecraft:block/quartz_pillar_5", "weight": 1 }
      ],
    "axis=z": [
      { "model": "minecraft:block/quartz_pillar", "x": 90, "weight": 10},
      { "model": "minecraft:block/quartz_pillar_1", "x": 90, "weight": 1},
      { "model": "minecraft:block/quartz_pillar_2", "x": 90, "weight": 1},
      { "model": "minecraft:block/quartz_pillar_3", "x": 90, "weight": 1},
      { "model": "minecraft:block/quartz_pillar_4", "x": 90, "weight": 1},
      { "model": "minecraft:block/quartz_pillar_5", "x": 90, "weight": 1}
      ]
  }
}