{ 
  "variants": {
      "": [
          { "model": "block/red_sand", "weight": 1 },
    { "model": "block/red_sand", "weight": 1, "y": 180 },
    { "model": "block/red_sand", "weight": 1, "x": 180 },
    { "model": "block/red_sand", "weight": 1, "x": 90, "y": 90 },
    { "model": "block/red_sand", "weight": 1, "x": -90, "y": -90 },
    { "model": "block/red_sand", "weight": 1, "x": -270, "y": -270 },
    { "model": "block/red_sand", "weight": 1, "x": 90, "y": 270 },
    { "model": "block/red_sand", "weight": 1, "x": 270, "y": 90 },
    { "model": "block/red_sand_1", "weight": 1 },
    { "model": "block/red_sand_1", "weight": 1, "y": 180  },
    { "model": "block/red_sand_1", "weight": 1, "x": 180  },
    { "model": "block/red_sand_1", "weight": 1, "x": 90, "y": 90  },
    { "model": "block/red_sand_1", "weight": 1, "x": -90, "y": -90  },
    { "model": "block/red_sand_1", "weight": 1, "x": -270, "y": -270 },
    { "model": "block/red_sand_1", "weight": 1, "x": 90, "y": 270 },
    { "model": "block/red_sand_1", "weight": 1, "x": 270, "y": 90 },
    { "model": "block/red_sand_2", "weight": 1 },
    { "model": "block/red_sand_2", "weight": 1, "y": 180  },
    { "model": "block/red_sand_2", "weight": 1, "x": 180  },
    { "model": "block/red_sand_2", "weight": 1, "x": 90, "y": 90  },
    { "model": "block/red_sand_2", "weight": 1, "x": -90, "y": -90  },
    { "model": "block/red_sand_2", "weight": 1, "x": -270, "y": -270 },
    { "model": "block/red_sand_2", "weight": 1, "x": 90, "y": 270 },
    { "model": "block/red_sand_2", "weight": 1, "x": 270, "y": 90 },
    { "model": "block/red_sand_3", "weight": 1 },
    { "model": "block/red_sand_3", "weight": 1, "y": 180  },
    { "model": "block/red_sand_3", "weight": 1, "x": 180  },
    { "model": "block/red_sand_3", "weight": 1, "x": 90, "y": 90  },
    { "model": "block/red_sand_3", "weight": 1, "x": -90, "y": -90  },
    { "model": "block/red_sand_3", "weight": 1, "x": -270, "y": -270 },
    { "model": "block/red_sand_3", "weight": 1, "x": 90, "y": 270 },
    { "model": "block/red_sand_3", "weight": 1, "x": 270, "y": 90 },
    { "model": "block/red_sand_4", "weight": 1 },
    { "model": "block/red_sand_4", "weight": 1, "y": 180  },
    { "model": "block/red_sand_4", "weight": 1, "x": 180  },
    { "model": "block/red_sand_4", "weight": 1, "x": 90, "y": 90  },
    { "model": "block/red_sand_4", "weight": 1, "x": -90, "y": -90  },
    { "model": "block/red_sand_4", "weight": 1, "x": -270, "y": -270 },
    { "model": "block/red_sand_4", "weight": 1, "x": 90, "y": 270 },
    { "model": "block/red_sand_4", "weight": 1, "x": 270, "y": 90 },
          { "model": "block/red_sand_5", "weight": 1 },
          { "model": "block/red_sand_5", "weight": 1, "y": 180  },
          { "model": "block/red_sand_5", "weight": 1, "x": 180  },
          { "model": "block/red_sand_5", "weight": 1, "x": 90, "y": 90  },
          { "model": "block/red_sand_5", "weight": 1, "x": -90, "y": -90  },
          { "model": "block/red_sand_5", "weight": 1, "x": -270, "y": -270 },
          { "model": "block/red_sand_5", "weight": 1, "x": 90, "y": 270 },
          { "model": "block/red_sand_5", "weight": 1, "x": 270, "y": 90 },
    { "model": "block/red_sand_6", "weight": 1 },
    { "model": "block/red_sand_6", "weight": 1, "y": 180  },
    { "model": "block/red_sand_6", "weight": 1, "x": 180  },
    { "model": "block/red_sand_6", "weight": 1, "x": 90, "y": 90  },
    { "model": "block/red_sand_6", "weight": 1, "x": -90, "y": -90  },
    { "model": "block/red_sand_6", "weight": 1, "x": -270, "y": -270 },
    { "model": "block/red_sand_6", "weight": 1, "x": 90, "y": 270 },
    { "model": "block/red_sand_6", "weight": 1, "x": 270, "y": 90 },
    { "model": "block/red_sand_7", "weight": 1 },
    { "model": "block/red_sand_7", "weight": 1, "y": 180  },
    { "model": "block/red_sand_7", "weight": 1, "x": 180  },
    { "model": "block/red_sand_7", "weight": 1, "x": 90, "y": 90  },
    { "model": "block/red_sand_7", "weight": 1, "x": -90, "y": -90  },
    { "model": "block/red_sand_7", "weight": 1, "x": -270, "y": -270 },
    { "model": "block/red_sand_7", "weight": 1, "x": 90, "y": 270 },
    { "model": "block/red_sand_7", "weight": 1, "x": 270, "y": 90 },
    { "model": "block/red_sand_8", "weight": 1 },
    { "model": "block/red_sand_8", "weight": 1, "y": 180  },
    { "model": "block/red_sand_8", "weight": 1, "x": 180  },
    { "model": "block/red_sand_8", "weight": 1, "x": 90, "y": 90  },
    { "model": "block/red_sand_8", "weight": 1, "x": -90, "y": -90  },
    { "model": "block/red_sand_8", "weight": 1, "x": -270, "y": -270 },
    { "model": "block/red_sand_8", "weight": 1, "x": 90, "y": 270 },
    { "model": "block/red_sand_8", "weight": 1, "x": 270, "y": 90 },
    { "model": "block/red_sand_9", "weight": 1 },
    { "model": "block/red_sand_9", "weight": 1, "y": 180  },
    { "model": "block/red_sand_9", "weight": 1, "x": 180  },
    { "model": "block/red_sand_9", "weight": 1, "x": 90, "y": 90  },
    { "model": "block/red_sand_9", "weight": 1, "x": -90, "y": -90  },
    { "model": "block/red_sand_9", "weight": 1, "x": -270, "y": -270 },
    { "model": "block/red_sand_9", "weight": 1, "x": 90, "y": 270 },
    { "model": "block/red_sand_9", "weight": 1, "x": 270, "y": 90 },
    { "model": "block/red_sand_10", "weight": 1 },
    { "model": "block/red_sand_10", "weight": 1, "y": 180  },
    { "model": "block/red_sand_10", "weight": 1, "x": 180  },
    { "model": "block/red_sand_10", "weight": 1, "x": 90, "y": 90  },
    { "model": "block/red_sand_10", "weight": 1, "x": -90, "y": -90  },
    { "model": "block/red_sand_10", "weight": 1, "x": -270, "y": -270 },
    { "model": "block/red_sand_10", "weight": 1, "x": 90, "y": 270 },
    { "model": "block/red_sand_10", "weight": 1, "x": 270, "y": 90 },
    { "model": "block/red_sand_11", "weight": 1 },
    { "model": "block/red_sand_11", "weight": 1, "y": 180 },
    { "model": "block/red_sand_11", "weight": 1, "x": 180 },
    { "model": "block/red_sand_11", "weight": 1, "x": 90, "y": 90 },
    { "model": "block/red_sand_11", "weight": 1, "x": -90, "y": -90 },
    { "model": "block/red_sand_11", "weight": 1, "x": -270, "y": -270 },
    { "model": "block/red_sand_11", "weight": 1, "x": 90, "y": 270 },
    { "model": "block/red_sand_11", "weight": 1, "x": 270, "y": 90 },
    { "model": "block/red_sand_12", "weight": 1 },
    { "model": "block/red_sand_12", "weight": 1, "y": 180  },
    { "model": "block/red_sand_12", "weight": 1, "x": 180  },
    { "model": "block/red_sand_12", "weight": 1, "x": 90, "y": 90  },
    { "model": "block/red_sand_12", "weight": 1, "x": -90, "y": -90  },
    { "model": "block/red_sand_12", "weight": 1, "x": -270, "y": -270 },
    { "model": "block/red_sand_12", "weight": 1, "x": 90, "y": 270 },
    { "model": "block/red_sand_12", "weight": 1, "x": 270, "y": 90 },
    { "model": "block/red_sand_13", "weight": 1 },
    { "model": "block/red_sand_13", "weight": 1, "y": 180  },
    { "model": "block/red_sand_13", "weight": 1, "x": 180  },
    { "model": "block/red_sand_14", "weight": 1, "x": 90, "y": 90  },
    { "model": "block/red_sand_14", "weight": 1, "x": -90, "y": -90  },
    { "model": "block/red_sand_14", "weight": 1, "x": -270, "y": -270 },
    { "model": "block/red_sand_14", "weight": 1, "x": 90, "y": 270 },
    { "model": "block/red_sand_14", "weight": 1, "x": 270, "y": 90 },
    { "model": "block/red_sand_15", "weight": 1 },
    { "model": "block/red_sand_15", "weight": 1, "y": 180  },
    { "model": "block/red_sand_15", "weight": 1, "x": 180  },
    { "model": "block/red_sand_15", "weight": 1, "x": 90, "y": 90  },
    { "model": "block/red_sand_15", "weight": 1, "x": -90, "y": -90  },
    { "model": "block/red_sand_15", "weight": 1, "x": -270, "y": -270 },
    { "model": "block/red_sand_15", "weight": 1, "x": 90, "y": 270 },
    { "model": "block/red_sand_15", "weight": 1, "x": 270, "y": 90 },
    { "model": "block/red_sand_16", "weight": 1 },
    { "model": "block/red_sand_16", "weight": 1, "y": 180  },
    { "model": "block/red_sand_16", "weight": 1, "x": 180  },
    { "model": "block/red_sand_16", "weight": 1, "x": 90, "y": 90  },
    { "model": "block/red_sand_16", "weight": 1, "x": -90, "y": -90  },
    { "model": "block/red_sand_16", "weight": 1, "x": -270, "y": -270 },
    { "model": "block/red_sand_16", "weight": 1, "x": 90, "y": 270 },
    { "model": "block/red_sand_16", "weight": 1, "x": 270, "y": 90 },
          { "model": "block/red_sand_17", "weight": 1 },
          { "model": "block/red_sand_17", "weight": 1, "y": 180  },
          { "model": "block/red_sand_17", "weight": 1, "x": 180  },
          { "model": "block/red_sand_17", "weight": 1, "x": 90, "y": 90  },
          { "model": "block/red_sand_17", "weight": 1, "x": -90, "y": -90  },
          { "model": "block/red_sand_17", "weight": 1, "x": -270, "y": -270 },
          { "model": "block/red_sand_17", "weight": 1, "x": 90, "y": 270 },
          { "model": "block/red_sand_17", "weight": 1, "x": 270, "y": 90 },
    { "model": "block/red_sand_18", "weight": 1 },
    { "model": "block/red_sand_18", "weight": 1, "y": 180  },
    { "model": "block/red_sand_18", "weight": 1, "x": 180  },
    { "model": "block/red_sand_18", "weight": 1, "x": 90, "y": 90  },
    { "model": "block/red_sand_18", "weight": 1, "x": -90, "y": -90  },
    { "model": "block/red_sand_18", "weight": 1, "x": -270, "y": -270 },
    { "model": "block/red_sand_18", "weight": 1, "x": 90, "y": 270 },
    { "model": "block/red_sand_18", "weight": 1, "x": 270, "y": 90 },
    { "model": "block/red_sand_19", "weight": 1 },
    { "model": "block/red_sand_19", "weight": 1, "y": 180  },
    { "model": "block/red_sand_19", "weight": 1, "x": 180  },
    { "model": "block/red_sand_19", "weight": 1, "x": 90, "y": 90  },
    { "model": "block/red_sand_19", "weight": 1, "x": -90, "y": -90  },
    { "model": "block/red_sand_19", "weight": 1, "x": -270, "y": -270 },
    { "model": "block/red_sand_19", "weight": 1, "x": 90, "y": 270 },
    { "model": "block/red_sand_19", "weight": 1, "x": 270, "y": 90 },
    { "model": "block/red_sand_20", "weight": 1 },
    { "model": "block/red_sand_20", "weight": 1, "y": 180  },
    { "model": "block/red_sand_20", "weight": 1, "x": 180  },
    { "model": "block/red_sand_20", "weight": 1, "x": 90, "y": 90  },
    { "model": "block/red_sand_20", "weight": 1, "x": -90, "y": -90  },
    { "model": "block/red_sand_20", "weight": 1, "x": -270, "y": -270 },
    { "model": "block/red_sand_20", "weight": 1, "x": 90, "y": 270 },
    { "model": "block/red_sand_20", "weight": 1, "x": 270, "y": 90 }
      ]
  }
}
