{
  "variants": {
      "": [
          { "model": "block/sand", "weight": 1 },
    { "model": "block/sand", "weight": 1, "y": 180 },
    { "model": "block/sand", "weight": 1, "x": 180 },
    { "model": "block/sand", "weight": 1, "x": 90, "y": 90 },
    { "model": "block/sand", "weight": 1, "x": -90, "y": -90 },
    { "model": "block/sand", "weight": 1, "x": -270, "y": -270 },
    { "model": "block/sand", "weight": 1, "x": 90, "y": 270 },
    { "model": "block/sand", "weight": 1, "x": 270, "y": 90 },
    { "model": "block/sand_1", "weight": 1 },
    { "model": "block/sand_1", "weight": 1, "y": 180  },
    { "model": "block/sand_1", "weight": 1, "x": 180  },
    { "model": "block/sand_1", "weight": 1, "x": 90, "y": 90  },
    { "model": "block/sand_1", "weight": 1, "x": -90, "y": -90  },
    { "model": "block/sand_1", "weight": 1, "x": -270, "y": -270 },
    { "model": "block/sand_1", "weight": 1, "x": 90, "y": 270 },
    { "model": "block/sand_1", "weight": 1, "x": 270, "y": 90 },
    { "model": "block/sand_2", "weight": 1 },
    { "model": "block/sand_2", "weight": 1, "y": 180  },
    { "model": "block/sand_2", "weight": 1, "x": 180  },
    { "model": "block/sand_2", "weight": 1, "x": 90, "y": 90  },
    { "model": "block/sand_2", "weight": 1, "x": -90, "y": -90  },
    { "model": "block/sand_2", "weight": 1, "x": -270, "y": -270 },
    { "model": "block/sand_2", "weight": 1, "x": 90, "y": 270 },
    { "model": "block/sand_2", "weight": 1, "x": 270, "y": 90 },
    { "model": "block/sand_3", "weight": 1 },
    { "model": "block/sand_3", "weight": 1, "y": 180  },
    { "model": "block/sand_3", "weight": 1, "x": 180  },
    { "model": "block/sand_3", "weight": 1, "x": 90, "y": 90  },
    { "model": "block/sand_3", "weight": 1, "x": -90, "y": -90  },
    { "model": "block/sand_3", "weight": 1, "x": -270, "y": -270 },
    { "model": "block/sand_3", "weight": 1, "x": 90, "y": 270 },
    { "model": "block/sand_3", "weight": 1, "x": 270, "y": 90 },
    { "model": "block/sand_4", "weight": 1 },
    { "model": "block/sand_4", "weight": 1, "y": 180  },
    { "model": "block/sand_4", "weight": 1, "x": 180  },
    { "model": "block/sand_4", "weight": 1, "x": 90, "y": 90  },
    { "model": "block/sand_4", "weight": 1, "x": -90, "y": -90  },
    { "model": "block/sand_4", "weight": 1, "x": -270, "y": -270 },
    { "model": "block/sand_4", "weight": 1, "x": 90, "y": 270 },
    { "model": "block/sand_4", "weight": 1, "x": 270, "y": 90 },
          { "model": "block/sand_5", "weight": 1 },
          { "model": "block/sand_5", "weight": 1, "y": 180  },
          { "model": "block/sand_5", "weight": 1, "x": 180  },
          { "model": "block/sand_5", "weight": 1, "x": 90, "y": 90  },
          { "model": "block/sand_5", "weight": 1, "x": -90, "y": -90  },
          { "model": "block/sand_5", "weight": 1, "x": -270, "y": -270 },
          { "model": "block/sand_5", "weight": 1, "x": 90, "y": 270 },
          { "model": "block/sand_5", "weight": 1, "x": 270, "y": 90 },
    { "model": "block/sand_6", "weight": 1 },
    { "model": "block/sand_6", "weight": 1, "y": 180  },
    { "model": "block/sand_6", "weight": 1, "x": 180  },
    { "model": "block/sand_6", "weight": 1, "x": 90, "y": 90  },
    { "model": "block/sand_6", "weight": 1, "x": -90, "y": -90  },
    { "model": "block/sand_6", "weight": 1, "x": -270, "y": -270 },
    { "model": "block/sand_6", "weight": 1, "x": 90, "y": 270 },
    { "model": "block/sand_6", "weight": 1, "x": 270, "y": 90 },
    { "model": "block/sand_7", "weight": 1 },
    { "model": "block/sand_7", "weight": 1, "y": 180  },
    { "model": "block/sand_7", "weight": 1, "x": 180  },
    { "model": "block/sand_7", "weight": 1, "x": 90, "y": 90  },
    { "model": "block/sand_7", "weight": 1, "x": -90, "y": -90  },
    { "model": "block/sand_7", "weight": 1, "x": -270, "y": -270 },
    { "model": "block/sand_7", "weight": 1, "x": 90, "y": 270 },
    { "model": "block/sand_7", "weight": 1, "x": 270, "y": 90 },
    { "model": "block/sand_8", "weight": 1 },
    { "model": "block/sand_8", "weight": 1, "y": 180  },
    { "model": "block/sand_8", "weight": 1, "x": 180  },
    { "model": "block/sand_8", "weight": 1, "x": 90, "y": 90  },
    { "model": "block/sand_8", "weight": 1, "x": -90, "y": -90  },
    { "model": "block/sand_8", "weight": 1, "x": -270, "y": -270 },
    { "model": "block/sand_8", "weight": 1, "x": 90, "y": 270 },
    { "model": "block/sand_8", "weight": 1, "x": 270, "y": 90 },
    { "model": "block/sand_9", "weight": 1 },
    { "model": "block/sand_9", "weight": 1, "y": 180  },
    { "model": "block/sand_9", "weight": 1, "x": 180  },
    { "model": "block/sand_9", "weight": 1, "x": 90, "y": 90  },
    { "model": "block/sand_9", "weight": 1, "x": -90, "y": -90  },
    { "model": "block/sand_9", "weight": 1, "x": -270, "y": -270 },
    { "model": "block/sand_9", "weight": 1, "x": 90, "y": 270 },
    { "model": "block/sand_9", "weight": 1, "x": 270, "y": 90 },
    { "model": "block/sand_10", "weight": 1 },
    { "model": "block/sand_10", "weight": 1, "y": 180  },
    { "model": "block/sand_10", "weight": 1, "x": 180  },
    { "model": "block/sand_10", "weight": 1, "x": 90, "y": 90  },
    { "model": "block/sand_10", "weight": 1, "x": -90, "y": -90  },
    { "model": "block/sand_10", "weight": 1, "x": -270, "y": -270 },
    { "model": "block/sand_10", "weight": 1, "x": 90, "y": 270 },
    { "model": "block/sand_10", "weight": 1, "x": 270, "y": 90 },
    { "model": "block/sand_11", "weight": 1 },
    { "model": "block/sand_11", "weight": 1, "y": 180 },
    { "model": "block/sand_11", "weight": 1, "x": 180 },
    { "model": "block/sand_11", "weight": 1, "x": 90, "y": 90 },
    { "model": "block/sand_11", "weight": 1, "x": -90, "y": -90 },
    { "model": "block/sand_11", "weight": 1, "x": -270, "y": -270 },
    { "model": "block/sand_11", "weight": 1, "x": 90, "y": 270 },
    { "model": "block/sand_11", "weight": 1, "x": 270, "y": 90 },
    { "model": "block/sand_12", "weight": 1 },
    { "model": "block/sand_12", "weight": 1, "y": 180  },
    { "model": "block/sand_12", "weight": 1, "x": 180  },
    { "model": "block/sand_12", "weight": 1, "x": 90, "y": 90  },
    { "model": "block/sand_12", "weight": 1, "x": -90, "y": -90  },
    { "model": "block/sand_12", "weight": 1, "x": -270, "y": -270 },
    { "model": "block/sand_12", "weight": 1, "x": 90, "y": 270 },
    { "model": "block/sand_12", "weight": 1, "x": 270, "y": 90 },
    { "model": "block/sand_13", "weight": 1 },
    { "model": "block/sand_13", "weight": 1, "y": 180  },
    { "model": "block/sand_13", "weight": 1, "x": 180  },
    { "model": "block/sand_14", "weight": 1, "x": 90, "y": 90  },
    { "model": "block/sand_14", "weight": 1, "x": -90, "y": -90  },
    { "model": "block/sand_14", "weight": 1, "x": -270, "y": -270 },
    { "model": "block/sand_14", "weight": 1, "x": 90, "y": 270 },
    { "model": "block/sand_14", "weight": 1, "x": 270, "y": 90 },
    { "model": "block/sand_15", "weight": 1 },
    { "model": "block/sand_15", "weight": 1, "y": 180  },
    { "model": "block/sand_15", "weight": 1, "x": 180  },
    { "model": "block/sand_15", "weight": 1, "x": 90, "y": 90  },
    { "model": "block/sand_15", "weight": 1, "x": -90, "y": -90  },
    { "model": "block/sand_15", "weight": 1, "x": -270, "y": -270 },
    { "model": "block/sand_15", "weight": 1, "x": 90, "y": 270 },
    { "model": "block/sand_15", "weight": 1, "x": 270, "y": 90 },
    { "model": "block/sand_16", "weight": 1 },
    { "model": "block/sand_16", "weight": 1, "y": 180  },
    { "model": "block/sand_16", "weight": 1, "x": 180  },
    { "model": "block/sand_16", "weight": 1, "x": 90, "y": 90  },
    { "model": "block/sand_16", "weight": 1, "x": -90, "y": -90  },
    { "model": "block/sand_16", "weight": 1, "x": -270, "y": -270 },
    { "model": "block/sand_16", "weight": 1, "x": 90, "y": 270 },
    { "model": "block/sand_16", "weight": 1, "x": 270, "y": 90 },
          { "model": "block/sand_17", "weight": 1 },
          { "model": "block/sand_17", "weight": 1, "y": 180  },
          { "model": "block/sand_17", "weight": 1, "x": 180  },
          { "model": "block/sand_17", "weight": 1, "x": 90, "y": 90  },
          { "model": "block/sand_17", "weight": 1, "x": -90, "y": -90  },
          { "model": "block/sand_17", "weight": 1, "x": -270, "y": -270 },
          { "model": "block/sand_17", "weight": 1, "x": 90, "y": 270 },
          { "model": "block/sand_17", "weight": 1, "x": 270, "y": 90 },
    { "model": "block/sand_18", "weight": 1 },
    { "model": "block/sand_18", "weight": 1, "y": 180  },
    { "model": "block/sand_18", "weight": 1, "x": 180  },
    { "model": "block/sand_18", "weight": 1, "x": 90, "y": 90  },
    { "model": "block/sand_18", "weight": 1, "x": -90, "y": -90  },
    { "model": "block/sand_18", "weight": 1, "x": -270, "y": -270 },
    { "model": "block/sand_18", "weight": 1, "x": 90, "y": 270 },
    { "model": "block/sand_18", "weight": 1, "x": 270, "y": 90 },
    { "model": "block/sand_19", "weight": 1 },
    { "model": "block/sand_19", "weight": 1, "y": 180  },
    { "model": "block/sand_19", "weight": 1, "x": 180  },
    { "model": "block/sand_19", "weight": 1, "x": 90, "y": 90  },
    { "model": "block/sand_19", "weight": 1, "x": -90, "y": -90  },
    { "model": "block/sand_19", "weight": 1, "x": -270, "y": -270 },
    { "model": "block/sand_19", "weight": 1, "x": 90, "y": 270 },
    { "model": "block/sand_19", "weight": 1, "x": 270, "y": 90 },
    { "model": "block/sand_20", "weight": 1 },
    { "model": "block/sand_20", "weight": 1, "y": 180  },
    { "model": "block/sand_20", "weight": 1, "x": 180  },
    { "model": "block/sand_20", "weight": 1, "x": 90, "y": 90  },
    { "model": "block/sand_20", "weight": 1, "x": -90, "y": -90  },
    { "model": "block/sand_20", "weight": 1, "x": -270, "y": -270 },
    { "model": "block/sand_20", "weight": 1, "x": 90, "y": 270 },
    { "model": "block/sand_20", "weight": 1, "x": 270, "y": 90 }
      ]
  }
}
