{
    "variants": {
        "": [
            { "model": "block/stonebrick", "weight": 5 },
			{ "model": "block/stonebrick_1", "weight": 3 },
			{ "model": "block/stonebrick_2", "weight": 3 },
			{ "model": "block/stonebrick_3", "weight": 2 },
			{ "model": "block/stonebrick_4", "weight": 1 },
            { "model": "block/stonebrick_5", "weight": 1 },
			{ "model": "block/stonebrick_6", "weight": 1 },
			{ "model": "block/stonebrick_7", "weight": 2 },
			{ "model": "block/stonebrick_8", "weight": 2 },
			{ "model": "block/stonebrick_9", "weight": 2 }
            
        ]
    }
}
