{ 
  "variants": {
      "": [
    { "model": "block/sugar_cane", "weight": 1 },
    { "model": "block/sugar_cane_1", "weight": 1 },
    { "model": "block/sugar_cane_2", "weight": 1 },
    { "model": "block/sugar_cane_3", "weight": 1 },
    { "model": "block/sugar_cane_4", "weight": 1 },
    { "model": "block/sugar_cane_5", "weight": 1 },
    { "model": "block/sugar_cane_6", "weight": 1 },
    { "model": "block/sugar_cane_7", "weight": 1 },
    { "model": "block/sugar_cane_8", "weight": 1 },
    { "model": "block/sugar_cane_9", "weight": 1 },
    { "model": "block/sugar_cane_10", "weight": 1 }
      ]
  }
}
