{
  "variants": {
      "": [
    { "model": "block/warped_nylium", "weight": 1 },
    { "model": "block/warped_nylium_1", "weight": 1 },
    { "model": "block/warped_nylium_2", "weight": 1 },
    { "model": "block/warped_nylium_3", "weight": 1 },
    { "model": "block/warped_nylium_4", "weight": 1 },
    { "model": "block/warped_nylium_5", "weight": 1 },
    { "model": "block/warped_nylium_6", "weight": 1 },
    { "model": "block/warped_nylium_7", "weight": 1 },
    { "model": "block/warped_nylium_8", "weight": 1 },
    { "model": "block/warped_nylium_9", "weight": 1 },
    { "model": "block/warped_nylium_10", "weight": 1 },
    { "model": "block/warped_nylium_11", "weight": 1 },
    { "model": "block/warped_nylium_12", "weight": 1 },
    { "model": "block/warped_nylium_13", "weight": 1 },
    { "model": "block/warped_nylium_14", "weight": 1 },
    { "model": "block/warped_nylium_15", "weight": 1 },
    { "model": "block/warped_nylium_16", "weight": 1 },
    { "model": "block/warped_nylium_17", "weight": 1 },
    { "model": "block/warped_nylium_18", "weight": 1 },
    { "model": "block/warped_nylium_19", "weight": 1 },
    { "model": "block/warped_nylium_20", "weight": 1 }  
      ]
  }
}
