{ 
  "variants": {
      "": [
    { "model": "block/warped_planks", "weight": 1 },
    { "model": "block/warped_planks_1", "weight": 1 },
    { "model": "block/warped_planks_2", "weight": 1 },
    { "model": "block/warped_planks_3", "weight": 1 },
    { "model": "block/warped_planks_4", "weight": 1 },
    { "model": "block/warped_planks_5", "weight": 1 },
    { "model": "block/warped_planks_6", "weight": 1 },
    { "model": "block/warped_planks_7", "weight": 1 },
    { "model": "block/warped_planks_8", "weight": 1 },
    { "model": "block/warped_planks_9", "weight": 1 },
    { "model": "block/warped_planks_10", "weight": 1 },
    { "model": "block/warped_planks_11", "weight": 1 },
    { "model": "block/warped_planks_12", "weight": 1 },
    { "model": "block/warped_planks_13", "weight": 1 },
    { "model": "block/warped_planks_14", "weight": 1 },
    { "model": "block/warped_planks_15", "weight": 1 },
    { "model": "block/warped_planks_16", "weight": 1 },
    { "model": "block/warped_planks_17", "weight": 1 }
      ] 
  }
}
