{
  "variants": {
    "age=0": {
      "model": "minecraft:block/wheat_stage0"
    },
    "age=1": {
      "model": "minecraft:block/wheat_stage1"
    },
    "age=2": {
      "model": "minecraft:block/wheat_stage2"
    },
    "age=3": {
      "model": "minecraft:block/wheat_stage3"
    },
    "age=4": {
      "model": "minecraft:block/wheat_stage4"
    },
    "age=5": [
      { "model": "minecraft:block/wheat_stage5" },
      { "model": "minecraft:block/wheat_stage5_1" },
      { "model": "minecraft:block/wheat_stage5_2" },
      { "model": "minecraft:block/wheat_stage5_3" },
      { "model": "minecraft:block/wheat_stage5_4" },
      { "model": "minecraft:block/wheat_stage5_5" }
  ],
    "age=6": [
    { "model": "minecraft:block/wheat_stage6" },
    { "model": "minecraft:block/wheat_stage6_1" },
    { "model": "minecraft:block/wheat_stage6_2" },
    { "model": "minecraft:block/wheat_stage6_3" },
    { "model": "minecraft:block/wheat_stage6_4" },
    { "model": "minecraft:block/wheat_stage6_5" }
    ],
    "age=7": [
      { "model": "minecraft:block/wheat_stage7" },
      { "model": "minecraft:block/wheat_stage7_1" },
      { "model": "minecraft:block/wheat_stage7_2" },
      { "model": "minecraft:block/wheat_stage7_3" },
      { "model": "minecraft:block/wheat_stage7_4" },
      { "model": "minecraft:block/wheat_stage7_5" },
      { "model": "minecraft:block/wheat_stage7_6" },
      { "model": "minecraft:block/wheat_stage7_7" },
      { "model": "minecraft:block/wheat_stage7_8" }
    ]
  }
}