{
	"credit": "Made with Blockbench",
	"parent": "block/template_orientable_trapdoor_bottom",
	"textures": {
		"texture": "block/acacia_trapdoor",
		"side": "block/acacia_trapdoor_side"
	},
	"elements": [
		{
			"from": [14, 0, 0],
			"to": [16, 3, 16],
			"faces": {
				"north": {"uv": [0, 0, 2, 3], "texture": "#side", "cullface": "north"},
				"east": {"uv": [0, 0, 16, 3], "texture": "#side", "cullface": "east"},
				"south": {"uv": [14, 0, 16, 3], "texture": "#side", "cullface": "south"},
				"west": {"uv": [0, 0, 16, 3], "texture": "#side"},
				"up": {"uv": [0, 0, 2, 16], "rotation": 180, "texture": "#texture"},
				"down": {"uv": [0, 16, 2, 0], "rotation": 180, "texture": "#texture", "cullface": "down"}
			}
		},
		{
			"from": [4, 0, 3],
			"to": [7, 3, 13],
			"faces": {
				"east": {"uv": [0, 0, 16, 3], "texture": "#side"},
				"west": {"uv": [0, 0, 16, 3], "texture": "#side"},
				"up": {"uv": [9, 3, 12, 13], "rotation": 180, "texture": "#texture"},
				"down": {"uv": [9, 13, 12, 3], "rotation": 180, "texture": "#texture", "cullface": "down"}
			}
		},
		{
			"from": [2, 0, 12.9999],
			"to": [14, 3, 15.9999],
			"faces": {
				"north": {"uv": [3, 0, 13, 3], "texture": "#side"},
				"south": {"uv": [3, 0, 13, 3], "texture": "#side", "cullface": "south"},
				"up": {"uv": [2, 0, 14, 3], "rotation": 180, "texture": "#texture"},
				"down": {"uv": [2, 3, 14, 0], "rotation": 180, "texture": "#texture", "cullface": "down"}
			}
		},
		{
			"from": [2, 0, 0],
			"to": [14, 3, 3],
			"faces": {
				"north": {"uv": [3, 0, 13, 3], "texture": "#side", "cullface": "north"},
				"south": {"uv": [3, 0, 13, 3], "texture": "#side"},
				"up": {"uv": [2, 13, 14, 16], "rotation": 180, "texture": "#texture"},
				"down": {"uv": [2, 16, 14, 13], "rotation": 180, "texture": "#texture", "cullface": "down"}
			}
		},
		{
			"from": [0, 0, 0],
			"to": [2, 3, 16],
			"faces": {
				"north": {"uv": [13, 0, 16, 3], "texture": "#side", "cullface": "north"},
				"east": {"uv": [0, 0, 16, 3], "texture": "#side"},
				"south": {"uv": [0, 0, 3, 3], "texture": "#side", "cullface": "south"},
				"west": {"uv": [0, 0, 16, 3], "texture": "#side", "cullface": "west"},
				"up": {"uv": [14, 0, 16, 16], "rotation": 180, "texture": "#texture"},
				"down": {"uv": [14, 16, 16, 0], "rotation": 180, "texture": "#texture", "cullface": "down"}
			}
		},
		{
			"from": [9, 0, 3],
			"to": [12, 3, 13],
			"faces": {
				"east": {"uv": [0, 0, 16, 3], "texture": "#side"},
				"west": {"uv": [0, 0, 16, 3], "texture": "#side"},
				"up": {"uv": [4, 3, 7, 13], "rotation": 180, "texture": "#texture"},
				"down": {"uv": [4, 13, 7, 3], "rotation": 180, "texture": "#texture", "cullface": "down"}
			}
		}
	]
}