{
	"credit": "Made with Blockbench",
	"parent": "block/template_orientable_trapdoor_bottom",
	"textures": {
		"texture": "block/oak_trapdoor",
		"side": "block/oak_trapdoor_side"
	},
	"elements": [
		{
			"name": "Cube1",
			"from": [13, 13, 0],
			"to": [16, 16, 16],
			"faces": {
				"north": {"uv": [0, 0, 3, 3], "texture": "#side", "cullface": "north"},
				"east": {"uv": [0, 0, 16, 3], "texture": "#side", "cullface": "east"},
				"south": {"uv": [13, 0, 16, 3], "texture": "#side", "cullface": "south"},
				"west": {"uv": [0, 3, 16, 6], "texture": "#side"},
				"up": {"uv": [0, 0, 3, 16], "rotation": 180, "texture": "#texture", "cullface": "up"},
				"down": {"uv": [0, 16, 3, 0], "rotation": 180, "texture": "#texture"}
			}
		},
		{
			"name": "Cube1",
			"from": [6, 13, 3],
			"to": [10, 16, 13],
			"faces": {
				"east": {"uv": [0, 6, 16, 9], "texture": "#side"},
				"west": {"uv": [0, 3, 16, 6], "texture": "#side"},
				"up": {"uv": [6, 3, 10, 13], "rotation": 180, "texture": "#texture", "cullface": "up"},
				"down": {"uv": [6, 13, 10, 3], "rotation": 180, "texture": "#texture"}
			}
		},
		{
			"name": "Cube1",
			"from": [3, 13, 13],
			"to": [13, 16, 16],
			"faces": {
				"north": {"uv": [3, 3, 13, 6], "texture": "#side"},
				"south": {"uv": [3, 0, 13, 3], "texture": "#side", "cullface": "south"},
				"up": {"uv": [3, 0, 13, 3], "rotation": 180, "texture": "#texture", "cullface": "up"},
				"down": {"uv": [3, 3, 13, 0], "rotation": 180, "texture": "#texture"}
			}
		},
		{
			"name": "Cube1",
			"from": [3, 13, 6],
			"to": [13, 16, 10],
			"faces": {
				"north": {"uv": [3, 6, 13, 3], "texture": "#side"},
				"south": {"uv": [3, 6, 13, 9], "texture": "#side"},
				"up": {"uv": [3, 6, 13, 10], "rotation": 180, "texture": "#texture", "cullface": "up"},
				"down": {"uv": [3, 10, 13, 6], "rotation": 180, "texture": "#texture"}
			}
		},
		{
			"name": "Cube1",
			"from": [3, 13, 0],
			"to": [13, 16, 3],
			"faces": {
				"north": {"uv": [3, 0, 13, 3], "texture": "#side", "cullface": "north"},
				"south": {"uv": [6, 6, 16, 9], "texture": "#side"},
				"up": {"uv": [3, 13, 13, 16], "rotation": 180, "texture": "#texture", "cullface": "up"},
				"down": {"uv": [3, 16, 13, 13], "rotation": 180, "texture": "#texture"}
			}
		},
		{
			"name": "Cube1",
			"from": [0, 13, 0],
			"to": [3, 16, 16],
			"faces": {
				"north": {"uv": [13, 0, 16, 3], "texture": "#side", "cullface": "north"},
				"east": {"uv": [0, 6, 16, 9], "texture": "#side"},
				"south": {"uv": [0, 0, 3, 3], "texture": "#side", "cullface": "south"},
				"west": {"uv": [0, 0, 16, 3], "texture": "#side", "cullface": "west"},
				"up": {"uv": [13, 0, 16, 16], "rotation": 180, "texture": "#texture", "cullface": "up"},
				"down": {"uv": [13, 16, 16, 0], "rotation": 180, "texture": "#texture"}
			}
		}
	]
}