{
	"credit": "Made with Blockbench",
	"textures": {
		"0": "custom/coin5",
		"particle": "custom/coin5"
	},
	"elements": [
		{
			"from": [4, 2, 8],
			"to": [12, 7, 9],
			"faces": {
				"north": {"uv": [0, 0, 8, 5], "texture": "#0"},
				"east": {"uv": [0, 10, 1, 15], "texture": "#0"},
				"south": {"uv": [0, 5, 8, 10], "texture": "#0"},
				"west": {"uv": [1, 10, 2, 15], "texture": "#0"},
				"up": {"uv": [16, 1, 8, 0], "texture": "#0"},
				"down": {"uv": [16, 1, 8, 2], "texture": "#0"}
			}
		},
		{
			"from": [5, 7, 8],
			"to": [11, 8, 9],
			"faces": {
				"north": {"uv": [8, 2, 14, 3], "texture": "#0"},
				"east": {"uv": [10, 12, 11, 13], "texture": "#0"},
				"south": {"uv": [8, 3, 14, 4], "texture": "#0"},
				"west": {"uv": [11, 12, 12, 13], "texture": "#0"},
				"up": {"uv": [14, 5, 8, 4], "texture": "#0"},
				"down": {"uv": [14, 5, 8, 6], "texture": "#0"}
			}
		},
		{
			"from": [6, 8, 8],
			"to": [10, 9, 9],
			"faces": {
				"north": {"uv": [2, 10, 6, 11], "texture": "#0"},
				"east": {"uv": [12, 12, 13, 13], "texture": "#0"},
				"south": {"uv": [6, 10, 10, 11], "texture": "#0"},
				"west": {"uv": [2, 13, 3, 14], "texture": "#0"},
				"up": {"uv": [14, 11, 10, 10], "texture": "#0"},
				"down": {"uv": [6, 11, 2, 12], "texture": "#0"}
			}
		},
		{
			"from": [5, 1, 8],
			"to": [11, 2, 9],
			"faces": {
				"north": {"uv": [8, 6, 14, 7], "texture": "#0"},
				"east": {"uv": [3, 13, 4, 14], "texture": "#0"},
				"south": {"uv": [8, 7, 14, 8], "texture": "#0"},
				"west": {"uv": [4, 13, 5, 14], "texture": "#0"},
				"up": {"uv": [14, 9, 8, 8], "texture": "#0"},
				"down": {"uv": [14, 9, 8, 10], "texture": "#0"}
			}
		},
		{
			"from": [6, 0, 8],
			"to": [10, 1, 9],
			"faces": {
				"north": {"uv": [6, 11, 10, 12], "texture": "#0"},
				"east": {"uv": [5, 13, 6, 14], "texture": "#0"},
				"south": {"uv": [10, 11, 14, 12], "texture": "#0"},
				"west": {"uv": [6, 13, 7, 14], "texture": "#0"},
				"up": {"uv": [6, 13, 2, 12], "texture": "#0"},
				"down": {"uv": [10, 12, 6, 13], "texture": "#0"}
			}
		}
	],
	"display": {
		"thirdperson_righthand": {
			"translation": [0, 2.75, -1]
		},
		"thirdperson_lefthand": {
			"translation": [0, 2.75, -1]
		},
		"firstperson_righthand": {
			"rotation": [-25.07, -79.61, -4.92],
			"translation": [0, 7, 0]
		},
		"firstperson_lefthand": {
			"rotation": [-25, -79, -4],
			"translation": [0, 7, 0]
		},
		"ground": {
			"translation": [0, 4, 0]
		},
		"gui": {
			"translation": [0.25, 4.5, 0],
			"scale": [1.5625, 1.41211, 1]
		},
		"fixed": {
			"translation": [0, 6.25, -0.25],
			"scale": [1.98633, 1.90625, 1]
		}
	},
	"groups": [
		{
			"name": "group",
			"origin": [8, 8, 8],
			"color": 0,
			"children": [0, 1, 2, 3, 4]
		}
	]
}