{
	"credit": "Made with Blockbench",
	"ambientocclusion": false,
	"textures": {
		"particle": "block/acacia_door_bottom",
		"bottom": "block/acacia_door_bottom"
	},
	"elements": [
		{
			"from": [0, 0, 0],
			"to": [3, 3, 16],
			"faces": {
				"north": {"uv": [15, 13, 16, 16], "texture": "#bottom"},
				"east": {"uv": [0, 13, 16, 16], "texture": "#bottom"},
				"south": {"uv": [1, 13, 0, 16], "texture": "#bottom"},
				"west": {"uv": [16, 13, 0, 16], "texture": "#bottom"},
				"up": {"uv": [0, 13, 16, 14], "rotation": 270, "texture": "#bottom"},
				"down": {"uv": [16, 15, 0, 16], "rotation": 270, "texture": "#bottom"}
			}
		},
		{
			"from": [0, 15, 0],
			"to": [3, 16, 16],
			"faces": {
				"north": {"uv": [16, 0, 15, 1], "texture": "#bottom"},
				"east": {"uv": [0, 0, 16, 1], "texture": "#bottom"},
				"south": {"uv": [0, 0, 1, 1], "texture": "#bottom"},
				"west": {"uv": [16, 0, 0, 1], "texture": "#bottom"},
				"down": {"uv": [16, 0, 0, 1], "rotation": 270, "texture": "#bottom"}
			}
		},
		{
			"from": [0, 3, 13],
			"to": [3, 15, 16],
			"faces": {
				"north": {"uv": [2, 1, 3, 13], "texture": "#bottom"},
				"east": {"uv": [0, 1, 3, 13], "texture": "#bottom"},
				"south": {"uv": [0, 1, 1, 13], "texture": "#bottom"},
				"west": {"uv": [3, 1, 0, 13], "texture": "#bottom"}
			}
		},
		{
			"from": [0, 3, 0],
			"to": [3, 15, 3],
			"faces": {
				"north": {"uv": [16, 1, 15, 13], "texture": "#bottom"},
				"east": {"uv": [13, 1, 16, 13], "texture": "#bottom"},
				"south": {"uv": [13, 1, 14, 13], "texture": "#bottom"},
				"west": {"uv": [16, 1, 13, 13], "texture": "#bottom"}
			}
		},
		{
			"from": [0, 3, 5],
			"to": [3, 15, 7],
			"faces": {
				"north": {"uv": [10, 1, 11, 13], "texture": "#bottom"},
				"east": {"uv": [9, 1, 11, 13], "texture": "#bottom"},
				"south": {"uv": [9, 1, 10, 13], "texture": "#bottom"},
				"west": {"uv": [11, 1, 9, 13], "texture": "#bottom"}
			}
		},
		{
			"from": [0, 3, 9],
			"to": [3, 15, 11],
			"faces": {
				"north": {"uv": [6, 1, 7, 13], "texture": "#bottom"},
				"east": {"uv": [5, 1, 7, 13], "texture": "#bottom"},
				"south": {"uv": [5, 1, 6, 13], "texture": "#bottom"},
				"west": {"uv": [7, 1, 5, 13], "texture": "#bottom"}
			}
		}
	]
}