{
	"credit": "Made with Blockbench",
	"parent": "block/block",
	"textures": {
		"particle": "block/acacia_trapdoor",
		"texture": "block/acacia_trapdoor"
	},
	"elements": [
		{
			"name": "Element",
			"from": [0, 0, 0],
			"to": [2, 3, 16],
			"faces": {
				"north": {"uv": [14, 13, 16, 16], "texture": "#texture", "cullface": "north"},
				"east": {"uv": [4, 3, 7, 13], "rotation": 270, "texture": "#texture"},
				"south": {"uv": [0, 13, 2, 16], "texture": "#texture", "cullface": "south"},
				"west": {"uv": [0, 0, 16, 3], "rotation": 180, "texture": "#texture", "cullface": "west"},
				"up": {"uv": [14, 0, 16, 16], "rotation": 180, "texture": "#texture"},
				"down": {"uv": [0, 0, 2, 16], "texture": "#texture", "cullface": "down"}
			}
		},
		{
			"name": "Element",
			"from": [14, 0, 0],
			"to": [16, 3, 16],
			"faces": {
				"north": {"uv": [0, 13, 2, 16], "texture": "#texture", "cullface": "north"},
				"east": {"uv": [0, 0, 16, 3], "rotation": 180, "texture": "#texture", "cullface": "east"},
				"south": {"uv": [14, 13, 16, 16], "texture": "#texture", "cullface": "south"},
				"west": {"uv": [4, 3, 7, 13], "rotation": 270, "texture": "#texture"},
				"up": {"uv": [0, 0, 2, 16], "rotation": 180, "texture": "#texture"},
				"down": {"uv": [14, 0, 16, 16], "texture": "#texture", "cullface": "down"}
			}
		},
		{
			"name": "Element",
			"from": [2, 0, 0],
			"to": [14, 3, 3],
			"faces": {
				"north": {"uv": [2, 0, 14, 3], "rotation": 180, "texture": "#texture", "cullface": "north"},
				"south": {"uv": [2, 0, 14, 3], "rotation": 180, "texture": "#texture"},
				"up": {"uv": [2, 13, 14, 16], "rotation": 180, "texture": "#texture"},
				"down": {"uv": [2, 13, 14, 16], "texture": "#texture", "cullface": "down"}
			}
		},
		{
			"name": "Element",
			"from": [2, 0, 13],
			"to": [14, 3, 16],
			"faces": {
				"north": {"uv": [2, 0, 14, 3], "rotation": 180, "texture": "#texture"},
				"south": {"uv": [2, 0, 14, 3], "rotation": 180, "texture": "#texture", "cullface": "south"},
				"up": {"uv": [2, 0, 14, 3], "rotation": 180, "texture": "#texture"},
				"down": {"uv": [2, 0, 14, 3], "texture": "#texture", "cullface": "down"}
			}
		},
		{
			"name": "Element",
			"from": [4, 0, 3],
			"to": [7, 3, 13],
			"faces": {
				"east": {"uv": [4, 3, 7, 13], "rotation": 270, "texture": "#texture"},
				"west": {"uv": [4, 3, 7, 13], "rotation": 270, "texture": "#texture"},
				"up": {"uv": [9, 3, 12, 13], "rotation": 180, "texture": "#texture"},
				"down": {"uv": [4, 3, 7, 13], "texture": "#texture", "cullface": "down"}
			}
		},
		{
			"name": "Element",
			"from": [9, 0, 3],
			"to": [12, 3, 13],
			"faces": {
				"east": {"uv": [4, 3, 7, 13], "rotation": 270, "texture": "#texture"},
				"west": {"uv": [4, 3, 7, 13], "rotation": 270, "texture": "#texture"},
				"up": {"uv": [4, 3, 7, 13], "rotation": 180, "texture": "#texture"},
				"down": {"uv": [9, 3, 12, 13], "texture": "#texture", "cullface": "down"}
			}
		}
	],
	"display": {
		"thirdperson_righthand": {
			"rotation": [75, 45, 0],
			"translation": [0, 2.5, 0],
			"scale": [0.375, 0.375, 0.375]
		},
		"thirdperson_lefthand": {
			"rotation": [75, 45, 0],
			"translation": [0, 2.5, 0],
			"scale": [0.375, 0.375, 0.375]
		},
		"firstperson_righthand": {
			"rotation": [0, 45, 0],
			"translation": [0, 4, 0],
			"scale": [0.4, 0.4, 0.4]
		},
		"firstperson_lefthand": {
			"rotation": [0, 225, 0],
			"translation": [0, 4.25, 0],
			"scale": [0.4, 0.4, 0.4]
		},
		"ground": {
			"translation": [0, 3, 0],
			"scale": [0.25, 0.25, 0.25]
		},
		"gui": {
			"rotation": [30, 225, 0],
			"scale": [0.625, 0.625, 0.625]
		},
		"fixed": {
			"scale": [0.5, 0.5, 0.5]
		}
	}
}