{
	"credit": "Made with Blockbench",
	"parent": "block/thin_block",
	"textures": {
		"0": "block/warped_trapdoor",
		"particle": "block/warped_trapdoor"
	},
	"elements": [
		{
			"from": [0, 0, 0],
			"to": [3, 3, 16],
			"faces": {
				"north": {"uv": [13, 0, 16, 3], "texture": "#0", "cullface": "north"},
				"east": {"uv": [0, 0, 16, 3], "texture": "#0"},
				"south": {"uv": [0, 0, 3, 3], "texture": "#0", "cullface": "south"},
				"west": {"uv": [0, 0, 16, 3], "texture": "#0", "cullface": "west"},
				"up": {"uv": [0, 0, 3, 16], "texture": "#0"},
				"down": {"uv": [0, 0, 3, 16], "texture": "#0", "cullface": "down"}
			}
		},
		{
			"from": [13, 0, 0],
			"to": [16, 3, 16],
			"rotation": {"angle": 0, "axis": "y", "origin": [21, 8, 8]},
			"faces": {
				"north": {"uv": [0, 0, 3, 3], "texture": "#0", "cullface": "north"},
				"east": {"uv": [0, 0, 16, 3], "texture": "#0", "cullface": "east"},
				"south": {"uv": [13, 0, 16, 3], "texture": "#0", "cullface": "south"},
				"west": {"uv": [0, 0, 16, 3], "texture": "#0"},
				"up": {"uv": [13, 0, 16, 16], "texture": "#0"},
				"down": {"uv": [13, 0, 16, 16], "texture": "#0", "cullface": "down"}
			}
		},
		{
			"from": [3, 0, 13],
			"to": [13, 3, 16],
			"rotation": {"angle": 0, "axis": "y", "origin": [18, 8, 8]},
			"faces": {
				"north": {"uv": [0, 0, 10, 3], "texture": "#0"},
				"south": {"uv": [3, 0, 13, 3], "texture": "#0", "cullface": "south"},
				"up": {"uv": [3, 13, 13, 16], "texture": "#0"},
				"down": {"uv": [3, 0, 13, 3], "texture": "#0", "cullface": "down"}
			}
		},
		{
			"from": [3, 0, 0],
			"to": [13, 3, 3],
			"rotation": {"angle": 0, "axis": "y", "origin": [18, 8, -5]},
			"faces": {
				"north": {"uv": [3, 0, 13, 3], "texture": "#0", "cullface": "north"},
				"south": {"uv": [0, 0, 10, 3], "texture": "#0"},
				"up": {"uv": [3, 0, 13, 3], "texture": "#0"},
				"down": {"uv": [3, 13, 13, 16], "texture": "#0", "cullface": "down"}
			}
		},
		{
			"from": [4, 0, 3],
			"to": [6, 3, 5],
			"rotation": {"angle": 0, "axis": "y", "origin": [18, 8, -2]},
			"faces": {
				"east": {"uv": [5, 3, 6, 4], "rotation": 180, "texture": "#0"},
				"south": {"uv": [4, 4, 5, 5], "rotation": 180, "texture": "#0"},
				"west": {"uv": [4, 4, 6, 5], "rotation": 180, "texture": "#0"},
				"up": {"uv": [4, 3, 6, 5], "texture": "#0"},
				"down": {"uv": [4, 3, 6, 5], "rotation": 180, "texture": "#0", "cullface": "down"}
			}
		},
		{
			"from": [5, 0, 4],
			"to": [7, 3, 6],
			"rotation": {"angle": 0, "axis": "y", "origin": [19, 8, -1]},
			"faces": {
				"north": {"uv": [6, 4, 7, 5], "texture": "#0"},
				"east": {"uv": [5, 4, 7, 5], "texture": "#0"},
				"south": {"uv": [5, 5, 6, 6], "texture": "#0"},
				"west": {"uv": [5, 5, 6, 6], "texture": "#0"},
				"up": {"uv": [5, 4, 7, 6], "texture": "#0"},
				"down": {"uv": [5, 4, 7, 6], "texture": "#0", "cullface": "down"}
			}
		},
		{
			"from": [5, 0, 8],
			"to": [7, 3, 10],
			"rotation": {"angle": 0, "axis": "y", "origin": [19, 8, 3]},
			"faces": {
				"north": {"uv": [5, 8, 7, 10], "texture": "#0"},
				"east": {"uv": [5, 9, 7, 10], "rotation": 180, "texture": "#0"},
				"south": {"uv": [6, 9, 7, 10], "texture": "#0"},
				"west": {"uv": [5, 8, 7, 10], "texture": "#0"},
				"up": {"uv": [5, 8, 7, 10], "texture": "#0"},
				"down": {"uv": [5, 8, 7, 10], "texture": "#0", "cullface": "down"}
			}
		},
		{
			"from": [9, 0, 10],
			"to": [11, 3, 12],
			"rotation": {"angle": 0, "axis": "y", "origin": [23, 8, 5]},
			"faces": {
				"north": {"uv": [9, 10, 11, 12], "texture": "#0"},
				"east": {"uv": [10, 10, 11, 12], "rotation": 90, "texture": "#0"},
				"south": {"uv": [10, 11, 11, 12], "texture": "#0"},
				"west": {"uv": [9, 10, 11, 12], "texture": "#0"},
				"up": {"uv": [9, 10, 11, 12], "texture": "#0"},
				"down": {"uv": [9, 10, 11, 12], "texture": "#0", "cullface": "down"}
			}
		},
		{
			"from": [9, 0, 5],
			"to": [11, 3, 7],
			"rotation": {"angle": 0, "axis": "y", "origin": [23, 8, 0]},
			"faces": {
				"north": {"uv": [10, 5, 11, 6], "texture": "#0"},
				"east": {"uv": [10, 5, 11, 7], "rotation": 90, "texture": "#0"},
				"south": {"uv": [9, 6, 10, 7], "texture": "#0"},
				"west": {"uv": [10, 5, 11, 7], "rotation": 90, "texture": "#0"},
				"up": {"uv": [9, 5, 11, 7], "texture": "#0"},
				"down": {"uv": [9, 5, 11, 7], "texture": "#0", "cullface": "down"}
			}
		},
		{
			"from": [12, 0, 5],
			"to": [13, 3, 10],
			"rotation": {"angle": 0, "axis": "y", "origin": [25, 8, 0]},
			"faces": {
				"north": {"uv": [12, 5, 13, 6], "texture": "#0"},
				"south": {"uv": [12, 9, 13, 10], "texture": "#0"},
				"west": {"uv": [12, 5, 13, 10], "rotation": 270, "texture": "#0"},
				"up": {"uv": [12, 5, 13, 10], "texture": "#0"},
				"down": {"uv": [12, 5, 13, 10], "texture": "#0", "cullface": "down"}
			}
		},
		{
			"from": [10, 0, 7],
			"to": [11, 3, 10],
			"rotation": {"angle": 0, "axis": "y", "origin": [23, 8, 0]},
			"faces": {
				"east": {"uv": [10, 7, 11, 10], "texture": "#0"},
				"west": {"uv": [10, 7, 11, 10], "texture": "#0"},
				"up": {"uv": [10, 7, 11, 10], "texture": "#0"},
				"down": {"uv": [10, 7, 11, 10], "texture": "#0", "cullface": "down"}
			}
		},
		{
			"from": [4, 0, 9],
			"to": [6, 3, 13],
			"rotation": {"angle": 0, "axis": "y", "origin": [17, 8, 2]},
			"faces": {
				"north": {"uv": [4, 9, 6, 13], "texture": "#0"},
				"east": {"uv": [5, 9, 6, 13], "rotation": 90, "texture": "#0"},
				"west": {"uv": [4, 9, 5, 13], "rotation": 270, "texture": "#0"},
				"up": {"uv": [4, 9, 6, 13], "texture": "#0"},
				"down": {"uv": [4, 9, 6, 13], "rotation": 180, "texture": "#0", "cullface": "down"}
			}
		},
		{
			"from": [6, 0, 12],
			"to": [7, 3, 13],
			"rotation": {"angle": 0, "axis": "y", "origin": [19, 8, 2]},
			"faces": {
				"north": {"uv": [6, 12, 7, 13], "texture": "#0"},
				"east": {"uv": [6, 12, 7, 13], "texture": "#0"},
				"up": {"uv": [6, 12, 7, 13], "texture": "#0"},
				"down": {"uv": [6, 12, 7, 13], "texture": "#0", "cullface": "down"}
			}
		},
		{
			"from": [9, 0, 12],
			"to": [10, 3, 13],
			"rotation": {"angle": 0, "axis": "y", "origin": [22, 8, 2]},
			"faces": {
				"east": {"uv": [9, 12, 10, 13], "texture": "#0"},
				"west": {"uv": [9, 12, 10, 13], "texture": "#0"},
				"up": {"uv": [9, 12, 10, 13], "texture": "#0"},
				"down": {"uv": [9, 12, 10, 13], "texture": "#0", "cullface": "down"}
			}
		},
		{
			"from": [11, 0, 12],
			"to": [12, 3, 13],
			"rotation": {"angle": 0, "axis": "y", "origin": [24, 8, 2]},
			"faces": {
				"north": {"uv": [11, 12, 12, 13], "texture": "#0"},
				"east": {"uv": [11, 12, 12, 13], "texture": "#0"},
				"west": {"uv": [11, 12, 12, 13], "texture": "#0"},
				"up": {"uv": [11, 12, 12, 13], "texture": "#0"},
				"down": {"uv": [11, 12, 12, 13], "texture": "#0", "cullface": "down"}
			}
		},
		{
			"from": [6, 0, 6],
			"to": [7, 3, 8],
			"rotation": {"angle": 0, "axis": "y", "origin": [19, 8, -3]},
			"faces": {
				"east": {"uv": [6, 6, 7, 8], "texture": "#0"},
				"west": {"uv": [6, 6, 7, 8], "texture": "#0"},
				"up": {"uv": [6, 6, 7, 8], "texture": "#0"},
				"down": {"uv": [6, 6, 7, 8], "texture": "#0", "cullface": "down"}
			}
		},
		{
			"from": [3, 0, 6],
			"to": [4, 3, 8],
			"rotation": {"angle": 0, "axis": "y", "origin": [16, 8, -3]},
			"faces": {
				"north": {"uv": [3, 6, 4, 8], "texture": "#0"},
				"east": {"uv": [3, 6, 4, 8], "texture": "#0"},
				"south": {"uv": [3, 6, 4, 8], "texture": "#0"},
				"up": {"uv": [3, 6, 4, 8], "texture": "#0"},
				"down": {"uv": [3, 6, 4, 8], "texture": "#0", "cullface": "down"}
			}
		},
		{
			"from": [9, 0, 4],
			"to": [10, 3, 5],
			"rotation": {"angle": 0, "axis": "y", "origin": [22, 8, -6]},
			"faces": {
				"east": {"uv": [9, 4, 10, 5], "texture": "#0"},
				"west": {"uv": [9, 4, 10, 5], "texture": "#0"},
				"up": {"uv": [9, 4, 10, 5], "texture": "#0"},
				"down": {"uv": [9, 4, 10, 5], "texture": "#0", "cullface": "down"}
			}
		},
		{
			"from": [8, 0, 3],
			"to": [11, 3, 4],
			"rotation": {"angle": 0, "axis": "y", "origin": [21, 8, -7]},
			"faces": {
				"east": {"uv": [10, 3, 11, 4], "texture": "#0"},
				"south": {"uv": [8, 3, 11, 4], "texture": "#0"},
				"west": {"uv": [8, 3, 9, 4], "texture": "#0"},
				"up": {"uv": [8, 3, 11, 4], "texture": "#0"},
				"down": {"uv": [8, 3, 11, 4], "texture": "#0", "cullface": "down"}
			}
		}
	]
}
