{
	"credit": "Made with Blockbench",
	"textures": {
		"0": "block/desert_plants/palm_tree",
		"1": "block/desert_plants/palm_tree_top",
		"2": "block/desert_plants/palm_tree_leaf2",
		"3": "block/desert_plants/palm_tree_leaf",
		"4": "block/desert_plants/palm_tree_leaf1",
		"particle": "block/desert_plants/palm_tree"
	},
	"elements": [
		{
			"from": [2, 0, 0],
			"to": [2, 16, 16],
			"rotation": {"angle": 0, "axis": "y", "origin": [8, 8, 8]},
			"faces": {
				"west": {"uv": [0, 0, 16, 16], "texture": "#0"}
			}
		},
		{
			"from": [0, 0, 14],
			"to": [16, 16, 14],
			"rotation": {"angle": 0, "axis": "y", "origin": [8, 8, 8]},
			"faces": {
				"south": {"uv": [0, 0, 16, 16], "texture": "#0"}
			}
		},
		{
			"from": [0, 0, 2],
			"to": [16, 16, 2],
			"rotation": {"angle": 0, "axis": "y", "origin": [8, 8, 8]},
			"faces": {
				"north": {"uv": [0, 0, 16, 16], "texture": "#0"}
			}
		},
		{
			"from": [14, 0, 0],
			"to": [14, 16, 16],
			"rotation": {"angle": 0, "axis": "y", "origin": [8, 8, 8]},
			"faces": {
				"east": {"uv": [0, 0, 16, 16], "texture": "#0"}
			}
		},
		{
			"from": [2, -0.001, 2],
			"to": [14, 15.999, 14],
			"rotation": {"angle": 0, "axis": "y", "origin": [2, 15.999, 0]},
			"faces": {
				"up": {"uv": [2, 0, 14, 12], "texture": "#1"}
			}
		},
		{
			"from": [3, 16, 3],
			"to": [13, 19, 13],
			"faces": {
				"north": {"uv": [3, 13, 13, 16], "texture": "#1", "cullface": "up"},
				"east": {"uv": [3, 13, 13, 16], "texture": "#1", "cullface": "up"},
				"south": {"uv": [3, 13, 13, 16], "texture": "#1", "cullface": "up"},
				"west": {"uv": [3, 13, 13, 16], "texture": "#1", "cullface": "up"},
				"up": {"uv": [3, 1, 13, 11], "texture": "#1", "cullface": "up"}
			}
		},
		{
			"from": [-9.65685, 16, 2.34315],
			"to": [6.34315, 32, 2.34315],
			"rotation": {"angle": -45, "axis": "y", "origin": [2.34315, 0, 2.34315]},
			"faces": {
				"north": {"uv": [0, 0, 16, 16], "texture": "#2", "cullface": "up"},
				"south": {"uv": [16, 0, 0, 16], "texture": "#2", "cullface": "up"}
			}
		},
		{
			"from": [9.65685, 16, 2.34315],
			"to": [25.65685, 32, 2.34315],
			"rotation": {"angle": 45, "axis": "y", "origin": [13.65685, 0, 2.34315]},
			"faces": {
				"north": {"uv": [16, 0, 0, 16], "texture": "#2", "cullface": "up"},
				"south": {"uv": [0, 0, 16, 16], "texture": "#2", "cullface": "up"}
			}
		},
		{
			"from": [-9.65685, 16, 13.65685],
			"to": [6.34315, 32, 13.65685],
			"rotation": {"angle": 45, "axis": "y", "origin": [2.34315, 0, 13.65685]},
			"faces": {
				"north": {"uv": [0, 0, 16, 16], "texture": "#2", "cullface": "up"},
				"south": {"uv": [16, 0, 0, 16], "texture": "#2", "cullface": "up"}
			}
		},
		{
			"from": [9.65685, 16, 13.65685],
			"to": [25.65685, 32, 13.65685],
			"rotation": {"angle": -45, "axis": "y", "origin": [13.65685, 0, 13.65685]},
			"faces": {
				"north": {"uv": [16, 0, 0, 16], "texture": "#2", "cullface": "up"},
				"south": {"uv": [0, 0, 16, 16], "texture": "#2", "cullface": "up"}
			}
		},
		{
			"from": [-9.04017, 18.56192, 0.05071],
			"to": [6.95983, 18.56192, 16.05071],
			"rotation": {"angle": -22.5, "axis": "z", "origin": [6.56899, 21.39084, 8.05071]},
			"faces": {
				"up": {"uv": [0, 0, 16, 16], "rotation": 270, "texture": "#3", "cullface": "up"},
				"down": {"uv": [16, 0, 0, 16], "rotation": 270, "texture": "#3", "cullface": "up"}
			}
		},
		{
			"from": [0.05071, 11.09398, 30.2861],
			"to": [16.05071, 27.09398, 30.2861],
			"rotation": {"angle": -45, "axis": "x", "origin": [8.05071, 19.09398, 30.2861]},
			"faces": {
				"north": {"uv": [0, 0, 16, 16], "rotation": 180, "texture": "#4", "cullface": "up"},
				"south": {"uv": [16, 0, 0, 16], "rotation": 180, "texture": "#4", "cullface": "up"}
			}
		},
		{
			"from": [0.05071, 11.09469, -14.59105],
			"to": [16.05071, 27.09469, -14.59105],
			"rotation": {"angle": 45, "axis": "x", "origin": [8.05071, 19.09469, -14.59105]},
			"faces": {
				"north": {"uv": [0, 0, 16, 16], "rotation": 180, "texture": "#4", "cullface": "up"},
				"south": {"uv": [16, 0, 0, 16], "rotation": 180, "texture": "#4", "cullface": "up"}
			}
		},
		{
			"from": [-8.66424, -3.21389, 0.05071],
			"to": [-8.66424, 12.78611, 16.05071],
			"rotation": {"angle": -45, "axis": "z", "origin": [5.64434, 19.09469, 8.05071]},
			"faces": {
				"east": {"uv": [16, 0, 0, 16], "rotation": 180, "texture": "#4", "cullface": "up"},
				"west": {"uv": [0, 0, 16, 16], "rotation": 180, "texture": "#4", "cullface": "up"}
			}
		},
		{
			"from": [24.35929, -3.2146, 0.05071],
			"to": [24.35929, 12.7854, 16.05071],
			"rotation": {"angle": 45, "axis": "z", "origin": [10.05071, 19.09398, 8.05071]},
			"faces": {
				"east": {"uv": [16, 0, 0, 16], "rotation": 180, "texture": "#4", "cullface": "up"},
				"west": {"uv": [0, 0, 16, 16], "rotation": 180, "texture": "#4", "cullface": "up"}
			}
		},
		{
			"from": [15.97275, 31.21679, 0],
			"to": [31.97275, 31.21679, 16],
			"rotation": {"angle": 22.5, "axis": "z", "origin": [23.97275, 32.74518, 8]},
			"faces": {
				"up": {"uv": [16, 0, 0, 16], "rotation": 90, "texture": "#4", "cullface": "up"},
				"down": {"uv": [0, 0, 16, 16], "rotation": 90, "texture": "#4", "cullface": "up"}
			}
		},
		{
			"from": [-15.97204, 31.21749, 0],
			"to": [0.02796, 31.21749, 16],
			"rotation": {"angle": -22.5, "axis": "z", "origin": [-7.97204, 32.74588, 8]},
			"faces": {
				"up": {"uv": [16, 16, 0, 0], "rotation": 90, "texture": "#4", "cullface": "up"},
				"down": {"uv": [0, 16, 16, 0], "rotation": 90, "texture": "#4", "cullface": "up"}
			}
		},
		{
			"from": [0, 26.64085, 15.62428],
			"to": [16, 26.64085, 31.62428],
			"rotation": {"angle": -22.5, "axis": "x", "origin": [8, 31.33313, 12.29612]},
			"faces": {
				"up": {"uv": [16, 0, 0, 16], "rotation": 180, "texture": "#4", "cullface": "up"},
				"down": {"uv": [0, 0, 16, 16], "texture": "#4", "cullface": "up"}
			}
		},
		{
			"from": [0, 26.64155, -15.62358],
			"to": [16, 26.64155, 0.37642],
			"rotation": {"angle": 22.5, "axis": "x", "origin": [8, 31.33384, 3.70459]},
			"faces": {
				"up": {"uv": [16, 16, 0, 0], "rotation": 180, "texture": "#4", "cullface": "up"},
				"down": {"uv": [0, 16, 16, 0], "texture": "#4", "cullface": "up"}
			}
		},
		{
			"from": [8.65986, 18.94461, 0.05071],
			"to": [24.65986, 18.94461, 16.05071],
			"rotation": {"angle": 22.5, "axis": "z", "origin": [10.05071, 21.77339, 8.05071]},
			"faces": {
				"up": {"uv": [16, 0, 0, 16], "rotation": 90, "texture": "#3", "cullface": "up"},
				"down": {"uv": [0, 0, 16, 16], "rotation": 90, "texture": "#3", "cullface": "up"}
			}
		},
		{
			"from": [13.83256, 16, 0],
			"to": [13.83256, 32, 16],
			"rotation": {"angle": -45, "axis": "z", "origin": [11, 26.11221, 8]},
			"faces": {
				"east": {"uv": [0, 0, 16, 16], "texture": "#3", "cullface": "up"},
				"west": {"uv": [16, 0, 0, 16], "texture": "#3", "cullface": "up"}
			}
		},
		{
			"from": [2.16744, 16, 0],
			"to": [2.16744, 32, 16],
			"rotation": {"angle": 45, "axis": "z", "origin": [5, 26.11221, 8]},
			"faces": {
				"east": {"uv": [0, 0, 16, 16], "texture": "#3", "cullface": "up"},
				"west": {"uv": [16, 0, 0, 16], "texture": "#3", "cullface": "up"}
			}
		},
		{
			"from": [0, 16, 13.83256],
			"to": [16, 32, 13.83256],
			"rotation": {"angle": 45, "axis": "x", "origin": [8, 26.11221, 11]},
			"faces": {
				"north": {"uv": [16, 0, 0, 16], "texture": "#3", "cullface": "up"},
				"south": {"uv": [0, 0, 16, 16], "texture": "#3", "cullface": "up"}
			}
		},
		{
			"from": [0, 16, 2.16744],
			"to": [16, 32, 2.16744],
			"rotation": {"angle": -45, "axis": "x", "origin": [8, 26.11221, 5]},
			"faces": {
				"north": {"uv": [16, 0, 0, 16], "texture": "#3", "cullface": "up"},
				"south": {"uv": [0, 0, 16, 16], "texture": "#3", "cullface": "up"}
			}
		},
		{
			"from": [0.05071, 18.56192, -9.04017],
			"to": [16.05071, 18.56192, 6.95983],
			"rotation": {"angle": 22.5, "axis": "x", "origin": [8.05071, 21.39084, 6.56899]},
			"faces": {
				"up": {"uv": [0, 0, 16, 16], "texture": "#3", "cullface": "up"},
				"down": {"uv": [16, 0, 0, 16], "rotation": 180, "texture": "#3", "cullface": "up"}
			}
		},
		{
			"from": [0.05071, 18.94461, 8.65986],
			"to": [16.05071, 18.94461, 24.65986],
			"rotation": {"angle": -22.5, "axis": "x", "origin": [8.05071, 21.77339, 10.05071]},
			"faces": {
				"up": {"uv": [16, 0, 0, 16], "rotation": 180, "texture": "#3", "cullface": "up"},
				"down": {"uv": [0, 0, 16, 16], "texture": "#3", "cullface": "up"}
			}
		}
	],
	"groups": [
		0,
		1,
		2,
		3,
		4,
		{
			"name": "group",
			"origin": [2.34315, 0, 2.34315],
			"color": 0,
			"children": [5, 6, 7, 8, 9, 10, 11, 12, 13, 14, 15, 16, 17, 18, 19, 20, 21, 22, 23, 24, 25]
		}
	]
}