{
	"credit": "Made with Blockbench",
	"textures": {
		"0": "block/desert_plants/prickly_pear_bottom",
		"1": "block/desert_plants/prickly_pear_top",
		"particle": "block/desert_plants/prickly_pear_bottom"
	},
	"elements": [
		{
			"from": [4, 0, 4],
			"to": [12, 8, 12],
			"rotation": {"angle": 0, "axis": "y", "origin": [4, 0, 4]},
			"faces": {
				"up": {"uv": [4, 0, 12, 8], "texture": "#0"}
			}
		},
		{
			"from": [8, 6, 7],
			"to": [8, 14, 17],
			"rotation": {"angle": 0, "axis": "y", "origin": [20, 0, 20]},
			"faces": {
				"east": {"uv": [3, 8, 13, 16], "texture": "#0"},
				"down": {"uv": [4, 0, 14, 0], "rotation": 270, "texture": "#0"}
			}
		},
		{
			"from": [0, 6, 7],
			"to": [0, 14, 17],
			"rotation": {"angle": 0, "axis": "y", "origin": [4, 0, 20]},
			"faces": {
				"west": {"uv": [13, 8, 3, 16], "texture": "#0"},
				"down": {"uv": [4, 0, 14, 0], "rotation": 270, "texture": "#0"}
			}
		},
		{
			"from": [-1, 6, 16],
			"to": [9, 14, 16],
			"rotation": {"angle": 0, "axis": "y", "origin": [4, 0, 20]},
			"faces": {
				"south": {"uv": [13, 8, 3, 16], "texture": "#0"},
				"down": {"uv": [4, 0, 14, 0], "texture": "#0"}
			}
		},
		{
			"from": [-1, 6, 8],
			"to": [9, 14, 8],
			"rotation": {"angle": 0, "axis": "y", "origin": [4, 0, 4]},
			"faces": {
				"north": {"uv": [3, 8, 13, 16], "texture": "#0"},
				"down": {"uv": [4, 0, 14, 0], "texture": "#0"}
			}
		},
		{
			"from": [0, 6, 8],
			"to": [8, 14, 16],
			"rotation": {"angle": 0, "axis": "y", "origin": [4, 0, 4]},
			"faces": {
				"up": {"uv": [4, 0, 12, 8], "texture": "#0"},
				"down": {"uv": [4, 0, 12, 8], "texture": "#0"}
			}
		},
		{
			"from": [3, 0, 4],
			"to": [13, 8, 4],
			"rotation": {"angle": 0, "axis": "y", "origin": [4, 0, 4]},
			"faces": {
				"north": {"uv": [3, 8, 13, 16], "texture": "#0"}
			}
		},
		{
			"from": [3, 0, 12],
			"to": [13, 8, 12],
			"rotation": {"angle": 0, "axis": "y", "origin": [4, 0, 20]},
			"faces": {
				"south": {"uv": [13, 8, 3, 16], "texture": "#0"}
			}
		},
		{
			"from": [12, 0, 3],
			"to": [12, 8, 13],
			"rotation": {"angle": 0, "axis": "y", "origin": [20, 0, 20]},
			"faces": {
				"east": {"uv": [3, 8, 13, 16], "texture": "#0"}
			}
		},
		{
			"from": [4, 0, 3],
			"to": [4, 8, 13],
			"rotation": {"angle": 0, "axis": "y", "origin": [4, 0, 20]},
			"faces": {
				"west": {"uv": [13, 8, 3, 16], "texture": "#0"}
			}
		},
		{
			"from": [9, 8, 1],
			"to": [15, 17, 7],
			"rotation": {"angle": 0, "axis": "y", "origin": [6, 8, -2]},
			"faces": {
				"up": {"uv": [1, 0, 7, 6], "texture": "#1"},
				"down": {"uv": [1, 0, 7, 6], "texture": "#1"}
			}
		},
		{
			"from": [-1, 22, 5],
			"to": [1, 24, 7],
			"rotation": {"angle": 0, "axis": "y", "origin": [-10, 34, 10]},
			"faces": {
				"north": {"uv": [13, 11, 11, 13], "texture": "#1"},
				"east": {"uv": [13, 11, 11, 13], "texture": "#1"},
				"south": {"uv": [13, 11, 11, 13], "texture": "#1"},
				"west": {"uv": [13, 11, 11, 13], "texture": "#1"},
				"up": {"uv": [13, 11, 11, 13], "texture": "#1"},
				"down": {"uv": [13, 11, 11, 13], "texture": "#1"}
			}
		},
		{
			"from": [2, 22, 3],
			"to": [2, 26, 9],
			"rotation": {"angle": 0, "axis": "y", "origin": [1, 19, 7]},
			"faces": {
				"west": {"uv": [16, 5, 10, 9], "texture": "#1"}
			}
		},
		{
			"from": [6, 22, 3],
			"to": [6, 26, 9],
			"rotation": {"angle": 0, "axis": "y", "origin": [1, 19, 7]},
			"faces": {
				"east": {"uv": [10, 5, 16, 9], "texture": "#1"}
			}
		},
		{
			"from": [1, 22, 8],
			"to": [7, 26, 8],
			"rotation": {"angle": 0, "axis": "y", "origin": [5, 17, 12]},
			"faces": {
				"south": {"uv": [10, 5, 16, 9], "texture": "#1"}
			}
		},
		{
			"from": [1, 22, 4],
			"to": [7, 26, 4],
			"rotation": {"angle": 0, "axis": "y", "origin": [5, 17, 4]},
			"faces": {
				"north": {"uv": [16, 5, 10, 9], "texture": "#1"}
			}
		},
		{
			"from": [2, 22, 4],
			"to": [6, 26, 8],
			"rotation": {"angle": 0, "axis": "y", "origin": [-6, 26, 6]},
			"faces": {
				"up": {"uv": [15, 0, 11, 4], "texture": "#1"},
				"down": {"uv": [15, 0, 11, 4], "texture": "#1"}
			}
		},
		{
			"from": [-3, 13, 6],
			"to": [5, 22, 6],
			"rotation": {"angle": 0, "axis": "y", "origin": [4, 12.5, 4]},
			"faces": {
				"north": {"uv": [8, 7, 0, 16], "texture": "#1"}
			}
		},
		{
			"from": [-3, 13, 12],
			"to": [5, 22, 12],
			"rotation": {"angle": 0, "axis": "y", "origin": [4, 12.5, 4]},
			"faces": {
				"south": {"uv": [0, 7, 8, 16], "texture": "#1"}
			}
		},
		{
			"from": [-2, 13, 5],
			"to": [-2, 22, 13],
			"rotation": {"angle": 0, "axis": "y", "origin": [9, 8, -6]},
			"faces": {
				"west": {"uv": [0, 7, 8, 16], "texture": "#1"}
			}
		},
		{
			"from": [4, 13, 5],
			"to": [4, 22, 13],
			"rotation": {"angle": 0, "axis": "y", "origin": [7, 8, -6]},
			"faces": {
				"east": {"uv": [8, 7, 0, 16], "texture": "#1"}
			}
		},
		{
			"from": [-2, 13, 6],
			"to": [4, 22, 12],
			"rotation": {"angle": 0, "axis": "y", "origin": [10, 8, -2]},
			"faces": {
				"up": {"uv": [7, 0, 1, 6], "texture": "#1"},
				"down": {"uv": [7, 0, 1, 6], "texture": "#1"}
			}
		},
		{
			"from": [9, 8, 0],
			"to": [9, 17, 8],
			"rotation": {"angle": 0, "axis": "y", "origin": [9, 8, -6]},
			"faces": {
				"west": {"uv": [0, 7, 8, 16], "texture": "#1"}
			}
		},
		{
			"from": [15, 8, 0],
			"to": [15, 17, 8],
			"rotation": {"angle": 0, "axis": "y", "origin": [7, 8, -6]},
			"faces": {
				"east": {"uv": [8, 7, 0, 16], "texture": "#1"}
			}
		},
		{
			"from": [8, 8, 1],
			"to": [16, 17, 1],
			"rotation": {"angle": 0, "axis": "y", "origin": [12, 12.5, 4]},
			"faces": {
				"north": {"uv": [0, 7, 8, 16], "texture": "#1"}
			}
		},
		{
			"from": [8, 8, 7],
			"to": [16, 17, 7],
			"rotation": {"angle": 0, "axis": "y", "origin": [12, 12.5, 4]},
			"faces": {
				"south": {"uv": [8, 7, 0, 16], "texture": "#1"}
			}
		},
		{
			"from": [13, 17, 5],
			"to": [17, 21, 9],
			"rotation": {"angle": 0, "axis": "y", "origin": [22, 26, 6]},
			"faces": {
				"up": {"uv": [11, 0, 15, 4], "texture": "#1"},
				"down": {"uv": [11, 0, 15, 4], "texture": "#1"}
			}
		},
		{
			"from": [16.999, 5, -2],
			"to": [16.999, 9, 4],
			"rotation": {"angle": 0, "axis": "y", "origin": [15.999, 11, -1]},
			"faces": {
				"east": {"uv": [10, 5, 16, 9], "texture": "#1"}
			}
		},
		{
			"from": [12.999, 5, -2],
			"to": [12.999, 9, 4],
			"rotation": {"angle": 0, "axis": "y", "origin": [15.999, 11, -1]},
			"faces": {
				"west": {"uv": [16, 5, 10, 9], "texture": "#1"}
			}
		},
		{
			"from": [11.999, 5, 3],
			"to": [17.999, 9, 3],
			"rotation": {"angle": 0, "axis": "y", "origin": [11.999, 9, 4]},
			"faces": {
				"south": {"uv": [16, 5, 10, 9], "texture": "#1"}
			}
		},
		{
			"from": [11.999, 5, -1],
			"to": [17.999, 9, -1],
			"rotation": {"angle": 0, "axis": "y", "origin": [11.999, 9, -4]},
			"faces": {
				"north": {"uv": [10, 5, 16, 9], "texture": "#1"}
			}
		},
		{
			"from": [12.999, 5, -1],
			"to": [16.999, 9, 3],
			"rotation": {"angle": 0, "axis": "y", "origin": [22.999, 18, -2]},
			"faces": {
				"up": {"uv": [11, 0, 15, 4], "texture": "#1"},
				"down": {"uv": [11, 0, 15, 4], "texture": "#1"}
			}
		},
		{
			"from": [9.999, 14, 13],
			"to": [9.999, 18, 19],
			"rotation": {"angle": 0, "axis": "y", "origin": [15.999, 11, -1]},
			"faces": {
				"east": {"uv": [10, 5, 16, 9], "texture": "#1"}
			}
		},
		{
			"from": [5.999, 14, 13],
			"to": [5.999, 18, 19],
			"rotation": {"angle": 0, "axis": "y", "origin": [15.999, 11, -1]},
			"faces": {
				"west": {"uv": [16, 5, 10, 9], "texture": "#1"}
			}
		},
		{
			"from": [4.999, 14, 18],
			"to": [10.999, 18, 18],
			"rotation": {"angle": 0, "axis": "y", "origin": [11.999, 9, 4]},
			"faces": {
				"south": {"uv": [16, 5, 10, 9], "texture": "#1"}
			}
		},
		{
			"from": [4.999, 14, 14],
			"to": [10.999, 18, 14],
			"rotation": {"angle": 0, "axis": "y", "origin": [11.999, 9, -4]},
			"faces": {
				"north": {"uv": [10, 5, 16, 9], "texture": "#1"}
			}
		},
		{
			"from": [5.999, 14, 14],
			"to": [9.999, 18, 18],
			"rotation": {"angle": 0, "axis": "y", "origin": [22.999, 18, -2]},
			"faces": {
				"up": {"uv": [11, 0, 15, 4], "texture": "#1"},
				"down": {"uv": [11, 0, 15, 4], "texture": "#1"}
			}
		},
		{
			"from": [12, 17, 5],
			"to": [18, 21, 5],
			"rotation": {"angle": 0, "axis": "y", "origin": [11, 17, 4]},
			"faces": {
				"north": {"uv": [10, 5, 16, 9], "texture": "#1"}
			}
		},
		{
			"from": [12, 17, 9],
			"to": [18, 21, 9],
			"rotation": {"angle": 0, "axis": "y", "origin": [11, 17, 12]},
			"faces": {
				"south": {"uv": [16, 5, 10, 9], "texture": "#1"}
			}
		},
		{
			"from": [17, 17, 4],
			"to": [17, 21, 10],
			"rotation": {"angle": 0, "axis": "y", "origin": [15, 19, 7]},
			"faces": {
				"east": {"uv": [10, 5, 16, 9], "texture": "#1"}
			}
		},
		{
			"from": [13, 17, 4],
			"to": [13, 21, 10],
			"rotation": {"angle": 0, "axis": "y", "origin": [15, 19, 7]},
			"faces": {
				"west": {"uv": [16, 5, 10, 9], "texture": "#1"}
			}
		},
		{
			"from": [16, 20, 8],
			"to": [18, 22, 10],
			"rotation": {"angle": 0, "axis": "y", "origin": [26, 34, 10]},
			"faces": {
				"north": {"uv": [14, 11, 16, 13], "texture": "#1"},
				"east": {"uv": [14, 11, 16, 13], "texture": "#1"},
				"south": {"uv": [14, 11, 16, 13], "texture": "#1"},
				"west": {"uv": [14, 11, 16, 13], "texture": "#1"},
				"up": {"uv": [14, 11, 16, 13], "texture": "#1"},
				"down": {"uv": [14, 11, 16, 13], "texture": "#1"}
			}
		},
		{
			"from": [8.999, 18, 17],
			"to": [10.999, 20, 19],
			"rotation": {"angle": 0, "axis": "y", "origin": [23.999, 33, 10]},
			"faces": {
				"north": {"uv": [11, 11, 13, 13], "texture": "#1"},
				"east": {"uv": [11, 11, 13, 13], "texture": "#1"},
				"south": {"uv": [11, 11, 13, 13], "texture": "#1"},
				"west": {"uv": [11, 11, 13, 13], "texture": "#1"},
				"up": {"uv": [11, 11, 13, 13], "texture": "#1"},
				"down": {"uv": [11, 11, 13, 13], "texture": "#1"}
			}
		},
		{
			"from": [8.999, 17, 13],
			"to": [10.999, 19, 15],
			"rotation": {"angle": 0, "axis": "y", "origin": [23.999, 33, 10]},
			"faces": {
				"north": {"uv": [14, 14, 16, 16], "texture": "#1"},
				"east": {"uv": [14, 14, 16, 16], "texture": "#1"},
				"south": {"uv": [14, 14, 16, 16], "texture": "#1"},
				"west": {"uv": [14, 14, 16, 16], "texture": "#1"},
				"up": {"uv": [14, 14, 16, 16], "texture": "#1"},
				"down": {"uv": [14, 14, 16, 16], "texture": "#1"}
			}
		},
		{
			"from": [4.999, 17, 17],
			"to": [6.999, 19, 19],
			"rotation": {"angle": 0, "axis": "y", "origin": [23.999, 33, 10]},
			"faces": {
				"north": {"uv": [14, 11, 16, 13], "texture": "#1"},
				"east": {"uv": [14, 11, 16, 13], "texture": "#1"},
				"south": {"uv": [14, 11, 16, 13], "texture": "#1"},
				"west": {"uv": [14, 11, 16, 13], "texture": "#1"},
				"up": {"uv": [14, 11, 16, 13], "texture": "#1"},
				"down": {"uv": [14, 11, 16, 13], "texture": "#1"}
			}
		},
		{
			"from": [-1.001, 13, 15],
			"to": [0.999, 15, 17],
			"rotation": {"angle": 0, "axis": "y", "origin": [23.999, 33, 10]},
			"faces": {
				"north": {"uv": [14, 14, 16, 16], "texture": "#1"},
				"east": {"uv": [14, 14, 16, 16], "texture": "#1"},
				"south": {"uv": [14, 14, 16, 16], "texture": "#1"},
				"west": {"uv": [14, 14, 16, 16], "texture": "#1"},
				"up": {"uv": [14, 14, 16, 16], "texture": "#1"},
				"down": {"uv": [14, 14, 16, 16], "texture": "#1"}
			}
		},
		{
			"from": [15.999, 8, -2],
			"to": [17.999, 10, 0],
			"rotation": {"angle": 0, "axis": "y", "origin": [37.999, 26, 4]},
			"faces": {
				"north": {"uv": [14, 14, 16, 16], "texture": "#1"},
				"east": {"uv": [14, 14, 16, 16], "texture": "#1"},
				"south": {"uv": [14, 14, 16, 16], "texture": "#1"},
				"west": {"uv": [14, 14, 16, 16], "texture": "#1"},
				"up": {"uv": [14, 14, 16, 16], "texture": "#1"},
				"down": {"uv": [14, 14, 16, 16], "texture": "#1"}
			}
		},
		{
			"from": [-3, 21, 8],
			"to": [-1, 23, 10],
			"rotation": {"angle": 0, "axis": "y", "origin": [29, 38, 8]},
			"faces": {
				"north": {"uv": [11, 11, 13, 13], "texture": "#1"},
				"east": {"uv": [11, 11, 13, 13], "texture": "#1"},
				"south": {"uv": [11, 11, 13, 13], "texture": "#1"},
				"west": {"uv": [11, 11, 13, 13], "texture": "#1"},
				"up": {"uv": [11, 11, 13, 13], "texture": "#1"},
				"down": {"uv": [11, 11, 13, 13], "texture": "#1"}
			}
		},
		{
			"from": [15.999, 21, 4],
			"to": [17.999, 23, 6],
			"rotation": {"angle": 0, "axis": "y", "origin": [23.999, 33, 10]},
			"faces": {
				"north": {"uv": [11, 11, 13, 13], "texture": "#1"},
				"east": {"uv": [11, 11, 13, 13], "texture": "#1"},
				"south": {"uv": [11, 11, 13, 13], "texture": "#1"},
				"west": {"uv": [11, 11, 13, 13], "texture": "#1"},
				"up": {"uv": [11, 11, 13, 13], "texture": "#1"},
				"down": {"uv": [11, 11, 13, 13], "texture": "#1"}
			}
		},
		{
			"from": [12, 20, 4],
			"to": [14, 22, 6],
			"rotation": {"angle": 0, "axis": "y", "origin": [26, 34, 10]},
			"faces": {
				"north": {"uv": [14, 11, 16, 13], "texture": "#1"},
				"east": {"uv": [14, 11, 16, 13], "texture": "#1"},
				"south": {"uv": [14, 11, 16, 13], "texture": "#1"},
				"west": {"uv": [14, 11, 16, 13], "texture": "#1"},
				"up": {"uv": [14, 11, 16, 13], "texture": "#1"},
				"down": {"uv": [14, 11, 16, 13], "texture": "#1"}
			}
		}
	]
}