{
  "variants": {
    "": [
      {
        "model": "minecraft:block/birch_leaves",
        "weight": 500
      },
      {
        "model": "minecraft:block/birch_leaves_1",
        "weight": 500
      },
      {
        "model": "minecraft:block/birch_leaves_1_1",
        "weight": 5
      },
      {
        "model": "minecraft:block/birch_leaves_1_1",
        "weight": 5,
        "y": 90
      },
      {
        "model": "minecraft:block/birch_leaves_1_1",
        "weight": 5,
        "y": 180
      }
    ]
  }
}
