{
  "variants": {
    "": [
      {
        "model": "minecraft:block/flowering_azalea_leaves",
        "weight": 1500
      },
      {
        "model": "minecraft:block/flowering_azalea_leaves",
        "x": 180,
        "weight": 500
      },
      {
        "model": "minecraft:block/flowering_azalea_leaves_1",
        "y": 180,
        "weight": 800
      },
      {
        "model": "minecraft:block/flowering_azalea_leaves_2",
        "weight": 70
      },
      {
        "model": "minecraft:block/flowering_azalea_leaves_3",
        "y": 180,
        "weight": 150
      },
      {
        "model": "minecraft:block/flowering_azalea_leaves_4",
        "x": 180,
        "weight": 300
      }
    ]
  }
}
