{
	"credit": "AlexTestria | https://alex-bauerndistel.de",
	"parent": "minecraft:block/crop",
	"textures": {
		"2": "brickcraft/material/plastics/shader_support/plastic12",
		"particle": "brickcraft/material/plastics/shader_support/plastic12"
	},
	"elements": [
		{
			"name": "hexadecagon",
			"from": [12.50272, 1.75, 1.5],
			"to": [13.49728, 3, 6.5],
			"rotation": {"angle": 45, "axis": "y", "origin": [13, 2.25, 4]},
			"faces": {
				"north": {"uv": [0, 0, 0.99456, 1.25], "texture": "#2", "cullface": "up"},
				"south": {"uv": [0, 0, 0.99456, 1.25], "texture": "#2", "cullface": "up"},
				"up": {"uv": [0, 0, 0.99456, 5], "texture": "#2", "cullface": "up"}
			}
		},
		{
			"name": "hexadecagon",
			"from": [12.50272, 1.75, 1.5],
			"to": [13.49728, 3, 6.5],
			"rotation": {"angle": 22.5, "axis": "y", "origin": [13, 2.25, 4]},
			"faces": {
				"north": {"uv": [0, 0, 0.99456, 1.25], "texture": "#2", "cullface": "up"},
				"south": {"uv": [0, 0, 0.99456, 1.25], "texture": "#2", "cullface": "up"},
				"up": {"uv": [0, 0, 0.99456, 5], "texture": "#2", "cullface": "up"}
			}
		},
		{
			"name": "hexadecagon",
			"from": [12.50272, 1.75, 1.5],
			"to": [13.49728, 3, 6.5],
			"rotation": {"angle": 0, "axis": "y", "origin": [13, 2.25, 4]},
			"faces": {
				"north": {"uv": [0, 0, 0.99456, 1.25], "texture": "#2", "cullface": "up"},
				"south": {"uv": [0, 0, 0.99456, 1.25], "texture": "#2", "cullface": "up"},
				"up": {"uv": [0, 0, 0.99456, 5], "texture": "#2", "cullface": "up"}
			}
		},
		{
			"name": "hexadecagon",
			"from": [12.50272, 1.75, 1.5],
			"to": [13.49728, 3, 6.5],
			"rotation": {"angle": -22.5, "axis": "y", "origin": [13, 2.25, 4]},
			"faces": {
				"north": {"uv": [0, 0, 0.99456, 1.25], "texture": "#2", "cullface": "up"},
				"south": {"uv": [0, 0, 0.99456, 1.25], "texture": "#2", "cullface": "up"},
				"up": {"uv": [0, 0, 0.99456, 5], "texture": "#2", "cullface": "up"}
			}
		},
		{
			"name": "hexadecagon",
			"from": [12.50272, 1.75, 1.5],
			"to": [13.49728, 3, 6.5],
			"rotation": {"angle": -45, "axis": "y", "origin": [13, 2.25, 4]},
			"faces": {
				"north": {"uv": [0, 0, 0.99456, 1.25], "texture": "#2", "cullface": "up"},
				"south": {"uv": [0, 0, 0.99456, 1.25], "texture": "#2", "cullface": "up"},
				"up": {"uv": [0, 0, 0.99456, 5], "texture": "#2", "cullface": "up"}
			}
		},
		{
			"name": "hexadecagon",
			"from": [10.5, 1.75, 3.50272],
			"to": [15.5, 3, 4.49728],
			"rotation": {"angle": 22.5, "axis": "y", "origin": [13, 2.25, 4]},
			"faces": {
				"east": {"uv": [0, 0, 0.99456, 1.25], "texture": "#2", "cullface": "up"},
				"west": {"uv": [0, 0, 0.99456, 1.25], "texture": "#2", "cullface": "up"},
				"up": {"uv": [0, 0, 5, 0.99456], "texture": "#2", "cullface": "up"}
			}
		},
		{
			"name": "hexadecagon",
			"from": [10.5, 1.75, 3.50272],
			"to": [15.5, 3, 4.49728],
			"rotation": {"angle": 0, "axis": "y", "origin": [13, 2.25, 4]},
			"faces": {
				"east": {"uv": [0, 0, 0.99456, 1.25], "texture": "#2", "cullface": "up"},
				"west": {"uv": [0, 0, 0.99456, 1.25], "texture": "#2", "cullface": "up"},
				"up": {"uv": [0, 0, 5, 0.99456], "texture": "#2", "cullface": "up"}
			}
		},
		{
			"name": "hexadecagon",
			"from": [10.5, 1.75, 3.50272],
			"to": [15.5, 3, 4.49728],
			"rotation": {"angle": -22.5, "axis": "y", "origin": [13, 2.25, 4]},
			"faces": {
				"east": {"uv": [0, 0, 0.99456, 1.25], "texture": "#2", "cullface": "up"},
				"west": {"uv": [0, 0, 0.99456, 1.25], "texture": "#2", "cullface": "up"},
				"up": {"uv": [0, 0, 5, 0.99456], "texture": "#2", "cullface": "up"}
			}
		},
		{
			"name": "hexadecagon",
			"from": [12.35353, 0, 0.75],
			"to": [13.64647, 1.25, 7.25],
			"rotation": {"angle": -45, "axis": "y", "origin": [13, 0.25, 4]},
			"faces": {
				"north": {"uv": [0, 0, 1.29293, 1.5], "texture": "#2", "cullface": "up"},
				"south": {"uv": [0, 0, 1.29293, 1.5], "texture": "#2", "cullface": "up"},
				"down": {"uv": [0, 0, 1.29293, 6.5], "texture": "#2", "cullface": "up"}
			}
		},
		{
			"name": "hexadecagon",
			"from": [12.35353, 0, 0.75],
			"to": [13.64647, 1.25, 7.25],
			"rotation": {"angle": -22.5, "axis": "y", "origin": [13, 0.25, 4]},
			"faces": {
				"north": {"uv": [0, 0, 1.29293, 1.5], "texture": "#2", "cullface": "up"},
				"south": {"uv": [0, 0, 1.29293, 1.5], "texture": "#2", "cullface": "up"},
				"down": {"uv": [0, 0, 1.29293, 6.5], "texture": "#2", "cullface": "up"}
			}
		},
		{
			"name": "hexadecagon",
			"from": [12.35353, 0, 0.75],
			"to": [13.64647, 1.25, 7.25],
			"rotation": {"angle": 0, "axis": "y", "origin": [13, 0.25, 4]},
			"faces": {
				"north": {"uv": [0, 0, 1.29293, 1.5], "texture": "#2", "cullface": "up"},
				"south": {"uv": [0, 0, 1.29293, 1.5], "texture": "#2", "cullface": "up"},
				"down": {"uv": [0, 0, 1.29293, 6.5], "texture": "#2", "cullface": "up"}
			}
		},
		{
			"name": "hexadecagon",
			"from": [12.35353, 0, 0.75],
			"to": [13.64647, 1.25, 7.25],
			"rotation": {"angle": 22.5, "axis": "y", "origin": [13, 0.25, 4]},
			"faces": {
				"north": {"uv": [0, 0, 1.29293, 1.5], "texture": "#2", "cullface": "up"},
				"south": {"uv": [0, 0, 1.29293, 1.5], "texture": "#2", "cullface": "up"},
				"down": {"uv": [0, 0, 1.29293, 6.5], "texture": "#2", "cullface": "up"}
			}
		},
		{
			"name": "hexadecagon",
			"from": [12.35353, 0, 0.75],
			"to": [13.64647, 1.25, 7.25],
			"rotation": {"angle": 45, "axis": "y", "origin": [13, 0.25, 4]},
			"faces": {
				"north": {"uv": [0, 0, 1.29293, 1.5], "texture": "#2", "cullface": "up"},
				"south": {"uv": [0, 0, 1.29293, 1.5], "texture": "#2", "cullface": "up"},
				"down": {"uv": [0, 0, 1.29293, 6.5], "texture": "#2", "cullface": "up"}
			}
		},
		{
			"name": "hexadecagon",
			"from": [9.75, 0, 3.35353],
			"to": [16.25, 1.25, 4.64647],
			"rotation": {"angle": -22.5, "axis": "y", "origin": [13, 0.25, 4]},
			"faces": {
				"east": {"uv": [0, 0, 1.29293, 1.5], "texture": "#2", "cullface": "up"},
				"west": {"uv": [0, 0, 1.29293, 1.5], "texture": "#2", "cullface": "up"},
				"down": {"uv": [0, 0, 6.5, 1.29293], "texture": "#2", "cullface": "up"}
			}
		},
		{
			"name": "hexadecagon",
			"from": [9.75, 0, 3.35353],
			"to": [16.25, 1.25, 4.64647],
			"rotation": {"angle": 0, "axis": "y", "origin": [13, 0.25, 4]},
			"faces": {
				"east": {"uv": [0, 0, 1.29293, 1.5], "texture": "#2", "cullface": "up"},
				"west": {"uv": [0, 0, 1.29293, 1.5], "texture": "#2", "cullface": "up"},
				"down": {"uv": [0, 0, 6.5, 1.29293], "texture": "#2", "cullface": "up"}
			}
		},
		{
			"name": "hexadecagon",
			"from": [9.75, 0, 3.35353],
			"to": [16.25, 1.25, 4.64647],
			"rotation": {"angle": 22.5, "axis": "y", "origin": [13, 0.25, 4]},
			"faces": {
				"east": {"uv": [0, 0, 1.29293, 1.5], "texture": "#2", "cullface": "up"},
				"west": {"uv": [0, 0, 1.29293, 1.5], "texture": "#2", "cullface": "up"},
				"down": {"uv": [0, 0, 6.5, 1.29293], "texture": "#2", "cullface": "up"}
			}
		},
		{
			"name": "hexadecagon",
			"from": [12.25408, 1.25, 0.25],
			"to": [13.74592, 1.75, 7.75],
			"rotation": {"angle": -45, "axis": "y", "origin": [13, 1.75, 4]},
			"faces": {
				"north": {"uv": [0, 0, 1.49184, 0.5], "texture": "#2", "cullface": "up"},
				"south": {"uv": [0, 0, 1.49184, 0.5], "texture": "#2", "cullface": "up"},
				"up": {"uv": [0, 0, 1.49184, 7.5], "texture": "#2", "cullface": "up"},
				"down": {"uv": [0, 0, 1.49184, 7.5], "texture": "#2", "cullface": "up"}
			}
		},
		{
			"name": "hexadecagon",
			"from": [12.25408, 1.25, 0.25],
			"to": [13.74592, 1.75, 7.75],
			"rotation": {"angle": -22.5, "axis": "y", "origin": [13, 1.75, 4]},
			"faces": {
				"north": {"uv": [0, 0, 1.49184, 0.5], "texture": "#2", "cullface": "up"},
				"south": {"uv": [0, 0, 1.49184, 0.5], "texture": "#2", "cullface": "up"},
				"up": {"uv": [0, 0, 1.49184, 7.5], "texture": "#2", "cullface": "up"},
				"down": {"uv": [0, 0, 1.49184, 7.5], "texture": "#2", "cullface": "up"}
			}
		},
		{
			"name": "hexadecagon",
			"from": [12.25408, 1.25, 0.25],
			"to": [13.74592, 1.75, 7.75],
			"rotation": {"angle": 0, "axis": "y", "origin": [13, 1.75, 4]},
			"faces": {
				"north": {"uv": [0, 0, 1.49184, 0.5], "texture": "#2", "cullface": "up"},
				"south": {"uv": [0, 0, 1.49184, 0.5], "texture": "#2", "cullface": "up"},
				"up": {"uv": [0, 0, 1.49184, 7.5], "texture": "#2", "cullface": "up"},
				"down": {"uv": [0, 0, 1.49184, 7.5], "texture": "#2", "cullface": "up"}
			}
		},
		{
			"name": "hexadecagon",
			"from": [12.25408, 1.25, 0.25],
			"to": [13.74592, 1.75, 7.75],
			"rotation": {"angle": 22.5, "axis": "y", "origin": [13, 1.75, 4]},
			"faces": {
				"north": {"uv": [0, 0, 1.49184, 0.5], "texture": "#2", "cullface": "up"},
				"south": {"uv": [0, 0, 1.49184, 0.5], "texture": "#2", "cullface": "up"},
				"up": {"uv": [0, 0, 1.49184, 7.5], "texture": "#2", "cullface": "up"},
				"down": {"uv": [0, 0, 1.49184, 7.5], "texture": "#2", "cullface": "up"}
			}
		},
		{
			"name": "hexadecagon",
			"from": [12.25408, 1.25, 0.25],
			"to": [13.74592, 1.75, 7.75],
			"rotation": {"angle": 45, "axis": "y", "origin": [13, 1.75, 4]},
			"faces": {
				"north": {"uv": [0, 0, 1.49184, 0.5], "texture": "#2", "cullface": "up"},
				"south": {"uv": [0, 0, 1.49184, 0.5], "texture": "#2", "cullface": "up"},
				"up": {"uv": [0, 0, 1.49184, 7.5], "texture": "#2", "cullface": "up"},
				"down": {"uv": [0, 0, 1.49184, 7.5], "texture": "#2", "cullface": "up"}
			}
		},
		{
			"name": "hexadecagon",
			"from": [9.25, 1.25, 3.25408],
			"to": [16.75, 1.75, 4.74592],
			"rotation": {"angle": -22.5, "axis": "y", "origin": [13, 1.75, 4]},
			"faces": {
				"east": {"uv": [0, 0, 1.49184, 0.5], "texture": "#2", "cullface": "up"},
				"west": {"uv": [0, 0, 1.49184, 0.5], "texture": "#2", "cullface": "up"},
				"up": {"uv": [0, 0, 7.5, 1.49184], "texture": "#2", "cullface": "up"},
				"down": {"uv": [0, 0, 7.5, 1.49184], "texture": "#2", "cullface": "up"}
			}
		},
		{
			"name": "hexadecagon",
			"from": [9.25, 1.25, 3.25408],
			"to": [16.75, 1.75, 4.74592],
			"rotation": {"angle": 0, "axis": "y", "origin": [13, 1.75, 4]},
			"faces": {
				"east": {"uv": [0, 0, 1.49184, 0.5], "texture": "#2", "cullface": "up"},
				"west": {"uv": [0, 0, 1.49184, 0.5], "texture": "#2", "cullface": "up"},
				"up": {"uv": [0, 0, 7.5, 1.49184], "texture": "#2", "cullface": "up"},
				"down": {"uv": [0, 0, 7.5, 1.49184], "texture": "#2", "cullface": "up"}
			}
		},
		{
			"name": "hexadecagon",
			"from": [9.25, 1.25, 3.25408],
			"to": [16.75, 1.75, 4.74592],
			"rotation": {"angle": 22.5, "axis": "y", "origin": [13, 1.75, 4]},
			"faces": {
				"east": {"uv": [0, 0, 1.49184, 0.5], "texture": "#2", "cullface": "up"},
				"west": {"uv": [0, 0, 1.49184, 0.5], "texture": "#2", "cullface": "up"},
				"up": {"uv": [0, 0, 7.5, 1.49184], "texture": "#2", "cullface": "up"},
				"down": {"uv": [0, 0, 7.5, 1.49184], "texture": "#2", "cullface": "up"}
			}
		},
		{
			"name": "hexadecagon",
			"from": [3.50272, 1.75, 6.5],
			"to": [4.49728, 3, 11.5],
			"rotation": {"angle": 45, "axis": "y", "origin": [4, 2.25, 9]},
			"faces": {
				"north": {"uv": [0, 0, 0.99456, 1.25], "texture": "#2", "cullface": "up"},
				"south": {"uv": [0, 0, 0.99456, 1.25], "texture": "#2", "cullface": "up"},
				"up": {"uv": [0, 0, 0.99456, 5], "texture": "#2", "cullface": "up"}
			}
		},
		{
			"name": "hexadecagon",
			"from": [3.50272, 1.75, 6.5],
			"to": [4.49728, 3, 11.5],
			"rotation": {"angle": 22.5, "axis": "y", "origin": [4, 2.25, 9]},
			"faces": {
				"north": {"uv": [0, 0, 0.99456, 1.25], "texture": "#2", "cullface": "up"},
				"south": {"uv": [0, 0, 0.99456, 1.25], "texture": "#2", "cullface": "up"},
				"up": {"uv": [0, 0, 0.99456, 5], "texture": "#2", "cullface": "up"}
			}
		},
		{
			"name": "hexadecagon",
			"from": [3.50272, 1.75, 6.5],
			"to": [4.49728, 3, 11.5],
			"rotation": {"angle": 0, "axis": "y", "origin": [4, 2.25, 9]},
			"faces": {
				"north": {"uv": [0, 0, 0.99456, 1.25], "texture": "#2", "cullface": "up"},
				"south": {"uv": [0, 0, 0.99456, 1.25], "texture": "#2", "cullface": "up"},
				"up": {"uv": [0, 0, 0.99456, 5], "texture": "#2", "cullface": "up"}
			}
		},
		{
			"name": "hexadecagon",
			"from": [3.50272, 1.75, 6.5],
			"to": [4.49728, 3, 11.5],
			"rotation": {"angle": -22.5, "axis": "y", "origin": [4, 2.25, 9]},
			"faces": {
				"north": {"uv": [0, 0, 0.99456, 1.25], "texture": "#2", "cullface": "up"},
				"south": {"uv": [0, 0, 0.99456, 1.25], "texture": "#2", "cullface": "up"},
				"up": {"uv": [0, 0, 0.99456, 5], "texture": "#2", "cullface": "up"}
			}
		},
		{
			"name": "hexadecagon",
			"from": [3.50272, 1.75, 6.5],
			"to": [4.49728, 3, 11.5],
			"rotation": {"angle": -45, "axis": "y", "origin": [4, 2.25, 9]},
			"faces": {
				"north": {"uv": [0, 0, 0.99456, 1.25], "texture": "#2", "cullface": "up"},
				"south": {"uv": [0, 0, 0.99456, 1.25], "texture": "#2", "cullface": "up"},
				"up": {"uv": [0, 0, 0.99456, 5], "texture": "#2", "cullface": "up"}
			}
		},
		{
			"name": "hexadecagon",
			"from": [1.5, 1.75, 8.50272],
			"to": [6.5, 3, 9.49728],
			"rotation": {"angle": 22.5, "axis": "y", "origin": [4, 2.25, 9]},
			"faces": {
				"east": {"uv": [0, 0, 0.99456, 1.25], "texture": "#2", "cullface": "up"},
				"west": {"uv": [0, 0, 0.99456, 1.25], "texture": "#2", "cullface": "up"},
				"up": {"uv": [0, 0, 5, 0.99456], "texture": "#2", "cullface": "up"}
			}
		},
		{
			"name": "hexadecagon",
			"from": [1.5, 1.75, 8.50272],
			"to": [6.5, 3, 9.49728],
			"rotation": {"angle": 0, "axis": "y", "origin": [4, 2.25, 9]},
			"faces": {
				"east": {"uv": [0, 0, 0.99456, 1.25], "texture": "#2", "cullface": "up"},
				"west": {"uv": [0, 0, 0.99456, 1.25], "texture": "#2", "cullface": "up"},
				"up": {"uv": [0, 0, 5, 0.99456], "texture": "#2", "cullface": "up"}
			}
		},
		{
			"name": "hexadecagon",
			"from": [1.5, 1.75, 8.50272],
			"to": [6.5, 3, 9.49728],
			"rotation": {"angle": -22.5, "axis": "y", "origin": [4, 2.25, 9]},
			"faces": {
				"east": {"uv": [0, 0, 0.99456, 1.25], "texture": "#2", "cullface": "up"},
				"west": {"uv": [0, 0, 0.99456, 1.25], "texture": "#2", "cullface": "up"},
				"up": {"uv": [0, 0, 5, 0.99456], "texture": "#2", "cullface": "up"}
			}
		},
		{
			"name": "hexadecagon",
			"from": [3.35353, 0, 5.75],
			"to": [4.64647, 1.25, 12.25],
			"rotation": {"angle": -45, "axis": "y", "origin": [4, 0.25, 9]},
			"faces": {
				"north": {"uv": [0, 0, 1.29293, 1.5], "texture": "#2", "cullface": "up"},
				"south": {"uv": [0, 0, 1.29293, 1.5], "texture": "#2", "cullface": "up"},
				"down": {"uv": [0, 0, 1.29293, 6.5], "texture": "#2", "cullface": "up"}
			}
		},
		{
			"name": "hexadecagon",
			"from": [3.35353, 0, 5.75],
			"to": [4.64647, 1.25, 12.25],
			"rotation": {"angle": -22.5, "axis": "y", "origin": [4, 0.25, 9]},
			"faces": {
				"north": {"uv": [0, 0, 1.29293, 1.5], "texture": "#2", "cullface": "up"},
				"south": {"uv": [0, 0, 1.29293, 1.5], "texture": "#2", "cullface": "up"},
				"down": {"uv": [0, 0, 1.29293, 6.5], "texture": "#2", "cullface": "up"}
			}
		},
		{
			"name": "hexadecagon",
			"from": [3.35353, 0, 5.75],
			"to": [4.64647, 1.25, 12.25],
			"rotation": {"angle": 0, "axis": "y", "origin": [4, 0.25, 9]},
			"faces": {
				"north": {"uv": [0, 0, 1.29293, 1.5], "texture": "#2", "cullface": "up"},
				"south": {"uv": [0, 0, 1.29293, 1.5], "texture": "#2", "cullface": "up"},
				"down": {"uv": [0, 0, 1.29293, 6.5], "texture": "#2", "cullface": "up"}
			}
		},
		{
			"name": "hexadecagon",
			"from": [3.35353, 0, 5.75],
			"to": [4.64647, 1.25, 12.25],
			"rotation": {"angle": 22.5, "axis": "y", "origin": [4, 0.25, 9]},
			"faces": {
				"north": {"uv": [0, 0, 1.29293, 1.5], "texture": "#2", "cullface": "up"},
				"south": {"uv": [0, 0, 1.29293, 1.5], "texture": "#2", "cullface": "up"},
				"down": {"uv": [0, 0, 1.29293, 6.5], "texture": "#2", "cullface": "up"}
			}
		},
		{
			"name": "hexadecagon",
			"from": [3.35353, 0, 5.75],
			"to": [4.64647, 1.25, 12.25],
			"rotation": {"angle": 45, "axis": "y", "origin": [4, 0.25, 9]},
			"faces": {
				"north": {"uv": [0, 0, 1.29293, 1.5], "texture": "#2", "cullface": "up"},
				"south": {"uv": [0, 0, 1.29293, 1.5], "texture": "#2", "cullface": "up"},
				"down": {"uv": [0, 0, 1.29293, 6.5], "texture": "#2", "cullface": "up"}
			}
		},
		{
			"name": "hexadecagon",
			"from": [0.75, 0, 8.35353],
			"to": [7.25, 1.25, 9.64647],
			"rotation": {"angle": -22.5, "axis": "y", "origin": [4, 0.25, 9]},
			"faces": {
				"east": {"uv": [0, 0, 1.29293, 1.5], "texture": "#2", "cullface": "up"},
				"west": {"uv": [0, 0, 1.29293, 1.5], "texture": "#2", "cullface": "up"},
				"down": {"uv": [0, 0, 6.5, 1.29293], "texture": "#2", "cullface": "up"}
			}
		},
		{
			"name": "hexadecagon",
			"from": [0.75, 0, 8.35353],
			"to": [7.25, 1.25, 9.64647],
			"rotation": {"angle": 0, "axis": "y", "origin": [4, 0.25, 9]},
			"faces": {
				"east": {"uv": [0, 0, 1.29293, 1.5], "texture": "#2", "cullface": "up"},
				"west": {"uv": [0, 0, 1.29293, 1.5], "texture": "#2", "cullface": "up"},
				"down": {"uv": [0, 0, 6.5, 1.29293], "texture": "#2", "cullface": "up"}
			}
		},
		{
			"name": "hexadecagon",
			"from": [0.75, 0, 8.35353],
			"to": [7.25, 1.25, 9.64647],
			"rotation": {"angle": 22.5, "axis": "y", "origin": [4, 0.25, 9]},
			"faces": {
				"east": {"uv": [0, 0, 1.29293, 1.5], "texture": "#2", "cullface": "up"},
				"west": {"uv": [0, 0, 1.29293, 1.5], "texture": "#2", "cullface": "up"},
				"down": {"uv": [0, 0, 6.5, 1.29293], "texture": "#2", "cullface": "up"}
			}
		},
		{
			"name": "hexadecagon",
			"from": [3.25408, 1.25, 5.25],
			"to": [4.74592, 1.75, 12.75],
			"rotation": {"angle": -45, "axis": "y", "origin": [4, 1.75, 9]},
			"faces": {
				"north": {"uv": [0, 0, 1.49184, 0.5], "texture": "#2", "cullface": "up"},
				"south": {"uv": [0, 0, 1.49184, 0.5], "texture": "#2", "cullface": "up"},
				"up": {"uv": [0, 0, 1.49184, 7.5], "texture": "#2", "cullface": "up"},
				"down": {"uv": [0, 0, 1.49184, 7.5], "texture": "#2", "cullface": "up"}
			}
		},
		{
			"name": "hexadecagon",
			"from": [3.25408, 1.25, 5.25],
			"to": [4.74592, 1.75, 12.75],
			"rotation": {"angle": -22.5, "axis": "y", "origin": [4, 1.75, 9]},
			"faces": {
				"north": {"uv": [0, 0, 1.49184, 0.5], "texture": "#2", "cullface": "up"},
				"south": {"uv": [0, 0, 1.49184, 0.5], "texture": "#2", "cullface": "up"},
				"up": {"uv": [0, 0, 1.49184, 7.5], "texture": "#2", "cullface": "up"},
				"down": {"uv": [0, 0, 1.49184, 7.5], "texture": "#2", "cullface": "up"}
			}
		},
		{
			"name": "hexadecagon",
			"from": [3.25408, 1.25, 5.25],
			"to": [4.74592, 1.75, 12.75],
			"rotation": {"angle": 0, "axis": "y", "origin": [4, 1.75, 9]},
			"faces": {
				"north": {"uv": [0, 0, 1.49184, 0.5], "texture": "#2", "cullface": "up"},
				"south": {"uv": [0, 0, 1.49184, 0.5], "texture": "#2", "cullface": "up"},
				"up": {"uv": [0, 0, 1.49184, 7.5], "texture": "#2", "cullface": "up"},
				"down": {"uv": [0, 0, 1.49184, 7.5], "texture": "#2", "cullface": "up"}
			}
		},
		{
			"name": "hexadecagon",
			"from": [3.25408, 1.25, 5.25],
			"to": [4.74592, 1.75, 12.75],
			"rotation": {"angle": 22.5, "axis": "y", "origin": [4, 1.75, 9]},
			"faces": {
				"north": {"uv": [0, 0, 1.49184, 0.5], "texture": "#2", "cullface": "up"},
				"south": {"uv": [0, 0, 1.49184, 0.5], "texture": "#2", "cullface": "up"},
				"up": {"uv": [0, 0, 1.49184, 7.5], "texture": "#2", "cullface": "up"},
				"down": {"uv": [0, 0, 1.49184, 7.5], "texture": "#2", "cullface": "up"}
			}
		},
		{
			"name": "hexadecagon",
			"from": [3.25408, 1.25, 5.25],
			"to": [4.74592, 1.75, 12.75],
			"rotation": {"angle": 45, "axis": "y", "origin": [4, 1.75, 9]},
			"faces": {
				"north": {"uv": [0, 0, 1.49184, 0.5], "texture": "#2", "cullface": "up"},
				"south": {"uv": [0, 0, 1.49184, 0.5], "texture": "#2", "cullface": "up"},
				"up": {"uv": [0, 0, 1.49184, 7.5], "texture": "#2", "cullface": "up"},
				"down": {"uv": [0, 0, 1.49184, 7.5], "texture": "#2", "cullface": "up"}
			}
		},
		{
			"name": "hexadecagon",
			"from": [0.25, 1.25, 8.25408],
			"to": [7.75, 1.75, 9.74592],
			"rotation": {"angle": -22.5, "axis": "y", "origin": [4, 1.75, 9]},
			"faces": {
				"east": {"uv": [0, 0, 1.49184, 0.5], "texture": "#2", "cullface": "up"},
				"west": {"uv": [0, 0, 1.49184, 0.5], "texture": "#2", "cullface": "up"},
				"up": {"uv": [0, 0, 7.5, 1.49184], "texture": "#2", "cullface": "up"},
				"down": {"uv": [0, 0, 7.5, 1.49184], "texture": "#2", "cullface": "up"}
			}
		},
		{
			"name": "hexadecagon",
			"from": [0.25, 1.25, 8.25408],
			"to": [7.75, 1.75, 9.74592],
			"rotation": {"angle": 0, "axis": "y", "origin": [4, 1.75, 9]},
			"faces": {
				"east": {"uv": [0, 0, 1.49184, 0.5], "texture": "#2", "cullface": "up"},
				"west": {"uv": [0, 0, 1.49184, 0.5], "texture": "#2", "cullface": "up"},
				"up": {"uv": [0, 0, 7.5, 1.49184], "texture": "#2", "cullface": "up"},
				"down": {"uv": [0, 0, 7.5, 1.49184], "texture": "#2", "cullface": "up"}
			}
		},
		{
			"name": "hexadecagon",
			"from": [0.25, 1.25, 8.25408],
			"to": [7.75, 1.75, 9.74592],
			"rotation": {"angle": 22.5, "axis": "y", "origin": [4, 1.75, 9]},
			"faces": {
				"east": {"uv": [0, 0, 1.49184, 0.5], "texture": "#2", "cullface": "up"},
				"west": {"uv": [0, 0, 1.49184, 0.5], "texture": "#2", "cullface": "up"},
				"up": {"uv": [0, 0, 7.5, 1.49184], "texture": "#2", "cullface": "up"},
				"down": {"uv": [0, 0, 7.5, 1.49184], "texture": "#2", "cullface": "up"}
			}
		},
		{
			"name": "hexadecagon",
			"from": [10.50272, 1.75, 12.5],
			"to": [11.49728, 3, 17.5],
			"rotation": {"angle": 45, "axis": "y", "origin": [11, 2.25, 15]},
			"faces": {
				"north": {"uv": [0, 0, 0.99456, 1.25], "texture": "#2", "cullface": "up"},
				"south": {"uv": [0, 0, 0.99456, 1.25], "texture": "#2", "cullface": "up"},
				"up": {"uv": [0, 0, 0.99456, 5], "texture": "#2", "cullface": "up"}
			}
		},
		{
			"name": "hexadecagon",
			"from": [10.50272, 1.75, 12.5],
			"to": [11.49728, 3, 17.5],
			"rotation": {"angle": 22.5, "axis": "y", "origin": [11, 2.25, 15]},
			"faces": {
				"north": {"uv": [0, 0, 0.99456, 1.25], "texture": "#2", "cullface": "up"},
				"south": {"uv": [0, 0, 0.99456, 1.25], "texture": "#2", "cullface": "up"},
				"up": {"uv": [0, 0, 0.99456, 5], "texture": "#2", "cullface": "up"}
			}
		},
		{
			"name": "hexadecagon",
			"from": [10.50272, 1.75, 12.5],
			"to": [11.49728, 3, 17.5],
			"rotation": {"angle": 0, "axis": "y", "origin": [11, 2.25, 15]},
			"faces": {
				"north": {"uv": [0, 0, 0.99456, 1.25], "texture": "#2", "cullface": "up"},
				"south": {"uv": [0, 0, 0.99456, 1.25], "texture": "#2", "cullface": "up"},
				"up": {"uv": [0, 0, 0.99456, 5], "texture": "#2", "cullface": "up"}
			}
		},
		{
			"name": "hexadecagon",
			"from": [10.50272, 1.75, 12.5],
			"to": [11.49728, 3, 17.5],
			"rotation": {"angle": -22.5, "axis": "y", "origin": [11, 2.25, 15]},
			"faces": {
				"north": {"uv": [0, 0, 0.99456, 1.25], "texture": "#2", "cullface": "up"},
				"south": {"uv": [0, 0, 0.99456, 1.25], "texture": "#2", "cullface": "up"},
				"up": {"uv": [0, 0, 0.99456, 5], "texture": "#2", "cullface": "up"}
			}
		},
		{
			"name": "hexadecagon",
			"from": [10.50272, 1.75, 12.5],
			"to": [11.49728, 3, 17.5],
			"rotation": {"angle": -45, "axis": "y", "origin": [11, 2.25, 15]},
			"faces": {
				"north": {"uv": [0, 0, 0.99456, 1.25], "texture": "#2", "cullface": "up"},
				"south": {"uv": [0, 0, 0.99456, 1.25], "texture": "#2", "cullface": "up"},
				"up": {"uv": [0, 0, 0.99456, 5], "texture": "#2", "cullface": "up"}
			}
		},
		{
			"name": "hexadecagon",
			"from": [8.5, 1.75, 14.50272],
			"to": [13.5, 3, 15.49728],
			"rotation": {"angle": 22.5, "axis": "y", "origin": [11, 2.25, 15]},
			"faces": {
				"east": {"uv": [0, 0, 0.99456, 1.25], "texture": "#2", "cullface": "up"},
				"west": {"uv": [0, 0, 0.99456, 1.25], "texture": "#2", "cullface": "up"},
				"up": {"uv": [0, 0, 5, 0.99456], "texture": "#2", "cullface": "up"}
			}
		},
		{
			"name": "hexadecagon",
			"from": [8.5, 1.75, 14.50272],
			"to": [13.5, 3, 15.49728],
			"rotation": {"angle": 0, "axis": "y", "origin": [11, 2.25, 15]},
			"faces": {
				"east": {"uv": [0, 0, 0.99456, 1.25], "texture": "#2", "cullface": "up"},
				"west": {"uv": [0, 0, 0.99456, 1.25], "texture": "#2", "cullface": "up"},
				"up": {"uv": [0, 0, 5, 0.99456], "texture": "#2", "cullface": "up"}
			}
		},
		{
			"name": "hexadecagon",
			"from": [8.5, 1.75, 14.50272],
			"to": [13.5, 3, 15.49728],
			"rotation": {"angle": -22.5, "axis": "y", "origin": [11, 2.25, 15]},
			"faces": {
				"east": {"uv": [0, 0, 0.99456, 1.25], "texture": "#2", "cullface": "up"},
				"west": {"uv": [0, 0, 0.99456, 1.25], "texture": "#2", "cullface": "up"},
				"up": {"uv": [0, 0, 5, 0.99456], "texture": "#2", "cullface": "up"}
			}
		},
		{
			"name": "hexadecagon",
			"from": [10.35353, 0, 11.75],
			"to": [11.64647, 1.25, 18.25],
			"rotation": {"angle": -45, "axis": "y", "origin": [11, 0.25, 15]},
			"faces": {
				"north": {"uv": [0, 0, 1.29293, 1.5], "texture": "#2", "cullface": "up"},
				"south": {"uv": [0, 0, 1.29293, 1.5], "texture": "#2", "cullface": "up"},
				"down": {"uv": [0, 0, 1.29293, 6.5], "texture": "#2", "cullface": "up"}
			}
		},
		{
			"name": "hexadecagon",
			"from": [10.35353, 0, 11.75],
			"to": [11.64647, 1.25, 18.25],
			"rotation": {"angle": -22.5, "axis": "y", "origin": [11, 0.25, 15]},
			"faces": {
				"north": {"uv": [0, 0, 1.29293, 1.5], "texture": "#2", "cullface": "up"},
				"south": {"uv": [0, 0, 1.29293, 1.5], "texture": "#2", "cullface": "up"},
				"down": {"uv": [0, 0, 1.29293, 6.5], "texture": "#2", "cullface": "up"}
			}
		},
		{
			"name": "hexadecagon",
			"from": [10.35353, 0, 11.75],
			"to": [11.64647, 1.25, 18.25],
			"rotation": {"angle": 0, "axis": "y", "origin": [11, 0.25, 15]},
			"faces": {
				"north": {"uv": [0, 0, 1.29293, 1.5], "texture": "#2", "cullface": "up"},
				"south": {"uv": [0, 0, 1.29293, 1.5], "texture": "#2", "cullface": "up"},
				"down": {"uv": [0, 0, 1.29293, 6.5], "texture": "#2", "cullface": "up"}
			}
		},
		{
			"name": "hexadecagon",
			"from": [10.35353, 0, 11.75],
			"to": [11.64647, 1.25, 18.25],
			"rotation": {"angle": 22.5, "axis": "y", "origin": [11, 0.25, 15]},
			"faces": {
				"north": {"uv": [0, 0, 1.29293, 1.5], "texture": "#2", "cullface": "up"},
				"south": {"uv": [0, 0, 1.29293, 1.5], "texture": "#2", "cullface": "up"},
				"down": {"uv": [0, 0, 1.29293, 6.5], "texture": "#2", "cullface": "up"}
			}
		},
		{
			"name": "hexadecagon",
			"from": [10.35353, 0, 11.75],
			"to": [11.64647, 1.25, 18.25],
			"rotation": {"angle": 45, "axis": "y", "origin": [11, 0.25, 15]},
			"faces": {
				"north": {"uv": [0, 0, 1.29293, 1.5], "texture": "#2", "cullface": "up"},
				"south": {"uv": [0, 0, 1.29293, 1.5], "texture": "#2", "cullface": "up"},
				"down": {"uv": [0, 0, 1.29293, 6.5], "texture": "#2", "cullface": "up"}
			}
		},
		{
			"name": "hexadecagon",
			"from": [7.75, 0, 14.35353],
			"to": [14.25, 1.25, 15.64647],
			"rotation": {"angle": -22.5, "axis": "y", "origin": [11, 0.25, 15]},
			"faces": {
				"east": {"uv": [0, 0, 1.29293, 1.5], "texture": "#2", "cullface": "up"},
				"west": {"uv": [0, 0, 1.29293, 1.5], "texture": "#2", "cullface": "up"},
				"down": {"uv": [0, 0, 6.5, 1.29293], "texture": "#2", "cullface": "up"}
			}
		},
		{
			"name": "hexadecagon",
			"from": [7.75, 0, 14.35353],
			"to": [14.25, 1.25, 15.64647],
			"rotation": {"angle": 0, "axis": "y", "origin": [11, 0.25, 15]},
			"faces": {
				"east": {"uv": [0, 0, 1.29293, 1.5], "texture": "#2", "cullface": "up"},
				"west": {"uv": [0, 0, 1.29293, 1.5], "texture": "#2", "cullface": "up"},
				"down": {"uv": [0, 0, 6.5, 1.29293], "texture": "#2", "cullface": "up"}
			}
		},
		{
			"name": "hexadecagon",
			"from": [7.75, 0, 14.35353],
			"to": [14.25, 1.25, 15.64647],
			"rotation": {"angle": 22.5, "axis": "y", "origin": [11, 0.25, 15]},
			"faces": {
				"east": {"uv": [0, 0, 1.29293, 1.5], "texture": "#2", "cullface": "up"},
				"west": {"uv": [0, 0, 1.29293, 1.5], "texture": "#2", "cullface": "up"},
				"down": {"uv": [0, 0, 6.5, 1.29293], "texture": "#2", "cullface": "up"}
			}
		},
		{
			"name": "hexadecagon",
			"from": [10.25408, 1.25, 11.25],
			"to": [11.74592, 1.75, 18.75],
			"rotation": {"angle": -45, "axis": "y", "origin": [11, 1.75, 15]},
			"faces": {
				"north": {"uv": [0, 0, 1.49184, 0.5], "texture": "#2", "cullface": "up"},
				"south": {"uv": [0, 0, 1.49184, 0.5], "texture": "#2", "cullface": "up"},
				"up": {"uv": [0, 0, 1.49184, 7.5], "texture": "#2", "cullface": "up"},
				"down": {"uv": [0, 0, 1.49184, 7.5], "texture": "#2", "cullface": "up"}
			}
		},
		{
			"name": "hexadecagon",
			"from": [10.25408, 1.25, 11.25],
			"to": [11.74592, 1.75, 18.75],
			"rotation": {"angle": -22.5, "axis": "y", "origin": [11, 1.75, 15]},
			"faces": {
				"north": {"uv": [0, 0, 1.49184, 0.5], "texture": "#2", "cullface": "up"},
				"south": {"uv": [0, 0, 1.49184, 0.5], "texture": "#2", "cullface": "up"},
				"up": {"uv": [0, 0, 1.49184, 7.5], "texture": "#2", "cullface": "up"},
				"down": {"uv": [0, 0, 1.49184, 7.5], "texture": "#2", "cullface": "up"}
			}
		},
		{
			"name": "hexadecagon",
			"from": [10.25408, 1.25, 11.25],
			"to": [11.74592, 1.75, 18.75],
			"rotation": {"angle": 0, "axis": "y", "origin": [11, 1.75, 15]},
			"faces": {
				"north": {"uv": [0, 0, 1.49184, 0.5], "texture": "#2", "cullface": "up"},
				"south": {"uv": [0, 0, 1.49184, 0.5], "texture": "#2", "cullface": "up"},
				"up": {"uv": [0, 0, 1.49184, 7.5], "texture": "#2", "cullface": "up"},
				"down": {"uv": [0, 0, 1.49184, 7.5], "texture": "#2", "cullface": "up"}
			}
		},
		{
			"name": "hexadecagon",
			"from": [10.25408, 1.25, 11.25],
			"to": [11.74592, 1.75, 18.75],
			"rotation": {"angle": 22.5, "axis": "y", "origin": [11, 1.75, 15]},
			"faces": {
				"north": {"uv": [0, 0, 1.49184, 0.5], "texture": "#2", "cullface": "up"},
				"south": {"uv": [0, 0, 1.49184, 0.5], "texture": "#2", "cullface": "up"},
				"up": {"uv": [0, 0, 1.49184, 7.5], "texture": "#2", "cullface": "up"},
				"down": {"uv": [0, 0, 1.49184, 7.5], "texture": "#2", "cullface": "up"}
			}
		},
		{
			"name": "hexadecagon",
			"from": [10.25408, 1.25, 11.25],
			"to": [11.74592, 1.75, 18.75],
			"rotation": {"angle": 45, "axis": "y", "origin": [11, 1.75, 15]},
			"faces": {
				"north": {"uv": [0, 0, 1.49184, 0.5], "texture": "#2", "cullface": "up"},
				"south": {"uv": [0, 0, 1.49184, 0.5], "texture": "#2", "cullface": "up"},
				"up": {"uv": [0, 0, 1.49184, 7.5], "texture": "#2", "cullface": "up"},
				"down": {"uv": [0, 0, 1.49184, 7.5], "texture": "#2", "cullface": "up"}
			}
		},
		{
			"name": "hexadecagon",
			"from": [7.25, 1.25, 14.25408],
			"to": [14.75, 1.75, 15.74592],
			"rotation": {"angle": -22.5, "axis": "y", "origin": [11, 1.75, 15]},
			"faces": {
				"east": {"uv": [0, 0, 1.49184, 0.5], "texture": "#2", "cullface": "up"},
				"west": {"uv": [0, 0, 1.49184, 0.5], "texture": "#2", "cullface": "up"},
				"up": {"uv": [0, 0, 7.5, 1.49184], "texture": "#2", "cullface": "up"},
				"down": {"uv": [0, 0, 7.5, 1.49184], "texture": "#2", "cullface": "up"}
			}
		},
		{
			"name": "hexadecagon",
			"from": [7.25, 1.25, 14.25408],
			"to": [14.75, 1.75, 15.74592],
			"rotation": {"angle": 0, "axis": "y", "origin": [11, 1.75, 15]},
			"faces": {
				"east": {"uv": [0, 0, 1.49184, 0.5], "texture": "#2", "cullface": "up"},
				"west": {"uv": [0, 0, 1.49184, 0.5], "texture": "#2", "cullface": "up"},
				"up": {"uv": [0, 0, 7.5, 1.49184], "texture": "#2", "cullface": "up"},
				"down": {"uv": [0, 0, 7.5, 1.49184], "texture": "#2", "cullface": "up"}
			}
		},
		{
			"name": "hexadecagon",
			"from": [7.25, 1.25, 14.25408],
			"to": [14.75, 1.75, 15.74592],
			"rotation": {"angle": 22.5, "axis": "y", "origin": [11, 1.75, 15]},
			"faces": {
				"east": {"uv": [0, 0, 1.49184, 0.5], "texture": "#2", "cullface": "up"},
				"west": {"uv": [0, 0, 1.49184, 0.5], "texture": "#2", "cullface": "up"},
				"up": {"uv": [0, 0, 7.5, 1.49184], "texture": "#2", "cullface": "up"},
				"down": {"uv": [0, 0, 7.5, 1.49184], "texture": "#2", "cullface": "up"}
			}
		}
	],
	"display": {
		"thirdperson_righthand": {
			"rotation": [75, 153, 0],
			"translation": [0, 1.75, 2.75],
			"scale": [0.3, 0.3, 0.3]
		},
		"thirdperson_lefthand": {
			"rotation": [75, -166, 0],
			"translation": [0, 1.75, 2.75],
			"scale": [0.3, 0.3, 0.3]
		},
		"firstperson_righthand": {
			"rotation": [0, 45, 0],
			"translation": [0, 2.25, 0],
			"scale": [0.4, 0.4, 0.4]
		},
		"firstperson_lefthand": {
			"rotation": [0, 45, 0],
			"translation": [0, 2.25, 0],
			"scale": [0.4, 0.4, 0.4]
		},
		"ground": {
			"translation": [0, 3.75, 0],
			"scale": [0.4, 0.4, 0.4]
		},
		"gui": {
			"rotation": [30, 225, 0],
			"translation": [2, 4.5, 0],
			"scale": [0.8, 0.8, 0.8]
		},
		"head": {
			"rotation": [0, 180, 0],
			"translation": [0.5, 15, 1]
		},
		"fixed": {
			"rotation": [0, 153, 0],
			"translation": [1.25, 3.75, 0],
			"scale": [0.75, 0.75, 0.75]
		}
	},
	"groups": [
		{
			"name": "little_nob",
			"origin": [8, 8, 8],
			"color": 0,
			"children": [
				{
					"name": "Little Nob",
					"origin": [8, 8, 8],
					"color": 0,
					"children": [
						{
							"name": "hexadecagon",
							"origin": [8, 8, 8],
							"color": 0,
							"children": [0, 1, 2, 3, 4, 5, 6, 7]
						},
						{
							"name": "hexadecagon",
							"origin": [8, 8, 8],
							"color": 0,
							"children": [8, 9, 10, 11, 12, 13, 14, 15]
						},
						{
							"name": "hexadecagon",
							"origin": [8, 8, 8],
							"color": 0,
							"children": [16, 17, 18, 19, 20, 21, 22, 23]
						}
					]
				}
			]
		},
		{
			"name": "little_nob",
			"origin": [8, 8, 8],
			"color": 0,
			"children": [
				{
					"name": "Little Nob",
					"origin": [8, 8, 8],
					"color": 0,
					"children": [
						{
							"name": "hexadecagon",
							"origin": [8, 8, 8],
							"color": 0,
							"children": [24, 25, 26, 27, 28, 29, 30, 31]
						},
						{
							"name": "hexadecagon",
							"origin": [8, 8, 8],
							"color": 0,
							"children": [32, 33, 34, 35, 36, 37, 38, 39]
						},
						{
							"name": "hexadecagon",
							"origin": [8, 8, 8],
							"color": 0,
							"children": [40, 41, 42, 43, 44, 45, 46, 47]
						}
					]
				}
			]
		},
		{
			"name": "little_nob",
			"origin": [8, 8, 8],
			"color": 0,
			"children": [
				{
					"name": "Little Nob",
					"origin": [8, 8, 8],
					"color": 0,
					"children": [
						{
							"name": "hexadecagon",
							"origin": [8, 8, 8],
							"color": 0,
							"children": [48, 49, 50, 51, 52, 53, 54, 55]
						},
						{
							"name": "hexadecagon",
							"origin": [8, 8, 8],
							"color": 0,
							"children": [56, 57, 58, 59, 60, 61, 62, 63]
						},
						{
							"name": "hexadecagon",
							"origin": [8, 8, 8],
							"color": 0,
							"children": [64, 65, 66, 67, 68, 69, 70, 71]
						}
					]
				}
			]
		}
	]
}