{
	"credit": "AlexTestria | https://alex-bauerndistel.de",
	"parent": "minecraft:block/crop",
	"textures": {
		"2": "brickcraft/material/plastics/shader_support/plastic20",
		"particle": "brickcraft/material/plastics/shader_support/plastic20"
	},
	"elements": [
		{
			"name": "hexadecagon",
			"from": [7.50272, 1.75, 5.5],
			"to": [8.49728, 3, 10.5],
			"rotation": {"angle": 45, "axis": "y", "origin": [8, 2.25, 8]},
			"faces": {
				"north": {"uv": [0, 0, 0.99456, 1.25], "texture": "#2", "cullface": "up"},
				"south": {"uv": [0, 0, 0.99456, 1.25], "texture": "#2", "cullface": "up"},
				"up": {"uv": [0, 0, 0.99456, 5], "texture": "#2", "cullface": "up"}
			}
		},
		{
			"name": "hexadecagon",
			"from": [7.50272, 1.75, 5.5],
			"to": [8.49728, 3, 10.5],
			"rotation": {"angle": 22.5, "axis": "y", "origin": [8, 2.25, 8]},
			"faces": {
				"north": {"uv": [0, 0, 0.99456, 1.25], "texture": "#2", "cullface": "up"},
				"south": {"uv": [0, 0, 0.99456, 1.25], "texture": "#2", "cullface": "up"},
				"up": {"uv": [0, 0, 0.99456, 5], "texture": "#2", "cullface": "up"}
			}
		},
		{
			"name": "hexadecagon",
			"from": [7.50272, 1.75, 5.5],
			"to": [8.49728, 3, 10.5],
			"rotation": {"angle": 0, "axis": "y", "origin": [8, 2.25, 8]},
			"faces": {
				"north": {"uv": [0, 0, 0.99456, 1.25], "texture": "#2", "cullface": "up"},
				"south": {"uv": [0, 0, 0.99456, 1.25], "texture": "#2", "cullface": "up"},
				"up": {"uv": [0, 0, 0.99456, 5], "texture": "#2", "cullface": "up"}
			}
		},
		{
			"name": "hexadecagon",
			"from": [7.50272, 1.75, 5.5],
			"to": [8.49728, 3, 10.5],
			"rotation": {"angle": -22.5, "axis": "y", "origin": [8, 2.25, 8]},
			"faces": {
				"north": {"uv": [0, 0, 0.99456, 1.25], "texture": "#2", "cullface": "up"},
				"south": {"uv": [0, 0, 0.99456, 1.25], "texture": "#2", "cullface": "up"},
				"up": {"uv": [0, 0, 0.99456, 5], "texture": "#2", "cullface": "up"}
			}
		},
		{
			"name": "hexadecagon",
			"from": [7.50272, 1.75, 5.5],
			"to": [8.49728, 3, 10.5],
			"rotation": {"angle": -45, "axis": "y", "origin": [8, 2.25, 8]},
			"faces": {
				"north": {"uv": [0, 0, 0.99456, 1.25], "texture": "#2", "cullface": "up"},
				"south": {"uv": [0, 0, 0.99456, 1.25], "texture": "#2", "cullface": "up"},
				"up": {"uv": [0, 0, 0.99456, 5], "texture": "#2", "cullface": "up"}
			}
		},
		{
			"name": "hexadecagon",
			"from": [5.5, 1.75, 7.50272],
			"to": [10.5, 3, 8.49728],
			"rotation": {"angle": 22.5, "axis": "y", "origin": [8, 2.25, 8]},
			"faces": {
				"east": {"uv": [0, 0, 0.99456, 1.25], "texture": "#2", "cullface": "up"},
				"west": {"uv": [0, 0, 0.99456, 1.25], "texture": "#2", "cullface": "up"},
				"up": {"uv": [0, 0, 5, 0.99456], "texture": "#2", "cullface": "up"}
			}
		},
		{
			"name": "hexadecagon",
			"from": [5.5, 1.75, 7.50272],
			"to": [10.5, 3, 8.49728],
			"rotation": {"angle": 0, "axis": "y", "origin": [8, 2.25, 8]},
			"faces": {
				"east": {"uv": [0, 0, 0.99456, 1.25], "texture": "#2", "cullface": "up"},
				"west": {"uv": [0, 0, 0.99456, 1.25], "texture": "#2", "cullface": "up"},
				"up": {"uv": [0, 0, 5, 0.99456], "texture": "#2", "cullface": "up"}
			}
		},
		{
			"name": "hexadecagon",
			"from": [5.5, 1.75, 7.50272],
			"to": [10.5, 3, 8.49728],
			"rotation": {"angle": -22.5, "axis": "y", "origin": [8, 2.25, 8]},
			"faces": {
				"east": {"uv": [0, 0, 0.99456, 1.25], "texture": "#2", "cullface": "up"},
				"west": {"uv": [0, 0, 0.99456, 1.25], "texture": "#2", "cullface": "up"},
				"up": {"uv": [0, 0, 5, 0.99456], "texture": "#2", "cullface": "up"}
			}
		},
		{
			"name": "hexadecagon",
			"from": [7.35353, 0, 4.75],
			"to": [8.64647, 1.25, 11.25],
			"rotation": {"angle": -45, "axis": "y", "origin": [8, 0.25, 8]},
			"faces": {
				"north": {"uv": [0, 0, 1.29293, 1.5], "texture": "#2", "cullface": "up"},
				"south": {"uv": [0, 0, 1.29293, 1.5], "texture": "#2", "cullface": "up"},
				"down": {"uv": [0, 0, 1.29293, 6.5], "texture": "#2", "cullface": "up"}
			}
		},
		{
			"name": "hexadecagon",
			"from": [7.35353, 0, 4.75],
			"to": [8.64647, 1.25, 11.25],
			"rotation": {"angle": -22.5, "axis": "y", "origin": [8, 0.25, 8]},
			"faces": {
				"north": {"uv": [0, 0, 1.29293, 1.5], "texture": "#2", "cullface": "up"},
				"south": {"uv": [0, 0, 1.29293, 1.5], "texture": "#2", "cullface": "up"},
				"down": {"uv": [0, 0, 1.29293, 6.5], "texture": "#2", "cullface": "up"}
			}
		},
		{
			"name": "hexadecagon",
			"from": [7.35353, 0, 4.75],
			"to": [8.64647, 1.25, 11.25],
			"rotation": {"angle": 0, "axis": "y", "origin": [8, 0.25, 8]},
			"faces": {
				"north": {"uv": [0, 0, 1.29293, 1.5], "texture": "#2", "cullface": "up"},
				"south": {"uv": [0, 0, 1.29293, 1.5], "texture": "#2", "cullface": "up"},
				"down": {"uv": [0, 0, 1.29293, 6.5], "texture": "#2", "cullface": "up"}
			}
		},
		{
			"name": "hexadecagon",
			"from": [7.35353, 0, 4.75],
			"to": [8.64647, 1.25, 11.25],
			"rotation": {"angle": 22.5, "axis": "y", "origin": [8, 0.25, 8]},
			"faces": {
				"north": {"uv": [0, 0, 1.29293, 1.5], "texture": "#2", "cullface": "up"},
				"south": {"uv": [0, 0, 1.29293, 1.5], "texture": "#2", "cullface": "up"},
				"down": {"uv": [0, 0, 1.29293, 6.5], "texture": "#2", "cullface": "up"}
			}
		},
		{
			"name": "hexadecagon",
			"from": [7.35353, 0, 4.75],
			"to": [8.64647, 1.25, 11.25],
			"rotation": {"angle": 45, "axis": "y", "origin": [8, 0.25, 8]},
			"faces": {
				"north": {"uv": [0, 0, 1.29293, 1.5], "texture": "#2", "cullface": "up"},
				"south": {"uv": [0, 0, 1.29293, 1.5], "texture": "#2", "cullface": "up"},
				"down": {"uv": [0, 0, 1.29293, 6.5], "texture": "#2", "cullface": "up"}
			}
		},
		{
			"name": "hexadecagon",
			"from": [4.75, 0, 7.35353],
			"to": [11.25, 1.25, 8.64647],
			"rotation": {"angle": -22.5, "axis": "y", "origin": [8, 0.25, 8]},
			"faces": {
				"east": {"uv": [0, 0, 1.29293, 1.5], "texture": "#2", "cullface": "up"},
				"west": {"uv": [0, 0, 1.29293, 1.5], "texture": "#2", "cullface": "up"},
				"down": {"uv": [0, 0, 6.5, 1.29293], "texture": "#2", "cullface": "up"}
			}
		},
		{
			"name": "hexadecagon",
			"from": [4.75, 0, 7.35353],
			"to": [11.25, 1.25, 8.64647],
			"rotation": {"angle": 0, "axis": "y", "origin": [8, 0.25, 8]},
			"faces": {
				"east": {"uv": [0, 0, 1.29293, 1.5], "texture": "#2", "cullface": "up"},
				"west": {"uv": [0, 0, 1.29293, 1.5], "texture": "#2", "cullface": "up"},
				"down": {"uv": [0, 0, 6.5, 1.29293], "texture": "#2", "cullface": "up"}
			}
		},
		{
			"name": "hexadecagon",
			"from": [4.75, 0, 7.35353],
			"to": [11.25, 1.25, 8.64647],
			"rotation": {"angle": 22.5, "axis": "y", "origin": [8, 0.25, 8]},
			"faces": {
				"east": {"uv": [0, 0, 1.29293, 1.5], "texture": "#2", "cullface": "up"},
				"west": {"uv": [0, 0, 1.29293, 1.5], "texture": "#2", "cullface": "up"},
				"down": {"uv": [0, 0, 6.5, 1.29293], "texture": "#2", "cullface": "up"}
			}
		},
		{
			"name": "hexadecagon",
			"from": [7.25408, 1.25, 4.25],
			"to": [8.74592, 1.75, 11.75],
			"rotation": {"angle": -45, "axis": "y", "origin": [8, 1.75, 8]},
			"faces": {
				"north": {"uv": [0, 0, 1.49184, 0.5], "texture": "#2", "cullface": "up"},
				"south": {"uv": [0, 0, 1.49184, 0.5], "texture": "#2", "cullface": "up"},
				"up": {"uv": [0, 0, 1.49184, 7.5], "texture": "#2", "cullface": "up"},
				"down": {"uv": [0, 0, 1.49184, 7.5], "texture": "#2", "cullface": "up"}
			}
		},
		{
			"name": "hexadecagon",
			"from": [7.25408, 1.25, 4.25],
			"to": [8.74592, 1.75, 11.75],
			"rotation": {"angle": -22.5, "axis": "y", "origin": [8, 1.75, 8]},
			"faces": {
				"north": {"uv": [0, 0, 1.49184, 0.5], "texture": "#2", "cullface": "up"},
				"south": {"uv": [0, 0, 1.49184, 0.5], "texture": "#2", "cullface": "up"},
				"up": {"uv": [0, 0, 1.49184, 7.5], "texture": "#2", "cullface": "up"},
				"down": {"uv": [0, 0, 1.49184, 7.5], "texture": "#2", "cullface": "up"}
			}
		},
		{
			"name": "hexadecagon",
			"from": [7.25408, 1.25, 4.25],
			"to": [8.74592, 1.75, 11.75],
			"rotation": {"angle": 0, "axis": "y", "origin": [8, 1.75, 8]},
			"faces": {
				"north": {"uv": [0, 0, 1.49184, 0.5], "texture": "#2", "cullface": "up"},
				"south": {"uv": [0, 0, 1.49184, 0.5], "texture": "#2", "cullface": "up"},
				"up": {"uv": [0, 0, 1.49184, 7.5], "texture": "#2", "cullface": "up"},
				"down": {"uv": [0, 0, 1.49184, 7.5], "texture": "#2", "cullface": "up"}
			}
		},
		{
			"name": "hexadecagon",
			"from": [7.25408, 1.25, 4.25],
			"to": [8.74592, 1.75, 11.75],
			"rotation": {"angle": 22.5, "axis": "y", "origin": [8, 1.75, 8]},
			"faces": {
				"north": {"uv": [0, 0, 1.49184, 0.5], "texture": "#2", "cullface": "up"},
				"south": {"uv": [0, 0, 1.49184, 0.5], "texture": "#2", "cullface": "up"},
				"up": {"uv": [0, 0, 1.49184, 7.5], "texture": "#2", "cullface": "up"},
				"down": {"uv": [0, 0, 1.49184, 7.5], "texture": "#2", "cullface": "up"}
			}
		},
		{
			"name": "hexadecagon",
			"from": [7.25408, 1.25, 4.25],
			"to": [8.74592, 1.75, 11.75],
			"rotation": {"angle": 45, "axis": "y", "origin": [8, 1.75, 8]},
			"faces": {
				"north": {"uv": [0, 0, 1.49184, 0.5], "texture": "#2", "cullface": "up"},
				"south": {"uv": [0, 0, 1.49184, 0.5], "texture": "#2", "cullface": "up"},
				"up": {"uv": [0, 0, 1.49184, 7.5], "texture": "#2", "cullface": "up"},
				"down": {"uv": [0, 0, 1.49184, 7.5], "texture": "#2", "cullface": "up"}
			}
		},
		{
			"name": "hexadecagon",
			"from": [4.25, 1.25, 7.25408],
			"to": [11.75, 1.75, 8.74592],
			"rotation": {"angle": -22.5, "axis": "y", "origin": [8, 1.75, 8]},
			"faces": {
				"east": {"uv": [0, 0, 1.49184, 0.5], "texture": "#2", "cullface": "up"},
				"west": {"uv": [0, 0, 1.49184, 0.5], "texture": "#2", "cullface": "up"},
				"up": {"uv": [0, 0, 7.5, 1.49184], "texture": "#2", "cullface": "up"},
				"down": {"uv": [0, 0, 7.5, 1.49184], "texture": "#2", "cullface": "up"}
			}
		},
		{
			"name": "hexadecagon",
			"from": [4.25, 1.25, 7.25408],
			"to": [11.75, 1.75, 8.74592],
			"rotation": {"angle": 0, "axis": "y", "origin": [8, 1.75, 8]},
			"faces": {
				"east": {"uv": [0, 0, 1.49184, 0.5], "texture": "#2", "cullface": "up"},
				"west": {"uv": [0, 0, 1.49184, 0.5], "texture": "#2", "cullface": "up"},
				"up": {"uv": [0, 0, 7.5, 1.49184], "texture": "#2", "cullface": "up"},
				"down": {"uv": [0, 0, 7.5, 1.49184], "texture": "#2", "cullface": "up"}
			}
		},
		{
			"name": "hexadecagon",
			"from": [4.25, 1.25, 7.25408],
			"to": [11.75, 1.75, 8.74592],
			"rotation": {"angle": 22.5, "axis": "y", "origin": [8, 1.75, 8]},
			"faces": {
				"east": {"uv": [0, 0, 1.49184, 0.5], "texture": "#2", "cullface": "up"},
				"west": {"uv": [0, 0, 1.49184, 0.5], "texture": "#2", "cullface": "up"},
				"up": {"uv": [0, 0, 7.5, 1.49184], "texture": "#2", "cullface": "up"},
				"down": {"uv": [0, 0, 7.5, 1.49184], "texture": "#2", "cullface": "up"}
			}
		}
	],
	"display": {
		"thirdperson_righthand": {
			"rotation": [75, 45, 0],
			"translation": [0, 2.5, 3],
			"scale": [0.6, 0.6, 0.6]
		},
		"thirdperson_lefthand": {
			"rotation": [75, 45, 0],
			"translation": [0, 2.5, 3],
			"scale": [0.6, 0.6, 0.6]
		},
		"firstperson_righthand": {
			"rotation": [0, 45, 0],
			"translation": [0, 5.25, 0],
			"scale": [0.8, 0.8, 0.8]
		},
		"firstperson_lefthand": {
			"rotation": [0, 45, 0],
			"translation": [0, 5.25, 0],
			"scale": [0.8, 0.8, 0.8]
		},
		"ground": {
			"translation": [0, 3, 0],
			"scale": [0.5, 0.5, 0.5]
		},
		"gui": {
			"rotation": [30, 225, 0],
			"translation": [0, 10.25, 0],
			"scale": [1.75, 1.75, 1.75]
		},
		"head": {
			"rotation": [0, 180, 0],
			"translation": [0, 15, 0.25]
		},
		"fixed": {
			"translation": [0, 6.25, 0]
		}
	},
	"groups": [
		{
			"name": "little_nob",
			"origin": [8, 8, 8],
			"color": 0,
			"children": [
				{
					"name": "Little Nob",
					"origin": [8, 8, 8],
					"color": 0,
					"children": [
						{
							"name": "hexadecagon",
							"origin": [8, 8, 8],
							"color": 0,
							"children": [0, 1, 2, 3, 4, 5, 6, 7]
						},
						{
							"name": "hexadecagon",
							"origin": [8, 8, 8],
							"color": 0,
							"children": [8, 9, 10, 11, 12, 13, 14, 15]
						},
						{
							"name": "hexadecagon",
							"origin": [8, 8, 8],
							"color": 0,
							"children": [16, 17, 18, 19, 20, 21, 22, 23]
						}
					]
				}
			]
		}
	]
}