{
	"credit": "AlexTestria | https://alex-bauerndistel.de",
	"parent": "minecraft:item/.parents/compass",
	"display": {
		"thirdperson_righthand": {
			"rotation": [75, -135, 0],
			"translation": [0, 2.5, 2.25],
			"scale": [0.5, 0.5, 0.5]
		},
		"thirdperson_lefthand": {
			"rotation": [75, -135, 0],
			"translation": [0, 2.5, 2.25],
			"scale": [0.5, 0.5, 0.5]
		},
		"firstperson_righthand": {
			"rotation": [15, -135, 0],
			"translation": [0, 4.5, 0],
			"scale": [0.75, 0.75, 0.75]
		},
		"firstperson_lefthand": {
			"rotation": [15, -135, 0],
			"translation": [0, 4.5, 0],
			"scale": [0.75, 0.75, 0.75]
		},
		"ground": {
			"translation": [0, 3, 0],
			"scale": [0.5, 0.5, 0.5]
		},
		"gui": {
			"rotation": [30, -135, 0],
			"translation": [0, 9.5, 0],
			"scale": [1.75, 1.75, 1.75]
		},
		"head": {
			"rotation": [0, -135, 0],
			"translation": [0, 14.25, 0]
		},
		"fixed": {
			"rotation": [0, -90, 0],
			"translation": [0, 5.5, -1.25]
		}
	}
}
