{
	"credit": "Made with Blockbench",
	"parent": "minecraft:block/cross",
	"textures": {
		"1": "block/amethyst_cluster_block",
		"particle": "block/amethyst_cluster_block"
	},
	"elements": [
		{
			"name": "main_crystal",
			"from": [0, 0, 8.5],
			"to": [4, 14, 12.5],
			"rotation": {"angle": -45, "axis": "y", "origin": [8, 8, 16.5]},
			"faces": {
				"north": {"uv": [0, 2, 4, 16], "texture": "#1"},
				"east": {"uv": [0, 2, 4, 16], "texture": "#1"},
				"south": {"uv": [0, 2, 4, 16], "texture": "#1"},
				"west": {"uv": [0, 2, 4, 16], "texture": "#1"},
				"up": {"uv": [7, 12, 11, 16], "texture": "#1"},
				"down": {"uv": [7, 12, 11, 16], "texture": "#1"}
			}
		},
		{
			"name": "1st_cristal",
			"from": [6.5, -3, 11],
			"to": [9.5, 1, 14],
			"rotation": {"angle": 22.5, "axis": "x", "origin": [14, 5, 19]},
			"faces": {
				"north": {"uv": [4, 6, 7, 10], "texture": "#1"},
				"east": {"uv": [4, 6, 7, 10], "texture": "#1"},
				"south": {"uv": [4, 6, 7, 10], "texture": "#1"},
				"west": {"uv": [4, 6, 7, 10], "texture": "#1"},
				"up": {"uv": [4, 3, 7, 6], "texture": "#1"},
				"down": {"uv": [4, 3, 7, 6], "texture": "#1"}
			}
		},
		{
			"name": "2st_cristal",
			"from": [11, -3, 6.5],
			"to": [14, 5, 9.5],
			"rotation": {"angle": -22.5, "axis": "z", "origin": [19, 5, 15]},
			"faces": {
				"north": {"uv": [4, 6, 7, 14], "texture": "#1"},
				"east": {"uv": [4, 6, 7, 14], "texture": "#1"},
				"south": {"uv": [4, 6, 7, 14], "texture": "#1"},
				"west": {"uv": [4, 6, 7, 14], "texture": "#1"},
				"up": {"uv": [4, 3, 7, 6], "texture": "#1"},
				"down": {"uv": [4, 3, 7, 6], "texture": "#1"}
			}
		},
		{
			"name": "3st_cristal",
			"from": [6.5, 2, 1],
			"to": [9.5, 12, 4],
			"rotation": {"angle": -22.5, "axis": "x", "origin": [15, 10, 9]},
			"faces": {
				"north": {"uv": [4, 6, 7, 16], "texture": "#1"},
				"east": {"uv": [4, 6, 7, 16], "texture": "#1"},
				"south": {"uv": [4, 6, 7, 16], "texture": "#1"},
				"west": {"uv": [4, 6, 7, 16], "texture": "#1"},
				"up": {"uv": [4, 3, 7, 6], "texture": "#1"},
				"down": {"uv": [4, 3, 7, 6], "texture": "#1"}
			}
		},
		{
			"name": "4th_cristal",
			"from": [1, 2, 6.5],
			"to": [4, 8, 9.5],
			"rotation": {"angle": 22.5, "axis": "z", "origin": [9, 10, 14]},
			"faces": {
				"north": {"uv": [4, 6, 7, 12], "texture": "#1"},
				"east": {"uv": [4, 6, 7, 12], "texture": "#1"},
				"south": {"uv": [4, 6, 7, 12], "texture": "#1"},
				"west": {"uv": [4, 6, 7, 12], "texture": "#1"},
				"up": {"uv": [4, 3, 7, 6], "texture": "#1"},
				"down": {"uv": [4, 3, 7, 6], "texture": "#1"}
			}
		}
	]
}