{
	"credit": "Made with Blockbench",
	"parent": "minecraft:block/cross",
	"textures": {
		"1": "block/amethyst_cluster_block",
		"particle": "block/amethyst_cluster_block"
	},
	"elements": [
		{
			"name": "main_crystal",
			"from": [-4.5, 0, 8.5],
			"to": [-2.5, 6, 10.5],
			"rotation": {"angle": -45, "axis": "y", "origin": [4, 8, 22.5]},
			"faces": {
				"north": {"uv": [11, 10, 13, 16], "texture": "#1"},
				"east": {"uv": [11, 10, 13, 16], "texture": "#1"},
				"south": {"uv": [11, 10, 13, 16], "texture": "#1"},
				"west": {"uv": [11, 10, 13, 16], "texture": "#1"},
				"up": {"uv": [11, 8, 13, 10], "texture": "#1"},
				"down": {"uv": [11, 8, 13, 10], "texture": "#1"}
			}
		},
		{
			"name": "1st_cristal",
			"from": [7.25, -3.5, 11.5],
			"to": [8.75, -1.5, 13],
			"rotation": {"angle": 22.5, "axis": "x", "origin": [15, 5, 19]},
			"faces": {
				"north": {"uv": [11, 10, 13, 13], "texture": "#1"},
				"east": {"uv": [11, 10, 13, 13], "texture": "#1"},
				"south": {"uv": [11, 10, 13, 13], "texture": "#1"},
				"west": {"uv": [11, 10, 13, 13], "texture": "#1"},
				"up": {"uv": [11, 8, 13, 10], "texture": "#1"},
				"down": {"uv": [11, 8, 13, 10], "texture": "#1"}
			}
		},
		{
			"name": "2st_cristal",
			"from": [10.5, -3, 7.25],
			"to": [12, 1, 8.75],
			"rotation": {"angle": -22.5, "axis": "z", "origin": [17, 4, 16]},
			"faces": {
				"north": {"uv": [11, 10, 13, 15], "texture": "#1"},
				"east": {"uv": [11, 10, 13, 15], "texture": "#1"},
				"south": {"uv": [11, 10, 13, 15], "texture": "#1"},
				"west": {"uv": [11, 10, 13, 15], "texture": "#1"},
				"up": {"uv": [11, 8, 13, 10], "texture": "#1"},
				"down": {"uv": [11, 8, 13, 10], "texture": "#1"}
			}
		},
		{
			"name": "3st_cristal",
			"from": [7.25, 2, 2.5],
			"to": [8.75, 6, 4],
			"rotation": {"angle": -22.5, "axis": "x", "origin": [15, 10, 10]},
			"faces": {
				"north": {"uv": [11, 10, 13, 15], "texture": "#1"},
				"east": {"uv": [11, 10, 13, 15], "texture": "#1"},
				"south": {"uv": [11, 10, 13, 15], "texture": "#1"},
				"west": {"uv": [11, 10, 13, 15], "texture": "#1"},
				"up": {"uv": [11, 8, 13, 10], "texture": "#1"},
				"down": {"uv": [11, 8, 13, 10], "texture": "#1"}
			}
		},
		{
			"name": "4th_cristal",
			"from": [2.5, 2, 7.25],
			"to": [4, 5, 8.75],
			"rotation": {"angle": 22.5, "axis": "z", "origin": [10, 10, 15]},
			"faces": {
				"north": {"uv": [11, 10, 13, 14], "texture": "#1"},
				"east": {"uv": [11, 10, 13, 14], "texture": "#1"},
				"south": {"uv": [11, 10, 13, 14], "texture": "#1"},
				"west": {"uv": [11, 10, 13, 14], "texture": "#1"},
				"up": {"uv": [11, 8, 13, 10], "texture": "#1"},
				"down": {"uv": [11, 8, 13, 10], "texture": "#1"}
			}
		}
	]
}