{
"parent": "minecraft:block/cube_column",
	"textures": {
		"5": "block/crimson_fungus_1",
		"6": "block/crimson_stem_1",
		"particle": "block/crimson_fungus_1"
	},
	"elements": [
		{
			"from": [7, 0, 7],
			"to": [9, 8, 9],
			"faces": {
				"north": {"uv": [13, 0, 16, 16], "texture": "#6"},
				"east": {"uv": [4, 0, 7, 16], "texture": "#6"},
				"south": {"uv": [0, 0, 3, 16], "texture": "#6"},
				"west": {"uv": [7, 0, 10, 16], "texture": "#6"},
				"up": {"uv": [0, 0, 2, 2], "texture": "#missing"},
				"down": {"uv": [14, 9, 16, 11], "texture": "#6"}
			}
		},
		{
			"from": [4, 8, 4],
			"to": [12, 13, 12],
			"faces": {
				"north": {"uv": [0, 8, 10, 14], "texture": "#5"},
				"east": {"uv": [6, 4, 16, 10], "texture": "#5"},
				"south": {"uv": [2, 2, 12, 8], "texture": "#5"},
				"west": {"uv": [3, 0, 13, 6], "texture": "#5"},
				"up": {"uv": [7, 2, 16, 11], "texture": "#5"},
				"down": {"uv": [7, 7, 12, 12], "texture": "#5"}
			}
		},
		{
			"from": [3, 5, 3],
			"to": [13, 8, 5],
			"faces": {
				"north": {"uv": [3, 2, 16, 6], "texture": "#5"},
				"east": {"uv": [6, 2, 9, 6], "texture": "#5"},
				"south": {"uv": [0, 0, 10, 3], "texture": "#5"},
				"west": {"uv": [11, 2, 14, 6], "texture": "#5"},
				"up": {"uv": [0, 7, 10, 9], "texture": "#5"},
				"down": {"uv": [4, 9, 14, 11], "texture": "#5"}
			}
		},
		{
			"from": [3, 5, 11],
			"to": [13, 8, 13],
			"faces": {
				"north": {"uv": [0, 0, 10, 2], "texture": "#5"},
				"east": {"uv": [0, 4, 3, 8], "texture": "#5"},
				"south": {"uv": [3, 12, 16, 16], "texture": "#5"},
				"west": {"uv": [6, 1, 9, 5], "texture": "#5"},
				"up": {"uv": [0, 14, 10, 16], "texture": "#5"},
				"down": {"uv": [6, 0, 16, 2], "texture": "#5"}
			}
		},
		{
			"from": [11, 5, 5],
			"to": [13, 8, 11],
			"faces": {
				"north": {"uv": [0, 0, 2, 2], "texture": "#missing"},
				"east": {"uv": [8, 1, 16, 5], "texture": "#5"},
				"south": {"uv": [0, 0, 2, 2], "texture": "#missing"},
				"west": {"uv": [0, 14, 6, 16], "texture": "#5"},
				"up": {"uv": [9, 5, 11, 11], "texture": "#5"},
				"down": {"uv": [11, 0, 13, 6], "texture": "#5"}
			}
		},
		{
			"from": [3, 5, 5],
			"to": [5, 8, 11],
			"faces": {
				"north": {"uv": [0, 0, 2, 2], "texture": "#missing"},
				"east": {"uv": [0, 6, 6, 8], "texture": "#5"},
				"south": {"uv": [0, 0, 2, 2], "texture": "#missing"},
				"west": {"uv": [7, 0, 15, 4], "texture": "#5"},
				"up": {"uv": [7, 2, 9, 8], "texture": "#5"},
				"down": {"uv": [14, 1, 16, 7], "texture": "#5"}
			}
		}
	],
	"groups": [
		{
			"name": "red_mushroom",
			"origin": [8, 8, 8],
			"color": 0,
			"children": []
		}, 0, 1, 2, 3, 4, 5,
		{
			"name": "crimson_fungus",
			"origin": [8, 8, 8],
			"color": 0,
			"children": []
		}
	]
}
