{
	"credit": "Made with Blockbench",
	"textures": {
		"0": "item/texture",
		"1": "item/hilt",
		"2": "item/tip",
		"3": "item/blade",
		"particle": "item/texture"
	},
	"elements": [
		{
			"from": [7.5, -5.5, 7.5],
			"to": [8.5, 0, 8.5],
			"rotation": {"angle": 0, "axis": "y", "origin": [4, -4, 4]},
			"faces": {
				"north": {"uv": [2, 3, 2.5, 5.75], "texture": "#0"},
				"east": {"uv": [2.5, 3, 3, 5.75], "texture": "#0"},
				"south": {"uv": [3, 3, 3.5, 5.75], "texture": "#0"},
				"west": {"uv": [3.5, 3, 4, 5.75], "texture": "#0"},
				"up": {"uv": [9, 6, 8.5, 5.5], "texture": "#0"},
				"down": {"uv": [6.25, 8.5, 5.75, 9], "texture": "#0"}
			}
		},
		{
			"from": [6.75, 1.75, 6.75],
			"to": [8.75, 2.25, 9.25],
			"rotation": {"angle": 45, "axis": "z", "origin": [8, 1.5, 8]},
			"faces": {
				"north": {"uv": [8, 8.5, 9, 8.75], "texture": "#0"},
				"east": {"uv": [4.75, 8.25, 6, 8.5], "texture": "#0"},
				"south": {"uv": [0, 8.75, 1, 9], "texture": "#0"},
				"west": {"uv": [6, 8.25, 7.25, 8.5], "texture": "#0"},
				"up": {"uv": [5, 1.25, 4, 0], "texture": "#0"},
				"down": {"uv": [6, 0, 5, 1.25], "texture": "#0"}
			}
		},
		{
			"from": [8.25, 0.75, 6.75],
			"to": [8.75, 1.75, 9.25],
			"rotation": {"angle": 45, "axis": "z", "origin": [8, 1.5, 8]},
			"faces": {
				"north": {"uv": [9, 3.5, 9.25, 4], "texture": "#0"},
				"east": {"uv": [4.25, 7.25, 5.5, 7.75], "texture": "#0"},
				"south": {"uv": [4, 9, 4.25, 9.5], "texture": "#0"},
				"west": {"uv": [7.25, 4.5, 8.5, 5], "texture": "#0"},
				"up": {"uv": [7.5, 9.5, 7.25, 8.25], "texture": "#0"},
				"down": {"uv": [7.75, 8.25, 7.5, 9.5], "texture": "#0"}
			}
		},
		{
			"from": [6.75, 0.75, 6.75],
			"to": [7.25, 1.75, 9.25],
			"rotation": {"angle": 45, "axis": "z", "origin": [8, 1.5, 8]},
			"faces": {
				"north": {"uv": [4.25, 9, 4.5, 9.5], "texture": "#0"},
				"east": {"uv": [7.25, 5, 8.5, 5.5], "texture": "#0"},
				"south": {"uv": [4.5, 9, 4.75, 9.5], "texture": "#0"},
				"west": {"uv": [5.5, 7.25, 6.75, 7.75], "texture": "#0"},
				"up": {"uv": [8, 9.5, 7.75, 8.25], "texture": "#0"},
				"down": {"uv": [1.25, 8.5, 1, 9.75], "texture": "#0"}
			}
		},
		{
			"from": [7.25, 0.75, 6.875],
			"to": [8.25, 1.75, 9.125],
			"rotation": {"angle": 45, "axis": "z", "origin": [8, 1.5, 8]},
			"faces": {
				"north": {"uv": [8.75, 2, 9.25, 2.5], "texture": "#0"},
				"east": {"uv": [7.25, 5.5, 8.5, 6], "texture": "#0"},
				"south": {"uv": [8.75, 2.5, 9.25, 3], "texture": "#0"},
				"west": {"uv": [6.75, 7.25, 8, 7.75], "texture": "#0"},
				"up": {"uv": [0.5, 8.75, 0, 7.5], "texture": "#0"},
				"down": {"uv": [1, 7.5, 0.5, 8.75], "texture": "#0"}
			}
		},
		{
			"from": [6.75, 0.25, 6.75],
			"to": [8.75, 0.75, 9.25],
			"rotation": {"angle": 45, "axis": "z", "origin": [8, 1.5, 8]},
			"faces": {
				"north": {"uv": [8.75, 3, 9.75, 3.25], "texture": "#0"},
				"east": {"uv": [8.5, 4, 9.75, 4.25], "texture": "#0"},
				"south": {"uv": [8.75, 3.25, 9.75, 3.5], "texture": "#0"},
				"west": {"uv": [8.5, 4.25, 9.75, 4.5], "texture": "#0"},
				"up": {"uv": [5, 6.75, 4, 5.5], "texture": "#0"},
				"down": {"uv": [6, 5.5, 5, 6.75], "texture": "#0"}
			}
		},
		{
			"from": [8.5, -8, 7.25],
			"to": [9, -6, 8.75],
			"rotation": {"angle": 45, "axis": "z", "origin": [8, -7, 8]},
			"faces": {
				"north": {"uv": [1.75, 8.5, 2, 9.5], "texture": "#0"},
				"east": {"uv": [6, 6.25, 6.75, 7.25], "texture": "#0"},
				"south": {"uv": [3, 8.75, 3.25, 9.75], "texture": "#0"},
				"west": {"uv": [2, 6.75, 2.75, 7.75], "texture": "#0"},
				"up": {"uv": [0.25, 9.75, 0, 9], "texture": "#0"},
				"down": {"uv": [0.5, 9, 0.25, 9.75], "texture": "#0"}
			}
		},
		{
			"from": [7, -8, 7.25],
			"to": [7.5, -6, 8.75],
			"rotation": {"angle": 45, "axis": "z", "origin": [8, -7, 8]},
			"faces": {
				"north": {"uv": [3.25, 8.75, 3.5, 9.75], "texture": "#0"},
				"east": {"uv": [2.75, 6.75, 3.5, 7.75], "texture": "#0"},
				"south": {"uv": [3.5, 8.75, 3.75, 9.75], "texture": "#0"},
				"west": {"uv": [3.5, 6.75, 4.25, 7.75], "texture": "#0"},
				"up": {"uv": [0.75, 9.75, 0.5, 9], "texture": "#0"},
				"down": {"uv": [9.25, 0.5, 9, 1.25], "texture": "#0"}
			}
		},
		{
			"from": [7.5, -6.5, 7.25],
			"to": [8.5, -6, 8.75],
			"rotation": {"angle": 45, "axis": "z", "origin": [8, -7, 8]},
			"faces": {
				"north": {"uv": [9, 1.75, 9.5, 2], "texture": "#0"},
				"east": {"uv": [5.25, 1.75, 6, 2], "texture": "#0"},
				"south": {"uv": [9, 4.5, 9.5, 4.75], "texture": "#0"},
				"west": {"uv": [7.25, 6, 8, 6.25], "texture": "#0"},
				"up": {"uv": [2.5, 9, 2, 8.25], "texture": "#0"},
				"down": {"uv": [8.75, 2, 8.25, 2.75], "texture": "#0"}
			}
		},
		{
			"from": [7.5, -8, 7.25],
			"to": [8.5, -7.5, 8.75],
			"rotation": {"angle": 45, "axis": "z", "origin": [8, -7, 8]},
			"faces": {
				"north": {"uv": [4.75, 9, 5.25, 9.25], "texture": "#0"},
				"east": {"uv": [9, 1.25, 9.75, 1.5], "texture": "#0"},
				"south": {"uv": [9, 4.75, 9.5, 5], "texture": "#0"},
				"west": {"uv": [9, 1.5, 9.75, 1.75], "texture": "#0"},
				"up": {"uv": [3, 9, 2.5, 8.25], "texture": "#0"},
				"down": {"uv": [8.75, 2.75, 8.25, 3.5], "texture": "#0"}
			}
		},
		{
			"from": [7.5, -7.5, 7.375],
			"to": [8.5, -6.5, 8.625],
			"rotation": {"angle": 45, "axis": "z", "origin": [8, -7, 8]},
			"faces": {
				"north": {"uv": [8, 8.75, 8.5, 9.25], "texture": "#0"},
				"east": {"uv": [3, 8.25, 3.75, 8.75], "texture": "#0"},
				"south": {"uv": [8.5, 8.75, 9, 9.25], "texture": "#0"},
				"west": {"uv": [8.25, 3.5, 9, 4], "texture": "#0"},
				"up": {"uv": [4.25, 9, 3.75, 8.25], "texture": "#0"},
				"down": {"uv": [4.75, 8.25, 4.25, 9], "texture": "#0"}
			}
		},
		{
			"from": [7, -6.5, 7],
			"to": [9, -5.5, 9],
			"rotation": {"angle": 0, "axis": "y", "origin": [8, 6.5, 8]},
			"faces": {
				"north": {"uv": [7, 7.75, 8, 8.25], "texture": "#0"},
				"east": {"uv": [1, 8, 2, 8.5], "texture": "#0"},
				"south": {"uv": [8, 6, 9, 6.5], "texture": "#0"},
				"west": {"uv": [8, 6.5, 9, 7], "texture": "#0"},
				"up": {"uv": [7, 1, 6, 0], "texture": "#0"},
				"down": {"uv": [7, 1, 6, 2], "texture": "#0"}
			}
		},
		{
			"from": [7, -0.5, 7],
			"to": [9, 0.5, 9],
			"rotation": {"angle": 0, "axis": "y", "origin": [9, 7, 8.5]},
			"faces": {
				"north": {"uv": [8, 7, 9, 7.5], "texture": "#0"},
				"east": {"uv": [8, 7.5, 9, 8], "texture": "#0"},
				"south": {"uv": [8, 8, 9, 8.5], "texture": "#0"},
				"west": {"uv": [8.25, 0, 9.25, 0.5], "texture": "#0"},
				"up": {"uv": [7, 3, 6, 2], "texture": "#0"},
				"down": {"uv": [7, 3, 6, 4], "texture": "#0"}
			}
		},
		{
			"from": [7, 1, 7.75],
			"to": [9, 17, 8.25],
			"faces": {
				"north": {"uv": [0, 0, 2, 16], "texture": "#3"},
				"east": {"uv": [4, 0, 4.5, 16], "texture": "#3"},
				"south": {"uv": [2, 0, 4, 16], "texture": "#3"},
				"west": {"uv": [5, 0, 5.5, 16], "texture": "#3"},
				"up": {"uv": [8, 0.5, 6, 0], "texture": "#3"},
				"down": {"uv": [8, 1, 6, 1.5], "texture": "#3"}
			}
		},
		{
			"from": [8, 2, 7.75],
			"to": [8, 18, 8.25],
			"rotation": {"angle": 0, "axis": "y", "origin": [0, -4, 0]},
			"faces": {
				"north": {"uv": [0, 0, 2, 16], "texture": "#3"},
				"east": {"uv": [4, 0, 4.5, 16], "texture": "#3"},
				"south": {"uv": [2, 0, 4, 16], "texture": "#3"},
				"west": {"uv": [5, 0, 5.5, 16], "texture": "#3"},
				"up": {"uv": [8, 0.5, 6, 0], "texture": "#3"},
				"down": {"uv": [8, 1, 6, 1.5], "texture": "#3"}
			}
		},
		{
			"from": [7.12071, 0.4572, 7.5],
			"to": [8.12071, 2.4572, 8.5],
			"rotation": {"angle": 22.5, "axis": "z", "origin": [5.12071, -0.5428, 1.5]},
			"faces": {
				"north": {"uv": [3, 0, 3.5, 1], "texture": "#1"},
				"east": {"uv": [3, 1, 3.5, 2], "texture": "#1"},
				"south": {"uv": [3, 2, 3.5, 3], "texture": "#1"},
				"west": {"uv": [3, 3, 3.5, 4], "texture": "#1"},
				"up": {"uv": [4.5, 0.5, 4, 0], "texture": "#1"},
				"down": {"uv": [4.5, 0.5, 4, 1], "texture": "#1"}
			}
		},
		{
			"from": [8.49033, 1.52913, 7.5],
			"to": [9.49033, 3.52913, 8.5],
			"rotation": {"angle": -22.5, "axis": "z", "origin": [8.49033, 1.52913, 8.25]},
			"faces": {
				"north": {"uv": [3.5, 0, 4, 1], "texture": "#1"},
				"east": {"uv": [3.5, 1, 4, 2], "texture": "#1"},
				"south": {"uv": [3.5, 2, 4, 3], "texture": "#1"},
				"west": {"uv": [3.5, 3, 4, 4], "texture": "#1"},
				"up": {"uv": [4.5, 1.5, 4, 1], "texture": "#1"},
				"down": {"uv": [4.5, 1.5, 4, 2], "texture": "#1"}
			}
		},
		{
			"from": [7, 0.14645, 6.7505],
			"to": [9, 2.14645, 9.2515],
			"rotation": {"angle": -45, "axis": "z", "origin": [8, 1.14645, 8]},
			"faces": {
				"north": {"uv": [15, 15, 16, 16], "rotation": 90, "texture": "#0"},
				"south": {"uv": [15, 15, 16, 16], "texture": "#0"}
			}
		},
		{
			"from": [7.2929, 16.2929, 7.7505],
			"to": [8.70711, 17.7071, 8.2495],
			"rotation": {"angle": 45, "axis": "z", "origin": [8, 17, 8]},
			"faces": {
				"north": {"uv": [0, 0, 1.41421, 1.4142], "texture": "#2"},
				"east": {"uv": [0, 0, 0.499, 1.4142], "texture": "#2"},
				"south": {"uv": [0, 0, 1.41421, 1.4142], "texture": "#2"},
				"west": {"uv": [0, 0, 0.499, 1.4142], "texture": "#2"},
				"up": {"uv": [0, 0, 1.41421, 0.499], "texture": "#2"},
				"down": {"uv": [0, 0, 1.41421, 0.499], "texture": "#2"}
			}
		}
	],
	"display": {
		"thirdperson_righthand": {
			"rotation": [0, 90, 0],
			"translation": [0, 6.25, 1.25],
			"scale": [0.75, 0.75, 0.75]
		},
		"thirdperson_lefthand": {
			"rotation": [0, -90, 0],
			"translation": [0, 6.25, 1.25],
			"scale": [0.75, 0.75, 0.75]
		},
		"firstperson_righthand": {
			"rotation": [0, 90, 0],
			"translation": [0, 5, 0],
			"scale": [0.8, 0.8, 0.8]
		},
		"firstperson_lefthand": {
			"rotation": [0, -90, 0],
			"translation": [0, 5, 0],
			"scale": [0.8, 0.8, 0.8]
		},
		"ground": {
			"translation": [0, 8, 0],
			"scale": [0.5, 0.5, 0.5]
		},
		"gui": {
			"rotation": [30, 135, 0],
			"translation": [0, 2.25, 0],
			"scale": [0.7, 0.7, 0.7]
		},
		"head": {
			"rotation": [0, 90, 0],
			"translation": [0, 6.5, 0]
		},
		"fixed": {
			"translation": [0, 4, -0.75],
			"scale": [0.66, 0.66, 0.66]
		}
	}
}