{
	"credit": "Made with Blockbench",
	"texture_size": [64, 64],
	"textures": {
		"0": "item/texture",
		"particle": "item/texture"
	},
	"elements": [
		{
			"from": [4, 9, 7],
			"to": [12, 10, 9],
			"rotation": {"angle": 0, "axis": "y", "origin": [4, 1.5, 7]},
			"faces": {
				"north": {"uv": [2, 2, 6, 2.5], "texture": "#0"},
				"east": {"uv": [1, 7.5, 2, 8], "texture": "#0"},
				"south": {"uv": [2, 2.5, 6, 3], "texture": "#0"},
				"west": {"uv": [2, 7.75, 3, 8.25], "texture": "#0"},
				"up": {"uv": [4, 1, 0, 0], "texture": "#0"},
				"down": {"uv": [4, 1, 0, 2], "texture": "#0"}
			}
		},
		{
			"from": [1.5, 9, 7.25],
			"to": [4, 10, 8.75],
			"rotation": {"angle": 22.5, "axis": "z", "origin": [4, 10, 8]},
			"faces": {
				"north": {"uv": [4.25, 6.75, 5.5, 7.25], "texture": "#0"},
				"east": {"uv": [5.25, 1.25, 6, 1.75], "texture": "#0"},
				"south": {"uv": [6.75, 6.25, 8, 6.75], "texture": "#0"},
				"west": {"uv": [8.25, 0.5, 9, 1], "texture": "#0"},
				"up": {"uv": [5.25, 2, 4, 1.25], "texture": "#0"},
				"down": {"uv": [7.25, 4, 6, 4.75], "texture": "#0"}
			}
		},
		{
			"from": [-0.77656, 8.08898, 7.5],
			"to": [1.72344, 9.08898, 8.5],
			"rotation": {"angle": 45, "axis": "z", "origin": [1.76202, 9.02614, 8]},
			"faces": {
				"north": {"uv": [6.75, 6.75, 8, 7.25], "texture": "#0"},
				"east": {"uv": [5.5, 6.75, 6, 7.25], "texture": "#0"},
				"south": {"uv": [7, 0, 8.25, 0.5], "texture": "#0"},
				"west": {"uv": [1.25, 8.5, 1.75, 9], "texture": "#0"},
				"up": {"uv": [8.25, 1, 7, 0.5], "texture": "#0"},
				"down": {"uv": [8.25, 1, 7, 1.5], "texture": "#0"}
			}
		},
		{
			"from": [12, 9, 7.25],
			"to": [14.5, 10, 8.75],
			"rotation": {"angle": -22.5, "axis": "z", "origin": [12, 10, 8]},
			"faces": {
				"north": {"uv": [7, 1.5, 8.25, 2], "texture": "#0"},
				"east": {"uv": [8.25, 1, 9, 1.5], "texture": "#0"},
				"south": {"uv": [7, 2, 8.25, 2.5], "texture": "#0"},
				"west": {"uv": [8.25, 1.5, 9, 2], "texture": "#0"},
				"up": {"uv": [7.25, 5.5, 6, 4.75], "texture": "#0"},
				"down": {"uv": [7.25, 5.5, 6, 6.25], "texture": "#0"}
			}
		},
		{
			"from": [15.04193, 9.81106, 7.5],
			"to": [17.54193, 10.81106, 8.5],
			"rotation": {"angle": -45, "axis": "z", "origin": [12.54193, 10.81106, 8]},
			"faces": {
				"north": {"uv": [7, 2.5, 8.25, 3], "texture": "#0"},
				"east": {"uv": [8.5, 4.5, 9, 5], "texture": "#0"},
				"south": {"uv": [7, 3, 8.25, 3.5], "texture": "#0"},
				"west": {"uv": [4.75, 8.5, 5.25, 9], "texture": "#0"},
				"up": {"uv": [8.25, 4, 7, 3.5], "texture": "#0"},
				"down": {"uv": [8.5, 4, 7.25, 4.5], "texture": "#0"}
			}
		},
		{
			"from": [7.5, 0.5, 7.5],
			"to": [8.5, 11.5, 8.5],
			"rotation": {"angle": 0, "axis": "y", "origin": [4, -4, 4]},
			"faces": {
				"north": {"uv": [0, 2, 0.5, 7.5], "texture": "#0"},
				"east": {"uv": [0.5, 2, 1, 7.5], "texture": "#0"},
				"south": {"uv": [1, 2, 1.5, 7.5], "texture": "#0"},
				"west": {"uv": [1.5, 2, 2, 7.5], "texture": "#0"},
				"up": {"uv": [9, 5.5, 8.5, 5], "texture": "#0"},
				"down": {"uv": [5.75, 8.5, 5.25, 9], "texture": "#0"}
			}
		},
		{
			"from": [7.5, -5.5, 7.5],
			"to": [8.5, 0, 8.5],
			"rotation": {"angle": 0, "axis": "y", "origin": [4, -4, 4]},
			"faces": {
				"north": {"uv": [2, 3, 2.5, 5.75], "texture": "#0"},
				"east": {"uv": [2.5, 3, 3, 5.75], "texture": "#0"},
				"south": {"uv": [3, 3, 3.5, 5.75], "texture": "#0"},
				"west": {"uv": [3.5, 3, 4, 5.75], "texture": "#0"},
				"up": {"uv": [9, 6, 8.5, 5.5], "texture": "#0"},
				"down": {"uv": [6.25, 8.5, 5.75, 9], "texture": "#0"}
			}
		},
		{
			"from": [6.75, 10.25, 6.75],
			"to": [8.75, 10.75, 9.25],
			"rotation": {"angle": 45, "axis": "z", "origin": [8, 10, 8]},
			"faces": {
				"north": {"uv": [8, 8.5, 9, 8.75], "texture": "#0"},
				"east": {"uv": [4.75, 8.25, 6, 8.5], "texture": "#0"},
				"south": {"uv": [0, 8.75, 1, 9], "texture": "#0"},
				"west": {"uv": [6, 8.25, 7.25, 8.5], "texture": "#0"},
				"up": {"uv": [5, 1.25, 4, 0], "texture": "#0"},
				"down": {"uv": [6, 0, 5, 1.25], "texture": "#0"}
			}
		},
		{
			"from": [8.25, 9.25, 6.75],
			"to": [8.75, 10.25, 9.25],
			"rotation": {"angle": 45, "axis": "z", "origin": [8, 10, 8]},
			"faces": {
				"north": {"uv": [9, 3.5, 9.25, 4], "texture": "#0"},
				"east": {"uv": [4.25, 7.25, 5.5, 7.75], "texture": "#0"},
				"south": {"uv": [4, 9, 4.25, 9.5], "texture": "#0"},
				"west": {"uv": [7.25, 4.5, 8.5, 5], "texture": "#0"},
				"up": {"uv": [7.5, 9.5, 7.25, 8.25], "texture": "#0"},
				"down": {"uv": [7.75, 8.25, 7.5, 9.5], "texture": "#0"}
			}
		},
		{
			"from": [6.75, 9.25, 6.75],
			"to": [7.25, 10.25, 9.25],
			"rotation": {"angle": 45, "axis": "z", "origin": [8, 10, 8]},
			"faces": {
				"north": {"uv": [4.25, 9, 4.5, 9.5], "texture": "#0"},
				"east": {"uv": [7.25, 5, 8.5, 5.5], "texture": "#0"},
				"south": {"uv": [4.5, 9, 4.75, 9.5], "texture": "#0"},
				"west": {"uv": [5.5, 7.25, 6.75, 7.75], "texture": "#0"},
				"up": {"uv": [8, 9.5, 7.75, 8.25], "texture": "#0"},
				"down": {"uv": [1.25, 8.5, 1, 9.75], "texture": "#0"}
			}
		},
		{
			"from": [7.25, 9.25, 6.875],
			"to": [8.25, 10.25, 9.125],
			"rotation": {"angle": 45, "axis": "z", "origin": [8, 10, 8]},
			"faces": {
				"north": {"uv": [8.75, 2, 9.25, 2.5], "texture": "#0"},
				"east": {"uv": [7.25, 5.5, 8.5, 6], "texture": "#0"},
				"south": {"uv": [8.75, 2.5, 9.25, 3], "texture": "#0"},
				"west": {"uv": [6.75, 7.25, 8, 7.75], "texture": "#0"},
				"up": {"uv": [0.5, 8.75, 0, 7.5], "texture": "#0"},
				"down": {"uv": [1, 7.5, 0.5, 8.75], "texture": "#0"}
			}
		},
		{
			"from": [6.75, 8.75, 6.75],
			"to": [8.75, 9.25, 9.25],
			"rotation": {"angle": 45, "axis": "z", "origin": [8, 10, 8]},
			"faces": {
				"north": {"uv": [8.75, 3, 9.75, 3.25], "texture": "#0"},
				"east": {"uv": [8.5, 4, 9.75, 4.25], "texture": "#0"},
				"south": {"uv": [8.75, 3.25, 9.75, 3.5], "texture": "#0"},
				"west": {"uv": [8.5, 4.25, 9.75, 4.5], "texture": "#0"},
				"up": {"uv": [5, 6.75, 4, 5.5], "texture": "#0"},
				"down": {"uv": [6, 5.5, 5, 6.75], "texture": "#0"}
			}
		},
		{
			"from": [8.5, -8, 7.25],
			"to": [9, -6, 8.75],
			"rotation": {"angle": 45, "axis": "z", "origin": [8, -7, 8]},
			"faces": {
				"north": {"uv": [1.75, 8.5, 2, 9.5], "texture": "#0"},
				"east": {"uv": [6, 6.25, 6.75, 7.25], "texture": "#0"},
				"south": {"uv": [3, 8.75, 3.25, 9.75], "texture": "#0"},
				"west": {"uv": [2, 6.75, 2.75, 7.75], "texture": "#0"},
				"up": {"uv": [0.25, 9.75, 0, 9], "texture": "#0"},
				"down": {"uv": [0.5, 9, 0.25, 9.75], "texture": "#0"}
			}
		},
		{
			"from": [7, -8, 7.25],
			"to": [7.5, -6, 8.75],
			"rotation": {"angle": 45, "axis": "z", "origin": [8, -7, 8]},
			"faces": {
				"north": {"uv": [3.25, 8.75, 3.5, 9.75], "texture": "#0"},
				"east": {"uv": [2.75, 6.75, 3.5, 7.75], "texture": "#0"},
				"south": {"uv": [3.5, 8.75, 3.75, 9.75], "texture": "#0"},
				"west": {"uv": [3.5, 6.75, 4.25, 7.75], "texture": "#0"},
				"up": {"uv": [0.75, 9.75, 0.5, 9], "texture": "#0"},
				"down": {"uv": [9.25, 0.5, 9, 1.25], "texture": "#0"}
			}
		},
		{
			"from": [7.5, -6.5, 7.25],
			"to": [8.5, -6, 8.75],
			"rotation": {"angle": 45, "axis": "z", "origin": [8, -7, 8]},
			"faces": {
				"north": {"uv": [9, 1.75, 9.5, 2], "texture": "#0"},
				"east": {"uv": [5.25, 1.75, 6, 2], "texture": "#0"},
				"south": {"uv": [9, 4.5, 9.5, 4.75], "texture": "#0"},
				"west": {"uv": [7.25, 6, 8, 6.25], "texture": "#0"},
				"up": {"uv": [2.5, 9, 2, 8.25], "texture": "#0"},
				"down": {"uv": [8.75, 2, 8.25, 2.75], "texture": "#0"}
			}
		},
		{
			"from": [7.5, -8, 7.25],
			"to": [8.5, -7.5, 8.75],
			"rotation": {"angle": 45, "axis": "z", "origin": [8, -7, 8]},
			"faces": {
				"north": {"uv": [4.75, 9, 5.25, 9.25], "texture": "#0"},
				"east": {"uv": [9, 1.25, 9.75, 1.5], "texture": "#0"},
				"south": {"uv": [9, 4.75, 9.5, 5], "texture": "#0"},
				"west": {"uv": [9, 1.5, 9.75, 1.75], "texture": "#0"},
				"up": {"uv": [3, 9, 2.5, 8.25], "texture": "#0"},
				"down": {"uv": [8.75, 2.75, 8.25, 3.5], "texture": "#0"}
			}
		},
		{
			"from": [7.5, -7.5, 7.375],
			"to": [8.5, -6.5, 8.625],
			"rotation": {"angle": 45, "axis": "z", "origin": [8, -7, 8]},
			"faces": {
				"north": {"uv": [8, 8.75, 8.5, 9.25], "texture": "#0"},
				"east": {"uv": [3, 8.25, 3.75, 8.75], "texture": "#0"},
				"south": {"uv": [8.5, 8.75, 9, 9.25], "texture": "#0"},
				"west": {"uv": [8.25, 3.5, 9, 4], "texture": "#0"},
				"up": {"uv": [4.25, 9, 3.75, 8.25], "texture": "#0"},
				"down": {"uv": [4.75, 8.25, 4.25, 9], "texture": "#0"}
			}
		},
		{
			"from": [7, 8, 7],
			"to": [9, 9, 9],
			"rotation": {"angle": 0, "axis": "y", "origin": [8, 10.5, 8]},
			"faces": {
				"north": {"uv": [3, 7.75, 4, 8.25], "texture": "#0"},
				"east": {"uv": [4, 7.75, 5, 8.25], "texture": "#0"},
				"south": {"uv": [5, 7.75, 6, 8.25], "texture": "#0"},
				"west": {"uv": [6, 7.75, 7, 8.25], "texture": "#0"},
				"up": {"uv": [3, 6.75, 2, 5.75], "texture": "#0"},
				"down": {"uv": [4, 5.75, 3, 6.75], "texture": "#0"}
			}
		},
		{
			"from": [6.08239, 7.11313, 7.75],
			"to": [6.58239, 8.61313, 8.25],
			"rotation": {"angle": 22.5, "axis": "z", "origin": [8.08239, 10.61313, 7.25]},
			"faces": {
				"north": {"uv": [0.75, 9, 1, 9.75], "texture": "#0"},
				"east": {"uv": [1.25, 9, 1.5, 9.75], "texture": "#0"},
				"south": {"uv": [1.5, 9, 1.75, 9.75], "texture": "#0"},
				"west": {"uv": [2, 9, 2.25, 9.75], "texture": "#0"},
				"up": {"uv": [9.25, 5.25, 9, 5], "texture": "#0"},
				"down": {"uv": [5.5, 9, 5.25, 9.25], "texture": "#0"}
			}
		},
		{
			"from": [9.45567, 7.30447, 7.75],
			"to": [9.95567, 8.80447, 8.25],
			"rotation": {"angle": -22.5, "axis": "z", "origin": [7.45567, 10.80447, 6.5]},
			"faces": {
				"north": {"uv": [2.25, 9, 2.5, 9.75], "texture": "#0"},
				"east": {"uv": [2.5, 9, 2.75, 9.75], "texture": "#0"},
				"south": {"uv": [2.75, 9, 3, 9.75], "texture": "#0"},
				"west": {"uv": [3.75, 9, 4, 9.75], "texture": "#0"},
				"up": {"uv": [9.25, 5.5, 9, 5.25], "texture": "#0"},
				"down": {"uv": [5.75, 9, 5.5, 9.25], "texture": "#0"}
			}
		},
		{
			"from": [7, -6.5, 7],
			"to": [9, -5.5, 9],
			"rotation": {"angle": 0, "axis": "y", "origin": [8, 6.5, 8]},
			"faces": {
				"north": {"uv": [7, 7.75, 8, 8.25], "texture": "#0"},
				"east": {"uv": [1, 8, 2, 8.5], "texture": "#0"},
				"south": {"uv": [8, 6, 9, 6.5], "texture": "#0"},
				"west": {"uv": [8, 6.5, 9, 7], "texture": "#0"},
				"up": {"uv": [7, 1, 6, 0], "texture": "#0"},
				"down": {"uv": [7, 1, 6, 2], "texture": "#0"}
			}
		},
		{
			"from": [7, -0.5, 7],
			"to": [9, 0.5, 9],
			"rotation": {"angle": 0, "axis": "y", "origin": [9, 6.5, 8.5]},
			"faces": {
				"north": {"uv": [8, 7, 9, 7.5], "texture": "#0"},
				"east": {"uv": [8, 7.5, 9, 8], "texture": "#0"},
				"south": {"uv": [8, 8, 9, 8.5], "texture": "#0"},
				"west": {"uv": [8.25, 0, 9.25, 0.5], "texture": "#0"},
				"up": {"uv": [7, 3, 6, 2], "texture": "#0"},
				"down": {"uv": [7, 3, 6, 4], "texture": "#0"}
			}
		},
		{
			"from": [7, 8.64645, 6.7505],
			"to": [9, 10.64645, 9.2515],
			"rotation": {"angle": 45, "axis": "z", "origin": [8, 9.64645, 8]},
			"faces": {
				"north": {"uv": [15, 15, 16, 16], "texture": "#0"},
				"south": {"uv": [15, 15, 16, 16], "rotation": 90, "texture": "#0"}
			}
		}
	],
	"display": {
		"thirdperson_righthand": {
			"rotation": [0, 90, 0],
			"translation": [0, 6.25, 1.25],
			"scale": [0.75, 0.75, 0.75]
		},
		"thirdperson_lefthand": {
			"rotation": [0, -90, 0],
			"translation": [0, 6.25, 1.25],
			"scale": [0.75, 0.75, 0.75]
		},
		"firstperson_righthand": {
			"rotation": [0, 90, 0],
			"translation": [0, 5, 0],
			"scale": [0.8, 0.8, 0.8]
		},
		"firstperson_lefthand": {
			"rotation": [0, -90, 0],
			"translation": [0, 5, 0],
			"scale": [0.8, 0.8, 0.8]
		},
		"ground": {
			"translation": [0, 8, 0],
			"scale": [0.5, 0.5, 0.5]
		},
		"gui": {
			"rotation": [30, 135, 0],
			"translation": [0, 2.25, 0],
			"scale": [0.7, 0.7, 0.7]
		},
		"head": {
			"rotation": [0, 90, 0],
			"translation": [0, 6.5, 0]
		},
		"fixed": {
			"translation": [0, 4, -0.75],
			"scale": [0.66, 0.66, 0.66]
		}
	}
}