{
  "variants": {
    "": [
      {
        "model": "minecraft:block/birch_log",
		"y": 90
      },
	  {
        "model": "minecraft:block/birch_log",
		"y": 180
      },
	  {
        "model": "minecraft:block/birch_log",
		"y": 270
      },
	  {
        "model": "minecraft:block/birch_log"
      },
	  {
        "model": "minecraft:block/birch_log_alternative",
		"y": 90
      },
	  {
        "model": "minecraft:block/birch_log_alternative",
		"y": 180
      },
	  {
        "model": "minecraft:block/birch_log_alternative",
		"y": 270
      },
	  {
        "model": "minecraft:block/birch_log_alternative"
      }
    ]
  }
}