{
  "variants": {
    "": [
      {
        "model": "minecraft:block/coarse_dirt",
		"y": 90
      },
	  {
        "model": "minecraft:block/coarse_dirt",
		"y": 180
      },
	  {
        "model": "minecraft:block/coarse_dirt",
		"y": 270
      },
	  {
        "model": "minecraft:block/coarse_dirt"
      },
	  {
        "model": "minecraft:block/coarse_dirt_alternative",
		"y": 90
      },
	  {
        "model": "minecraft:block/coarse_dirt_alternative",
		"y": 180
      },
	  {
        "model": "minecraft:block/coarse_dirt_alternative",
		"y": 270
      },
	  {
        "model": "minecraft:block/coarse_dirt_alternative"
      },
	  {
        "model": "minecraft:block/coarse_dirt_alternative2",
		"y": 90
      },
	  {
        "model": "minecraft:block/coarse_dirt_alternative2",
		"y": 180
      },
	  {
        "model": "minecraft:block/coarse_dirt_alternative2",
		"y": 270
      },
	  {
        "model": "minecraft:block/coarse_dirt_alternative2"
      },
	  {
        "model": "minecraft:block/coarse_dirt_alternative3",
		"y": 90
      },
	  {
        "model": "minecraft:block/coarse_dirt_alternative3",
		"y": 180
      },
	  {
        "model": "minecraft:block/coarse_dirt_alternative3",
		"y": 270
      },
	  {
        "model": "minecraft:block/coarse_dirt_alternative3"
      }
    ]
  }
}
