{
  "variants": {
    "": [
      {
        "model": "minecraft:block/deepslate",
		"y": 90
      },
	  {
        "model": "minecraft:block/deepslate",
		"y": 180
      },
	  {
        "model": "minecraft:block/deepslate",
		"y": 270
      },
	  {
        "model": "minecraft:block/deepslate"
      },
	  {
        "model": "minecraft:block/deepslate_alternative",
		"y": 90
      },
	  {
        "model": "minecraft:block/deepslate_alternative",
		"y": 180
      },
	  {
        "model": "minecraft:block/deepslate_alternative",
		"y": 270
      },
	  {
        "model": "minecraft:block/deepslate_alternative"
      }
    ]
  }
}
