{
  "variants": {
    "": [
      {
        "model": "minecraft:block/granite",
		"y": 90
      },
	  {
        "model": "minecraft:block/granite",
		"y": 180
      },
	  {
        "model": "minecraft:block/granite",
		"y": 270
      },
	  {
        "model": "minecraft:block/granite"
      },
	  {
        "model": "minecraft:block/granite_alternative",
		"y": 90
      },
	  {
        "model": "minecraft:block/granite_alternative",
		"y": 180
      },
	  {
        "model": "minecraft:block/granite_alternative",
		"y": 270
      },
	  {
        "model": "minecraft:block/granite_alternative"
      }
    ]
  }
}
