{
  "variants": {
    "": [
      {
        "model": "minecraft:block/gravel",
		"y": 90
      },
	  {
        "model": "minecraft:block/gravel",
		"y": 180
      },
	  {
        "model": "minecraft:block/gravel",
		"y": 270
      },
	  {
        "model": "minecraft:block/gravel"
      },
	  {
        "model": "minecraft:block/gravel_alternative",
		"y": 90
      },
	  {
        "model": "minecraft:block/gravel_alternative",
		"y": 180
      },
	  {
        "model": "minecraft:block/gravel_alternative",
		"y": 270
      },
	  {
        "model": "minecraft:block/gravel_alternative"
      }
    ]
  }
}
