{
  "variants": {
    "type=bottom": [
      {
        "model": "minecraft:block/mossy_cobblestone_slab"
      },
	  {
        "model": "minecraft:block/mossy_cobblestone_slab_alternative"
      },
	  {
        "model": "minecraft:block/mossy_cobblestone_slab_alternative2"
      }
    ],
    "type=top": [
      {
        "model": "minecraft:block/mossy_cobblestone_slab_top"
      },
	  {
        "model": "minecraft:block/mossy_cobblestone_slab_top_alternative"
      },
	  {
        "model": "minecraft:block/mossy_cobblestone_slab_top_alternative2"
      }
    ],
    "type=double": [
      {
        "model": "minecraft:block/mossy_cobblestone",
		"y": 90
      },
	  {
        "model": "minecraft:block/mossy_cobblestone",
		"y": 180
      },
	  {
        "model": "minecraft:block/mossy_cobblestone",
		"y": 270
      },
	  {
        "model": "minecraft:block/mossy_cobblestone"
      },
	  {
        "model": "minecraft:block/mossy_cobblestone_alternative",
		"y": 90
      },
	  {
        "model": "minecraft:block/mossy_cobblestone_alternative",
		"y": 180
      },
	  {
        "model": "minecraft:block/mossy_cobblestone_alternative",
		"y": 270
      },
	  {
        "model": "minecraft:block/mossy_cobblestone_alternative"
      }
    ]
  }
}
