{
  "variants": {
    "": [
      {
        "model": "minecraft:block/spruce_log",
		"y": 90
      },
	  {
        "model": "minecraft:block/spruce_log",
		"y": 180
      },
	  {
        "model": "minecraft:block/spruce_log",
		"y": 270
      },
	  {
        "model": "minecraft:block/spruce_log"
      },
	  {
        "model": "minecraft:block/spruce_log_alternative",
		"y": 90
      },
	  {
        "model": "minecraft:block/spruce_log_alternative",
		"y": 180
      },
	  {
        "model": "minecraft:block/spruce_log_alternative",
		"y": 270
      },
	  {
        "model": "minecraft:block/spruce_log_alternative"
      }
    ]
  }
}
