{
	"credit": "Made by MANUELXXVI with Blockbench",
	"parent": "minecraft:block/block",
	"ambientocclusion": false,
	"texture_size": [32, 32],
	"textures": {
		"particle": "#flower"
	},
	"elements": [
		{
			"name": "R Down",
			"from": [8.5, 16, 6],
			"to": [12.5, 16, 9.5],
			"rotation": {"angle": -22.5, "axis": "z", "origin": [8.5, 16, 7.75]},
			"faces": {
				"north": {"uv": [0, 0, 3, 0], "texture": "#butterfly"},
				"east": {"uv": [0, 0, 3.5, 0], "texture": "#butterfly"},
				"south": {"uv": [0, 0, 3, 0], "texture": "#butterfly"},
				"west": {"uv": [0, 0, 3.5, 0], "texture": "#butterfly"},
				"up": {"uv": [11.5, 2, 15.5, 5.5], "texture": "#butterfly"},
				"down": {"uv": [11.5, 5.5, 15.5, 2], "texture": "#butterfly"}
			}
		},
		{
			"name": "L Down",
			"from": [3.5, 16, 6],
			"to": [7.5, 16, 9.5],
			"rotation": {"angle": 22.5, "axis": "z", "origin": [7.5, 16, 7.75]},
			"faces": {
				"north": {"uv": [0, 0, 3, 0], "texture": "#butterfly"},
				"east": {"uv": [0, 0, 3.5, 0], "texture": "#butterfly"},
				"south": {"uv": [0, 0, 3, 0], "texture": "#butterfly"},
				"west": {"uv": [0, 0, 3.5, 0], "texture": "#butterfly"},
				"up": {"uv": [15.5, 2, 11.5, 5.5], "texture": "#butterfly"},
				"down": {"uv": [15.5, 5.5, 11.5, 2], "texture": "#butterfly"}
			}
		},
		{
			"name": "R Center",
			"from": [8.5, 16, 6],
			"to": [12.5, 16, 9.5],
			"rotation": {"angle": 0, "axis": "x", "origin": [8.5, 16, 7.75]},
			"faces": {
				"north": {"uv": [0, 0, 3, 0], "texture": "#butterfly"},
				"east": {"uv": [0, 0, 3.5, 0], "texture": "#butterfly"},
				"south": {"uv": [0, 0, 3, 0], "texture": "#butterfly"},
				"west": {"uv": [0, 0, 3.5, 0], "texture": "#butterfly"},
				"up": {"uv": [7, 2, 11, 5.5], "texture": "#butterfly"},
				"down": {"uv": [7, 5.5, 11, 2], "texture": "#butterfly"}
			}
		},
		{
			"name": "L Center",
			"from": [3.5, 16, 6],
			"to": [7.5, 16, 9.5],
			"rotation": {"angle": 0, "axis": "x", "origin": [7.5, 16, 7.75]},
			"faces": {
				"north": {"uv": [0, 0, 3, 0], "texture": "#butterfly"},
				"east": {"uv": [0, 0, 3.5, 0], "texture": "#butterfly"},
				"south": {"uv": [0, 0, 3, 0], "texture": "#butterfly"},
				"west": {"uv": [0, 0, 3.5, 0], "texture": "#butterfly"},
				"up": {"uv": [11, 2, 7, 5.5], "texture": "#butterfly"},
				"down": {"uv": [11, 5.5, 7, 2], "texture": "#butterfly"}
			}
		},
		{
			"name": "R Up",
			"from": [8.5, 16, 6],
			"to": [12.5, 16, 9.5],
			"rotation": {"angle": 22.5, "axis": "z", "origin": [8.5, 16, 7.75]},
			"faces": {
				"north": {"uv": [0, 0, 3, 0], "texture": "#butterfly"},
				"east": {"uv": [0, 0, 3.5, 0], "texture": "#butterfly"},
				"south": {"uv": [0, 0, 3, 0], "texture": "#butterfly"},
				"west": {"uv": [0, 0, 3.5, 0], "texture": "#butterfly"},
				"up": {"uv": [2.5, 2, 6.5, 5.5], "texture": "#butterfly"},
				"down": {"uv": [2.5, 5.5, 6.5, 2], "texture": "#butterfly"}
			}
		},
		{
			"name": "L Up",
			"from": [3.5, 16, 6],
			"to": [7.5, 16, 9.5],
			"rotation": {"angle": -22.5, "axis": "z", "origin": [7.5, 16, 7.75]},
			"faces": {
				"north": {"uv": [0, 0, 3, 0], "texture": "#butterfly"},
				"east": {"uv": [0, 0, 3.5, 0], "texture": "#butterfly"},
				"south": {"uv": [0, 0, 3, 0], "texture": "#butterfly"},
				"west": {"uv": [0, 0, 3.5, 0], "texture": "#butterfly"},
				"up": {"uv": [6.5, 2, 2.5, 5.5], "texture": "#butterfly"},
				"down": {"uv": [6.5, 5.5, 2.5, 2], "texture": "#butterfly"}
			}
		},
		{
			"name": "Body",
			"from": [7, 16, 5],
			"to": [9, 16, 10.5],
			"rotation": {"angle": 0, "axis": "y", "origin": [8, 16, 8]},
			"faces": {
				"north": {"uv": [0, 0, 2, 0], "texture": "#butterfly"},
				"east": {"uv": [0, 0, 4.5, 0], "texture": "#butterfly"},
				"south": {"uv": [0, 0, 2, 0], "texture": "#butterfly"},
				"west": {"uv": [0, 0, 4.5, 0], "texture": "#butterfly"},
				"up": {"uv": [0.5, 1, 2.5, 6.5], "texture": "#butterfly"},
				"down": {"uv": [0.5, 6.5, 2.5, 1], "texture": "#butterfly"}
			}
		},
		{
			"name": "Flower1",
			"from": [8, 0, 0.8],
			"to": [8, 16, 15.2],
			"shade": false,
			"rotation": {"angle": 45, "axis": "y", "origin": [8, 8, 8], "rescale": true},
			"faces": {
				"east": {"uv": [0, 0, 16, 16], "texture": "#flower"},
				"west": {"uv": [0, 0, 16, 16], "texture": "#flower"}
			}
		},
		{
			"name": "Flower2",
			"from": [0.8, 0, 8],
			"to": [15.2, 16, 8],
			"shade": false,
			"rotation": {"angle": 45, "axis": "y", "origin": [8, 8, 8], "rescale": true},
			"faces": {
				"north": {"uv": [0, 0, 16, 16], "texture": "#flower"},
				"south": {"uv": [0, 0, 16, 16], "texture": "#flower"}
			}
		}
	]
}