{
  "variants": {
    "":
    [
      {"model": "minecraft:block/allium","weight":72},

      {"model": "minecraft:block/allium_butterfly"},
      {"model": "minecraft:block/allium_butterfly","y":90},
      {"model": "minecraft:block/allium_butterfly","y":180},
      {"model": "minecraft:block/allium_butterfly","y":270},

      {"model": "minecraft:block/allium_butterfly_up"},
      {"model": "minecraft:block/allium_butterfly_up","y":90},
      {"model": "minecraft:block/allium_butterfly_up","y":180},
      {"model": "minecraft:block/allium_butterfly_up","y":270}

    ]
  }
}