{
  "variants": {
    "":
    [
      {"model": "minecraft:block/blue_orchid","weight":72},

      {"model": "minecraft:block/blue_orchid_butterfly"},
      {"model": "minecraft:block/blue_orchid_butterfly","y":90},
      {"model": "minecraft:block/blue_orchid_butterfly","y":180},
      {"model": "minecraft:block/blue_orchid_butterfly","y":270},

      {"model": "minecraft:block/blue_orchid_butterfly_up"},
      {"model": "minecraft:block/blue_orchid_butterfly_up","y":90},
      {"model": "minecraft:block/blue_orchid_butterfly_up","y":180},
      {"model": "minecraft:block/blue_orchid_butterfly_up","y":270}

    ]
  }
}