{
  "variants": {
    "":
    [
      {"model": "minecraft:block/cornflower","weight":72},

      {"model": "minecraft:block/cornflower_butterfly"},
      {"model": "minecraft:block/cornflower_butterfly","y":90},
      {"model": "minecraft:block/cornflower_butterfly","y":180},
      {"model": "minecraft:block/cornflower_butterfly","y":270},

      {"model": "minecraft:block/cornflower_butterfly_up"},
      {"model": "minecraft:block/cornflower_butterfly_up","y":90},
      {"model": "minecraft:block/cornflower_butterfly_up","y":180},
      {"model": "minecraft:block/cornflower_butterfly_up","y":270}

    ]
  }
}