{
  "variants": {
    "":
    [
      {"model": "minecraft:block/dandelion","weight":72},

      {"model": "minecraft:block/dandelion_butterfly"},
      {"model": "minecraft:block/dandelion_butterfly","y":90},
      {"model": "minecraft:block/dandelion_butterfly","y":180},
      {"model": "minecraft:block/dandelion_butterfly","y":270},

      {"model": "minecraft:block/dandelion_butterfly_up"},
      {"model": "minecraft:block/dandelion_butterfly_up","y":90},
      {"model": "minecraft:block/dandelion_butterfly_up","y":180},
      {"model": "minecraft:block/dandelion_butterfly_up","y":270}

    ]
  }
}