{
  "variants": {
    "":
    [
      {"model": "minecraft:block/orange_tulip","weight":72},

      {"model": "minecraft:block/orange_tulip_butterfly"},
      {"model": "minecraft:block/orange_tulip_butterfly","y":90},
      {"model": "minecraft:block/orange_tulip_butterfly","y":180},
      {"model": "minecraft:block/orange_tulip_butterfly","y":270},

      {"model": "minecraft:block/orange_tulip_butterfly_up"},
      {"model": "minecraft:block/orange_tulip_butterfly_up","y":90},
      {"model": "minecraft:block/orange_tulip_butterfly_up","y":180},
      {"model": "minecraft:block/orange_tulip_butterfly_up","y":270}

    ]
  }
}