{
  "variants": {
    "":
    [
      {"model": "minecraft:block/oxeye_daisy","weight":72},

      {"model": "minecraft:block/oxeye_daisy_butterfly"},
      {"model": "minecraft:block/oxeye_daisy_butterfly","y":90},
      {"model": "minecraft:block/oxeye_daisy_butterfly","y":180},
      {"model": "minecraft:block/oxeye_daisy_butterfly","y":270},

      {"model": "minecraft:block/oxeye_daisy_butterfly_up"},
      {"model": "minecraft:block/oxeye_daisy_butterfly_up","y":90},
      {"model": "minecraft:block/oxeye_daisy_butterfly_up","y":180},
      {"model": "minecraft:block/oxeye_daisy_butterfly_up","y":270}

    ]
  }
}