{
  "variants": {
    "":
    [
      {"model": "minecraft:block/poppy","weight":72},

      {"model": "minecraft:block/poppy_butterfly"},
      {"model": "minecraft:block/poppy_butterfly","y":90},
      {"model": "minecraft:block/poppy_butterfly","y":180},
      {"model": "minecraft:block/poppy_butterfly","y":270},

      {"model": "minecraft:block/poppy_butterfly_up"},
      {"model": "minecraft:block/poppy_butterfly_up","y":90},
      {"model": "minecraft:block/poppy_butterfly_up","y":180},
      {"model": "minecraft:block/poppy_butterfly_up","y":270}

    ]
  }
}