{
    "variants": {
	"": [
            { "model": "block/dead_bush/dead_bush1" },
            { "model": "block/dead_bush/dead_bush2" },
            { "model": "block/dead_bush/dead_bush3" },
            { "model": "block/dead_bush/dead_bush4" },
            { "model": "block/dead_bush/dead_bush5" },
            { "model": "block/dead_bush/dead_bush6" },
            { "model": "block/dead_bush/dead_bush7" },
            { "model": "block/dead_bush/dead_bush8" },
            { "model": "block/dead_bush/dead_bush9" }
    ]}
}