{
    "variants": {
        "half=lower": [ { "model": "block/large_fern/large_fern_bottom1", "weight":9 },
                        { "model": "block/large_fern/large_fern_bottom2", "weight":9 },
                        { "model": "block/large_fern/large_fern_bottom3", "weight":4 },
                        { "model": "block/large_fern/large_fern_bottom4", "weight":9 },
                        { "model": "block/large_fern/large_fern_bottom5", "weight":9 },
                        { "model": "block/large_fern/large_fern_bottom6", "weight":9 },
                        { "model": "block/large_fern/large_fern_bottom7", "weight":9 },
                        { "model": "block/large_fern/large_fern_bottom8", "weight":9 },
			{ "model": "block/large_fern/large_fern_bottom9", "weight":9 } ],
        "half=upper": [ { "model": "block/large_fern/large_fern_top1", "weight":9 },
                        { "model": "block/large_fern/large_fern_top2", "weight":9 },
                        { "model": "block/large_fern/large_fern_top3", "weight":4 },
                        { "model": "block/large_fern/large_fern_top4", "weight":9 },
                        { "model": "block/large_fern/large_fern_top5", "weight":9 },
                        { "model": "block/large_fern/large_fern_top6", "weight":9 },
                        { "model": "block/large_fern/large_fern_top7", "weight":9 },
                        { "model": "block/large_fern/large_fern_top8", "weight":9 },
			{ "model": "block/large_fern/large_fern_top9", "weight":9 } ]
    }
}
