{
    "variants": {
        "": [
            { "model": "block/dead_bush/potted_dead_bush1" },
            { "model": "block/dead_bush/potted_dead_bush2" },
            { "model": "block/dead_bush/potted_dead_bush3" },
            { "model": "block/dead_bush/potted_dead_bush4" },
            { "model": "block/dead_bush/potted_dead_bush5" },
            { "model": "block/dead_bush/potted_dead_bush6" },
            { "model": "block/dead_bush/potted_dead_bush7" },
            { "model": "block/dead_bush/potted_dead_bush8" },
            { "model": "block/dead_bush/potted_dead_bush9" }
    ]}
}
