{
    "variants": {
        "": [
            { "model": "block/fern/potted_fern1" },
            { "model": "block/fern/potted_fern2" },
            { "model": "block/fern/potted_fern3" },
            { "model": "block/fern/potted_fern4" },
            { "model": "block/fern/potted_fern5" },
            { "model": "block/fern/potted_fern6" },
            { "model": "block/fern/potted_fern7" },
            { "model": "block/fern/potted_fern8" },
            { "model": "block/fern/potted_fern9" }
    ]}
}
