{
    "variants": {
        "half=lower": [ { "model": "block/tall_grass/tall_grass_bottom1" },
			{ "model": "block/tall_grass/tall_grass_bottom2" },
			{ "model": "block/tall_grass/tall_grass_bottom3" },
			{ "model": "block/tall_grass/tall_grass_bottom4" },
			{ "model": "block/tall_grass/tall_grass_bottom5" },
			{ "model": "block/tall_grass/tall_grass_bottom6" } ],
        "half=upper": [ { "model": "block/tall_grass/tall_grass_top1" },
			{ "model": "block/tall_grass/tall_grass_top2" },
			{ "model": "block/tall_grass/tall_grass_top3" },
			{ "model": "block/tall_grass/tall_grass_top4" },
			{ "model": "block/tall_grass/tall_grass_top5" },
			{ "model": "block/tall_grass/tall_grass_top6" } ]
    }
}
