{
    "credit": "AlexTestria | https://alex-bauerndistel.de",
    "parent": "minecraft:block/.parents/stairs",
    "textures": {
        "0": "minecraft:brickcraft/material/plastics/shader_support/plastic82",
				"1": "minecraft:brickcraft/material/plastics/shader_support/plastic84",
				"2": "minecraft:brickcraft/material/plastics/shader_support/plastic83",
				"3": "minecraft:brickcraft/material/plastics/shader_support/plastic82",
        "4": "minecraft:brickcraft/material/plastics/shader_support/plastic83"
    }
}
