{
	"credit": "AlexTestria | https://alex-bauerndistel.de",
	"parent": "minecraft:block/crop",
	"textures": {
		"1": "brickcraft/material/plastics/shader_support/plastic48",
		"2": "brickcraft/material/plastics/shader_support/plastic68",
		"3": "brickcraft/material/plastics/shader_support/plastic51",
		"particle": "brickcraft/material/plastics/shader_support/plastic48"
	},
	"elements": [
		{
			"from": [0, 0, 0],
			"to": [8, 2.5918, 8],
			"rotation": {"angle": 0, "axis": "y", "origin": [16, -9.075, -8]},
			"faces": {
				"north": {"uv": [0, 0, 8, 2.5918], "texture": "#2", "cullface": "north"},
				"east": {"uv": [0, 0, 8, 2.5918], "texture": "#2"},
				"south": {"uv": [0, 0, 8, 2.5918], "texture": "#2"},
				"west": {"uv": [0, 0, 8, 2.5918], "texture": "#2", "cullface": "west"},
				"down": {"uv": [0, 0, 8, 8], "texture": "#2", "cullface": "down"}
			}
		},
		{
			"from": [0, 2.5918, 0],
			"to": [8, 2.6668, 8],
			"rotation": {"angle": 0, "axis": "y", "origin": [16, -9.075, -8]},
			"faces": {
				"north": {"uv": [0, 0, 8, 2.5918], "texture": "#3", "cullface": "north"},
				"east": {"uv": [0, 0, 8, 2.5918], "texture": "#3"},
				"south": {"uv": [0, 0, 8, 2.5918], "texture": "#3"},
				"west": {"uv": [0, 0, 8, 2.5918], "texture": "#3", "cullface": "west"}
			}
		},
		{
			"from": [0, 2.6668, 0],
			"to": [8, 5.2586, 8],
			"rotation": {"angle": 0, "axis": "y", "origin": [16, -6.4082, -8]},
			"faces": {
				"north": {"uv": [0, 0, 8, 2.5918], "texture": "#1", "cullface": "north"},
				"east": {"uv": [0, 0, 8, 2.5918], "texture": "#1"},
				"south": {"uv": [0, 0, 8, 2.5918], "texture": "#1"},
				"west": {"uv": [0, 0, 8, 2.5918], "texture": "#1", "cullface": "west"}
			}
		},
		{
			"from": [0, 5.3336, 0],
			"to": [8, 7.9254, 8],
			"rotation": {"angle": 0, "axis": "y", "origin": [16, -3.7414, -8]},
			"faces": {
				"north": {"uv": [0, 0, 8, 2.5918], "texture": "#1", "cullface": "north"},
				"east": {"uv": [0, 0, 8, 2.5918], "texture": "#1"},
				"south": {"uv": [0, 0, 8, 2.5918], "texture": "#1"},
				"west": {"uv": [0, 0, 8, 2.5918], "texture": "#1", "cullface": "west"},
				"up": {"uv": [0, 0, 8, 8], "texture": "#1"}
			}
		},
		{
			"from": [0, 5.2586, 0],
			"to": [8, 5.3336, 8],
			"rotation": {"angle": 0, "axis": "y", "origin": [16, -6.4082, -8]},
			"faces": {
				"north": {"uv": [0, 0, 8, 2.5918], "texture": "#3", "cullface": "north"},
				"east": {"uv": [0, 0, 8, 2.5918], "texture": "#3"},
				"south": {"uv": [0, 0, 8, 2.5918], "texture": "#3"},
				"west": {"uv": [0, 0, 8, 2.5918], "texture": "#3", "cullface": "west"}
			}
		},
		{
			"name": "hexadecagon",
			"from": [1.5, 7.9248, 3.50272],
			"to": [6.5, 9.1748, 4.49728],
			"rotation": {"angle": -45, "axis": "y", "origin": [4, 8.4248, 4]},
			"faces": {
				"east": {"uv": [0, 0, 0.99456, 1.25], "texture": "#1"},
				"west": {"uv": [0, 0, 0.99456, 1.25], "texture": "#1"},
				"up": {"uv": [0, 0, 5, 0.99456], "texture": "#1"}
			}
		},
		{
			"name": "hexadecagon",
			"from": [1.5, 7.9248, 3.50272],
			"to": [6.5, 9.1748, 4.49728],
			"rotation": {"angle": -22.5, "axis": "y", "origin": [4, 8.4248, 4]},
			"faces": {
				"east": {"uv": [0, 0, 0.99456, 1.25], "texture": "#1"},
				"west": {"uv": [0, 0, 0.99456, 1.25], "texture": "#1"},
				"up": {"uv": [0, 0, 5, 0.99456], "texture": "#1"}
			}
		},
		{
			"name": "hexadecagon",
			"from": [1.5, 7.9248, 3.50272],
			"to": [6.5, 9.1748, 4.49728],
			"rotation": {"angle": 0, "axis": "y", "origin": [4, 8.4248, 4]},
			"faces": {
				"east": {"uv": [0, 0, 0.99456, 1.25], "texture": "#1"},
				"west": {"uv": [0, 0, 0.99456, 1.25], "texture": "#1"},
				"up": {"uv": [0, 0, 5, 0.99456], "texture": "#1"}
			}
		},
		{
			"name": "hexadecagon",
			"from": [1.5, 7.9248, 3.50272],
			"to": [6.5, 9.1748, 4.49728],
			"rotation": {"angle": 22.5, "axis": "y", "origin": [4, 8.4248, 4]},
			"faces": {
				"east": {"uv": [0, 0, 0.99456, 1.25], "texture": "#1"},
				"west": {"uv": [0, 0, 0.99456, 1.25], "texture": "#1"},
				"up": {"uv": [0, 0, 5, 0.99456], "texture": "#1"}
			}
		},
		{
			"name": "hexadecagon",
			"from": [3.50272, 7.9248, 1.5],
			"to": [4.49728, 9.1748, 6.5],
			"rotation": {"angle": -22.5, "axis": "y", "origin": [4, 8.4248, 4]},
			"faces": {
				"north": {"uv": [0, 0, 0.99456, 1.25], "texture": "#1"},
				"south": {"uv": [0, 0, 0.99456, 1.25], "texture": "#1"},
				"up": {"uv": [0, 0, 0.99456, 5], "texture": "#1"}
			}
		},
		{
			"name": "hexadecagon",
			"from": [1.5, 7.9248, 3.50272],
			"to": [6.5, 9.1748, 4.49728],
			"rotation": {"angle": 45, "axis": "y", "origin": [4, 8.4248, 4]},
			"faces": {
				"east": {"uv": [0, 0, 0.99456, 1.25], "texture": "#1"},
				"west": {"uv": [0, 0, 0.99456, 1.25], "texture": "#1"},
				"up": {"uv": [0, 0, 5, 0.99456], "texture": "#1"}
			}
		},
		{
			"name": "hexadecagon",
			"from": [3.50272, 7.9248, 1.5],
			"to": [4.49728, 9.1748, 6.5],
			"rotation": {"angle": 0, "axis": "y", "origin": [4, 8.4248, 4]},
			"faces": {
				"north": {"uv": [0, 0, 0.99456, 1.25], "texture": "#1"},
				"south": {"uv": [0, 0, 0.99456, 1.25], "texture": "#1"},
				"up": {"uv": [0, 0, 0.99456, 5], "texture": "#1"}
			}
		},
		{
			"name": "hexadecagon",
			"from": [3.50272, 7.9248, 1.5],
			"to": [4.49728, 9.1748, 6.5],
			"rotation": {"angle": 22.5, "axis": "y", "origin": [4, 8.4248, 4]},
			"faces": {
				"north": {"uv": [0, 0, 0.99456, 1.25], "texture": "#1"},
				"south": {"uv": [0, 0, 0.99456, 1.25], "texture": "#1"},
				"up": {"uv": [0, 0, 0.99456, 5], "texture": "#1"}
			}
		},
		{
			"from": [8, -2.5918, 8],
			"to": [16, 0, 16],
			"rotation": {"angle": 0, "axis": "y", "origin": [24, -11.6668, 0]},
			"faces": {
				"north": {"uv": [0, 0, 8, 2.5918], "texture": "#2"},
				"east": {"uv": [0, 0, 8, 2.5918], "texture": "#2"},
				"south": {"uv": [0, 0, 8, 2.5918], "texture": "#2"},
				"west": {"uv": [0, 0, 8, 2.5918], "texture": "#2"},
				"down": {"uv": [0, 0, 8, 8], "texture": "#2", "cullface": "down"}
			}
		},
		{
			"from": [8, 0, 8],
			"to": [16, 0.075, 16],
			"rotation": {"angle": 0, "axis": "y", "origin": [24, -11.6668, 0]},
			"faces": {
				"north": {"uv": [0, 0, 8, 2.5918], "texture": "#3", "cullface": "north"},
				"east": {"uv": [0, 0, 8, 2.5918], "texture": "#3", "cullface": "east"},
				"south": {"uv": [0, 0, 8, 2.5918], "texture": "#3", "cullface": "south"},
				"west": {"uv": [0, 0, 8, 2.5918], "texture": "#3", "cullface": "west"}
			}
		},
		{
			"from": [8, 2.6668, 8],
			"to": [16, 2.7418, 16],
			"rotation": {"angle": 0, "axis": "y", "origin": [24, -9, 0]},
			"faces": {
				"north": {"uv": [0, 0, 8, 2.5918], "texture": "#3", "cullface": "north"},
				"east": {"uv": [0, 0, 8, 2.5918], "texture": "#3", "cullface": "east"},
				"south": {"uv": [0, 0, 8, 2.5918], "texture": "#3", "cullface": "south"},
				"west": {"uv": [0, 0, 8, 2.5918], "texture": "#3", "cullface": "west"}
			}
		},
		{
			"from": [8, 0.075, 8],
			"to": [16, 2.6668, 16],
			"rotation": {"angle": 0, "axis": "y", "origin": [24, -9, 0]},
			"faces": {
				"north": {"uv": [0, 0, 8, 2.5918], "texture": "#1"},
				"east": {"uv": [0, 0, 8, 2.5918], "texture": "#1", "cullface": "east"},
				"south": {"uv": [0, 0, 8, 2.5918], "texture": "#1", "cullface": "south"},
				"west": {"uv": [0, 0, 8, 2.5918], "texture": "#1"}
			}
		},
		{
			"from": [8, 2.7418, 8],
			"to": [16, 5.3336, 16],
			"rotation": {"angle": 0, "axis": "y", "origin": [24, -6.3332, 0]},
			"faces": {
				"north": {"uv": [0, 0, 8, 2.5918], "texture": "#1"},
				"east": {"uv": [0, 0, 8, 2.5918], "texture": "#1", "cullface": "east"},
				"south": {"uv": [0, 0, 8, 2.5918], "texture": "#1", "cullface": "south"},
				"west": {"uv": [0, 0, 8, 2.5918], "texture": "#1"},
				"up": {"uv": [0, 0, 8, 8], "texture": "#1"}
			}
		},
		{
			"name": "hexadecagon",
			"from": [9.5, 5.333, 11.50272],
			"to": [14.5, 6.583, 12.49728],
			"rotation": {"angle": -45, "axis": "y", "origin": [12, 5.833, 12]},
			"faces": {
				"east": {"uv": [0, 0, 0.99456, 1.25], "texture": "#1"},
				"west": {"uv": [0, 0, 0.99456, 1.25], "texture": "#1"},
				"up": {"uv": [0, 0, 5, 0.99456], "texture": "#1"}
			}
		},
		{
			"name": "hexadecagon",
			"from": [9.5, 5.333, 11.50272],
			"to": [14.5, 6.583, 12.49728],
			"rotation": {"angle": 0, "axis": "y", "origin": [12, 5.833, 12]},
			"faces": {
				"east": {"uv": [0, 0, 0.99456, 1.25], "texture": "#1"},
				"west": {"uv": [0, 0, 0.99456, 1.25], "texture": "#1"},
				"up": {"uv": [0, 0, 5, 0.99456], "texture": "#1"}
			}
		},
		{
			"name": "hexadecagon",
			"from": [9.5, 5.333, 11.50272],
			"to": [14.5, 6.583, 12.49728],
			"rotation": {"angle": -22.5, "axis": "y", "origin": [12, 5.833, 12]},
			"faces": {
				"east": {"uv": [0, 0, 0.99456, 1.25], "texture": "#1"},
				"west": {"uv": [0, 0, 0.99456, 1.25], "texture": "#1"},
				"up": {"uv": [0, 0, 5, 0.99456], "texture": "#1"}
			}
		},
		{
			"name": "hexadecagon",
			"from": [9.5, 5.333, 11.50272],
			"to": [14.5, 6.583, 12.49728],
			"rotation": {"angle": 22.5, "axis": "y", "origin": [12, 5.833, 12]},
			"faces": {
				"east": {"uv": [0, 0, 0.99456, 1.25], "texture": "#1"},
				"west": {"uv": [0, 0, 0.99456, 1.25], "texture": "#1"},
				"up": {"uv": [0, 0, 5, 0.99456], "texture": "#1"}
			}
		},
		{
			"name": "hexadecagon",
			"from": [11.50272, 5.333, 9.5],
			"to": [12.49728, 6.583, 14.5],
			"rotation": {"angle": -22.5, "axis": "y", "origin": [12, 5.833, 12]},
			"faces": {
				"north": {"uv": [0, 0, 0.99456, 1.25], "texture": "#1"},
				"south": {"uv": [0, 0, 0.99456, 1.25], "texture": "#1"},
				"up": {"uv": [0, 0, 0.99456, 5], "texture": "#1"}
			}
		},
		{
			"name": "hexadecagon",
			"from": [11.50272, 5.333, 9.5],
			"to": [12.49728, 6.583, 14.5],
			"rotation": {"angle": 0, "axis": "y", "origin": [12, 5.833, 12]},
			"faces": {
				"north": {"uv": [0, 0, 0.99456, 1.25], "texture": "#1"},
				"south": {"uv": [0, 0, 0.99456, 1.25], "texture": "#1"},
				"up": {"uv": [0, 0, 0.99456, 5], "texture": "#1"}
			}
		},
		{
			"name": "hexadecagon",
			"from": [11.50272, 5.333, 9.5],
			"to": [12.49728, 6.583, 14.5],
			"rotation": {"angle": 22.5, "axis": "y", "origin": [12, 5.833, 12]},
			"faces": {
				"north": {"uv": [0, 0, 0.99456, 1.25], "texture": "#1"},
				"south": {"uv": [0, 0, 0.99456, 1.25], "texture": "#1"},
				"up": {"uv": [0, 0, 0.99456, 5], "texture": "#1"}
			}
		},
		{
			"name": "hexadecagon",
			"from": [9.5, 5.333, 11.50272],
			"to": [14.5, 6.583, 12.49728],
			"rotation": {"angle": 45, "axis": "y", "origin": [12, 5.833, 12]},
			"faces": {
				"east": {"uv": [0, 0, 0.99456, 1.25], "texture": "#1"},
				"west": {"uv": [0, 0, 0.99456, 1.25], "texture": "#1"},
				"up": {"uv": [0, 0, 5, 0.99456], "texture": "#1"}
			}
		}
	],
	"display": {
		"thirdperson_righthand": {
			"rotation": [75, 45, 0],
			"translation": [0, 2.5, 0],
			"scale": [0.375, 0.375, 0.375]
		},
		"thirdperson_lefthand": {
			"rotation": [75, 45, 0],
			"translation": [0, 2.5, 0],
			"scale": [-0.375, 0.375, 0.375]
		},
		"firstperson_righthand": {
			"rotation": [0, 45, 0],
			"scale": [0.4, 0.4, 0.4]
		},
		"firstperson_lefthand": {
			"rotation": [0, 225, 0],
			"scale": [0.4, 0.4, 0.4]
		},
		"ground": {
			"translation": [0, 3, 0],
			"scale": [0.25, 0.25, 0.25]
		},
		"gui": {
			"rotation": [30, 135, 0],
			"scale": [0.625, 0.625, 0.625]
		},
		"fixed": {
			"scale": [0.5, 0.5, 0.5]
		}
	},
	"groups": [
		{
			"name": "group",
			"origin": [4, 3.0912, 4],
			"color": 0,
			"children": [0, 1, 2, 3, 4,
				{
					"name": "group",
					"origin": [4, 3.0912, 4],
					"color": 0,
					"children": [5, 6, 7, 8, 9, 10, 11, 12]
				}
			]
		},
		{
			"name": "group",
			"origin": [4, 3.0912, 4],
			"color": 0,
			"children": [13, 14, 15, 16, 17,
				{
					"name": "group",
					"origin": [12, 0.4994, 12],
					"color": 0,
					"children": [18, 19, 20, 21, 22, 23, 24, 25]
				}
			]
		}
	]
}