{
    "credit": "AlexTestria | https://alex-bauerndistel.de",
    "parent": "minecraft:block/.parents/stairs_outer",
    "textures": {
        "0": "minecraft:brickcraft/material/plastics/shader_support/plastic12",
				"1": "minecraft:brickcraft/material/plastics/shader_support/plastic07",
				"2": "minecraft:brickcraft/material/plastics/shader_support/plastic13",
				"3": "minecraft:brickcraft/material/plastics/shader_support/plastic12",
        "4": "minecraft:brickcraft/material/plastics/shader_support/plastic13"
    }
}
