{
	"credit": "AlexTestria | https://alex-bauerndistel.de",
	"textures": {
		"0": "brickcraft/material/plastics/shader_support/plastic45",
		"1": "brickcraft/material/plastics/shader_support/plastic46",
		"particle": "brickcraft/material/plastics/shader_support/plastic45"
	},
	"elements": [
		{
			"name": "hexadecagon",
			"from": [0.2416, 2.82947, 10.71234],
			"to": [1.4916, 7.82947, 11.7069],
			"rotation": {"angle": 45, "axis": "x", "origin": [8, 8.53909, 8]},
			"faces": {
				"west": {"uv": [0, 0, 0.99456, 5], "texture": "#0"},
				"up": {"uv": [0, 0, 1.25, 0.99456], "texture": "#0"},
				"down": {"uv": [0, 0, 1.25, 0.99456], "texture": "#0"}
			}
		},
		{
			"name": "hexadecagon",
			"from": [0.2416, 1.84552, 9.23976],
			"to": [1.4916, 6.84552, 10.23432],
			"rotation": {"angle": 22.5, "axis": "x", "origin": [8, 8.53909, 8]},
			"faces": {
				"west": {"uv": [0, 0, 0.99456, 5], "texture": "#0"},
				"up": {"uv": [0, 0, 1.25, 0.99456], "texture": "#0"},
				"down": {"uv": [0, 0, 1.25, 0.99456], "texture": "#0"}
			}
		},
		{
			"name": "hexadecagon",
			"from": [0.2416, 1.5, 7.50272],
			"to": [1.4916, 6.5, 8.49728],
			"rotation": {"angle": 0, "axis": "y", "origin": [8, 8.53909, 8]},
			"faces": {
				"west": {"uv": [0, 0, 0.99456, 5], "texture": "#0"},
				"up": {"uv": [0, 0, 1.25, 0.99456], "texture": "#0"},
				"down": {"uv": [0, 0, 1.25, 0.99456], "texture": "#0"}
			}
		},
		{
			"name": "hexadecagon",
			"from": [0.2416, 1.84552, 5.76568],
			"to": [1.4916, 6.84552, 6.76024],
			"rotation": {"angle": -22.5, "axis": "x", "origin": [8, 8.53909, 8]},
			"faces": {
				"west": {"uv": [0, 0, 0.99456, 5], "texture": "#0"},
				"up": {"uv": [0, 0, 1.25, 0.99456], "texture": "#0"},
				"down": {"uv": [0, 0, 1.25, 0.99456], "texture": "#0"}
			}
		},
		{
			"name": "hexadecagon",
			"from": [0.2416, 2.82947, 4.2931],
			"to": [1.4916, 7.82947, 5.28766],
			"rotation": {"angle": -45, "axis": "x", "origin": [8, 8.53909, 8]},
			"faces": {
				"west": {"uv": [0, 0, 0.99456, 5], "texture": "#0"},
				"up": {"uv": [0, 0, 1.25, 0.99456], "texture": "#0"},
				"down": {"uv": [0, 0, 1.25, 0.99456], "texture": "#0"}
			}
		},
		{
			"name": "hexadecagon",
			"from": [0.2416, 3.84824, 7.23704],
			"to": [1.4916, 4.8428, 12.23704],
			"rotation": {"angle": 22.5, "axis": "x", "origin": [8, 8.53909, 8]},
			"faces": {
				"north": {"uv": [0, 0, 1.25, 0.99456], "texture": "#0"},
				"south": {"uv": [0, 0, 1.25, 0.99456], "texture": "#0"},
				"west": {"uv": [0, 0, 5, 0.99456], "texture": "#0"}
			}
		},
		{
			"name": "hexadecagon",
			"from": [0.2416, 3.50272, 5.5],
			"to": [1.4916, 4.49728, 10.5],
			"rotation": {"angle": 0, "axis": "y", "origin": [8, 8.53909, 8]},
			"faces": {
				"north": {"uv": [0, 0, 1.25, 0.99456], "texture": "#0"},
				"south": {"uv": [0, 0, 1.25, 0.99456], "texture": "#0"},
				"west": {"uv": [0, 0, 5, 0.99456], "texture": "#0"}
			}
		},
		{
			"name": "hexadecagon",
			"from": [0.2416, 3.84824, 3.76296],
			"to": [1.4916, 4.8428, 8.76296],
			"rotation": {"angle": -22.5, "axis": "x", "origin": [8, 8.53909, 8]},
			"faces": {
				"north": {"uv": [0, 0, 1.25, 0.99456], "texture": "#0"},
				"south": {"uv": [0, 0, 1.25, 0.99456], "texture": "#0"},
				"west": {"uv": [0, 0, 5, 0.99456], "texture": "#0"}
			}
		},
		{
			"name": "hexadecagon",
			"from": [0.2416, 8.48632, 9.94995],
			"to": [1.4916, 13.48632, 10.94451],
			"rotation": {"angle": -45, "axis": "x", "origin": [8, 8.53909, 8]},
			"faces": {
				"west": {"uv": [0, 0, 0.99456, 5], "texture": "#0"},
				"up": {"uv": [0, 0, 1.25, 0.99456], "texture": "#0"},
				"down": {"uv": [0, 0, 1.25, 0.99456], "texture": "#0"}
			}
		},
		{
			"name": "hexadecagon",
			"from": [0.2416, 9.23655, 8.82715],
			"to": [1.4916, 14.23655, 9.82171],
			"rotation": {"angle": -22.5, "axis": "x", "origin": [8, 8.53909, 8]},
			"faces": {
				"west": {"uv": [0, 0, 0.99456, 5], "texture": "#0"},
				"up": {"uv": [0, 0, 1.25, 0.99456], "texture": "#0"},
				"down": {"uv": [0, 0, 1.25, 0.99456], "texture": "#0"}
			}
		},
		{
			"name": "hexadecagon",
			"from": [0.2416, 9.5, 7.50272],
			"to": [1.4916, 14.5, 8.49728],
			"rotation": {"angle": 0, "axis": "y", "origin": [8, 8.53909, 8]},
			"faces": {
				"west": {"uv": [0, 0, 0.99456, 5], "texture": "#0"},
				"up": {"uv": [0, 0, 1.25, 0.99456], "texture": "#0"},
				"down": {"uv": [0, 0, 1.25, 0.99456], "texture": "#0"}
			}
		},
		{
			"name": "hexadecagon",
			"from": [0.2416, 9.23655, 6.17829],
			"to": [1.4916, 14.23655, 7.17285],
			"rotation": {"angle": 22.5, "axis": "x", "origin": [8, 8.53909, 8]},
			"faces": {
				"west": {"uv": [0, 0, 0.99456, 5], "texture": "#0"},
				"up": {"uv": [0, 0, 1.25, 0.99456], "texture": "#0"},
				"down": {"uv": [0, 0, 1.25, 0.99456], "texture": "#0"}
			}
		},
		{
			"name": "hexadecagon",
			"from": [0.2416, 8.48632, 5.05549],
			"to": [1.4916, 13.48632, 6.05005],
			"rotation": {"angle": 45, "axis": "x", "origin": [8, 8.53909, 8]},
			"faces": {
				"west": {"uv": [0, 0, 0.99456, 5], "texture": "#0"},
				"up": {"uv": [0, 0, 1.25, 0.99456], "texture": "#0"},
				"down": {"uv": [0, 0, 1.25, 0.99456], "texture": "#0"}
			}
		},
		{
			"name": "hexadecagon",
			"from": [0.2416, 11.23927, 6.82443],
			"to": [1.4916, 12.23383, 11.82443],
			"rotation": {"angle": -22.5, "axis": "x", "origin": [8, 8.53909, 8]},
			"faces": {
				"north": {"uv": [0, 0, 1.25, 0.99456], "texture": "#0"},
				"south": {"uv": [0, 0, 1.25, 0.99456], "texture": "#0"},
				"west": {"uv": [0, 0, 5, 0.99456], "texture": "#0"}
			}
		},
		{
			"name": "hexadecagon",
			"from": [0.2416, 11.50272, 5.5],
			"to": [1.4916, 12.49728, 10.5],
			"rotation": {"angle": 0, "axis": "y", "origin": [8, 8.53909, 8]},
			"faces": {
				"north": {"uv": [0, 0, 1.25, 0.99456], "texture": "#0"},
				"south": {"uv": [0, 0, 1.25, 0.99456], "texture": "#0"},
				"west": {"uv": [0, 0, 5, 0.99456], "texture": "#0"}
			}
		},
		{
			"name": "hexadecagon",
			"from": [0.2416, 11.23927, 4.17557],
			"to": [1.4916, 12.23383, 9.17557],
			"rotation": {"angle": 22.5, "axis": "x", "origin": [8, 8.53909, 8]},
			"faces": {
				"north": {"uv": [0, 0, 1.25, 0.99456], "texture": "#0"},
				"south": {"uv": [0, 0, 1.25, 0.99456], "texture": "#0"},
				"west": {"uv": [0, 0, 5, 0.99456], "texture": "#0"}
			}
		},
		{
			"from": [1.4082, 0, 4],
			"to": [4, 16, 12],
			"rotation": {"angle": 0, "axis": "y", "origin": [8, 8.53909, 8]},
			"faces": {
				"north": {"uv": [0, 0, 2.5918, 16], "texture": "#0"},
				"south": {"uv": [0, 0, 2.5918, 16], "texture": "#0"},
				"west": {"uv": [0, 0, 8, 16], "texture": "#0"},
				"up": {"uv": [0, 0, 2.5918, 8], "texture": "#0", "cullface": "up"},
				"down": {"uv": [0, 0, 2.5918, 8], "texture": "#0", "cullface": "down"}
			}
		},
		{
			"name": "hexadecagon",
			"from": [4.2931, 2.82947, 0.2416],
			"to": [5.28766, 7.82947, 1.4916],
			"rotation": {"angle": 45, "axis": "z", "origin": [8, 8.53909, 8]},
			"faces": {
				"north": {"uv": [0, 0, 0.99456, 5], "texture": "#0"},
				"up": {"uv": [0, 0, 0.99456, 1.25], "texture": "#0"},
				"down": {"uv": [0, 0, 0.99456, 1.25], "texture": "#0"}
			}
		},
		{
			"name": "hexadecagon",
			"from": [5.76568, 1.84552, 0.2416],
			"to": [6.76024, 6.84552, 1.4916],
			"rotation": {"angle": 22.5, "axis": "z", "origin": [8, 8.53909, 8]},
			"faces": {
				"north": {"uv": [0, 0, 0.99456, 5], "texture": "#0"},
				"up": {"uv": [0, 0, 0.99456, 1.25], "texture": "#0"},
				"down": {"uv": [0, 0, 0.99456, 1.25], "texture": "#0"}
			}
		},
		{
			"name": "hexadecagon",
			"from": [7.50272, 1.5, 0.2416],
			"to": [8.49728, 6.5, 1.4916],
			"rotation": {"angle": 0, "axis": "y", "origin": [8, 8.53909, 8]},
			"faces": {
				"north": {"uv": [0, 0, 0.99456, 5], "texture": "#0"},
				"up": {"uv": [0, 0, 0.99456, 1.25], "texture": "#0"},
				"down": {"uv": [0, 0, 0.99456, 1.25], "texture": "#0"}
			}
		},
		{
			"name": "hexadecagon",
			"from": [9.23976, 1.84552, 0.2416],
			"to": [10.23432, 6.84552, 1.4916],
			"rotation": {"angle": -22.5, "axis": "z", "origin": [8, 8.53909, 8]},
			"faces": {
				"north": {"uv": [0, 0, 0.99456, 5], "texture": "#0"},
				"up": {"uv": [0, 0, 0.99456, 1.25], "texture": "#0"},
				"down": {"uv": [0, 0, 0.99456, 1.25], "texture": "#0"}
			}
		},
		{
			"name": "hexadecagon",
			"from": [10.71234, 2.82947, 0.2416],
			"to": [11.7069, 7.82947, 1.4916],
			"rotation": {"angle": -45, "axis": "z", "origin": [8, 8.53909, 8]},
			"faces": {
				"north": {"uv": [0, 0, 0.99456, 5], "texture": "#0"},
				"up": {"uv": [0, 0, 0.99456, 1.25], "texture": "#0"},
				"down": {"uv": [0, 0, 0.99456, 1.25], "texture": "#0"}
			}
		},
		{
			"name": "hexadecagon",
			"from": [3.76296, 3.84824, 0.2416],
			"to": [8.76296, 4.8428, 1.4916],
			"rotation": {"angle": 22.5, "axis": "z", "origin": [8, 8.53909, 8]},
			"faces": {
				"north": {"uv": [0, 0, 5, 0.99456], "texture": "#0"},
				"east": {"uv": [0, 0, 1.25, 0.99456], "texture": "#0"},
				"west": {"uv": [0, 0, 1.25, 0.99456], "texture": "#0"}
			}
		},
		{
			"name": "hexadecagon",
			"from": [5.5, 3.50272, 0.2416],
			"to": [10.5, 4.49728, 1.4916],
			"rotation": {"angle": 0, "axis": "y", "origin": [8, 8.53909, 8]},
			"faces": {
				"north": {"uv": [0, 0, 5, 0.99456], "texture": "#0"},
				"east": {"uv": [0, 0, 1.25, 0.99456], "texture": "#0"},
				"west": {"uv": [0, 0, 1.25, 0.99456], "texture": "#0"}
			}
		},
		{
			"name": "hexadecagon",
			"from": [7.23704, 3.84824, 0.2416],
			"to": [12.23704, 4.8428, 1.4916],
			"rotation": {"angle": -22.5, "axis": "z", "origin": [8, 8.53909, 8]},
			"faces": {
				"north": {"uv": [0, 0, 5, 0.99456], "texture": "#0"},
				"east": {"uv": [0, 0, 1.25, 0.99456], "texture": "#0"},
				"west": {"uv": [0, 0, 1.25, 0.99456], "texture": "#0"}
			}
		},
		{
			"name": "hexadecagon",
			"from": [5.05549, 8.48632, 0.2416],
			"to": [6.05005, 13.48632, 1.4916],
			"rotation": {"angle": -45, "axis": "z", "origin": [8, 8.53909, 8]},
			"faces": {
				"north": {"uv": [0, 0, 0.99456, 5], "texture": "#0"},
				"up": {"uv": [0, 0, 0.99456, 1.25], "texture": "#0"},
				"down": {"uv": [0, 0, 0.99456, 1.25], "texture": "#0"}
			}
		},
		{
			"name": "hexadecagon",
			"from": [6.17829, 9.23655, 0.2416],
			"to": [7.17285, 14.23655, 1.4916],
			"rotation": {"angle": -22.5, "axis": "z", "origin": [8, 8.53909, 8]},
			"faces": {
				"north": {"uv": [0, 0, 0.99456, 5], "texture": "#0"},
				"up": {"uv": [0, 0, 0.99456, 1.25], "texture": "#0"},
				"down": {"uv": [0, 0, 0.99456, 1.25], "texture": "#0"}
			}
		},
		{
			"name": "hexadecagon",
			"from": [7.50272, 9.5, 0.2416],
			"to": [8.49728, 14.5, 1.4916],
			"rotation": {"angle": 0, "axis": "y", "origin": [8, 8.53909, 8]},
			"faces": {
				"north": {"uv": [0, 0, 0.99456, 5], "texture": "#0"},
				"up": {"uv": [0, 0, 0.99456, 1.25], "texture": "#0"},
				"down": {"uv": [0, 0, 0.99456, 1.25], "texture": "#0"}
			}
		},
		{
			"name": "hexadecagon",
			"from": [8.82715, 9.23655, 0.2416],
			"to": [9.82171, 14.23655, 1.4916],
			"rotation": {"angle": 22.5, "axis": "z", "origin": [8, 8.53909, 8]},
			"faces": {
				"north": {"uv": [0, 0, 0.99456, 5], "texture": "#0"},
				"up": {"uv": [0, 0, 0.99456, 1.25], "texture": "#0"},
				"down": {"uv": [0, 0, 0.99456, 1.25], "texture": "#0"}
			}
		},
		{
			"name": "hexadecagon",
			"from": [9.94995, 8.48632, 0.2416],
			"to": [10.94451, 13.48632, 1.4916],
			"rotation": {"angle": 45, "axis": "z", "origin": [8, 8.53909, 8]},
			"faces": {
				"north": {"uv": [0, 0, 0.99456, 5], "texture": "#0"},
				"up": {"uv": [0, 0, 0.99456, 1.25], "texture": "#0"},
				"down": {"uv": [0, 0, 0.99456, 1.25], "texture": "#0"}
			}
		},
		{
			"name": "hexadecagon",
			"from": [4.17557, 11.23927, 0.2416],
			"to": [9.17557, 12.23383, 1.4916],
			"rotation": {"angle": -22.5, "axis": "z", "origin": [8, 8.53909, 8]},
			"faces": {
				"north": {"uv": [0, 0, 5, 0.99456], "texture": "#0"},
				"east": {"uv": [0, 0, 1.25, 0.99456], "texture": "#0"},
				"west": {"uv": [0, 0, 1.25, 0.99456], "texture": "#0"}
			}
		},
		{
			"name": "hexadecagon",
			"from": [5.5, 11.50272, 0.2416],
			"to": [10.5, 12.49728, 1.4916],
			"rotation": {"angle": 0, "axis": "y", "origin": [8, 8.53909, 8]},
			"faces": {
				"north": {"uv": [0, 0, 5, 0.99456], "texture": "#0"},
				"east": {"uv": [0, 0, 1.25, 0.99456], "texture": "#0"},
				"west": {"uv": [0, 0, 1.25, 0.99456], "texture": "#0"}
			}
		},
		{
			"name": "hexadecagon",
			"from": [6.82443, 11.23927, 0.2416],
			"to": [11.82443, 12.23383, 1.4916],
			"rotation": {"angle": 22.5, "axis": "z", "origin": [8, 8.53909, 8]},
			"faces": {
				"north": {"uv": [0, 0, 5, 0.99456], "texture": "#0"},
				"east": {"uv": [0, 0, 1.25, 0.99456], "texture": "#0"},
				"west": {"uv": [0, 0, 1.25, 0.99456], "texture": "#0"}
			}
		},
		{
			"from": [4, 0, 1.4082],
			"to": [12, 16, 4],
			"rotation": {"angle": 0, "axis": "y", "origin": [8, 8.53909, 8]},
			"faces": {
				"north": {"uv": [0, 0, 8, 16], "texture": "#0"},
				"east": {"uv": [0, 0, 2.5918, 16], "texture": "#0"},
				"west": {"uv": [0, 0, 2.5918, 16], "texture": "#0"},
				"up": {"uv": [0, 0, 8, 2.5918], "texture": "#0", "cullface": "up"},
				"down": {"uv": [0, 0, 8, 2.5918], "texture": "#0", "cullface": "down"}
			}
		},
		{
			"name": "hexadecagon",
			"from": [14.5084, 2.82947, 4.2931],
			"to": [15.7584, 7.82947, 5.28766],
			"rotation": {"angle": -45, "axis": "x", "origin": [8, 8.53909, 8]},
			"faces": {
				"east": {"uv": [0, 0, 0.99456, 5], "texture": "#0"},
				"up": {"uv": [0, 0, 1.25, 0.99456], "texture": "#0"},
				"down": {"uv": [0, 0, 1.25, 0.99456], "texture": "#0"}
			}
		},
		{
			"name": "hexadecagon",
			"from": [14.5084, 1.84552, 5.76568],
			"to": [15.7584, 6.84552, 6.76024],
			"rotation": {"angle": -22.5, "axis": "x", "origin": [8, 8.53909, 8]},
			"faces": {
				"east": {"uv": [0, 0, 0.99456, 5], "texture": "#0"},
				"up": {"uv": [0, 0, 1.25, 0.99456], "texture": "#0"},
				"down": {"uv": [0, 0, 1.25, 0.99456], "texture": "#0"}
			}
		},
		{
			"name": "hexadecagon",
			"from": [14.5084, 1.5, 7.50272],
			"to": [15.7584, 6.5, 8.49728],
			"rotation": {"angle": 0, "axis": "y", "origin": [8, 8.53909, 8]},
			"faces": {
				"east": {"uv": [0, 0, 0.99456, 5], "texture": "#0"},
				"up": {"uv": [0, 0, 1.25, 0.99456], "texture": "#0"},
				"down": {"uv": [0, 0, 1.25, 0.99456], "texture": "#0"}
			}
		},
		{
			"name": "hexadecagon",
			"from": [14.5084, 1.84552, 9.23976],
			"to": [15.7584, 6.84552, 10.23432],
			"rotation": {"angle": 22.5, "axis": "x", "origin": [8, 8.53909, 8]},
			"faces": {
				"east": {"uv": [0, 0, 0.99456, 5], "texture": "#0"},
				"up": {"uv": [0, 0, 1.25, 0.99456], "texture": "#0"},
				"down": {"uv": [0, 0, 1.25, 0.99456], "texture": "#0"}
			}
		},
		{
			"name": "hexadecagon",
			"from": [14.5084, 2.82947, 10.71234],
			"to": [15.7584, 7.82947, 11.7069],
			"rotation": {"angle": 45, "axis": "x", "origin": [8, 8.53909, 8]},
			"faces": {
				"east": {"uv": [0, 0, 0.99456, 5], "texture": "#0"},
				"up": {"uv": [0, 0, 1.25, 0.99456], "texture": "#0"},
				"down": {"uv": [0, 0, 1.25, 0.99456], "texture": "#0"}
			}
		},
		{
			"name": "hexadecagon",
			"from": [14.5084, 3.84824, 3.76296],
			"to": [15.7584, 4.8428, 8.76296],
			"rotation": {"angle": -22.5, "axis": "x", "origin": [8, 8.53909, 8]},
			"faces": {
				"north": {"uv": [0, 0, 1.25, 0.99456], "texture": "#0"},
				"east": {"uv": [0, 0, 5, 0.99456], "texture": "#0"},
				"south": {"uv": [0, 0, 1.25, 0.99456], "texture": "#0"}
			}
		},
		{
			"name": "hexadecagon",
			"from": [14.5084, 3.50272, 5.5],
			"to": [15.7584, 4.49728, 10.5],
			"rotation": {"angle": 0, "axis": "y", "origin": [8, 8.53909, 8]},
			"faces": {
				"north": {"uv": [0, 0, 1.25, 0.99456], "texture": "#0"},
				"east": {"uv": [0, 0, 5, 0.99456], "texture": "#0"},
				"south": {"uv": [0, 0, 1.25, 0.99456], "texture": "#0"}
			}
		},
		{
			"name": "hexadecagon",
			"from": [14.5084, 3.84824, 7.23704],
			"to": [15.7584, 4.8428, 12.23704],
			"rotation": {"angle": 22.5, "axis": "x", "origin": [8, 8.53909, 8]},
			"faces": {
				"north": {"uv": [0, 0, 1.25, 0.99456], "texture": "#0"},
				"east": {"uv": [0, 0, 5, 0.99456], "texture": "#0"},
				"south": {"uv": [0, 0, 1.25, 0.99456], "texture": "#0"}
			}
		},
		{
			"name": "hexadecagon",
			"from": [14.5084, 8.48632, 5.05549],
			"to": [15.7584, 13.48632, 6.05005],
			"rotation": {"angle": 45, "axis": "x", "origin": [8, 8.53909, 8]},
			"faces": {
				"east": {"uv": [0, 0, 0.99456, 5], "texture": "#0"},
				"up": {"uv": [0, 0, 1.25, 0.99456], "texture": "#0"},
				"down": {"uv": [0, 0, 1.25, 0.99456], "texture": "#0"}
			}
		},
		{
			"name": "hexadecagon",
			"from": [14.5084, 9.23655, 6.17829],
			"to": [15.7584, 14.23655, 7.17285],
			"rotation": {"angle": 22.5, "axis": "x", "origin": [8, 8.53909, 8]},
			"faces": {
				"east": {"uv": [0, 0, 0.99456, 5], "texture": "#0"},
				"up": {"uv": [0, 0, 1.25, 0.99456], "texture": "#0"},
				"down": {"uv": [0, 0, 1.25, 0.99456], "texture": "#0"}
			}
		},
		{
			"name": "hexadecagon",
			"from": [14.5084, 9.5, 7.50272],
			"to": [15.7584, 14.5, 8.49728],
			"rotation": {"angle": 0, "axis": "y", "origin": [8, 8.53909, 8]},
			"faces": {
				"east": {"uv": [0, 0, 0.99456, 5], "texture": "#0"},
				"up": {"uv": [0, 0, 1.25, 0.99456], "texture": "#0"},
				"down": {"uv": [0, 0, 1.25, 0.99456], "texture": "#0"}
			}
		},
		{
			"name": "hexadecagon",
			"from": [14.5084, 9.23655, 8.82715],
			"to": [15.7584, 14.23655, 9.82171],
			"rotation": {"angle": -22.5, "axis": "x", "origin": [8, 8.53909, 8]},
			"faces": {
				"east": {"uv": [0, 0, 0.99456, 5], "texture": "#0"},
				"up": {"uv": [0, 0, 1.25, 0.99456], "texture": "#0"},
				"down": {"uv": [0, 0, 1.25, 0.99456], "texture": "#0"}
			}
		},
		{
			"name": "hexadecagon",
			"from": [14.5084, 8.48632, 9.94995],
			"to": [15.7584, 13.48632, 10.94451],
			"rotation": {"angle": -45, "axis": "x", "origin": [8, 8.53909, 8]},
			"faces": {
				"east": {"uv": [0, 0, 0.99456, 5], "texture": "#0"},
				"up": {"uv": [0, 0, 1.25, 0.99456], "texture": "#0"},
				"down": {"uv": [0, 0, 1.25, 0.99456], "texture": "#0"}
			}
		},
		{
			"name": "hexadecagon",
			"from": [14.5084, 11.23927, 4.17557],
			"to": [15.7584, 12.23383, 9.17557],
			"rotation": {"angle": 22.5, "axis": "x", "origin": [8, 8.53909, 8]},
			"faces": {
				"north": {"uv": [0, 0, 1.25, 0.99456], "texture": "#0"},
				"east": {"uv": [0, 0, 5, 0.99456], "texture": "#0"},
				"south": {"uv": [0, 0, 1.25, 0.99456], "texture": "#0"}
			}
		},
		{
			"name": "hexadecagon",
			"from": [14.5084, 11.50272, 5.5],
			"to": [15.7584, 12.49728, 10.5],
			"rotation": {"angle": 0, "axis": "y", "origin": [8, 8.53909, 8]},
			"faces": {
				"north": {"uv": [0, 0, 1.25, 0.99456], "texture": "#0"},
				"east": {"uv": [0, 0, 5, 0.99456], "texture": "#0"},
				"south": {"uv": [0, 0, 1.25, 0.99456], "texture": "#0"}
			}
		},
		{
			"name": "hexadecagon",
			"from": [14.5084, 11.23927, 6.82443],
			"to": [15.7584, 12.23383, 11.82443],
			"rotation": {"angle": -22.5, "axis": "x", "origin": [8, 8.53909, 8]},
			"faces": {
				"north": {"uv": [0, 0, 1.25, 0.99456], "texture": "#0"},
				"east": {"uv": [0, 0, 5, 0.99456], "texture": "#0"},
				"south": {"uv": [0, 0, 1.25, 0.99456], "texture": "#0"}
			}
		},
		{
			"from": [12, 0, 4],
			"to": [14.5918, 16, 12],
			"rotation": {"angle": 0, "axis": "y", "origin": [8, 8.53909, 8]},
			"faces": {
				"north": {"uv": [0, 0, 2.5918, 16], "texture": "#0"},
				"east": {"uv": [0, 0, 8, 16], "texture": "#0"},
				"south": {"uv": [0, 0, 2.5918, 16], "texture": "#0"},
				"up": {"uv": [0, 0, 2.5918, 8], "texture": "#0", "cullface": "up"},
				"down": {"uv": [0, 0, 2.5918, 8], "texture": "#0", "cullface": "down"}
			}
		},
		{
			"name": "hexadecagon",
			"from": [10.71234, 2.82947, 14.5084],
			"to": [11.7069, 7.82947, 15.7584],
			"rotation": {"angle": -45, "axis": "z", "origin": [8, 8.53909, 8]},
			"faces": {
				"south": {"uv": [0, 0, 0.99456, 5], "texture": "#0"},
				"up": {"uv": [0, 0, 0.99456, 1.25], "texture": "#0"},
				"down": {"uv": [0, 0, 0.99456, 1.25], "texture": "#0"}
			}
		},
		{
			"name": "hexadecagon",
			"from": [9.23976, 1.84552, 14.5084],
			"to": [10.23432, 6.84552, 15.7584],
			"rotation": {"angle": -22.5, "axis": "z", "origin": [8, 8.53909, 8]},
			"faces": {
				"south": {"uv": [0, 0, 0.99456, 5], "texture": "#0"},
				"up": {"uv": [0, 0, 0.99456, 1.25], "texture": "#0"},
				"down": {"uv": [0, 0, 0.99456, 1.25], "texture": "#0"}
			}
		},
		{
			"name": "hexadecagon",
			"from": [7.50272, 1.5, 14.5084],
			"to": [8.49728, 6.5, 15.7584],
			"rotation": {"angle": 0, "axis": "y", "origin": [8, 8.53909, 8]},
			"faces": {
				"south": {"uv": [0, 0, 0.99456, 5], "texture": "#0"},
				"up": {"uv": [0, 0, 0.99456, 1.25], "texture": "#0"},
				"down": {"uv": [0, 0, 0.99456, 1.25], "texture": "#0"}
			}
		},
		{
			"name": "hexadecagon",
			"from": [5.76568, 1.84552, 14.5084],
			"to": [6.76024, 6.84552, 15.7584],
			"rotation": {"angle": 22.5, "axis": "z", "origin": [8, 8.53909, 8]},
			"faces": {
				"south": {"uv": [0, 0, 0.99456, 5], "texture": "#0"},
				"up": {"uv": [0, 0, 0.99456, 1.25], "texture": "#0"},
				"down": {"uv": [0, 0, 0.99456, 1.25], "texture": "#0"}
			}
		},
		{
			"name": "hexadecagon",
			"from": [4.2931, 2.82947, 14.5084],
			"to": [5.28766, 7.82947, 15.7584],
			"rotation": {"angle": 45, "axis": "z", "origin": [8, 8.53909, 8]},
			"faces": {
				"south": {"uv": [0, 0, 0.99456, 5], "texture": "#0"},
				"up": {"uv": [0, 0, 0.99456, 1.25], "texture": "#0"},
				"down": {"uv": [0, 0, 0.99456, 1.25], "texture": "#0"}
			}
		},
		{
			"name": "hexadecagon",
			"from": [7.23704, 3.84824, 14.5084],
			"to": [12.23704, 4.8428, 15.7584],
			"rotation": {"angle": -22.5, "axis": "z", "origin": [8, 8.53909, 8]},
			"faces": {
				"east": {"uv": [0, 0, 1.25, 0.99456], "texture": "#0"},
				"south": {"uv": [0, 0, 5, 0.99456], "texture": "#0"},
				"west": {"uv": [0, 0, 1.25, 0.99456], "texture": "#0"}
			}
		},
		{
			"name": "hexadecagon",
			"from": [5.5, 3.50272, 14.5084],
			"to": [10.5, 4.49728, 15.7584],
			"rotation": {"angle": 0, "axis": "y", "origin": [8, 8.53909, 8]},
			"faces": {
				"east": {"uv": [0, 0, 1.25, 0.99456], "texture": "#0"},
				"south": {"uv": [0, 0, 5, 0.99456], "texture": "#0"},
				"west": {"uv": [0, 0, 1.25, 0.99456], "texture": "#0"}
			}
		},
		{
			"name": "hexadecagon",
			"from": [3.76296, 3.84824, 14.5084],
			"to": [8.76296, 4.8428, 15.7584],
			"rotation": {"angle": 22.5, "axis": "z", "origin": [8, 8.53909, 8]},
			"faces": {
				"east": {"uv": [0, 0, 1.25, 0.99456], "texture": "#0"},
				"south": {"uv": [0, 0, 5, 0.99456], "texture": "#0"},
				"west": {"uv": [0, 0, 1.25, 0.99456], "texture": "#0"}
			}
		},
		{
			"name": "hexadecagon",
			"from": [9.94995, 8.48632, 14.5084],
			"to": [10.94451, 13.48632, 15.7584],
			"rotation": {"angle": 45, "axis": "z", "origin": [8, 8.53909, 8]},
			"faces": {
				"south": {"uv": [0, 0, 0.99456, 5], "texture": "#0"},
				"up": {"uv": [0, 0, 0.99456, 1.25], "texture": "#0"},
				"down": {"uv": [0, 0, 0.99456, 1.25], "texture": "#0"}
			}
		},
		{
			"name": "hexadecagon",
			"from": [8.82715, 9.23655, 14.5084],
			"to": [9.82171, 14.23655, 15.7584],
			"rotation": {"angle": 22.5, "axis": "z", "origin": [8, 8.53909, 8]},
			"faces": {
				"south": {"uv": [0, 0, 0.99456, 5], "texture": "#0"},
				"up": {"uv": [0, 0, 0.99456, 1.25], "texture": "#0"},
				"down": {"uv": [0, 0, 0.99456, 1.25], "texture": "#0"}
			}
		},
		{
			"name": "hexadecagon",
			"from": [7.50272, 9.5, 14.5084],
			"to": [8.49728, 14.5, 15.7584],
			"rotation": {"angle": 0, "axis": "y", "origin": [8, 8.53909, 8]},
			"faces": {
				"south": {"uv": [0, 0, 0.99456, 5], "texture": "#0"},
				"up": {"uv": [0, 0, 0.99456, 1.25], "texture": "#0"},
				"down": {"uv": [0, 0, 0.99456, 1.25], "texture": "#0"}
			}
		},
		{
			"name": "hexadecagon",
			"from": [6.17829, 9.23655, 14.5084],
			"to": [7.17285, 14.23655, 15.7584],
			"rotation": {"angle": -22.5, "axis": "z", "origin": [8, 8.53909, 8]},
			"faces": {
				"south": {"uv": [0, 0, 0.99456, 5], "texture": "#0"},
				"up": {"uv": [0, 0, 0.99456, 1.25], "texture": "#0"},
				"down": {"uv": [0, 0, 0.99456, 1.25], "texture": "#0"}
			}
		},
		{
			"name": "hexadecagon",
			"from": [5.05549, 8.48632, 14.5084],
			"to": [6.05005, 13.48632, 15.7584],
			"rotation": {"angle": -45, "axis": "z", "origin": [8, 8.53909, 8]},
			"faces": {
				"south": {"uv": [0, 0, 0.99456, 5], "texture": "#0"},
				"up": {"uv": [0, 0, 0.99456, 1.25], "texture": "#0"},
				"down": {"uv": [0, 0, 0.99456, 1.25], "texture": "#0"}
			}
		},
		{
			"name": "hexadecagon",
			"from": [6.82443, 11.23927, 14.5084],
			"to": [11.82443, 12.23383, 15.7584],
			"rotation": {"angle": 22.5, "axis": "z", "origin": [8, 8.53909, 8]},
			"faces": {
				"east": {"uv": [0, 0, 1.25, 0.99456], "texture": "#0"},
				"south": {"uv": [0, 0, 5, 0.99456], "texture": "#0"},
				"west": {"uv": [0, 0, 1.25, 0.99456], "texture": "#0"}
			}
		},
		{
			"name": "hexadecagon",
			"from": [5.5, 11.50272, 14.5084],
			"to": [10.5, 12.49728, 15.7584],
			"rotation": {"angle": 0, "axis": "y", "origin": [8, 8.53909, 8]},
			"faces": {
				"east": {"uv": [0, 0, 1.25, 0.99456], "texture": "#0"},
				"south": {"uv": [0, 0, 5, 0.99456], "texture": "#0"},
				"west": {"uv": [0, 0, 1.25, 0.99456], "texture": "#0"}
			}
		},
		{
			"name": "hexadecagon",
			"from": [4.17557, 11.23927, 14.5084],
			"to": [9.17557, 12.23383, 15.7584],
			"rotation": {"angle": -22.5, "axis": "z", "origin": [8, 8.53909, 8]},
			"faces": {
				"east": {"uv": [0, 0, 1.25, 0.99456], "texture": "#0"},
				"south": {"uv": [0, 0, 5, 0.99456], "texture": "#0"},
				"west": {"uv": [0, 0, 1.25, 0.99456], "texture": "#0"}
			}
		},
		{
			"from": [4, 0, 12],
			"to": [12, 16, 14.5918],
			"rotation": {"angle": 0, "axis": "y", "origin": [8, 8.53909, 8]},
			"faces": {
				"east": {"uv": [0, 0, 2.5918, 16], "texture": "#0"},
				"south": {"uv": [0, 0, 8, 16], "texture": "#0"},
				"west": {"uv": [0, 0, 2.5918, 16], "texture": "#0"},
				"up": {"uv": [0, 0, 8, 2.5918], "texture": "#0", "cullface": "up"},
				"down": {"uv": [0, 0, 8, 2.5918], "texture": "#0", "cullface": "down"}
			}
		},
		{
			"name": "hexadecagon",
			"from": [5.5, 16, 7.50272],
			"to": [10.5, 17.25, 8.49728],
			"rotation": {"angle": -45, "axis": "y", "origin": [8, 8.53909, 8]},
			"faces": {
				"east": {"uv": [0, 0, 0.99456, 1.25], "texture": "#1", "cullface": "up"},
				"west": {"uv": [0, 0, 0.99456, 1.25], "texture": "#1", "cullface": "up"},
				"up": {"uv": [0, 0, 5, 0.99456], "texture": "#1", "cullface": "up"}
			}
		},
		{
			"name": "hexadecagon",
			"from": [5.5, 16, 7.50272],
			"to": [10.5, 17.25, 8.49728],
			"rotation": {"angle": -22.5, "axis": "y", "origin": [8, 8.53909, 8]},
			"faces": {
				"east": {"uv": [0, 0, 0.99456, 1.25], "texture": "#1", "cullface": "up"},
				"west": {"uv": [0, 0, 0.99456, 1.25], "texture": "#1", "cullface": "up"},
				"up": {"uv": [0, 0, 5, 0.99456], "texture": "#1", "cullface": "up"}
			}
		},
		{
			"name": "hexadecagon",
			"from": [5.5, 16, 7.50272],
			"to": [10.5, 17.25, 8.49728],
			"rotation": {"angle": 0, "axis": "y", "origin": [8, 8.53909, 8]},
			"faces": {
				"east": {"uv": [0, 0, 0.99456, 1.25], "texture": "#1", "cullface": "up"},
				"west": {"uv": [0, 0, 0.99456, 1.25], "texture": "#1", "cullface": "up"},
				"up": {"uv": [0, 0, 5, 0.99456], "texture": "#1", "cullface": "up"}
			}
		},
		{
			"name": "hexadecagon",
			"from": [5.5, 16, 7.50272],
			"to": [10.5, 17.25, 8.49728],
			"rotation": {"angle": 22.5, "axis": "y", "origin": [8, 8.53909, 8]},
			"faces": {
				"east": {"uv": [0, 0, 0.99456, 1.25], "texture": "#1", "cullface": "up"},
				"west": {"uv": [0, 0, 0.99456, 1.25], "texture": "#1", "cullface": "up"},
				"up": {"uv": [0, 0, 5, 0.99456], "texture": "#1", "cullface": "up"}
			}
		},
		{
			"name": "hexadecagon",
			"from": [5.5, 16, 7.50272],
			"to": [10.5, 17.25, 8.49728],
			"rotation": {"angle": 45, "axis": "y", "origin": [8, 8.53909, 8]},
			"faces": {
				"east": {"uv": [0, 0, 0.99456, 1.25], "texture": "#1", "cullface": "up"},
				"west": {"uv": [0, 0, 0.99456, 1.25], "texture": "#1", "cullface": "up"},
				"up": {"uv": [0, 0, 5, 0.99456], "texture": "#1", "cullface": "up"}
			}
		},
		{
			"name": "hexadecagon",
			"from": [7.50272, 16, 5.5],
			"to": [8.49728, 17.25, 10.5],
			"rotation": {"angle": -22.5, "axis": "y", "origin": [8, 8.53909, 8]},
			"faces": {
				"north": {"uv": [0, 0, 0.99456, 1.25], "texture": "#1", "cullface": "up"},
				"south": {"uv": [0, 0, 0.99456, 1.25], "texture": "#1", "cullface": "up"},
				"up": {"uv": [0, 0, 0.99456, 5], "texture": "#1", "cullface": "up"}
			}
		},
		{
			"name": "hexadecagon",
			"from": [7.50272, 16, 5.5],
			"to": [8.49728, 17.25, 10.5],
			"rotation": {"angle": 0, "axis": "y", "origin": [8, 8.53909, 8]},
			"faces": {
				"north": {"uv": [0, 0, 0.99456, 1.25], "texture": "#1", "cullface": "up"},
				"south": {"uv": [0, 0, 0.99456, 1.25], "texture": "#1", "cullface": "up"},
				"up": {"uv": [0, 0, 0.99456, 5], "texture": "#1", "cullface": "up"}
			}
		},
		{
			"name": "hexadecagon",
			"from": [7.50272, 16, 5.5],
			"to": [8.49728, 17.25, 10.5],
			"rotation": {"angle": 22.5, "axis": "y", "origin": [8, 8.53909, 8]},
			"faces": {
				"north": {"uv": [0, 0, 0.99456, 1.25], "texture": "#1", "cullface": "up"},
				"south": {"uv": [0, 0, 0.99456, 1.25], "texture": "#1", "cullface": "up"},
				"up": {"uv": [0, 0, 0.99456, 5], "texture": "#1", "cullface": "up"}
			}
		},
		{
			"from": [4, 2.6666, 4],
			"to": [12, 16, 12],
			"rotation": {"angle": 0, "axis": "y", "origin": [8, 8.53909, 8]},
			"faces": {
				"up": {"uv": [0, 0, 8, 8], "texture": "#1", "cullface": "up"},
				"down": {"uv": [0, 0, 8, 8], "texture": "#1", "cullface": "down"}
			}
		},
		{
			"from": [5, 0, 4],
			"to": [11, 2.6666, 5],
			"rotation": {"angle": 0, "axis": "y", "origin": [8, 8.53909, 8]},
			"faces": {
				"south": {"uv": [0, 0, 6, 2.6666], "texture": "#1", "cullface": "down"},
				"down": {"uv": [0, 0, 6, 1], "texture": "#1", "cullface": "down"}
			}
		},
		{
			"from": [11, 0, 4],
			"to": [12, 2.6666, 12],
			"rotation": {"angle": 0, "axis": "y", "origin": [8, 8.53909, 8]},
			"faces": {
				"west": {"uv": [0, 0, 8, 2.6666], "texture": "#1", "cullface": "down"},
				"down": {"uv": [0, 0, 1, 8], "texture": "#1", "cullface": "down"}
			}
		},
		{
			"from": [5, 0, 11],
			"to": [11, 2.6666, 12],
			"rotation": {"angle": 0, "axis": "y", "origin": [8, 8.53909, 8]},
			"faces": {
				"north": {"uv": [0, 0, 6, 2.6666], "texture": "#1", "cullface": "down"},
				"down": {"uv": [0, 0, 6, 1], "texture": "#1", "cullface": "down"}
			}
		},
		{
			"from": [4, 0, 4],
			"to": [5, 2.6666, 12],
			"rotation": {"angle": 0, "axis": "y", "origin": [8, 8.53909, 8]},
			"faces": {
				"east": {"uv": [0, 0, 8, 2.6666], "texture": "#1", "cullface": "down"},
				"down": {"uv": [0, 0, 1, 8], "texture": "#1", "cullface": "down"}
			}
		}
	],
	"display": {
		"thirdperson_righthand": {
			"rotation": [75, 45, 0],
			"translation": [0, 2.5, 0],
			"scale": [0.375, 0.375, 0.375]
		},
		"thirdperson_lefthand": {
			"rotation": [75, 45, 0],
			"translation": [0, 2.5, 0],
			"scale": [-0.375, 0.375, 0.375]
		},
		"firstperson_righthand": {
			"rotation": [0, 45, 0],
			"scale": [0.4, 0.4, 0.4]
		},
		"firstperson_lefthand": {
			"rotation": [0, 225, 0],
			"scale": [0.4, 0.4, 0.4]
		},
		"ground": {
			"translation": [0, 3, 0],
			"scale": [0.25, 0.25, 0.25]
		},
		"gui": {
			"rotation": [30, 135, 0],
			"scale": [0.625, 0.625, 0.625]
		},
		"fixed": {
			"scale": [0.5, 0.5, 0.5]
		}
	},
	"groups": [
		{
			"name": "flat_double_brick",
			"origin": [8, 8, 8],
			"color": 0,
			"children": [
				{
					"name": "hexadecagon",
					"origin": [8, 8, 8],
					"color": 0,
					"children": [0, 1, 2, 3, 4, 5, 6, 7]
				},
				{
					"name": "hexadecagon",
					"origin": [8, 8, 8],
					"color": 0,
					"children": [8, 9, 10, 11, 12, 13, 14, 15]
				}, 16]
		},
		{
			"name": "flat_double_brick",
			"origin": [8, 8, 8],
			"color": 0,
			"children": [
				{
					"name": "hexadecagon",
					"origin": [8, 8, 8],
					"color": 0,
					"children": [17, 18, 19, 20, 21, 22, 23, 24]
				},
				{
					"name": "hexadecagon",
					"origin": [8, 8, 8],
					"color": 0,
					"children": [25, 26, 27, 28, 29, 30, 31, 32]
				}, 33]
		},
		{
			"name": "flat_double_brick",
			"origin": [8, 8, 8],
			"color": 0,
			"children": [
				{
					"name": "hexadecagon",
					"origin": [8, 8, 8],
					"color": 0,
					"children": [34, 35, 36, 37, 38, 39, 40, 41]
				},
				{
					"name": "hexadecagon",
					"origin": [8, 8, 8],
					"color": 0,
					"children": [42, 43, 44, 45, 46, 47, 48, 49]
				}, 50]
		},
		{
			"name": "flat_double_brick",
			"origin": [8, 8, 8],
			"color": 0,
			"children": [
				{
					"name": "hexadecagon",
					"origin": [8, 8, 8],
					"color": 0,
					"children": [51, 52, 53, 54, 55, 56, 57, 58]
				},
				{
					"name": "hexadecagon",
					"origin": [8, 8, 8],
					"color": 0,
					"children": [59, 60, 61, 62, 63, 64, 65, 66]
				}, 67]
		},
		{
			"name": "group",
			"origin": [16, 0, 0],
			"color": 0,
			"children": [
				{
					"name": "group",
					"origin": [12, 16.5, 12],
					"color": 0,
					"children": [68, 69, 70, 71, 72, 73, 74, 75]
				}, 76, 77, 78, 79, 80]
		}
	]
}