{
	"credit": "AlexTestria | https://alex-bauerndistel.de",
	"textures": {
		"1": "brickcraft/material/plastics/shader_support/plastic27",
		"2": "brickcraft/material/plastics/shader_support/plastic05",
		"particle": "brickcraft/material/plastics/shader_support/plastic02"
	},
	"elements": [
		{
			"from": [0, 0.075, 0],
			"to": [16, 10.6666, 1],
			"faces": {
				"north": {"uv": [0, 0, 16, 10.6166], "texture": "#particle", "cullface": "north"},
				"east": {"uv": [0, 0, 1, 10.6166], "texture": "#particle", "cullface": "east"},
				"south": {"uv": [0, 0, 16, 10.6166], "texture": "#particle", "cullface": "down"},
				"west": {"uv": [0, 0, 1, 10.6166], "texture": "#particle", "cullface": "west"}
			}
		},
		{
			"from": [15, 0.075, 1],
			"to": [16, 10.6666, 15],
			"faces": {
				"east": {"uv": [0, 0, 14, 10.6166], "texture": "#particle", "cullface": "east"},
				"west": {"uv": [0, 0, 14, 10.6166], "texture": "#particle", "cullface": "down"}
			}
		},
		{
			"from": [0, 0.075, 1],
			"to": [1, 10.6666, 15],
			"faces": {
				"east": {"uv": [0, 0, 14, 10.6166], "texture": "#particle", "cullface": "down"},
				"west": {"uv": [0, 0, 14, 10.6166], "texture": "#particle", "cullface": "west"}
			}
		},
		{
			"from": [0, 0.075, 15],
			"to": [16, 10.6666, 16],
			"faces": {
				"north": {"uv": [0, 0, 16, 10.6166], "texture": "#particle", "cullface": "down"},
				"east": {"uv": [0, 0, 1, 10.6166], "texture": "#particle", "cullface": "east"},
				"south": {"uv": [0, 0, 16, 10.6166], "texture": "#particle", "cullface": "south"},
				"west": {"uv": [0, 0, 1, 10.6166], "texture": "#particle", "cullface": "west"}
			}
		},
		{
			"from": [0, 0, 1],
			"to": [1, 0.075, 15],
			"faces": {
				"east": {"uv": [0, 0, 14, 0.075], "texture": "#1", "cullface": "down"},
				"west": {"uv": [0, 0, 14, 0.075], "texture": "#1", "cullface": "west"},
				"down": {"uv": [0, 0, 1, 14], "texture": "#1", "cullface": "down"}
			}
		},
		{
			"from": [0, 0, 0],
			"to": [16, 0.075, 1],
			"faces": {
				"north": {"uv": [0, 0, 16, 0.075], "texture": "#1", "cullface": "north"},
				"east": {"uv": [0, 0, 1, 0.075], "texture": "#1", "cullface": "east"},
				"south": {"uv": [0, 0, 16, 0.075], "texture": "#1", "cullface": "down"},
				"west": {"uv": [0, 0, 1, 0.075], "texture": "#1", "cullface": "west"},
				"down": {"uv": [0, 0, 16, 1], "texture": "#1", "cullface": "down"}
			}
		},
		{
			"from": [0, 0, 15],
			"to": [16, 0.075, 16],
			"faces": {
				"north": {"uv": [0, 0, 16, 0.075], "texture": "#1", "cullface": "down"},
				"east": {"uv": [0, 0, 1, 0.075], "texture": "#1", "cullface": "east"},
				"south": {"uv": [0, 0, 16, 0.075], "texture": "#1", "cullface": "south"},
				"west": {"uv": [0, 0, 1, 0.075], "texture": "#1", "cullface": "west"},
				"down": {"uv": [0, 0, 16, 1], "texture": "#1", "cullface": "down"}
			}
		},
		{
			"from": [15, 0, 1],
			"to": [16, 0.075, 15],
			"faces": {
				"east": {"uv": [0, 0, 14, 0.075], "texture": "#1", "cullface": "east"},
				"west": {"uv": [0, 0, 14, 0.075], "texture": "#1", "cullface": "down"},
				"down": {"uv": [0, 0, 1, 14], "texture": "#1", "cullface": "down"}
			}
		},
		{
			"from": [0, 10.6666, 0],
			"to": [16, 10.7416, 16],
			"faces": {
				"north": {"uv": [0, 0, 15.5, 0.05], "texture": "#1", "cullface": "north"},
				"east": {"uv": [0, 0, 15.5, 0.05], "texture": "#1", "cullface": "east"},
				"south": {"uv": [0, 0, 15.5, 0.05], "texture": "#1", "cullface": "south"},
				"west": {"uv": [0, 0, 15.5, 0.05], "texture": "#1", "cullface": "west"},
				"down": {"uv": [0, 0, 15.5, 15.5], "texture": "#1", "cullface": "down"}
			}
		},
		{
			"from": [0, 10.7416, 0],
			"to": [16, 13.3332, 16],
			"rotation": {"angle": 0, "axis": "y", "origin": [0, 10.6532, 0]},
			"faces": {
				"north": {"uv": [0, 0, 16, 2.6166], "texture": "#particle", "cullface": "north"},
				"east": {"uv": [0, 0, 16, 2.6166], "texture": "#particle", "cullface": "east"},
				"south": {"uv": [0, 0, 16, 2.6166], "texture": "#particle", "cullface": "south"},
				"west": {"uv": [0, 0, 16, 2.6166], "texture": "#particle", "cullface": "west"}
			}
		},
		{
			"from": [0, 13.3332, 0],
			"to": [16, 13.4082, 16],
			"rotation": {"angle": 0, "axis": "y", "origin": [0, 10.6532, 0]},
			"faces": {
				"north": {"uv": [0, 0, 15.5, 0.05], "texture": "#1", "cullface": "north"},
				"east": {"uv": [0, 0, 15.5, 0.05], "texture": "#1", "cullface": "east"},
				"south": {"uv": [0, 0, 15.5, 0.05], "texture": "#1", "cullface": "south"},
				"west": {"uv": [0, 0, 15.5, 0.05], "texture": "#1", "cullface": "west"}
			}
		},
		{
			"from": [0, 13.4082, 0],
			"to": [16, 16, 16],
			"rotation": {"angle": 0, "axis": "y", "origin": [0, 13.3332, 0]},
			"faces": {
				"north": {"uv": [0, 0, 16, 2.6168], "texture": "#particle", "cullface": "north"},
				"east": {"uv": [0, 0, 16, 2.6168], "texture": "#particle", "cullface": "east"},
				"south": {"uv": [0, 0, 16, 2.6168], "texture": "#particle", "cullface": "south"},
				"west": {"uv": [0, 0, 16, 2.6168], "texture": "#particle", "cullface": "west"},
				"up": {"uv": [0, 0, 16, 16], "texture": "#particle", "cullface": "up"}
			}
		},
		{
			"name": "hexadecagon",
			"from": [11.75272, 16, 9.75],
			"to": [12.74728, 17.25, 14.75],
			"rotation": {"angle": -45, "axis": "y", "origin": [12.25, 16.5, 12.25]},
			"faces": {
				"north": {"uv": [0, 0, 0.99456, 1.25], "texture": "#particle", "cullface": "up"},
				"south": {"uv": [0, 0, 0.99456, 1.25], "texture": "#particle", "cullface": "up"},
				"up": {"uv": [0, 0, 0.99456, 5], "texture": "#particle", "cullface": "up"}
			}
		},
		{
			"name": "hexadecagon",
			"from": [11.75272, 16, 9.75],
			"to": [12.74728, 17.25, 14.75],
			"rotation": {"angle": -22.5, "axis": "y", "origin": [12.25, 16.5, 12.25]},
			"faces": {
				"north": {"uv": [0, 0, 0.99456, 1.25], "texture": "#particle", "cullface": "up"},
				"south": {"uv": [0, 0, 0.99456, 1.25], "texture": "#particle", "cullface": "up"},
				"up": {"uv": [0, 0, 0.99456, 5], "texture": "#particle", "cullface": "up"}
			}
		},
		{
			"name": "hexadecagon",
			"from": [11.75272, 16, 9.75],
			"to": [12.74728, 17.25, 14.75],
			"rotation": {"angle": 0, "axis": "y", "origin": [12.25, 16.5, 12.25]},
			"faces": {
				"north": {"uv": [0, 0, 0.99456, 1.25], "texture": "#particle", "cullface": "up"},
				"south": {"uv": [0, 0, 0.99456, 1.25], "texture": "#particle", "cullface": "up"},
				"up": {"uv": [0, 0, 0.99456, 5], "texture": "#particle", "cullface": "up"}
			}
		},
		{
			"name": "hexadecagon",
			"from": [11.75272, 16, 9.75],
			"to": [12.74728, 17.25, 14.75],
			"rotation": {"angle": 22.5, "axis": "y", "origin": [12.25, 16.5, 12.25]},
			"faces": {
				"north": {"uv": [0, 0, 0.99456, 1.25], "texture": "#particle", "cullface": "up"},
				"south": {"uv": [0, 0, 0.99456, 1.25], "texture": "#particle", "cullface": "up"},
				"up": {"uv": [0, 0, 0.99456, 5], "texture": "#particle", "cullface": "up"}
			}
		},
		{
			"name": "hexadecagon",
			"from": [11.75272, 16, 9.75],
			"to": [12.74728, 17.25, 14.75],
			"rotation": {"angle": 45, "axis": "y", "origin": [12.25, 16.5, 12.25]},
			"faces": {
				"north": {"uv": [0, 0, 0.99456, 1.25], "texture": "#particle", "cullface": "up"},
				"south": {"uv": [0, 0, 0.99456, 1.25], "texture": "#particle", "cullface": "up"},
				"up": {"uv": [0, 0, 0.99456, 5], "texture": "#particle", "cullface": "up"}
			}
		},
		{
			"name": "hexadecagon",
			"from": [9.75, 16, 11.75272],
			"to": [14.75, 17.25, 12.74728],
			"rotation": {"angle": -22.5, "axis": "y", "origin": [12.25, 16.5, 12.25]},
			"faces": {
				"east": {"uv": [0, 0, 0.99456, 1.25], "texture": "#particle", "cullface": "up"},
				"west": {"uv": [0, 0, 0.99456, 1.25], "texture": "#particle", "cullface": "up"},
				"up": {"uv": [0, 0, 5, 0.99456], "texture": "#particle", "cullface": "up"}
			}
		},
		{
			"name": "hexadecagon",
			"from": [9.75, 16, 11.75272],
			"to": [14.75, 17.25, 12.74728],
			"rotation": {"angle": 0, "axis": "y", "origin": [12.25, 16.5, 12.25]},
			"faces": {
				"east": {"uv": [0, 0, 0.99456, 1.25], "texture": "#particle", "cullface": "up"},
				"west": {"uv": [0, 0, 0.99456, 1.25], "texture": "#particle", "cullface": "up"},
				"up": {"uv": [0, 0, 5, 0.99456], "texture": "#particle", "cullface": "up"}
			}
		},
		{
			"name": "hexadecagon",
			"from": [9.75, 16, 11.75272],
			"to": [14.75, 17.25, 12.74728],
			"rotation": {"angle": 22.5, "axis": "y", "origin": [12.25, 16.5, 12.25]},
			"faces": {
				"east": {"uv": [0, 0, 0.99456, 1.25], "texture": "#particle", "cullface": "up"},
				"west": {"uv": [0, 0, 0.99456, 1.25], "texture": "#particle", "cullface": "up"},
				"up": {"uv": [0, 0, 5, 0.99456], "texture": "#particle", "cullface": "up"}
			}
		},
		{
			"name": "hexadecagon",
			"from": [11.75272, 16, 1.25],
			"to": [12.74728, 17.25, 6.25],
			"rotation": {"angle": 45, "axis": "y", "origin": [12.25, 16.5, 3.75]},
			"faces": {
				"north": {"uv": [0, 0, 0.99456, 1.25], "texture": "#particle", "cullface": "up"},
				"south": {"uv": [0, 0, 0.99456, 1.25], "texture": "#particle", "cullface": "up"},
				"up": {"uv": [0, 0, 0.99456, 5], "texture": "#particle", "cullface": "up"}
			}
		},
		{
			"name": "hexadecagon",
			"from": [11.75272, 16, 1.25],
			"to": [12.74728, 17.25, 6.25],
			"rotation": {"angle": 22.5, "axis": "y", "origin": [12.25, 16.5, 3.75]},
			"faces": {
				"north": {"uv": [0, 0, 0.99456, 1.25], "texture": "#particle", "cullface": "up"},
				"south": {"uv": [0, 0, 0.99456, 1.25], "texture": "#particle", "cullface": "up"},
				"up": {"uv": [0, 0, 0.99456, 5], "texture": "#particle", "cullface": "up"}
			}
		},
		{
			"name": "hexadecagon",
			"from": [11.75272, 16, 1.25],
			"to": [12.74728, 17.25, 6.25],
			"rotation": {"angle": 0, "axis": "y", "origin": [12.25, 16.5, 3.75]},
			"faces": {
				"north": {"uv": [0, 0, 0.99456, 1.25], "texture": "#particle", "cullface": "up"},
				"south": {"uv": [0, 0, 0.99456, 1.25], "texture": "#particle", "cullface": "up"},
				"up": {"uv": [0, 0, 0.99456, 5], "texture": "#particle", "cullface": "up"}
			}
		},
		{
			"name": "hexadecagon",
			"from": [11.75272, 16, 1.25],
			"to": [12.74728, 17.25, 6.25],
			"rotation": {"angle": -22.5, "axis": "y", "origin": [12.25, 16.5, 3.75]},
			"faces": {
				"north": {"uv": [0, 0, 0.99456, 1.25], "texture": "#particle", "cullface": "up"},
				"south": {"uv": [0, 0, 0.99456, 1.25], "texture": "#particle", "cullface": "up"},
				"up": {"uv": [0, 0, 0.99456, 5], "texture": "#particle", "cullface": "up"}
			}
		},
		{
			"name": "hexadecagon",
			"from": [11.75272, 16, 1.25],
			"to": [12.74728, 17.25, 6.25],
			"rotation": {"angle": -45, "axis": "y", "origin": [12.25, 16.5, 3.75]},
			"faces": {
				"north": {"uv": [0, 0, 0.99456, 1.25], "texture": "#particle", "cullface": "up"},
				"south": {"uv": [0, 0, 0.99456, 1.25], "texture": "#particle", "cullface": "up"},
				"up": {"uv": [0, 0, 0.99456, 5], "texture": "#particle", "cullface": "up"}
			}
		},
		{
			"name": "hexadecagon",
			"from": [9.75, 16, 3.25272],
			"to": [14.75, 17.25, 4.24728],
			"rotation": {"angle": 22.5, "axis": "y", "origin": [12.25, 16.5, 3.75]},
			"faces": {
				"east": {"uv": [0, 0, 0.99456, 1.25], "texture": "#particle", "cullface": "up"},
				"west": {"uv": [0, 0, 0.99456, 1.25], "texture": "#particle", "cullface": "up"},
				"up": {"uv": [0, 0, 5, 0.99456], "texture": "#particle", "cullface": "up"}
			}
		},
		{
			"name": "hexadecagon",
			"from": [9.75, 16, 3.25272],
			"to": [14.75, 17.25, 4.24728],
			"rotation": {"angle": 0, "axis": "y", "origin": [12.25, 16.5, 3.75]},
			"faces": {
				"east": {"uv": [0, 0, 0.99456, 1.25], "texture": "#particle", "cullface": "up"},
				"west": {"uv": [0, 0, 0.99456, 1.25], "texture": "#particle", "cullface": "up"},
				"up": {"uv": [0, 0, 5, 0.99456], "texture": "#particle", "cullface": "up"}
			}
		},
		{
			"name": "hexadecagon",
			"from": [9.75, 16, 3.25272],
			"to": [14.75, 17.25, 4.24728],
			"rotation": {"angle": -22.5, "axis": "y", "origin": [12.25, 16.5, 3.75]},
			"faces": {
				"east": {"uv": [0, 0, 0.99456, 1.25], "texture": "#particle", "cullface": "up"},
				"west": {"uv": [0, 0, 0.99456, 1.25], "texture": "#particle", "cullface": "up"},
				"up": {"uv": [0, 0, 5, 0.99456], "texture": "#particle", "cullface": "up"}
			}
		},
		{
			"name": "hexadecagon",
			"from": [3.25272, 16, 9.75],
			"to": [4.24728, 17.25, 14.75],
			"rotation": {"angle": 45, "axis": "y", "origin": [3.75, 16.5, 12.25]},
			"faces": {
				"north": {"uv": [0, 0, 0.99456, 1.25], "texture": "#particle", "cullface": "up"},
				"south": {"uv": [0, 0, 0.99456, 1.25], "texture": "#particle", "cullface": "up"},
				"up": {"uv": [0, 0, 0.99456, 5], "texture": "#particle", "cullface": "up"}
			}
		},
		{
			"name": "hexadecagon",
			"from": [3.25272, 16, 9.75],
			"to": [4.24728, 17.25, 14.75],
			"rotation": {"angle": 22.5, "axis": "y", "origin": [3.75, 16.5, 12.25]},
			"faces": {
				"north": {"uv": [0, 0, 0.99456, 1.25], "texture": "#particle", "cullface": "up"},
				"south": {"uv": [0, 0, 0.99456, 1.25], "texture": "#particle", "cullface": "up"},
				"up": {"uv": [0, 0, 0.99456, 5], "texture": "#particle", "cullface": "up"}
			}
		},
		{
			"name": "hexadecagon",
			"from": [3.25272, 16, 9.75],
			"to": [4.24728, 17.25, 14.75],
			"rotation": {"angle": 0, "axis": "y", "origin": [3.75, 16.5, 12.25]},
			"faces": {
				"north": {"uv": [0, 0, 0.99456, 1.25], "texture": "#particle", "cullface": "up"},
				"south": {"uv": [0, 0, 0.99456, 1.25], "texture": "#particle", "cullface": "up"},
				"up": {"uv": [0, 0, 0.99456, 5], "texture": "#particle", "cullface": "up"}
			}
		},
		{
			"name": "hexadecagon",
			"from": [3.25272, 16, 9.75],
			"to": [4.24728, 17.25, 14.75],
			"rotation": {"angle": -22.5, "axis": "y", "origin": [3.75, 16.5, 12.25]},
			"faces": {
				"north": {"uv": [0, 0, 0.99456, 1.25], "texture": "#particle", "cullface": "up"},
				"south": {"uv": [0, 0, 0.99456, 1.25], "texture": "#particle", "cullface": "up"},
				"up": {"uv": [0, 0, 0.99456, 5], "texture": "#particle", "cullface": "up"}
			}
		},
		{
			"name": "hexadecagon",
			"from": [3.25272, 16, 9.75],
			"to": [4.24728, 17.25, 14.75],
			"rotation": {"angle": -45, "axis": "y", "origin": [3.75, 16.5, 12.25]},
			"faces": {
				"north": {"uv": [0, 0, 0.99456, 1.25], "texture": "#particle", "cullface": "up"},
				"south": {"uv": [0, 0, 0.99456, 1.25], "texture": "#particle", "cullface": "up"},
				"up": {"uv": [0, 0, 0.99456, 5], "texture": "#particle", "cullface": "up"}
			}
		},
		{
			"name": "hexadecagon",
			"from": [1.25, 16, 11.75272],
			"to": [6.25, 17.25, 12.74728],
			"rotation": {"angle": 22.5, "axis": "y", "origin": [3.75, 16.5, 12.25]},
			"faces": {
				"east": {"uv": [0, 0, 0.99456, 1.25], "texture": "#particle", "cullface": "up"},
				"west": {"uv": [0, 0, 0.99456, 1.25], "texture": "#particle", "cullface": "up"},
				"up": {"uv": [0, 0, 5, 0.99456], "texture": "#particle", "cullface": "up"}
			}
		},
		{
			"name": "hexadecagon",
			"from": [1.25, 16, 11.75272],
			"to": [6.25, 17.25, 12.74728],
			"rotation": {"angle": 0, "axis": "y", "origin": [3.75, 16.5, 12.25]},
			"faces": {
				"east": {"uv": [0, 0, 0.99456, 1.25], "texture": "#particle", "cullface": "up"},
				"west": {"uv": [0, 0, 0.99456, 1.25], "texture": "#particle", "cullface": "up"},
				"up": {"uv": [0, 0, 5, 0.99456], "texture": "#particle", "cullface": "up"}
			}
		},
		{
			"name": "hexadecagon",
			"from": [1.25, 16, 11.75272],
			"to": [6.25, 17.25, 12.74728],
			"rotation": {"angle": -22.5, "axis": "y", "origin": [3.75, 16.5, 12.25]},
			"faces": {
				"east": {"uv": [0, 0, 0.99456, 1.25], "texture": "#particle", "cullface": "up"},
				"west": {"uv": [0, 0, 0.99456, 1.25], "texture": "#particle", "cullface": "up"},
				"up": {"uv": [0, 0, 5, 0.99456], "texture": "#particle", "cullface": "up"}
			}
		},
		{
			"name": "hexadecagon",
			"from": [4.5, 0.075, 7.30381],
			"to": [5.5, 10.75, 8.69619],
			"rotation": {"angle": 0, "axis": "y", "origin": [8, 5.4, 8]},
			"faces": {
				"east": {"uv": [0, 0, 1.39239, 10.7], "texture": "#particle", "cullface": "down"},
				"west": {"uv": [0, 0, 1.39239, 10.7], "texture": "#particle", "cullface": "down"},
				"down": {"uv": [0, 0, 1, 1.39239], "texture": "#particle", "cullface": "down"}
			}
		},
		{
			"name": "hexadecagon",
			"from": [10.5, 0.075, 7.30381],
			"to": [11.5, 10.75, 8.69619],
			"rotation": {"angle": 0, "axis": "y", "origin": [8, 5.4, 8]},
			"faces": {
				"east": {"uv": [0, 0, 1.39239, 10.7], "texture": "#particle", "cullface": "down"},
				"west": {"uv": [0, 0, 1.39239, 10.7], "texture": "#particle", "cullface": "down"},
				"down": {"uv": [0, 0, 1, 1.39239], "texture": "#particle", "cullface": "down"}
			}
		},
		{
			"name": "hexadecagon",
			"from": [4.5, 0.075, 7.30381],
			"to": [5.5, 10.75, 8.69619],
			"rotation": {"angle": 22.5, "axis": "y", "origin": [8, 5.4, 8]},
			"faces": {
				"east": {"uv": [0, 0, 1.39239, 10.7], "texture": "#particle", "cullface": "down"},
				"west": {"uv": [0, 0, 1.39239, 10.7], "texture": "#particle", "cullface": "down"},
				"down": {"uv": [0, 0, 1, 1.39239], "texture": "#particle", "cullface": "down"}
			}
		},
		{
			"name": "hexadecagon",
			"from": [10.5, 0.075, 7.30381],
			"to": [11.5, 10.75, 8.69619],
			"rotation": {"angle": 22.5, "axis": "y", "origin": [8, 5.4, 8]},
			"faces": {
				"east": {"uv": [0, 0, 1.39239, 10.7], "texture": "#particle", "cullface": "down"},
				"west": {"uv": [0, 0, 1.39239, 10.7], "texture": "#particle", "cullface": "down"},
				"down": {"uv": [0, 0, 1, 1.39239], "texture": "#particle", "cullface": "down"}
			}
		},
		{
			"name": "hexadecagon",
			"from": [4.5, 0.075, 7.30381],
			"to": [5.5, 10.75, 8.69619],
			"rotation": {"angle": 45, "axis": "y", "origin": [8, 5.4, 8]},
			"faces": {
				"east": {"uv": [0, 0, 1.39239, 10.7], "texture": "#particle", "cullface": "down"},
				"west": {"uv": [0, 0, 1.39239, 10.7], "texture": "#particle", "cullface": "down"},
				"down": {"uv": [0, 0, 1, 1.39239], "texture": "#particle", "cullface": "down"}
			}
		},
		{
			"name": "hexadecagon",
			"from": [10.5, 0.075, 7.30381],
			"to": [11.5, 10.75, 8.69619],
			"rotation": {"angle": 45, "axis": "y", "origin": [8, 5.4, 8]},
			"faces": {
				"east": {"uv": [0, 0, 1.39239, 10.7], "texture": "#particle", "cullface": "down"},
				"west": {"uv": [0, 0, 1.39239, 10.7], "texture": "#particle", "cullface": "down"},
				"down": {"uv": [0, 0, 1, 1.39239], "texture": "#particle", "cullface": "down"}
			}
		},
		{
			"name": "hexadecagon",
			"from": [7.30381, 0.075, 10.5],
			"to": [8.69619, 10.75, 11.5],
			"rotation": {"angle": -22.5, "axis": "y", "origin": [8, 5.4, 8]},
			"faces": {
				"north": {"uv": [0, 0, 1.39239, 10.7], "texture": "#particle", "cullface": "down"},
				"south": {"uv": [0, 0, 1.39239, 10.7], "texture": "#particle", "cullface": "down"},
				"down": {"uv": [0, 0, 1.39239, 1], "texture": "#particle", "cullface": "down"}
			}
		},
		{
			"name": "hexadecagon",
			"from": [7.30381, 0.075, 4.5],
			"to": [8.69619, 10.75, 5.5],
			"rotation": {"angle": -22.5, "axis": "y", "origin": [8, 5.4, 8]},
			"faces": {
				"north": {"uv": [0, 0, 1.39239, 10.7], "texture": "#particle", "cullface": "down"},
				"south": {"uv": [0, 0, 1.39239, 10.7], "texture": "#particle", "cullface": "down"},
				"down": {"uv": [0, 0, 1.39239, 1], "texture": "#particle", "cullface": "down"}
			}
		},
		{
			"name": "hexadecagon",
			"from": [7.30381, 0.075, 10.5],
			"to": [8.69619, 10.75, 11.5],
			"rotation": {"angle": 0, "axis": "y", "origin": [8, 5.4, 8]},
			"faces": {
				"north": {"uv": [0, 0, 1.39239, 10.7], "texture": "#particle", "cullface": "down"},
				"south": {"uv": [0, 0, 1.39239, 10.7], "texture": "#particle", "cullface": "down"},
				"down": {"uv": [0, 0, 1.39239, 1], "texture": "#particle", "cullface": "down"}
			}
		},
		{
			"name": "hexadecagon",
			"from": [7.30381, 0.075, 4.5],
			"to": [8.69619, 10.75, 5.5],
			"rotation": {"angle": 0, "axis": "y", "origin": [8, 5.4, 8]},
			"faces": {
				"north": {"uv": [0, 0, 1.39239, 10.7], "texture": "#particle", "cullface": "down"},
				"south": {"uv": [0, 0, 1.39239, 10.7], "texture": "#particle", "cullface": "down"},
				"down": {"uv": [0, 0, 1.39239, 1], "texture": "#particle", "cullface": "down"}
			}
		},
		{
			"name": "hexadecagon",
			"from": [7.30381, 0.075, 10.5],
			"to": [8.69619, 10.75, 11.5],
			"rotation": {"angle": 22.5, "axis": "y", "origin": [8, 5.4, 8]},
			"faces": {
				"north": {"uv": [0, 0, 1.39239, 10.7], "texture": "#particle", "cullface": "down"},
				"south": {"uv": [0, 0, 1.39239, 10.7], "texture": "#particle", "cullface": "down"},
				"down": {"uv": [0, 0, 1.39239, 1], "texture": "#particle", "cullface": "down"}
			}
		},
		{
			"name": "hexadecagon",
			"from": [7.30381, 0.075, 4.5],
			"to": [8.69619, 10.75, 5.5],
			"rotation": {"angle": 22.5, "axis": "y", "origin": [8, 5.4, 8]},
			"faces": {
				"north": {"uv": [0, 0, 1.39239, 10.7], "texture": "#particle", "cullface": "down"},
				"south": {"uv": [0, 0, 1.39239, 10.7], "texture": "#particle", "cullface": "down"},
				"down": {"uv": [0, 0, 1.39239, 1], "texture": "#particle", "cullface": "down"}
			}
		},
		{
			"name": "hexadecagon",
			"from": [7.30381, 0.075, 10.5],
			"to": [8.69619, 10.75, 11.5],
			"rotation": {"angle": 45, "axis": "y", "origin": [8, 5.4, 8]},
			"faces": {
				"north": {"uv": [0, 0, 1.39239, 10.7], "texture": "#particle", "cullface": "down"},
				"south": {"uv": [0, 0, 1.39239, 10.7], "texture": "#particle", "cullface": "down"},
				"down": {"uv": [0, 0, 1.39239, 1], "texture": "#particle", "cullface": "down"}
			}
		},
		{
			"name": "hexadecagon",
			"from": [7.30381, 0.075, 4.5],
			"to": [8.69619, 10.75, 5.5],
			"rotation": {"angle": 45, "axis": "y", "origin": [8, 5.4, 8]},
			"faces": {
				"north": {"uv": [0, 0, 1.39239, 10.7], "texture": "#particle", "cullface": "down"},
				"south": {"uv": [0, 0, 1.39239, 10.7], "texture": "#particle", "cullface": "down"},
				"down": {"uv": [0, 0, 1.39239, 1], "texture": "#particle", "cullface": "down"}
			}
		},
		{
			"name": "hexadecagon",
			"from": [10.5, 0.075, 7.30381],
			"to": [11.5, 10.75, 8.69619],
			"rotation": {"angle": -22.5, "axis": "y", "origin": [8, 5.4, 8]},
			"faces": {
				"east": {"uv": [0, 0, 1.39239, 10.7], "texture": "#particle", "cullface": "down"},
				"west": {"uv": [0, 0, 1.39239, 10.7], "texture": "#particle", "cullface": "down"},
				"down": {"uv": [0, 0, 1, 1.39239], "texture": "#particle", "cullface": "down"}
			}
		},
		{
			"name": "hexadecagon",
			"from": [4.5, 0.075, 7.30381],
			"to": [5.5, 10.75, 8.69619],
			"rotation": {"angle": -22.5, "axis": "y", "origin": [8, 5.4, 8]},
			"faces": {
				"east": {"uv": [0, 0, 1.39239, 10.7], "texture": "#particle", "cullface": "down"},
				"west": {"uv": [0, 0, 1.39239, 10.7], "texture": "#particle", "cullface": "down"},
				"down": {"uv": [0, 0, 1, 1.39239], "texture": "#particle", "cullface": "down"}
			}
		},
		{
			"name": "hexadecagon",
			"from": [3.25272, 17.75, 1.25],
			"to": [4.24728, 19, 6.25],
			"rotation": {"angle": 45, "axis": "y", "origin": [3.75, 18.25, 3.75]},
			"faces": {
				"north": {"uv": [0, 0, 0.99456, 1.25], "texture": "#2", "cullface": "up"},
				"east": {"uv": [0, 0, 5, 1.25], "texture": "#2", "cullface": "up"},
				"south": {"uv": [0, 0, 0.99456, 1.25], "texture": "#2", "cullface": "up"},
				"west": {"uv": [0, 0, 5, 1.25], "texture": "#2", "cullface": "up"},
				"up": {"uv": [0, 0, 0.99456, 5], "texture": "#2", "cullface": "up"},
				"down": {"uv": [0, 0, 0.99456, 5], "texture": "#2", "cullface": "up"}
			}
		},
		{
			"name": "hexadecagon",
			"from": [3.25272, 17.75, 1.25],
			"to": [4.24728, 19, 6.25],
			"rotation": {"angle": 22.5, "axis": "y", "origin": [3.75, 18.25, 3.75]},
			"faces": {
				"north": {"uv": [0, 0, 0.99456, 1.25], "texture": "#2", "cullface": "up"},
				"east": {"uv": [0, 0, 5, 1.25], "texture": "#2", "cullface": "up"},
				"south": {"uv": [0, 0, 0.99456, 1.25], "texture": "#2", "cullface": "up"},
				"west": {"uv": [0, 0, 5, 1.25], "texture": "#2", "cullface": "up"},
				"up": {"uv": [0, 0, 0.99456, 5], "texture": "#2", "cullface": "up"},
				"down": {"uv": [0, 0, 0.99456, 5], "texture": "#2", "cullface": "up"}
			}
		},
		{
			"name": "hexadecagon",
			"from": [3.25272, 17.75, 1.25],
			"to": [4.24728, 19, 6.25],
			"rotation": {"angle": 0, "axis": "y", "origin": [3.75, 18.25, 3.75]},
			"faces": {
				"north": {"uv": [0, 0, 0.99456, 1.25], "texture": "#2", "cullface": "up"},
				"east": {"uv": [0, 0, 5, 1.25], "texture": "#2", "cullface": "up"},
				"south": {"uv": [0, 0, 0.99456, 1.25], "texture": "#2", "cullface": "up"},
				"west": {"uv": [0, 0, 5, 1.25], "texture": "#2", "cullface": "up"},
				"up": {"uv": [0, 0, 0.99456, 5], "texture": "#2", "cullface": "up"},
				"down": {"uv": [0, 0, 0.99456, 5], "texture": "#2", "cullface": "up"}
			}
		},
		{
			"name": "hexadecagon",
			"from": [3.25272, 17.75, 1.25],
			"to": [4.24728, 19, 6.25],
			"rotation": {"angle": -22.5, "axis": "y", "origin": [3.75, 18.25, 3.75]},
			"faces": {
				"north": {"uv": [0, 0, 0.99456, 1.25], "texture": "#2", "cullface": "up"},
				"east": {"uv": [0, 0, 5, 1.25], "texture": "#2", "cullface": "up"},
				"south": {"uv": [0, 0, 0.99456, 1.25], "texture": "#2", "cullface": "up"},
				"west": {"uv": [0, 0, 5, 1.25], "texture": "#2", "cullface": "up"},
				"up": {"uv": [0, 0, 0.99456, 5], "texture": "#2", "cullface": "up"},
				"down": {"uv": [0, 0, 0.99456, 5], "texture": "#2", "cullface": "up"}
			}
		},
		{
			"name": "hexadecagon",
			"from": [3.25272, 17.75, 1.25],
			"to": [4.24728, 19, 6.25],
			"rotation": {"angle": -45, "axis": "y", "origin": [3.75, 18.25, 3.75]},
			"faces": {
				"north": {"uv": [0, 0, 0.99456, 1.25], "texture": "#2", "cullface": "up"},
				"east": {"uv": [0, 0, 5, 1.25], "texture": "#2", "cullface": "up"},
				"south": {"uv": [0, 0, 0.99456, 1.25], "texture": "#2", "cullface": "up"},
				"west": {"uv": [0, 0, 5, 1.25], "texture": "#2", "cullface": "up"},
				"up": {"uv": [0, 0, 0.99456, 5], "texture": "#2", "cullface": "up"},
				"down": {"uv": [0, 0, 0.99456, 5], "texture": "#2", "cullface": "up"}
			}
		},
		{
			"name": "hexadecagon",
			"from": [1.25, 17.75, 3.25272],
			"to": [6.25, 19, 4.24728],
			"rotation": {"angle": 22.5, "axis": "y", "origin": [3.75, 18.25, 3.75]},
			"faces": {
				"north": {"uv": [0, 0, 5, 1.25], "texture": "#2", "cullface": "up"},
				"east": {"uv": [0, 0, 0.99456, 1.25], "texture": "#2", "cullface": "up"},
				"south": {"uv": [0, 0, 5, 1.25], "texture": "#2", "cullface": "up"},
				"west": {"uv": [0, 0, 0.99456, 1.25], "texture": "#2", "cullface": "up"},
				"up": {"uv": [0, 0, 5, 0.99456], "texture": "#2", "cullface": "up"},
				"down": {"uv": [0, 0, 5, 0.99456], "texture": "#2", "cullface": "up"}
			}
		},
		{
			"name": "hexadecagon",
			"from": [1.25, 17.75, 3.25272],
			"to": [6.25, 19, 4.24728],
			"rotation": {"angle": 0, "axis": "y", "origin": [3.75, 18.25, 3.75]},
			"faces": {
				"north": {"uv": [0, 0, 5, 1.25], "texture": "#2", "cullface": "up"},
				"east": {"uv": [0, 0, 0.99456, 1.25], "texture": "#2", "cullface": "up"},
				"south": {"uv": [0, 0, 5, 1.25], "texture": "#2", "cullface": "up"},
				"west": {"uv": [0, 0, 0.99456, 1.25], "texture": "#2", "cullface": "up"},
				"up": {"uv": [0, 0, 5, 0.99456], "texture": "#2", "cullface": "up"},
				"down": {"uv": [0, 0, 5, 0.99456], "texture": "#2", "cullface": "up"}
			}
		},
		{
			"name": "hexadecagon",
			"from": [1.25, 17.75, 3.25272],
			"to": [6.25, 19, 4.24728],
			"rotation": {"angle": -22.5, "axis": "y", "origin": [3.75, 18.25, 3.75]},
			"faces": {
				"north": {"uv": [0, 0, 5, 1.25], "texture": "#2", "cullface": "up"},
				"east": {"uv": [0, 0, 0.99456, 1.25], "texture": "#2", "cullface": "up"},
				"south": {"uv": [0, 0, 5, 1.25], "texture": "#2", "cullface": "up"},
				"west": {"uv": [0, 0, 0.99456, 1.25], "texture": "#2", "cullface": "up"},
				"up": {"uv": [0, 0, 5, 0.99456], "texture": "#2", "cullface": "up"},
				"down": {"uv": [0, 0, 5, 0.99456], "texture": "#2", "cullface": "up"}
			}
		},
		{
			"name": "hexadecagon",
			"from": [3.10353, 15.75, 0.5],
			"to": [4.39647, 17.25, 7],
			"rotation": {"angle": -45, "axis": "y", "origin": [3.75, 16.25, 3.75]},
			"faces": {
				"north": {"uv": [0, 0, 1.29293, 1.5], "texture": "#2", "cullface": "up"},
				"east": {"uv": [0, 0, 6.5, 1.5], "texture": "#2", "cullface": "up"},
				"south": {"uv": [0, 0, 1.29293, 1.5], "texture": "#2", "cullface": "up"},
				"west": {"uv": [0, 0, 6.5, 1.5], "texture": "#2", "cullface": "up"},
				"up": {"uv": [0, 0, 1.29293, 6.5], "texture": "#2", "cullface": "up"},
				"down": {"uv": [0, 0, 1.29293, 6.5], "texture": "#2", "cullface": "up"}
			}
		},
		{
			"name": "hexadecagon",
			"from": [3.10353, 15.75, 0.5],
			"to": [4.39647, 17.25, 7],
			"rotation": {"angle": -22.5, "axis": "y", "origin": [3.75, 16.25, 3.75]},
			"faces": {
				"north": {"uv": [0, 0, 1.29293, 1.5], "texture": "#2", "cullface": "up"},
				"east": {"uv": [0, 0, 6.5, 1.5], "texture": "#2", "cullface": "up"},
				"south": {"uv": [0, 0, 1.29293, 1.5], "texture": "#2", "cullface": "up"},
				"west": {"uv": [0, 0, 6.5, 1.5], "texture": "#2", "cullface": "up"},
				"up": {"uv": [0, 0, 1.29293, 6.5], "texture": "#2", "cullface": "up"},
				"down": {"uv": [0, 0, 1.29293, 6.5], "texture": "#2", "cullface": "up"}
			}
		},
		{
			"name": "hexadecagon",
			"from": [3.10353, 15.75, 0.5],
			"to": [4.39647, 17.25, 7],
			"rotation": {"angle": 0, "axis": "y", "origin": [3.75, 16.25, 3.75]},
			"faces": {
				"north": {"uv": [0, 0, 1.29293, 1.5], "texture": "#2", "cullface": "up"},
				"east": {"uv": [0, 0, 6.5, 1.5], "texture": "#2", "cullface": "up"},
				"south": {"uv": [0, 0, 1.29293, 1.5], "texture": "#2", "cullface": "up"},
				"west": {"uv": [0, 0, 6.5, 1.5], "texture": "#2", "cullface": "up"},
				"up": {"uv": [0, 0, 1.29293, 6.5], "texture": "#2", "cullface": "up"},
				"down": {"uv": [0, 0, 1.29293, 6.5], "texture": "#2", "cullface": "up"}
			}
		},
		{
			"name": "hexadecagon",
			"from": [3.10353, 15.75, 0.5],
			"to": [4.39647, 17.25, 7],
			"rotation": {"angle": 22.5, "axis": "y", "origin": [3.75, 16.25, 3.75]},
			"faces": {
				"north": {"uv": [0, 0, 1.29293, 1.5], "texture": "#2", "cullface": "up"},
				"east": {"uv": [0, 0, 6.5, 1.5], "texture": "#2", "cullface": "up"},
				"south": {"uv": [0, 0, 1.29293, 1.5], "texture": "#2", "cullface": "up"},
				"west": {"uv": [0, 0, 6.5, 1.5], "texture": "#2", "cullface": "up"},
				"up": {"uv": [0, 0, 1.29293, 6.5], "texture": "#2", "cullface": "up"},
				"down": {"uv": [0, 0, 1.29293, 6.5], "texture": "#2", "cullface": "up"}
			}
		},
		{
			"name": "hexadecagon",
			"from": [3.10353, 15.75, 0.5],
			"to": [4.39647, 17.25, 7],
			"rotation": {"angle": 45, "axis": "y", "origin": [3.75, 16.25, 3.75]},
			"faces": {
				"north": {"uv": [0, 0, 1.29293, 1.5], "texture": "#2", "cullface": "up"},
				"east": {"uv": [0, 0, 6.5, 1.5], "texture": "#2", "cullface": "up"},
				"south": {"uv": [0, 0, 1.29293, 1.5], "texture": "#2", "cullface": "up"},
				"west": {"uv": [0, 0, 6.5, 1.5], "texture": "#2", "cullface": "up"},
				"up": {"uv": [0, 0, 1.29293, 6.5], "texture": "#2", "cullface": "up"},
				"down": {"uv": [0, 0, 1.29293, 6.5], "texture": "#2", "cullface": "up"}
			}
		},
		{
			"name": "hexadecagon",
			"from": [0.5, 15.75, 3.10353],
			"to": [7, 17.25, 4.39647],
			"rotation": {"angle": -22.5, "axis": "y", "origin": [3.75, 16.25, 3.75]},
			"faces": {
				"north": {"uv": [0, 0, 6.5, 1.5], "texture": "#2", "cullface": "up"},
				"east": {"uv": [0, 0, 1.29293, 1.5], "texture": "#2", "cullface": "up"},
				"south": {"uv": [0, 0, 6.5, 1.5], "texture": "#2", "cullface": "up"},
				"west": {"uv": [0, 0, 1.29293, 1.5], "texture": "#2", "cullface": "up"},
				"up": {"uv": [0, 0, 6.5, 1.29293], "texture": "#2", "cullface": "up"},
				"down": {"uv": [0, 0, 6.5, 1.29293], "texture": "#2", "cullface": "up"}
			}
		},
		{
			"name": "hexadecagon",
			"from": [0.5, 15.75, 3.10353],
			"to": [7, 17.25, 4.39647],
			"rotation": {"angle": 0, "axis": "y", "origin": [3.75, 16.25, 3.75]},
			"faces": {
				"north": {"uv": [0, 0, 6.5, 1.5], "texture": "#2", "cullface": "up"},
				"east": {"uv": [0, 0, 1.29293, 1.5], "texture": "#2", "cullface": "up"},
				"south": {"uv": [0, 0, 6.5, 1.5], "texture": "#2", "cullface": "up"},
				"west": {"uv": [0, 0, 1.29293, 1.5], "texture": "#2", "cullface": "up"},
				"up": {"uv": [0, 0, 6.5, 1.29293], "texture": "#2", "cullface": "up"},
				"down": {"uv": [0, 0, 6.5, 1.29293], "texture": "#2", "cullface": "up"}
			}
		},
		{
			"name": "hexadecagon",
			"from": [0.5, 15.75, 3.10353],
			"to": [7, 17.25, 4.39647],
			"rotation": {"angle": 22.5, "axis": "y", "origin": [3.75, 16.25, 3.75]},
			"faces": {
				"north": {"uv": [0, 0, 6.5, 1.5], "texture": "#2", "cullface": "up"},
				"east": {"uv": [0, 0, 1.29293, 1.5], "texture": "#2", "cullface": "up"},
				"south": {"uv": [0, 0, 6.5, 1.5], "texture": "#2", "cullface": "up"},
				"west": {"uv": [0, 0, 1.29293, 1.5], "texture": "#2", "cullface": "up"},
				"up": {"uv": [0, 0, 6.5, 1.29293], "texture": "#2", "cullface": "up"},
				"down": {"uv": [0, 0, 6.5, 1.29293], "texture": "#2", "cullface": "up"}
			}
		},
		{
			"name": "hexadecagon",
			"from": [3.00408, 17.25, 0],
			"to": [4.49592, 17.75, 7.5],
			"rotation": {"angle": -45, "axis": "y", "origin": [3.75, 17.75, 3.75]},
			"faces": {
				"north": {"uv": [0, 0, 1.49184, 0.5], "texture": "#2", "cullface": "up"},
				"east": {"uv": [0, 0, 7.5, 0.5], "texture": "#2", "cullface": "up"},
				"south": {"uv": [0, 0, 1.49184, 0.5], "texture": "#2", "cullface": "up"},
				"west": {"uv": [0, 0, 7.5, 0.5], "texture": "#2", "cullface": "up"},
				"up": {"uv": [0, 0, 1.49184, 7.5], "texture": "#2", "cullface": "up"},
				"down": {"uv": [0, 0, 1.49184, 7.5], "texture": "#2", "cullface": "up"}
			}
		},
		{
			"name": "hexadecagon",
			"from": [3.00408, 17.25, 0],
			"to": [4.49592, 17.75, 7.5],
			"rotation": {"angle": -22.5, "axis": "y", "origin": [3.75, 17.75, 3.75]},
			"faces": {
				"north": {"uv": [0, 0, 1.49184, 0.5], "texture": "#2", "cullface": "up"},
				"east": {"uv": [0, 0, 7.5, 0.5], "texture": "#2", "cullface": "up"},
				"south": {"uv": [0, 0, 1.49184, 0.5], "texture": "#2", "cullface": "up"},
				"west": {"uv": [0, 0, 7.5, 0.5], "texture": "#2", "cullface": "up"},
				"up": {"uv": [0, 0, 1.49184, 7.5], "texture": "#2", "cullface": "up"},
				"down": {"uv": [0, 0, 1.49184, 7.5], "texture": "#2", "cullface": "up"}
			}
		},
		{
			"name": "hexadecagon",
			"from": [3.00408, 17.25, 0],
			"to": [4.49592, 17.75, 7.5],
			"rotation": {"angle": 0, "axis": "y", "origin": [3.75, 17.75, 3.75]},
			"faces": {
				"north": {"uv": [0, 0, 1.49184, 0.5], "texture": "#2", "cullface": "up"},
				"east": {"uv": [0, 0, 7.5, 0.5], "texture": "#2", "cullface": "up"},
				"south": {"uv": [0, 0, 1.49184, 0.5], "texture": "#2", "cullface": "up"},
				"west": {"uv": [0, 0, 7.5, 0.5], "texture": "#2", "cullface": "up"},
				"up": {"uv": [0, 0, 1.49184, 7.5], "texture": "#2", "cullface": "up"},
				"down": {"uv": [0, 0, 1.49184, 7.5], "texture": "#2", "cullface": "up"}
			}
		},
		{
			"name": "hexadecagon",
			"from": [3.00408, 17.25, 0],
			"to": [4.49592, 17.75, 7.5],
			"rotation": {"angle": 22.5, "axis": "y", "origin": [3.75, 17.75, 3.75]},
			"faces": {
				"north": {"uv": [0, 0, 1.49184, 0.5], "texture": "#2", "cullface": "up"},
				"east": {"uv": [0, 0, 7.5, 0.5], "texture": "#2", "cullface": "up"},
				"south": {"uv": [0, 0, 1.49184, 0.5], "texture": "#2", "cullface": "up"},
				"west": {"uv": [0, 0, 7.5, 0.5], "texture": "#2", "cullface": "up"},
				"up": {"uv": [0, 0, 1.49184, 7.5], "texture": "#2", "cullface": "up"},
				"down": {"uv": [0, 0, 1.49184, 7.5], "texture": "#2", "cullface": "up"}
			}
		},
		{
			"name": "hexadecagon",
			"from": [3.00408, 17.25, 0],
			"to": [4.49592, 17.75, 7.5],
			"rotation": {"angle": 45, "axis": "y", "origin": [3.75, 17.75, 3.75]},
			"faces": {
				"north": {"uv": [0, 0, 1.49184, 0.5], "texture": "#2", "cullface": "up"},
				"east": {"uv": [0, 0, 7.5, 0.5], "texture": "#2", "cullface": "up"},
				"south": {"uv": [0, 0, 1.49184, 0.5], "texture": "#2", "cullface": "up"},
				"west": {"uv": [0, 0, 7.5, 0.5], "texture": "#2", "cullface": "up"},
				"up": {"uv": [0, 0, 1.49184, 7.5], "texture": "#2", "cullface": "up"},
				"down": {"uv": [0, 0, 1.49184, 7.5], "texture": "#2", "cullface": "up"}
			}
		},
		{
			"name": "hexadecagon",
			"from": [0, 17.25, 3.00408],
			"to": [7.5, 17.75, 4.49592],
			"rotation": {"angle": -22.5, "axis": "y", "origin": [3.75, 17.75, 3.75]},
			"faces": {
				"north": {"uv": [0, 0, 7.5, 0.5], "texture": "#2", "cullface": "up"},
				"east": {"uv": [0, 0, 1.49184, 0.5], "texture": "#2", "cullface": "up"},
				"south": {"uv": [0, 0, 7.5, 0.5], "texture": "#2", "cullface": "up"},
				"west": {"uv": [0, 0, 1.49184, 0.5], "texture": "#2", "cullface": "up"},
				"up": {"uv": [0, 0, 7.5, 1.49184], "texture": "#2", "cullface": "up"},
				"down": {"uv": [0, 0, 7.5, 1.49184], "texture": "#2", "cullface": "up"}
			}
		},
		{
			"name": "hexadecagon",
			"from": [0, 17.25, 3.00408],
			"to": [7.5, 17.75, 4.49592],
			"rotation": {"angle": 0, "axis": "y", "origin": [3.75, 17.75, 3.75]},
			"faces": {
				"north": {"uv": [0, 0, 7.5, 0.5], "texture": "#2", "cullface": "up"},
				"east": {"uv": [0, 0, 1.49184, 0.5], "texture": "#2", "cullface": "up"},
				"south": {"uv": [0, 0, 7.5, 0.5], "texture": "#2", "cullface": "up"},
				"west": {"uv": [0, 0, 1.49184, 0.5], "texture": "#2", "cullface": "up"},
				"up": {"uv": [0, 0, 7.5, 1.49184], "texture": "#2", "cullface": "up"},
				"down": {"uv": [0, 0, 7.5, 1.49184], "texture": "#2", "cullface": "up"}
			}
		},
		{
			"name": "hexadecagon",
			"from": [0, 17.25, 3.00408],
			"to": [7.5, 17.75, 4.49592],
			"rotation": {"angle": 22.5, "axis": "y", "origin": [3.75, 17.75, 3.75]},
			"faces": {
				"north": {"uv": [0, 0, 7.5, 0.5], "texture": "#2", "cullface": "up"},
				"east": {"uv": [0, 0, 1.49184, 0.5], "texture": "#2", "cullface": "up"},
				"south": {"uv": [0, 0, 7.5, 0.5], "texture": "#2", "cullface": "up"},
				"west": {"uv": [0, 0, 1.49184, 0.5], "texture": "#2", "cullface": "up"},
				"up": {"uv": [0, 0, 7.5, 1.49184], "texture": "#2", "cullface": "up"},
				"down": {"uv": [0, 0, 7.5, 1.49184], "texture": "#2", "cullface": "up"}
			}
		}
	],
	"display": {
		"thirdperson_righthand": {
			"rotation": [75, 45, 0],
			"translation": [0, 2.5, 0],
			"scale": [0.375, 0.375, 0.375]
		},
		"thirdperson_lefthand": {
			"rotation": [75, 45, 0],
			"translation": [0, 2.5, 0],
			"scale": [0.375, 0.375, 0.375]
		},
		"firstperson_righthand": {
			"rotation": [0, 45, 0],
			"scale": [0.4, 0.4, 0.4]
		},
		"firstperson_lefthand": {
			"rotation": [0, 225, 0],
			"scale": [0.4, 0.4, 0.4]
		},
		"ground": {
			"translation": [0, 3, 0],
			"scale": [0.25, 0.25, 0.25]
		},
		"gui": {
			"rotation": [30, 225, 0],
			"scale": [0.625, 0.625, 0.625]
		},
		"fixed": {
			"scale": [0.5, 0.5, 0.5]
		}
	},
	"groups": [0, 1, 2, 3, 4, 5, 6, 7, 8, 9, 10, 11,
		{
			"name": "Noppen",
			"origin": [8, 8, 8],
			"color": 0,
			"children": [
				{
					"name": "hexadecagon",
					"origin": [8, 8, 8],
					"color": 0,
					"children": [12, 13, 14, 15, 16, 17, 18, 19]
				},
				{
					"name": "hexadecagon",
					"origin": [8, 8, 8],
					"color": 0,
					"children": [20, 21, 22, 23, 24, 25, 26, 27]
				},
				{
					"name": "hexadecagon",
					"origin": [8, 8, 8],
					"color": 0,
					"children": [28, 29, 30, 31, 32, 33, 34, 35]
				}
			]
		},
		{
			"name": "hexadecagon",
			"origin": [8, 8, 8],
			"color": 0,
			"children": [36, 37, 38, 39, 40, 41, 42, 43, 44, 45, 46, 47, 48, 49, 50, 51]
		},
		{
			"name": "Little Nob",
			"origin": [8, 8, 8],
			"color": 0,
			"children": [
				{
					"name": "hexadecagon",
					"origin": [8, 8, 8],
					"color": 0,
					"children": [52, 53, 54, 55, 56, 57, 58, 59]
				},
				{
					"name": "hexadecagon",
					"origin": [8, 8, 8],
					"color": 0,
					"children": [60, 61, 62, 63, 64, 65, 66, 67]
				},
				{
					"name": "hexadecagon",
					"origin": [8, 8, 8],
					"color": 0,
					"children": [68, 69, 70, 71, 72, 73, 74, 75]
				}
			]
		}
	]
}