{
    "credit": "AlexTestria | https://alex-bauerndistel.de",
    "parent": "minecraft:block/.parents/stairs_inner",
    "textures": {
        "0": "minecraft:brickcraft/material/plastics/shader_support/plastic93",
				"1": "minecraft:brickcraft/material/plastics/shader_support/plastic95",
				"2": "minecraft:brickcraft/material/plastics/shader_support/plastic94",
				"3": "minecraft:brickcraft/material/plastics/shader_support/plastic93",
        "4": "minecraft:brickcraft/material/plastics/shader_support/plastic94"
    }
}
