{
    "credit": "AlexTestria | https://alex-bauerndistel.de",
    "parent": "minecraft:block/.parents/stairs_outer",
    "textures": {
        "0": "minecraft:brickcraft/material/plastics/shader_support/plastic88",
				"1": "minecraft:brickcraft/material/plastics/shader_support/plastic89",
				"2": "minecraft:brickcraft/material/plastics/shader_support/plastic89",
				"3": "minecraft:brickcraft/material/plastics/shader_support/plastic88",
        "4": "minecraft:brickcraft/material/plastics/shader_support/plastic89"
    }
}
