{
	"credit": "AlexTestria | https://alex-bauerndistel.de",
	"textures": {
		"2": "brickcraft/material/plastics/shader_support/plastic10",
		"3": "brickcraft/material/plastics/shader_support/plastic09",
		"particle": "brickcraft/material/plastics/shader_support/plastic09"
	},
	"elements": [
		{
			"name": "hexadecagon",
			"from": [7.50272, 2.25, 5.5],
			"to": [8.49728, 5, 10.5],
			"rotation": {"angle": 45, "axis": "y", "origin": [8, 2.75, 8]},
			"faces": {
				"north": {"uv": [0, 0, 0.99456, 2.75], "texture": "#3"},
				"south": {"uv": [0, 0, 0.99456, 2.75], "texture": "#3"},
				"up": {"uv": [0, 0, 0.99456, 5], "texture": "#3"},
				"down": {"uv": [0, 0, 0.99456, 5], "texture": "#3"}
			}
		},
		{
			"name": "hexadecagon",
			"from": [7.50272, 2.25, 5.5],
			"to": [8.49728, 5, 10.5],
			"rotation": {"angle": 22.5, "axis": "y", "origin": [8, 2.75, 8]},
			"faces": {
				"north": {"uv": [0, 0, 0.99456, 2.75], "texture": "#3"},
				"south": {"uv": [0, 0, 0.99456, 2.75], "texture": "#3"},
				"up": {"uv": [0, 0, 0.99456, 5], "texture": "#3"},
				"down": {"uv": [0, 0, 0.99456, 5], "texture": "#3"}
			}
		},
		{
			"name": "hexadecagon",
			"from": [7.50272, 2.25, 5.5],
			"to": [8.49728, 5, 10.5],
			"rotation": {"angle": 0, "axis": "y", "origin": [8, 2.75, 8]},
			"faces": {
				"north": {"uv": [0, 0, 0.99456, 2.75], "texture": "#3"},
				"south": {"uv": [0, 0, 0.99456, 2.75], "texture": "#3"},
				"up": {"uv": [0, 0, 0.99456, 5], "texture": "#3"},
				"down": {"uv": [0, 0, 0.99456, 5], "texture": "#3"}
			}
		},
		{
			"name": "hexadecagon",
			"from": [7.50272, 2.25, 5.5],
			"to": [8.49728, 5, 10.5],
			"rotation": {"angle": -22.5, "axis": "y", "origin": [8, 2.75, 8]},
			"faces": {
				"north": {"uv": [0, 0, 0.99456, 2.75], "texture": "#3"},
				"south": {"uv": [0, 0, 0.99456, 2.75], "texture": "#3"},
				"up": {"uv": [0, 0, 0.99456, 5], "texture": "#3"},
				"down": {"uv": [0, 0, 0.99456, 5], "texture": "#3"}
			}
		},
		{
			"name": "hexadecagon",
			"from": [7.50272, 2.25, 5.5],
			"to": [8.49728, 5, 10.5],
			"rotation": {"angle": -45, "axis": "y", "origin": [8, 2.75, 8]},
			"faces": {
				"north": {"uv": [0, 0, 0.99456, 2.75], "texture": "#3"},
				"south": {"uv": [0, 0, 0.99456, 2.75], "texture": "#3"},
				"up": {"uv": [0, 0, 0.99456, 5], "texture": "#3"},
				"down": {"uv": [0, 0, 0.99456, 5], "texture": "#3"}
			}
		},
		{
			"name": "hexadecagon",
			"from": [5.5, 2.25, 7.50272],
			"to": [10.5, 5, 8.49728],
			"rotation": {"angle": 22.5, "axis": "y", "origin": [8, 2.75, 8]},
			"faces": {
				"east": {"uv": [0, 0, 0.99456, 2.75], "texture": "#3"},
				"west": {"uv": [0, 0, 0.99456, 2.75], "texture": "#3"},
				"up": {"uv": [0, 0, 5, 0.99456], "texture": "#3"},
				"down": {"uv": [0, 0, 5, 0.99456], "texture": "#3"}
			}
		},
		{
			"name": "hexadecagon",
			"from": [5.5, 2.25, 7.50272],
			"to": [10.5, 5, 8.49728],
			"rotation": {"angle": 0, "axis": "y", "origin": [8, 2.75, 8]},
			"faces": {
				"east": {"uv": [0, 0, 0.99456, 2.75], "texture": "#3"},
				"west": {"uv": [0, 0, 0.99456, 2.75], "texture": "#3"},
				"up": {"uv": [0, 0, 5, 0.99456], "texture": "#3"},
				"down": {"uv": [0, 0, 5, 0.99456], "texture": "#3"}
			}
		},
		{
			"name": "hexadecagon",
			"from": [5.5, 2.25, 7.50272],
			"to": [10.5, 5, 8.49728],
			"rotation": {"angle": -22.5, "axis": "y", "origin": [8, 2.75, 8]},
			"faces": {
				"east": {"uv": [0, 0, 0.99456, 2.75], "texture": "#3"},
				"west": {"uv": [0, 0, 0.99456, 2.75], "texture": "#3"},
				"up": {"uv": [0, 0, 5, 0.99456], "texture": "#3"},
				"down": {"uv": [0, 0, 5, 0.99456], "texture": "#3"}
			}
		},
		{
			"from": [4.26642, 3.83939, 7.5],
			"to": [5.26642, 11.83939, 8.5],
			"rotation": {"angle": 22.5, "axis": "z", "origin": [8, 6.5, 8]},
			"faces": {
				"north": {"uv": [0, 0, 1, 8], "texture": "#3"},
				"east": {"uv": [0, 0, 1, 8], "texture": "#3"},
				"south": {"uv": [0, 0, 1, 8], "texture": "#3"},
				"west": {"uv": [0, 0, 1, 8], "texture": "#3"},
				"up": {"uv": [0, 0, 1, 1], "texture": "#3"}
			}
		},
		{
			"from": [4.95933, 8.05238, 7.5],
			"to": [5.95933, 16.05238, 8.5],
			"rotation": {"angle": 22.5, "axis": "z", "origin": [8, 11, 8]},
			"faces": {
				"north": {"uv": [0, 0, 1, 8], "texture": "#3"},
				"east": {"uv": [0, 0, 1, 8], "texture": "#3"},
				"south": {"uv": [0, 0, 1, 8], "texture": "#3"},
				"west": {"uv": [0, 0, 1, 8], "texture": "#3"},
				"up": {"uv": [0, 0, 1, 1], "texture": "#3"}
			}
		},
		{
			"from": [7.5, 3.83939, 4.26642],
			"to": [8.5, 11.83939, 5.26642],
			"rotation": {"angle": -22.5, "axis": "x", "origin": [8, 6.5, 8]},
			"faces": {
				"north": {"uv": [0, 0, 1, 8], "texture": "#3"},
				"east": {"uv": [0, 0, 1, 8], "texture": "#3"},
				"south": {"uv": [0, 0, 1, 8], "texture": "#3"},
				"west": {"uv": [0, 0, 1, 8], "texture": "#3"},
				"up": {"uv": [0, 0, 1, 1], "texture": "#3"}
			}
		},
		{
			"from": [7.5, 8.05238, 4.95933],
			"to": [8.5, 16.05238, 5.95933],
			"rotation": {"angle": -22.5, "axis": "x", "origin": [8, 11, 8]},
			"faces": {
				"north": {"uv": [0, 0, 1, 8], "texture": "#3"},
				"east": {"uv": [0, 0, 1, 8], "texture": "#3"},
				"south": {"uv": [0, 0, 1, 8], "texture": "#3"},
				"west": {"uv": [0, 0, 1, 8], "texture": "#3"},
				"up": {"uv": [0, 0, 1, 1], "texture": "#3"}
			}
		},
		{
			"from": [10.73358, 3.83939, 7.5],
			"to": [11.73358, 11.83939, 8.5],
			"rotation": {"angle": -22.5, "axis": "z", "origin": [8, 6.5, 8]},
			"faces": {
				"north": {"uv": [0, 0, 1, 8], "texture": "#3"},
				"east": {"uv": [0, 0, 1, 8], "texture": "#3"},
				"south": {"uv": [0, 0, 1, 8], "texture": "#3"},
				"west": {"uv": [0, 0, 1, 8], "texture": "#3"},
				"up": {"uv": [0, 0, 1, 1], "texture": "#3"}
			}
		},
		{
			"from": [10.04067, 8.05238, 7.5],
			"to": [11.04067, 16.05238, 8.5],
			"rotation": {"angle": -22.5, "axis": "z", "origin": [8, 11, 8]},
			"faces": {
				"north": {"uv": [0, 0, 1, 8], "texture": "#3"},
				"east": {"uv": [0, 0, 1, 8], "texture": "#3"},
				"south": {"uv": [0, 0, 1, 8], "texture": "#3"},
				"west": {"uv": [0, 0, 1, 8], "texture": "#3"},
				"up": {"uv": [0, 0, 1, 1], "texture": "#3"}
			}
		},
		{
			"from": [7.5, 3.83939, 10.73358],
			"to": [8.5, 11.83939, 11.73358],
			"rotation": {"angle": 22.5, "axis": "x", "origin": [8, 6.5, 8]},
			"faces": {
				"north": {"uv": [0, 0, 1, 8], "texture": "#3"},
				"east": {"uv": [0, 0, 1, 8], "texture": "#3"},
				"south": {"uv": [0, 0, 1, 8], "texture": "#3"},
				"west": {"uv": [0, 0, 1, 8], "texture": "#3"},
				"up": {"uv": [0, 0, 1, 1], "texture": "#3"}
			}
		},
		{
			"from": [7.5, 8.05238, 10.04067],
			"to": [8.5, 16.05238, 11.04067],
			"rotation": {"angle": 22.5, "axis": "x", "origin": [8, 11, 8]},
			"faces": {
				"north": {"uv": [0, 0, 1, 8], "texture": "#3"},
				"east": {"uv": [0, 0, 1, 8], "texture": "#3"},
				"south": {"uv": [0, 0, 1, 8], "texture": "#3"},
				"west": {"uv": [0, 0, 1, 8], "texture": "#3"},
				"up": {"uv": [0, 0, 1, 1], "texture": "#3"}
			}
		},
		{
			"name": "hexadecagon",
			"from": [7.50272, 0, 5.5],
			"to": [8.49728, 1.5, 10.5],
			"rotation": {"angle": 45, "axis": "y", "origin": [8, 0.5, 8]},
			"faces": {
				"north": {"uv": [0, 0, 0.99456, 1.5], "texture": "#2"},
				"south": {"uv": [0, 0, 0.99456, 1.5], "texture": "#2"},
				"up": {"uv": [0, 0, 0.99456, 5], "texture": "#2"}
			}
		},
		{
			"name": "hexadecagon",
			"from": [7.50272, 0, 5.5],
			"to": [8.49728, 1.5, 10.5],
			"rotation": {"angle": 22.5, "axis": "y", "origin": [8, 0.5, 8]},
			"faces": {
				"north": {"uv": [0, 0, 0.99456, 1.5], "texture": "#2"},
				"south": {"uv": [0, 0, 0.99456, 1.5], "texture": "#2"},
				"up": {"uv": [0, 0, 0.99456, 5], "texture": "#2"}
			}
		},
		{
			"name": "hexadecagon",
			"from": [7.50272, 0, 5.5],
			"to": [8.49728, 1.5, 10.5],
			"rotation": {"angle": 0, "axis": "y", "origin": [8, 0.5, 8]},
			"faces": {
				"north": {"uv": [0, 0, 0.99456, 1.5], "texture": "#2"},
				"south": {"uv": [0, 0, 0.99456, 1.5], "texture": "#2"},
				"up": {"uv": [0, 0, 0.99456, 5], "texture": "#2"}
			}
		},
		{
			"name": "hexadecagon",
			"from": [7.50272, 0, 5.5],
			"to": [8.49728, 1.5, 10.5],
			"rotation": {"angle": -22.5, "axis": "y", "origin": [8, 0.5, 8]},
			"faces": {
				"north": {"uv": [0, 0, 0.99456, 1.5], "texture": "#2"},
				"south": {"uv": [0, 0, 0.99456, 1.5], "texture": "#2"},
				"up": {"uv": [0, 0, 0.99456, 5], "texture": "#2"}
			}
		},
		{
			"name": "hexadecagon",
			"from": [7.50272, 0, 5.5],
			"to": [8.49728, 1.5, 10.5],
			"rotation": {"angle": -45, "axis": "y", "origin": [8, 0.5, 8]},
			"faces": {
				"north": {"uv": [0, 0, 0.99456, 1.5], "texture": "#2"},
				"south": {"uv": [0, 0, 0.99456, 1.5], "texture": "#2"},
				"up": {"uv": [0, 0, 0.99456, 5], "texture": "#2"}
			}
		},
		{
			"name": "hexadecagon",
			"from": [5.5, 0, 7.50272],
			"to": [10.5, 1.5, 8.49728],
			"rotation": {"angle": 22.5, "axis": "y", "origin": [8, 0.5, 8]},
			"faces": {
				"east": {"uv": [0, 0, 0.99456, 1.5], "texture": "#2"},
				"west": {"uv": [0, 0, 0.99456, 1.5], "texture": "#2"},
				"up": {"uv": [0, 0, 5, 0.99456], "texture": "#2"}
			}
		},
		{
			"name": "hexadecagon",
			"from": [5.5, 0, 7.50272],
			"to": [10.5, 1.5, 8.49728],
			"rotation": {"angle": 0, "axis": "y", "origin": [8, 0.5, 8]},
			"faces": {
				"east": {"uv": [0, 0, 0.99456, 1.5], "texture": "#2"},
				"west": {"uv": [0, 0, 0.99456, 1.5], "texture": "#2"},
				"up": {"uv": [0, 0, 5, 0.99456], "texture": "#2"}
			}
		},
		{
			"name": "hexadecagon",
			"from": [5.5, 0, 7.50272],
			"to": [10.5, 1.5, 8.49728],
			"rotation": {"angle": -22.5, "axis": "y", "origin": [8, 0.5, 8]},
			"faces": {
				"east": {"uv": [0, 0, 0.99456, 1.5], "texture": "#2"},
				"west": {"uv": [0, 0, 0.99456, 1.5], "texture": "#2"},
				"up": {"uv": [0, 0, 5, 0.99456], "texture": "#2"}
			}
		},
		{
			"name": "hexadecagon",
			"from": [7.6519, 0, 6.25],
			"to": [8.3481, 8.25, 9.75],
			"rotation": {"angle": -45, "axis": "y", "origin": [8, 5, 8]},
			"faces": {
				"north": {"uv": [0, 0, 0.69619, 8.25], "texture": "#3"},
				"south": {"uv": [0, 0, 0.69619, 8.25], "texture": "#3"},
				"up": {"uv": [0, 0, 0.69619, 3.5], "texture": "#3"}
			}
		},
		{
			"name": "hexadecagon",
			"from": [7.6519, 0, 6.25],
			"to": [8.3481, 8.25, 9.75],
			"rotation": {"angle": -22.5, "axis": "y", "origin": [8, 5, 8]},
			"faces": {
				"north": {"uv": [0, 0, 0.69619, 8.25], "texture": "#3"},
				"south": {"uv": [0, 0, 0.69619, 8.25], "texture": "#3"},
				"up": {"uv": [0, 0, 0.69619, 3.5], "texture": "#3"}
			}
		},
		{
			"name": "hexadecagon",
			"from": [7.6519, 0, 6.25],
			"to": [8.3481, 8.25, 9.75],
			"rotation": {"angle": 0, "axis": "y", "origin": [8, 5, 8]},
			"faces": {
				"north": {"uv": [0, 0, 0.69619, 8.25], "texture": "#3"},
				"south": {"uv": [0, 0, 0.69619, 8.25], "texture": "#3"},
				"up": {"uv": [0, 0, 0.69619, 3.5], "texture": "#3"}
			}
		},
		{
			"name": "hexadecagon",
			"from": [7.6519, 0, 6.25],
			"to": [8.3481, 8.25, 9.75],
			"rotation": {"angle": 22.5, "axis": "y", "origin": [8, 5, 8]},
			"faces": {
				"north": {"uv": [0, 0, 0.69619, 8.25], "texture": "#3"},
				"south": {"uv": [0, 0, 0.69619, 8.25], "texture": "#3"},
				"up": {"uv": [0, 0, 0.69619, 3.5], "texture": "#3"}
			}
		},
		{
			"name": "hexadecagon",
			"from": [7.6519, 0, 6.25],
			"to": [8.3481, 8.25, 9.75],
			"rotation": {"angle": 45, "axis": "y", "origin": [8, 5, 8]},
			"faces": {
				"north": {"uv": [0, 0, 0.69619, 8.25], "texture": "#3"},
				"south": {"uv": [0, 0, 0.69619, 8.25], "texture": "#3"},
				"up": {"uv": [0, 0, 0.69619, 3.5], "texture": "#3"}
			}
		},
		{
			"name": "hexadecagon",
			"from": [6.25, 0, 7.6519],
			"to": [9.75, 8.25, 8.3481],
			"rotation": {"angle": -22.5, "axis": "y", "origin": [8, 5, 8]},
			"faces": {
				"east": {"uv": [0, 0, 0.69619, 8.25], "texture": "#3"},
				"west": {"uv": [0, 0, 0.69619, 8.25], "texture": "#3"},
				"up": {"uv": [0, 0, 3.5, 0.69619], "texture": "#3"}
			}
		},
		{
			"name": "hexadecagon",
			"from": [6.25, 0, 7.6519],
			"to": [9.75, 8.25, 8.3481],
			"rotation": {"angle": 0, "axis": "y", "origin": [8, 5, 8]},
			"faces": {
				"east": {"uv": [0, 0, 0.69619, 8.25], "texture": "#3"},
				"west": {"uv": [0, 0, 0.69619, 8.25], "texture": "#3"},
				"up": {"uv": [0, 0, 3.5, 0.69619], "texture": "#3"}
			}
		},
		{
			"name": "hexadecagon",
			"from": [6.25, 0, 7.6519],
			"to": [9.75, 8.25, 8.3481],
			"rotation": {"angle": 22.5, "axis": "y", "origin": [8, 5, 8]},
			"faces": {
				"east": {"uv": [0, 0, 0.69619, 8.25], "texture": "#3"},
				"west": {"uv": [0, 0, 0.69619, 8.25], "texture": "#3"},
				"up": {"uv": [0, 0, 3.5, 0.69619], "texture": "#3"}
			}
		}
	],
	"display": {
		"thirdperson_righthand": {
			"rotation": [75, 45, 0],
			"translation": [0, 2.5, 0],
			"scale": [0.375, 0.375, 0.375]
		},
		"thirdperson_lefthand": {
			"rotation": [75, 45, 0],
			"translation": [0, 2.5, 0],
			"scale": [0.375, 0.375, 0.375]
		},
		"firstperson_righthand": {
			"rotation": [0, 45, 0],
			"scale": [0.4, 0.4, 0.4]
		},
		"firstperson_lefthand": {
			"rotation": [0, 225, 0],
			"scale": [0.4, 0.4, 0.4]
		},
		"ground": {
			"translation": [0, 3, 0],
			"scale": [0.25, 0.25, 0.25]
		},
		"gui": {
			"rotation": [30, 225, 0],
			"scale": [0.8, 0.8, 0.8]
		},
		"fixed": {
			"scale": [0.5, 0.5, 0.5]
		}
	},
	"groups": [
		{
			"name": "little_nob",
			"origin": [8, 8, 8],
			"color": 0,
			"children": [
				{
					"name": "Little Nob",
					"origin": [8, 8, 8],
					"color": 0,
					"children": [
						{
							"name": "hexadecagon",
							"origin": [8, 8, 8],
							"color": 0,
							"children": [0, 1, 2, 3, 4, 5, 6, 7, 8, 9, 10, 11, 12, 13, 14, 15]
						},
						{
							"name": "hexadecagon",
							"origin": [8, 8, 8],
							"color": 0,
							"children": [16, 17, 18, 19, 20, 21, 22, 23]
						},
						{
							"name": "hexadecagon",
							"origin": [8, 8, 8],
							"color": 0,
							"children": [24, 25, 26, 27, 28, 29, 30, 31]
						}
					]
				}
			]
		},
		{
			"name": "grass_block",
			"origin": [8, 8, 8],
			"color": 0,
			"children": []
		}
	]
}