{
	"credit": "AlexTestria | https://alex-bauerndistel.de",
	"textures": {
		"1": "brickcraft/material/plastics/shader_support/plastic02",
		"2": "brickcraft/material/plastics/shader_support/plastic07",
		"particle": "brickcraft/material/plastics/shader_support/plastic01"
	},
	"elements": [
		{
			"from": [15, 10.6666, 15],
			"to": [1, 0.075, 1],
			"rotation": {"angle": 0, "axis": "y", "origin": [31, 21.2582, 30]},
			"faces": {
				"north": {"uv": [0, 0, 16, 10.6166], "texture": "#particle", "cullface": "down"},
				"east": {"uv": [0, 0, 16, 10.6166], "texture": "#particle", "cullface": "down"},
				"south": {"uv": [0, 0, 16, 10.6166], "texture": "#particle", "cullface": "down"},
				"west": {"uv": [0, 0, 16, 10.6166], "texture": "#particle", "cullface": "down"}
			}
		},
		{
			"from": [0, 0.075, 0],
			"to": [16, 10.6666, 16],
			"rotation": {"angle": 0, "axis": "y", "origin": [31, 21.2582, 30]},
			"faces": {
				"north": {"uv": [0, 0, 16, 10.5916], "texture": "#particle", "cullface": "north"},
				"east": {"uv": [0, 0, 16, 10.5916], "texture": "#particle", "cullface": "east"},
				"south": {"uv": [0, 0, 16, 10.5916], "texture": "#particle", "cullface": "south"},
				"west": {"uv": [0, 0, 16, 10.5916], "texture": "#particle", "cullface": "west"}
			}
		},
		{
			"from": [0, 0, 0],
			"to": [1, 0.075, 16],
			"faces": {
				"east": {"uv": [0, 1, 16, 1.075], "texture": "#1", "cullface": "down"},
				"west": {"uv": [0, 1, 16, 1.075], "texture": "#1", "cullface": "west"},
				"down": {"uv": [0, 0, 1, 16], "texture": "#1", "cullface": "down"}
			}
		},
		{
			"from": [0, 0, 0],
			"to": [16, 0.075, 1],
			"faces": {
				"north": {"uv": [0, 1, 16, 1.075], "texture": "#1", "cullface": "north"},
				"east": {"uv": [0, 0, 1, 0.075], "texture": "#1", "cullface": "east"},
				"south": {"uv": [0, 1, 16, 1.075], "texture": "#1", "cullface": "down"},
				"west": {"uv": [0, 0, 1, 0.075], "texture": "#1", "cullface": "west"},
				"down": {"uv": [0, 0, 16, 1], "texture": "#1", "cullface": "down"}
			}
		},
		{
			"from": [0, 0, 15],
			"to": [16, 0.075, 16],
			"faces": {
				"north": {"uv": [0, 1, 16, 1.075], "texture": "#1", "cullface": "down"},
				"east": {"uv": [0, 0, 1, 0.075], "texture": "#1", "cullface": "east"},
				"south": {"uv": [0, 1, 16, 1.075], "texture": "#1", "cullface": "south"},
				"west": {"uv": [0, 0, 1, 0.075], "texture": "#1", "cullface": "west"},
				"down": {"uv": [0, 0, 16, 1], "texture": "#1", "cullface": "down"}
			}
		},
		{
			"from": [15, 0, 0],
			"to": [16, 0.075, 16],
			"faces": {
				"east": {"uv": [0, 1, 16, 1.075], "texture": "#1", "cullface": "east"},
				"west": {"uv": [0, 1, 16, 1.075], "texture": "#1", "cullface": "down"},
				"down": {"uv": [15, 0, 16, 16], "texture": "#1", "cullface": "down"}
			}
		},
		{
			"from": [0, 10.6666, 0],
			"to": [16, 10.7416, 16],
			"faces": {
				"north": {"uv": [0, 0, 16, 0.075], "texture": "#1", "cullface": "north"},
				"east": {"uv": [0, 0, 16, 0.075], "texture": "#1", "cullface": "east"},
				"south": {"uv": [0, 0, 16, 0.075], "texture": "#1", "cullface": "south"},
				"west": {"uv": [0, 0, 16, 0.075], "texture": "#1", "cullface": "west"},
				"down": {"uv": [0, 0, 16, 16], "texture": "#particle", "cullface": "down"}
			}
		},
		{
			"from": [0, 10.7416, 0],
			"to": [16, 13.3332, 16],
			"rotation": {"angle": 0, "axis": "y", "origin": [0, 10.6532, 0]},
			"faces": {
				"north": {"uv": [0, 0, 16, 2.5916], "texture": "#2", "cullface": "north"},
				"east": {"uv": [0, 0, 16, 2.5916], "texture": "#2", "cullface": "east"},
				"south": {"uv": [0, 0, 16, 2.5916], "texture": "#2", "cullface": "south"},
				"west": {"uv": [0, 0, 16, 2.5916], "texture": "#2", "cullface": "west"},
				"up": {"uv": [0, 0, 16, 16], "texture": "#2"}
			}
		},
		{
			"from": [7.30381, 0.075, 4.5],
			"to": [8.69619, 10.75, 5.5],
			"rotation": {"angle": -22.5, "axis": "y", "origin": [8, 8, 8]},
			"faces": {
				"north": {"uv": [1, 1, 2.39239, 11.675], "texture": "#particle", "cullface": "down"},
				"south": {"uv": [1, 1, 2.39239, 11.675], "texture": "#particle", "cullface": "down"},
				"down": {"uv": [1, 1, 2.39239, 2], "texture": "#particle", "cullface": "down"}
			}
		},
		{
			"from": [7.30381, 0.075, 4.5],
			"to": [8.69619, 10.75, 5.5],
			"rotation": {"angle": 0, "axis": "y", "origin": [8, 8, 8]},
			"faces": {
				"north": {"uv": [1, 1, 2.39239, 11.675], "texture": "#particle", "cullface": "down"},
				"south": {"uv": [1, 1, 2.39239, 11.675], "texture": "#particle", "cullface": "down"},
				"down": {"uv": [1, 1, 2.39239, 2], "texture": "#particle", "cullface": "down"}
			}
		},
		{
			"from": [7.30381, 0.075, 4.5],
			"to": [8.69619, 10.75, 5.5],
			"rotation": {"angle": 22.5, "axis": "y", "origin": [8, 8, 8]},
			"faces": {
				"north": {"uv": [1, 1, 2.39239, 11.675], "texture": "#particle", "cullface": "down"},
				"south": {"uv": [1, 1, 2.39239, 11.675], "texture": "#particle", "cullface": "down"},
				"down": {"uv": [1, 1, 2.39239, 2], "texture": "#particle", "cullface": "down"}
			}
		},
		{
			"from": [7.30381, 0.075, 4.5],
			"to": [8.69619, 10.75, 5.5],
			"rotation": {"angle": 45, "axis": "y", "origin": [8, 8, 8]},
			"faces": {
				"north": {"uv": [1, 1, 2.39239, 11.675], "texture": "#particle", "cullface": "down"},
				"south": {"uv": [1, 1, 2.39239, 11.675], "texture": "#particle", "cullface": "down"},
				"down": {"uv": [1, 1, 2.39239, 2], "texture": "#particle", "cullface": "down"}
			}
		},
		{
			"from": [7.30381, 0.075, 10.5],
			"to": [8.69619, 10.75, 11.5],
			"rotation": {"angle": -45, "axis": "y", "origin": [8, 8, 8]},
			"faces": {
				"north": {"uv": [1, 1, 2.39239, 11.675], "texture": "#particle", "cullface": "down"},
				"south": {"uv": [1, 1, 2.39239, 11.675], "texture": "#particle", "cullface": "down"},
				"down": {"uv": [1, 1, 2.39239, 2], "texture": "#particle", "cullface": "down"}
			}
		},
		{
			"from": [7.30381, 0.075, 10.5],
			"to": [8.69619, 10.75, 11.5],
			"rotation": {"angle": -22.5, "axis": "y", "origin": [8, 8, 8]},
			"faces": {
				"north": {"uv": [1, 1, 2.39239, 11.675], "texture": "#particle", "cullface": "down"},
				"south": {"uv": [1, 1, 2.39239, 11.675], "texture": "#particle", "cullface": "down"},
				"down": {"uv": [1, 1, 2.39239, 2], "texture": "#particle", "cullface": "down"}
			}
		},
		{
			"from": [7.30381, 0.075, 10.5],
			"to": [8.69619, 10.75, 11.5],
			"rotation": {"angle": 0, "axis": "y", "origin": [8, 8, 8]},
			"faces": {
				"north": {"uv": [1, 1, 2.39239, 11.675], "texture": "#particle", "cullface": "down"},
				"south": {"uv": [1, 1, 2.39239, 11.675], "texture": "#particle", "cullface": "down"},
				"down": {"uv": [1, 1, 2.39239, 2], "texture": "#particle", "cullface": "down"}
			}
		},
		{
			"from": [7.30381, 0.075, 10.5],
			"to": [8.69619, 10.75, 11.5],
			"rotation": {"angle": 22.5, "axis": "y", "origin": [8, 8, 8]},
			"faces": {
				"north": {"uv": [1, 1, 2.39239, 11.675], "texture": "#particle", "cullface": "down"},
				"south": {"uv": [1, 1, 2.39239, 11.675], "texture": "#particle", "cullface": "down"},
				"down": {"uv": [1, 1, 2.39239, 2], "texture": "#particle", "cullface": "down"}
			}
		},
		{
			"from": [7.30381, 0.075, 10.5],
			"to": [8.69619, 10.75, 11.5],
			"rotation": {"angle": 45, "axis": "y", "origin": [8, 8, 8]},
			"faces": {
				"north": {"uv": [1, 1, 2.39239, 11.675], "texture": "#particle", "cullface": "down"},
				"south": {"uv": [1, 1, 2.39239, 11.675], "texture": "#particle", "cullface": "down"},
				"down": {"uv": [1, 1, 2.39239, 2], "texture": "#particle", "cullface": "down"}
			}
		},
		{
			"from": [4.5, 0.075, 7.30381],
			"to": [5.5, 10.75, 8.69619],
			"rotation": {"angle": -22.5, "axis": "y", "origin": [8, 8, 8]},
			"faces": {
				"east": {"uv": [1, 1, 2.39239, 11.675], "texture": "#particle", "cullface": "down"},
				"west": {"uv": [1, 1, 2.39239, 11.675], "texture": "#particle", "cullface": "down"},
				"down": {"uv": [1, 1, 2, 2.39239], "texture": "#particle", "cullface": "down"}
			}
		},
		{
			"from": [4.5, 0.075, 7.30381],
			"to": [5.5, 10.75, 8.69619],
			"rotation": {"angle": 0, "axis": "y", "origin": [8, 8, 8]},
			"faces": {
				"east": {"uv": [1, 1, 2.39239, 11.675], "texture": "#particle", "cullface": "down"},
				"west": {"uv": [1, 1, 2.39239, 11.675], "texture": "#particle", "cullface": "down"},
				"down": {"uv": [1, 1, 2, 2.39239], "texture": "#particle", "cullface": "down"}
			}
		},
		{
			"from": [4.5, 0.075, 7.30381],
			"to": [5.5, 10.75, 8.69619],
			"rotation": {"angle": 22.5, "axis": "y", "origin": [8, 8, 8]},
			"faces": {
				"east": {"uv": [1, 1, 2.39239, 11.675], "texture": "#particle", "cullface": "down"},
				"west": {"uv": [1, 1, 2.39239, 11.675], "texture": "#particle", "cullface": "down"},
				"down": {"uv": [1, 1, 2, 2.39239], "texture": "#particle", "cullface": "down"}
			}
		},
		{
			"from": [10.5, 0.075, 7.30381],
			"to": [11.5, 10.75, 8.69619],
			"rotation": {"angle": -22.5, "axis": "y", "origin": [8, 8, 8]},
			"faces": {
				"east": {"uv": [1, 1, 2.39239, 11.675], "texture": "#particle", "cullface": "down"},
				"west": {"uv": [1, 1, 2.39239, 11.675], "texture": "#particle", "cullface": "down"},
				"down": {"uv": [1, 1, 2, 2.39239], "texture": "#particle", "cullface": "down"}
			}
		},
		{
			"from": [10.5, 0.075, 7.30381],
			"to": [11.5, 10.75, 8.69619],
			"rotation": {"angle": 0, "axis": "y", "origin": [8, 8, 8]},
			"faces": {
				"east": {"uv": [1, 1, 2.39239, 11.675], "texture": "#particle", "cullface": "down"},
				"west": {"uv": [1, 1, 2.39239, 11.675], "texture": "#particle", "cullface": "down"},
				"down": {"uv": [1, 1, 2, 2.39239], "texture": "#particle", "cullface": "down"}
			}
		},
		{
			"from": [10.5, 0.075, 7.30381],
			"to": [11.5, 10.75, 8.69619],
			"rotation": {"angle": 22.5, "axis": "y", "origin": [8, 8, 8]},
			"faces": {
				"east": {"uv": [1, 1, 2.39239, 11.675], "texture": "#particle", "cullface": "down"},
				"west": {"uv": [1, 1, 2.39239, 11.675], "texture": "#particle", "cullface": "down"},
				"down": {"uv": [1, 1, 2, 2.39239], "texture": "#particle", "cullface": "down"}
			}
		},
		{
			"from": [7.30381, 0.075, 4.5],
			"to": [8.69619, 10.75, 5.5],
			"rotation": {"angle": -45, "axis": "y", "origin": [8, 8, 8]},
			"faces": {
				"north": {"uv": [1, 1, 2.39239, 11.675], "texture": "#particle", "cullface": "down"},
				"south": {"uv": [1, 1, 2.39239, 11.675], "texture": "#particle", "cullface": "down"},
				"down": {"uv": [1, 1, 2.39239, 2], "texture": "#particle", "cullface": "down"}
			}
		},
		{
			"name": "hexadecagon",
			"from": [11.50272, 13.3332, 9.50272],
			"to": [12.49728, 14.5832, 14.50272],
			"rotation": {"angle": -45, "axis": "y", "origin": [12, 13.8332, 12.00272]},
			"faces": {
				"north": {"uv": [1, 1, 1.99456, 2.25], "texture": "#2"},
				"south": {"uv": [1, 1, 1.99456, 2.25], "texture": "#2"},
				"up": {"uv": [1, 1, 1.99456, 6], "texture": "#2"}
			}
		},
		{
			"name": "hexadecagon",
			"from": [11.50272, 13.3332, 9.50272],
			"to": [12.49728, 14.5832, 14.50272],
			"rotation": {"angle": -22.5, "axis": "y", "origin": [12, 13.8332, 12.00272]},
			"faces": {
				"north": {"uv": [1, 1, 1.99456, 2.25], "texture": "#2"},
				"south": {"uv": [1, 1, 1.99456, 2.25], "texture": "#2"},
				"up": {"uv": [1, 1, 1.99456, 6], "texture": "#2"}
			}
		},
		{
			"name": "hexadecagon",
			"from": [11.50272, 13.3332, 9.50272],
			"to": [12.49728, 14.5832, 14.50272],
			"rotation": {"angle": 0, "axis": "y", "origin": [12, 13.8332, 12.00272]},
			"faces": {
				"north": {"uv": [1, 1, 1.99456, 2.25], "texture": "#2"},
				"south": {"uv": [1, 1, 1.99456, 2.25], "texture": "#2"},
				"up": {"uv": [1, 1, 1.99456, 6], "texture": "#2"}
			}
		},
		{
			"name": "hexadecagon",
			"from": [11.50272, 13.3332, 9.50272],
			"to": [12.49728, 14.5832, 14.50272],
			"rotation": {"angle": 22.5, "axis": "y", "origin": [12, 13.8332, 12.00272]},
			"faces": {
				"north": {"uv": [1, 1, 1.99456, 2.25], "texture": "#2"},
				"south": {"uv": [1, 1, 1.99456, 2.25], "texture": "#2"},
				"up": {"uv": [1, 1, 1.99456, 6], "texture": "#2"}
			}
		},
		{
			"name": "hexadecagon",
			"from": [11.50272, 13.3332, 9.50272],
			"to": [12.49728, 14.5832, 14.50272],
			"rotation": {"angle": 45, "axis": "y", "origin": [12, 13.8332, 12.00272]},
			"faces": {
				"north": {"uv": [1, 1, 1.99456, 2.25], "texture": "#2"},
				"south": {"uv": [1, 1, 1.99456, 2.25], "texture": "#2"},
				"up": {"uv": [1, 1, 1.99456, 6], "texture": "#2"}
			}
		},
		{
			"name": "hexadecagon",
			"from": [9.5, 13.3332, 11.50544],
			"to": [14.5, 14.5832, 12.5],
			"rotation": {"angle": -22.5, "axis": "y", "origin": [12, 13.8332, 12.00272]},
			"faces": {
				"east": {"uv": [1, 1, 1.99456, 2.25], "texture": "#2"},
				"west": {"uv": [1, 1, 1.99456, 2.25], "texture": "#2"},
				"up": {"uv": [1, 1, 6, 1.99456], "texture": "#2"}
			}
		},
		{
			"name": "hexadecagon",
			"from": [9.5, 13.3332, 11.50544],
			"to": [14.5, 14.5832, 12.5],
			"rotation": {"angle": 0, "axis": "y", "origin": [12, 13.8332, 12.00272]},
			"faces": {
				"east": {"uv": [1, 1, 1.99456, 2.25], "texture": "#2"},
				"west": {"uv": [1, 1, 1.99456, 2.25], "texture": "#2"},
				"up": {"uv": [1, 1, 6, 1.99456], "texture": "#2"}
			}
		},
		{
			"name": "hexadecagon",
			"from": [9.5, 13.3332, 11.50544],
			"to": [14.5, 14.5832, 12.5],
			"rotation": {"angle": 22.5, "axis": "y", "origin": [12, 13.8332, 12.00272]},
			"faces": {
				"east": {"uv": [1, 1, 1.99456, 2.25], "texture": "#2"},
				"west": {"uv": [1, 1, 1.99456, 2.25], "texture": "#2"},
				"up": {"uv": [1, 1, 6, 1.99456], "texture": "#2"}
			}
		},
		{
			"name": "hexadecagon",
			"from": [11.50272, 13.3332, 1.50272],
			"to": [12.49728, 14.5832, 6.50272],
			"rotation": {"angle": 45, "axis": "y", "origin": [12, 13.8332, 4.00272]},
			"faces": {
				"north": {"uv": [1, 1, 1.99456, 2.25], "texture": "#2"},
				"south": {"uv": [1, 1, 1.99456, 2.25], "texture": "#2"},
				"up": {"uv": [1, 1, 1.99456, 6], "texture": "#2"}
			}
		},
		{
			"name": "hexadecagon",
			"from": [11.50272, 13.3332, 1.50272],
			"to": [12.49728, 14.5832, 6.50272],
			"rotation": {"angle": 22.5, "axis": "y", "origin": [12, 13.8332, 4.00272]},
			"faces": {
				"north": {"uv": [1, 1, 1.99456, 2.25], "texture": "#2"},
				"south": {"uv": [1, 1, 1.99456, 2.25], "texture": "#2"},
				"up": {"uv": [1, 1, 1.99456, 6], "texture": "#2"}
			}
		},
		{
			"name": "hexadecagon",
			"from": [11.50272, 13.3332, 1.50272],
			"to": [12.49728, 14.5832, 6.50272],
			"rotation": {"angle": 0, "axis": "y", "origin": [12, 13.8332, 4.00272]},
			"faces": {
				"north": {"uv": [1, 1, 1.99456, 2.25], "texture": "#2"},
				"south": {"uv": [1, 1, 1.99456, 2.25], "texture": "#2"},
				"up": {"uv": [1, 1, 1.99456, 6], "texture": "#2"}
			}
		},
		{
			"name": "hexadecagon",
			"from": [11.50272, 13.3332, 1.50272],
			"to": [12.49728, 14.5832, 6.50272],
			"rotation": {"angle": -22.5, "axis": "y", "origin": [12, 13.8332, 4.00272]},
			"faces": {
				"north": {"uv": [1, 1, 1.99456, 2.25], "texture": "#2"},
				"south": {"uv": [1, 1, 1.99456, 2.25], "texture": "#2"},
				"up": {"uv": [1, 1, 1.99456, 6], "texture": "#2"}
			}
		},
		{
			"name": "hexadecagon",
			"from": [11.50272, 13.3332, 1.50272],
			"to": [12.49728, 14.5832, 6.50272],
			"rotation": {"angle": -45, "axis": "y", "origin": [12, 13.8332, 4.00272]},
			"faces": {
				"north": {"uv": [1, 1, 1.99456, 2.25], "texture": "#2"},
				"south": {"uv": [1, 1, 1.99456, 2.25], "texture": "#2"},
				"up": {"uv": [1, 1, 1.99456, 6], "texture": "#2"}
			}
		},
		{
			"name": "hexadecagon",
			"from": [9.5, 13.3332, 3.50544],
			"to": [14.5, 14.5832, 4.5],
			"rotation": {"angle": 22.5, "axis": "y", "origin": [12, 13.8332, 4.00272]},
			"faces": {
				"east": {"uv": [1, 1, 1.99456, 2.25], "texture": "#2"},
				"west": {"uv": [1, 1, 1.99456, 2.25], "texture": "#2"},
				"up": {"uv": [1, 1, 6, 1.99456], "texture": "#2"}
			}
		},
		{
			"name": "hexadecagon",
			"from": [9.5, 13.3332, 3.50544],
			"to": [14.5, 14.5832, 4.5],
			"rotation": {"angle": 0, "axis": "y", "origin": [12, 13.8332, 4.00272]},
			"faces": {
				"east": {"uv": [1, 1, 1.99456, 2.25], "texture": "#2"},
				"west": {"uv": [1, 1, 1.99456, 2.25], "texture": "#2"},
				"up": {"uv": [1, 1, 6, 1.99456], "texture": "#2"}
			}
		},
		{
			"name": "hexadecagon",
			"from": [9.5, 13.3332, 3.50544],
			"to": [14.5, 14.5832, 4.5],
			"rotation": {"angle": -22.5, "axis": "y", "origin": [12, 13.8332, 4.00272]},
			"faces": {
				"east": {"uv": [1, 1, 1.99456, 2.25], "texture": "#2"},
				"west": {"uv": [1, 1, 1.99456, 2.25], "texture": "#2"},
				"up": {"uv": [1, 1, 6, 1.99456], "texture": "#2"}
			}
		},
		{
			"name": "hexadecagon",
			"from": [3.50272, 13.3332, 9.50272],
			"to": [4.49728, 14.5832, 14.50272],
			"rotation": {"angle": 45, "axis": "y", "origin": [4, 13.8332, 12.00272]},
			"faces": {
				"north": {"uv": [1, 1, 1.99456, 2.25], "texture": "#2"},
				"south": {"uv": [1, 1, 1.99456, 2.25], "texture": "#2"},
				"up": {"uv": [1, 1, 1.99456, 6], "texture": "#2"}
			}
		},
		{
			"name": "hexadecagon",
			"from": [3.50272, 13.3332, 9.50272],
			"to": [4.49728, 14.5832, 14.50272],
			"rotation": {"angle": 22.5, "axis": "y", "origin": [4, 13.8332, 12.00272]},
			"faces": {
				"north": {"uv": [1, 1, 1.99456, 2.25], "texture": "#2"},
				"south": {"uv": [1, 1, 1.99456, 2.25], "texture": "#2"},
				"up": {"uv": [1, 1, 1.99456, 6], "texture": "#2"}
			}
		},
		{
			"name": "hexadecagon",
			"from": [3.50272, 13.3332, 9.50272],
			"to": [4.49728, 14.5832, 14.50272],
			"rotation": {"angle": 0, "axis": "y", "origin": [4, 13.8332, 12.00272]},
			"faces": {
				"north": {"uv": [1, 1, 1.99456, 2.25], "texture": "#2"},
				"south": {"uv": [1, 1, 1.99456, 2.25], "texture": "#2"},
				"up": {"uv": [1, 1, 1.99456, 6], "texture": "#2"}
			}
		},
		{
			"name": "hexadecagon",
			"from": [3.50272, 13.3332, 9.50272],
			"to": [4.49728, 14.5832, 14.50272],
			"rotation": {"angle": -22.5, "axis": "y", "origin": [4, 13.8332, 12.00272]},
			"faces": {
				"north": {"uv": [1, 1, 1.99456, 2.25], "texture": "#2"},
				"south": {"uv": [1, 1, 1.99456, 2.25], "texture": "#2"},
				"up": {"uv": [1, 1, 1.99456, 6], "texture": "#2"}
			}
		},
		{
			"name": "hexadecagon",
			"from": [3.50272, 13.3332, 9.50272],
			"to": [4.49728, 14.5832, 14.50272],
			"rotation": {"angle": -45, "axis": "y", "origin": [4, 13.8332, 12.00272]},
			"faces": {
				"north": {"uv": [1, 1, 1.99456, 2.25], "texture": "#2"},
				"south": {"uv": [1, 1, 1.99456, 2.25], "texture": "#2"},
				"up": {"uv": [1, 1, 1.99456, 6], "texture": "#2"}
			}
		},
		{
			"name": "hexadecagon",
			"from": [1.5, 13.3332, 11.50544],
			"to": [6.5, 14.5832, 12.5],
			"rotation": {"angle": 22.5, "axis": "y", "origin": [4, 13.8332, 12.00272]},
			"faces": {
				"east": {"uv": [1, 1, 1.99456, 2.25], "texture": "#2"},
				"west": {"uv": [1, 1, 1.99456, 2.25], "texture": "#2"},
				"up": {"uv": [1, 1, 6, 1.99456], "texture": "#2"}
			}
		},
		{
			"name": "hexadecagon",
			"from": [1.5, 13.3332, 11.50544],
			"to": [6.5, 14.5832, 12.5],
			"rotation": {"angle": 0, "axis": "y", "origin": [4, 13.8332, 12.00272]},
			"faces": {
				"east": {"uv": [1, 1, 1.99456, 2.25], "texture": "#2"},
				"west": {"uv": [1, 1, 1.99456, 2.25], "texture": "#2"},
				"up": {"uv": [1, 1, 6, 1.99456], "texture": "#2"}
			}
		},
		{
			"name": "hexadecagon",
			"from": [1.5, 13.3332, 11.50544],
			"to": [6.5, 14.5832, 12.5],
			"rotation": {"angle": -22.5, "axis": "y", "origin": [4, 13.8332, 12.00272]},
			"faces": {
				"east": {"uv": [1, 1, 1.99456, 2.25], "texture": "#2"},
				"west": {"uv": [1, 1, 1.99456, 2.25], "texture": "#2"},
				"up": {"uv": [1, 1, 6, 1.99456], "texture": "#2"}
			}
		},
		{
			"name": "hexadecagon",
			"from": [3.50272, 13.3332, 1.50272],
			"to": [4.49728, 14.5832, 6.50272],
			"rotation": {"angle": -45, "axis": "y", "origin": [4, 13.8332, 4.00272]},
			"faces": {
				"north": {"uv": [1, 1, 1.99456, 2.25], "texture": "#2"},
				"south": {"uv": [1, 1, 1.99456, 2.25], "texture": "#2"},
				"up": {"uv": [1, 1, 1.99456, 6], "texture": "#2"}
			}
		},
		{
			"name": "hexadecagon",
			"from": [3.50272, 13.3332, 1.50272],
			"to": [4.49728, 14.5832, 6.50272],
			"rotation": {"angle": -22.5, "axis": "y", "origin": [4, 13.8332, 4.00272]},
			"faces": {
				"north": {"uv": [1, 1, 1.99456, 2.25], "texture": "#2"},
				"south": {"uv": [1, 1, 1.99456, 2.25], "texture": "#2"},
				"up": {"uv": [1, 1, 1.99456, 6], "texture": "#2"}
			}
		},
		{
			"name": "hexadecagon",
			"from": [3.50272, 13.3332, 1.50272],
			"to": [4.49728, 14.5832, 6.50272],
			"rotation": {"angle": 0, "axis": "y", "origin": [4, 13.8332, 4.00272]},
			"faces": {
				"north": {"uv": [1, 1, 1.99456, 2.25], "texture": "#2"},
				"south": {"uv": [1, 1, 1.99456, 2.25], "texture": "#2"},
				"up": {"uv": [1, 1, 1.99456, 6], "texture": "#2"}
			}
		},
		{
			"name": "hexadecagon",
			"from": [3.50272, 13.3332, 1.50272],
			"to": [4.49728, 14.5832, 6.50272],
			"rotation": {"angle": 22.5, "axis": "y", "origin": [4, 13.8332, 4.00272]},
			"faces": {
				"north": {"uv": [1, 1, 1.99456, 2.25], "texture": "#2"},
				"south": {"uv": [1, 1, 1.99456, 2.25], "texture": "#2"},
				"up": {"uv": [1, 1, 1.99456, 6], "texture": "#2"}
			}
		},
		{
			"name": "hexadecagon",
			"from": [3.50272, 13.3332, 1.50272],
			"to": [4.49728, 14.5832, 6.50272],
			"rotation": {"angle": 45, "axis": "y", "origin": [4, 13.8332, 4.00272]},
			"faces": {
				"north": {"uv": [1, 1, 1.99456, 2.25], "texture": "#2"},
				"south": {"uv": [1, 1, 1.99456, 2.25], "texture": "#2"},
				"up": {"uv": [1, 1, 1.99456, 6], "texture": "#2"}
			}
		},
		{
			"name": "hexadecagon",
			"from": [1.5, 13.3332, 3.50544],
			"to": [6.5, 14.5832, 4.5],
			"rotation": {"angle": -22.5, "axis": "y", "origin": [4, 13.8332, 4.00272]},
			"faces": {
				"east": {"uv": [1, 1, 1.99456, 2.25], "texture": "#2"},
				"west": {"uv": [1, 1, 1.99456, 2.25], "texture": "#2"},
				"up": {"uv": [1, 1, 6, 1.99456], "texture": "#2"}
			}
		},
		{
			"name": "hexadecagon",
			"from": [1.5, 13.3332, 3.50544],
			"to": [6.5, 14.5832, 4.5],
			"rotation": {"angle": 0, "axis": "y", "origin": [4, 13.8332, 4.00272]},
			"faces": {
				"east": {"uv": [1, 1, 1.99456, 2.25], "texture": "#2"},
				"west": {"uv": [1, 1, 1.99456, 2.25], "texture": "#2"},
				"up": {"uv": [1, 1, 6, 1.99456], "texture": "#2"}
			}
		},
		{
			"name": "hexadecagon",
			"from": [1.5, 13.3332, 3.50544],
			"to": [6.5, 14.5832, 4.5],
			"rotation": {"angle": 22.5, "axis": "y", "origin": [4, 13.8332, 4.00272]},
			"faces": {
				"east": {"uv": [1, 1, 1.99456, 2.25], "texture": "#2"},
				"west": {"uv": [1, 1, 1.99456, 2.25], "texture": "#2"},
				"up": {"uv": [1, 1, 6, 1.99456], "texture": "#2"}
			}
		}
	],
	"display": {
		"thirdperson_righthand": {
			"rotation": [75, 45, 0],
			"translation": [0, 2.5, 0],
			"scale": [0.375, 0.375, 0.375]
		},
		"thirdperson_lefthand": {
			"rotation": [75, 45, 0],
			"translation": [0, 2.5, 0],
			"scale": [0.375, 0.375, 0.375]
		},
		"firstperson_righthand": {
			"rotation": [0, 45, 0],
			"scale": [0.4, 0.4, 0.4]
		},
		"firstperson_lefthand": {
			"rotation": [0, 225, 0],
			"scale": [0.4, 0.4, 0.4]
		},
		"ground": {
			"translation": [0, 3, 0],
			"scale": [0.25, 0.25, 0.25]
		},
		"gui": {
			"rotation": [30, 225, 0],
			"scale": [0.625, 0.625, 0.625]
		},
		"fixed": {
			"scale": [0.5, 0.5, 0.5]
		}
	},
	"groups": [0, 1, 2, 3, 4, 5, 6, 7,
		{
			"name": "circle_bottom",
			"origin": [8, 8, 8],
			"color": 0,
			"children": [8, 9, 10, 11, 12, 13, 14, 15, 16, 17, 18, 19, 20, 21, 22, 23]
		},
		{
			"name": "studs",
			"origin": [8, 8, 8],
			"color": 0,
			"children": [
				{
					"name": "hexadecagon",
					"origin": [8, 8, 8],
					"color": 0,
					"children": [24, 25, 26, 27, 28, 29, 30, 31]
				},
				{
					"name": "hexadecagon",
					"origin": [8, 8, 8],
					"color": 0,
					"children": [32, 33, 34, 35, 36, 37, 38, 39]
				},
				{
					"name": "hexadecagon",
					"origin": [8, 8, 8],
					"color": 0,
					"children": [40, 41, 42, 43, 44, 45, 46, 47]
				},
				{
					"name": "hexadecagon",
					"origin": [8, 8, 8],
					"color": 0,
					"children": [48, 49, 50, 51, 52, 53, 54, 55]
				}
			]
		}
	]
}
