{
	"credit": "AlexTestria | https://alex-bauerndistel.de",
	"textures": {
		"2": "brickcraft/material/plastics/shader_support/plastic03",
		"3": "brickcraft/material/plastics/shader_support/plastic04",
		"particle": "brickcraft/material/plastics/shader_support/plastic33"
	},
	"elements": [
		{
			"name": "hexadecagon",
			"from": [7.50272, 0, 5.5],
			"to": [8.49728, 1.5, 10.5],
			"rotation": {"angle": 45, "axis": "y", "origin": [8, 0.5, 8]},
			"faces": {
				"north": {"uv": [0, 0, 0.99456, 1.5], "texture": "#2"},
				"south": {"uv": [0, 0, 0.99456, 1.5], "texture": "#2"},
				"up": {"uv": [0, 0, 0.99456, 5], "texture": "#2"}
			}
		},
		{
			"name": "hexadecagon",
			"from": [7.50272, 0, 5.5],
			"to": [8.49728, 1.5, 10.5],
			"rotation": {"angle": 22.5, "axis": "y", "origin": [8, 0.5, 8]},
			"faces": {
				"north": {"uv": [0, 0, 0.99456, 1.5], "texture": "#2"},
				"south": {"uv": [0, 0, 0.99456, 1.5], "texture": "#2"},
				"up": {"uv": [0, 0, 0.99456, 5], "texture": "#2"}
			}
		},
		{
			"name": "hexadecagon",
			"from": [7.50272, 0, 5.5],
			"to": [8.49728, 1.5, 10.5],
			"rotation": {"angle": 0, "axis": "y", "origin": [8, 0.5, 8]},
			"faces": {
				"north": {"uv": [0, 0, 0.99456, 1.5], "texture": "#2"},
				"south": {"uv": [0, 0, 0.99456, 1.5], "texture": "#2"},
				"up": {"uv": [0, 0, 0.99456, 5], "texture": "#2"}
			}
		},
		{
			"name": "hexadecagon",
			"from": [7.50272, 0, 5.5],
			"to": [8.49728, 1.5, 10.5],
			"rotation": {"angle": -22.5, "axis": "y", "origin": [8, 0.5, 8]},
			"faces": {
				"north": {"uv": [0, 0, 0.99456, 1.5], "texture": "#2"},
				"south": {"uv": [0, 0, 0.99456, 1.5], "texture": "#2"},
				"up": {"uv": [0, 0, 0.99456, 5], "texture": "#2"}
			}
		},
		{
			"name": "hexadecagon",
			"from": [7.50272, 0, 5.5],
			"to": [8.49728, 1.5, 10.5],
			"rotation": {"angle": -45, "axis": "y", "origin": [8, 0.5, 8]},
			"faces": {
				"north": {"uv": [0, 0, 0.99456, 1.5], "texture": "#2"},
				"south": {"uv": [0, 0, 0.99456, 1.5], "texture": "#2"},
				"up": {"uv": [0, 0, 0.99456, 5], "texture": "#2"}
			}
		},
		{
			"name": "hexadecagon",
			"from": [5.5, 0, 7.50272],
			"to": [10.5, 1.5, 8.49728],
			"rotation": {"angle": 22.5, "axis": "y", "origin": [8, 0.5, 8]},
			"faces": {
				"east": {"uv": [0, 0, 0.99456, 1.5], "texture": "#2"},
				"west": {"uv": [0, 0, 0.99456, 1.5], "texture": "#2"},
				"up": {"uv": [0, 0, 5, 0.99456], "texture": "#2"}
			}
		},
		{
			"name": "hexadecagon",
			"from": [5.5, 0, 7.50272],
			"to": [10.5, 1.5, 8.49728],
			"rotation": {"angle": 0, "axis": "y", "origin": [8, 0.5, 8]},
			"faces": {
				"east": {"uv": [0, 0, 0.99456, 1.5], "texture": "#2"},
				"west": {"uv": [0, 0, 0.99456, 1.5], "texture": "#2"},
				"up": {"uv": [0, 0, 5, 0.99456], "texture": "#2"}
			}
		},
		{
			"name": "hexadecagon",
			"from": [5.5, 0, 7.50272],
			"to": [10.5, 1.5, 8.49728],
			"rotation": {"angle": -22.5, "axis": "y", "origin": [8, 0.5, 8]},
			"faces": {
				"east": {"uv": [0, 0, 0.99456, 1.5], "texture": "#2"},
				"west": {"uv": [0, 0, 0.99456, 1.5], "texture": "#2"},
				"up": {"uv": [0, 0, 5, 0.99456], "texture": "#2"}
			}
		},
		{
			"name": "hexadecagon",
			"from": [7.6519, 0, 6.25],
			"to": [8.3481, 11.25, 9.75],
			"rotation": {"angle": -45, "axis": "y", "origin": [8, 5, 8]},
			"faces": {
				"north": {"uv": [0, 0, 0.69619, 8.25], "texture": "#3"},
				"south": {"uv": [0, 0, 0.69619, 8.25], "texture": "#3"},
				"up": {"uv": [0, 0, 0.69619, 3.5], "texture": "#3"}
			}
		},
		{
			"name": "hexadecagon",
			"from": [7.6519, 0, 6.25],
			"to": [8.3481, 11.25, 9.75],
			"rotation": {"angle": -22.5, "axis": "y", "origin": [8, 5, 8]},
			"faces": {
				"north": {"uv": [0, 0, 0.69619, 8.25], "texture": "#3"},
				"south": {"uv": [0, 0, 0.69619, 8.25], "texture": "#3"},
				"up": {"uv": [0, 0, 0.69619, 3.5], "texture": "#3"}
			}
		},
		{
			"name": "hexadecagon",
			"from": [7.6519, 0, 6.25],
			"to": [8.3481, 11.25, 9.75],
			"rotation": {"angle": 0, "axis": "y", "origin": [8, 5, 8]},
			"faces": {
				"north": {"uv": [0, 0, 0.69619, 8.25], "texture": "#3"},
				"south": {"uv": [0, 0, 0.69619, 8.25], "texture": "#3"},
				"up": {"uv": [0, 0, 0.69619, 3.5], "texture": "#3"}
			}
		},
		{
			"name": "hexadecagon",
			"from": [7.6519, 0, 6.25],
			"to": [8.3481, 11.25, 9.75],
			"rotation": {"angle": 22.5, "axis": "y", "origin": [8, 5, 8]},
			"faces": {
				"north": {"uv": [0, 0, 0.69619, 8.25], "texture": "#3"},
				"south": {"uv": [0, 0, 0.69619, 8.25], "texture": "#3"},
				"up": {"uv": [0, 0, 0.69619, 3.5], "texture": "#3"}
			}
		},
		{
			"name": "hexadecagon",
			"from": [7.6519, 0, 6.25],
			"to": [8.3481, 11.25, 9.75],
			"rotation": {"angle": 45, "axis": "y", "origin": [8, 5, 8]},
			"faces": {
				"north": {"uv": [0, 0, 0.69619, 8.25], "texture": "#3"},
				"south": {"uv": [0, 0, 0.69619, 8.25], "texture": "#3"},
				"up": {"uv": [0, 0, 0.69619, 3.5], "texture": "#3"}
			}
		},
		{
			"name": "hexadecagon",
			"from": [6.25, 0, 7.6519],
			"to": [9.75, 11.25, 8.3481],
			"rotation": {"angle": -22.5, "axis": "y", "origin": [8, 5, 8]},
			"faces": {
				"east": {"uv": [0, 0, 0.69619, 8.25], "texture": "#3"},
				"west": {"uv": [0, 0, 0.69619, 8.25], "texture": "#3"},
				"up": {"uv": [0, 0, 3.5, 0.69619], "texture": "#3"}
			}
		},
		{
			"name": "hexadecagon",
			"from": [6.25, 0, 7.6519],
			"to": [9.75, 11.25, 8.3481],
			"rotation": {"angle": 0, "axis": "y", "origin": [8, 5, 8]},
			"faces": {
				"east": {"uv": [0, 0, 0.69619, 8.25], "texture": "#3"},
				"west": {"uv": [0, 0, 0.69619, 8.25], "texture": "#3"},
				"up": {"uv": [0, 0, 3.5, 0.69619], "texture": "#3"}
			}
		},
		{
			"name": "hexadecagon",
			"from": [6.25, 0, 7.6519],
			"to": [9.75, 11.25, 8.3481],
			"rotation": {"angle": 22.5, "axis": "y", "origin": [8, 5, 8]},
			"faces": {
				"east": {"uv": [0, 0, 0.69619, 8.25], "texture": "#3"},
				"west": {"uv": [0, 0, 0.69619, 8.25], "texture": "#3"},
				"up": {"uv": [0, 0, 3.5, 0.69619], "texture": "#3"}
			}
		},
		{
			"from": [7.5, 10.25, 4.75],
			"to": [8.5, 11, 6.5],
			"rotation": {"angle": 0, "axis": "y", "origin": [8, 9, 10]},
			"faces": {
				"east": {"uv": [0, 0, 1.5, 0.75], "texture": "#3"},
				"west": {"uv": [0, 0, 1.5, 0.75], "texture": "#3"},
				"up": {"uv": [0, 0, 1.5, 1], "rotation": 90, "texture": "#3"},
				"down": {"uv": [0, 0, 1.5, 1], "rotation": 270, "texture": "#3"}
			}
		},
		{
			"from": [6.25, 10.25, -0.5],
			"to": [9.75, 11, 4.75],
			"rotation": {"angle": 0, "axis": "y", "origin": [8, 9, 10]},
			"faces": {
				"east": {"uv": [0, 0, 5.25, 0.75], "texture": "#3"},
				"west": {"uv": [0, 0, 5.25, 0.75], "texture": "#3"},
				"up": {"uv": [0, 0, 5.25, 3.5], "rotation": 90, "texture": "#3"},
				"down": {"uv": [0, 0, 5.25, 3.5], "rotation": 270, "texture": "#3"}
			}
		},
		{
			"from": [7.5, 10.25, -1.75],
			"to": [8.5, 11, -0.5],
			"rotation": {"angle": 0, "axis": "y", "origin": [8, 9, 10]},
			"faces": {
				"north": {"uv": [0, 0, 1, 0.75], "texture": "#3"},
				"up": {"uv": [0, 0, 1.25, 1], "rotation": 90, "texture": "#3"},
				"down": {"uv": [0, 0, 1.25, 1], "rotation": 270, "texture": "#3"}
			}
		},
		{
			"from": [0.04505, 10.25, 1.33794],
			"to": [1.81282, 11, 2.22183],
			"rotation": {"angle": -45, "axis": "y", "origin": [8, 9, 10]},
			"faces": {
				"north": {"uv": [0, 0, 1.76777, 0.75], "texture": "#3"},
				"up": {"uv": [0, 0, 0.88388, 1.76777], "rotation": 90, "texture": "#3"},
				"down": {"uv": [0, 0, 0.88388, 1.76777], "rotation": 270, "texture": "#3"}
			}
		},
		{
			"from": [4.64124, 10.25, 5.05025],
			"to": [5.52513, 11, 6.81802],
			"rotation": {"angle": -45, "axis": "y", "origin": [8, 9, 10]},
			"faces": {
				"east": {"uv": [0, 0, 1.76777, 0.75], "texture": "#3"},
				"up": {"uv": [0, 0, 0.88388, 1.76777], "texture": "#3"},
				"down": {"uv": [0, 0, 0.88388, 1.76777], "texture": "#3"}
			}
		},
		{
			"from": [3.05025, 10.25, 6.64124],
			"to": [4.81802, 11, 7.52513],
			"rotation": {"angle": -45, "axis": "y", "origin": [8, 9, 10]},
			"faces": {
				"south": {"uv": [0, 0, 1.76777, 0.75], "texture": "#3"},
				"up": {"uv": [0, 0, 0.88388, 1.76777], "rotation": 90, "texture": "#3"},
				"down": {"uv": [0, 0, 0.88388, 1.76777], "rotation": 270, "texture": "#3"}
			}
		},
		{
			"from": [-0.66206, 10.25, 2.04505],
			"to": [0.22183, 11, 3.81282],
			"rotation": {"angle": -45, "axis": "y", "origin": [8, 9, 10]},
			"faces": {
				"west": {"uv": [0, 0, 1.76777, 0.75], "texture": "#3"},
				"up": {"uv": [0, 0, 0.88388, 1.76777], "texture": "#3"},
				"down": {"uv": [0, 0, 0.88388, 1.76777], "texture": "#3"}
			}
		},
		{
			"from": [9.875, 10.25, 6.875],
			"to": [11.625, 11, 7.875],
			"rotation": {"angle": -22.5, "axis": "y", "origin": [6.375, 9, 7.375]},
			"faces": {
				"north": {"uv": [0, 0, 1.5, 0.75], "texture": "#3"},
				"south": {"uv": [0, 0, 1.5, 0.75], "texture": "#3"},
				"west": {"uv": [0, 0, 1, 0.75], "texture": "#3"},
				"up": {"uv": [0, 0, 1.5, 1], "texture": "#3"},
				"down": {"uv": [0, 0, 1.5, 1], "texture": "#3"}
			}
		},
		{
			"from": [11.625, 10.25, 5.625],
			"to": [16.875, 11, 9.125],
			"rotation": {"angle": -22.5, "axis": "y", "origin": [6.375, 9, 7.375]},
			"faces": {
				"north": {"uv": [0, 0, 5.25, 0.75], "texture": "#3"},
				"south": {"uv": [0, 0, 5.25, 0.75], "texture": "#3"},
				"up": {"uv": [0, 0, 5.25, 3.5], "texture": "#3"},
				"down": {"uv": [0, 0, 5.25, 3.5], "texture": "#3"}
			}
		},
		{
			"from": [16.875, 10.25, 6.875],
			"to": [18.125, 11, 7.875],
			"rotation": {"angle": -22.5, "axis": "y", "origin": [6.375, 9, 7.375]},
			"faces": {
				"east": {"uv": [0, 0, 1, 0.75], "texture": "#3"},
				"up": {"uv": [0, 0, 1.25, 1], "texture": "#3"},
				"down": {"uv": [0, 0, 1.25, 1], "texture": "#3"}
			}
		},
		{
			"from": [12.56218, 10.25, 15.15317],
			"to": [14.32995, 11, 16.03706],
			"rotation": {"angle": 22.5, "axis": "y", "origin": [6.375, 9, 7.375]},
			"faces": {
				"south": {"uv": [0, 0, 1.76777, 0.75], "texture": "#3"},
				"up": {"uv": [0, 0, 0.88388, 1.76777], "rotation": 90, "texture": "#3"},
				"down": {"uv": [0, 0, 0.88388, 1.76777], "rotation": 270, "texture": "#3"}
			}
		},
		{
			"from": [8.84987, 10.25, 10.55698],
			"to": [9.73376, 11, 12.32475],
			"rotation": {"angle": 22.5, "axis": "y", "origin": [6.375, 9, 7.375]},
			"faces": {
				"west": {"uv": [0, 0, 1.76777, 0.75], "texture": "#3"},
				"up": {"uv": [0, 0, 0.88388, 1.76777], "texture": "#3"},
				"down": {"uv": [0, 0, 0.88388, 1.76777], "texture": "#3"}
			}
		},
		{
			"from": [9.55698, 10.25, 9.84987],
			"to": [11.32475, 11, 10.73376],
			"rotation": {"angle": 22.5, "axis": "y", "origin": [6.375, 9, 7.375]},
			"faces": {
				"north": {"uv": [0, 0, 1.76777, 0.75], "texture": "#3"},
				"up": {"uv": [0, 0, 0.88388, 1.76777], "rotation": 90, "texture": "#3"},
				"down": {"uv": [0, 0, 0.88388, 1.76777], "rotation": 270, "texture": "#3"}
			}
		},
		{
			"from": [14.15317, 10.25, 13.56218],
			"to": [15.03706, 11, 15.32995],
			"rotation": {"angle": 22.5, "axis": "y", "origin": [6.375, 9, 7.375]},
			"faces": {
				"east": {"uv": [0, 0, 1.76777, 0.75], "texture": "#3"},
				"up": {"uv": [0, 0, 0.88388, 1.76777], "texture": "#3"},
				"down": {"uv": [0, 0, 0.88388, 1.76777], "texture": "#3"}
			}
		},
		{
			"from": [8.75, 10.25, 10],
			"to": [9.75, 11, 11.75],
			"rotation": {"angle": -45, "axis": "y", "origin": [9.25, 9, 6.5]},
			"faces": {
				"east": {"uv": [0, 0, 1.5, 0.75], "texture": "#3"},
				"west": {"uv": [0, 0, 1.5, 0.75], "texture": "#3"},
				"up": {"uv": [0, 0, 1, 1.5], "texture": "#3"},
				"down": {"uv": [0, 0, 1, 1.5], "texture": "#3"}
			}
		},
		{
			"from": [7.5, 10.25, 11.75],
			"to": [11, 11, 17],
			"rotation": {"angle": -45, "axis": "y", "origin": [9.25, 9, 6.5]},
			"faces": {
				"east": {"uv": [0, 0, 5.25, 0.75], "texture": "#3"},
				"west": {"uv": [0, 0, 5.25, 0.75], "texture": "#3"},
				"up": {"uv": [0, 0, 3.5, 5.25], "texture": "#3"},
				"down": {"uv": [0, 0, 3.5, 5.25], "texture": "#3"}
			}
		},
		{
			"from": [8.75, 10.25, 17],
			"to": [9.75, 11, 18.25],
			"rotation": {"angle": -45, "axis": "y", "origin": [9.25, 9, 6.5]},
			"faces": {
				"south": {"uv": [0, 0, 1, 0.75], "texture": "#3"},
				"up": {"uv": [0, 0, 1, 1.25], "texture": "#3"},
				"down": {"uv": [0, 0, 1, 1.25], "texture": "#3"}
			}
		},
		{
			"from": [0.58794, 10.25, 12.68718],
			"to": [1.47183, 11, 14.45495],
			"rotation": {"angle": 0, "axis": "y", "origin": [9.25, 9, 6.5]},
			"faces": {
				"west": {"uv": [0, 0, 1.76777, 0.75], "texture": "#3"},
				"up": {"uv": [0, 0, 1.76777, 0.88388], "rotation": 90, "texture": "#3"},
				"down": {"uv": [0, 0, 1.76777, 0.88388], "rotation": 270, "texture": "#3"}
			}
		},
		{
			"from": [4.30025, 10.25, 8.97487],
			"to": [6.06802, 11, 9.85876],
			"rotation": {"angle": 0, "axis": "y", "origin": [9.25, 9, 6.5]},
			"faces": {
				"north": {"uv": [0, 0, 1.76777, 0.75], "texture": "#3"},
				"up": {"uv": [0, 0, 1.76777, 0.88388], "texture": "#3"},
				"down": {"uv": [0, 0, 1.76777, 0.88388], "texture": "#3"}
			}
		},
		{
			"from": [5.89124, 10.25, 9.68198],
			"to": [6.77513, 11, 11.44975],
			"rotation": {"angle": 0, "axis": "y", "origin": [9.25, 9, 6.5]},
			"faces": {
				"east": {"uv": [0, 0, 1.76777, 0.75], "texture": "#3"},
				"up": {"uv": [0, 0, 1.76777, 0.88388], "rotation": 90, "texture": "#3"},
				"down": {"uv": [0, 0, 1.76777, 0.88388], "rotation": 270, "texture": "#3"}
			}
		},
		{
			"from": [1.29505, 10.25, 14.27817],
			"to": [3.06282, 11, 15.16206],
			"rotation": {"angle": 0, "axis": "y", "origin": [9.25, 9, 6.5]},
			"faces": {
				"south": {"uv": [0, 0, 1.76777, 0.75], "texture": "#3"},
				"up": {"uv": [0, 0, 1.76777, 0.88388], "texture": "#3"},
				"down": {"uv": [0, 0, 1.76777, 0.88388], "texture": "#3"}
			}
		}
	],
	"display": {
		"thirdperson_righthand": {
			"rotation": [75, 45, 0],
			"translation": [0, 2.5, 0],
			"scale": [0.375, 0.375, 0.375]
		},
		"thirdperson_lefthand": {
			"rotation": [75, 45, 0],
			"translation": [0, 2.5, 0],
			"scale": [0.375, 0.375, 0.375]
		},
		"firstperson_righthand": {
			"rotation": [0, 225, 0],
			"translation": [0, 1.25, 0],
			"scale": [0.4, 0.4, 0.4]
		},
		"firstperson_lefthand": {
			"rotation": [0, 225, 0],
			"translation": [0, 1.25, 0],
			"scale": [0.4, 0.4, 0.4]
		},
		"ground": {
			"translation": [0, 3, 0],
			"scale": [0.25, 0.25, 0.25]
		},
		"gui": {
			"rotation": [30, 114, 0],
			"scale": [0.8, 0.8, 0.8]
		},
		"head": {
			"translation": [0, 14.25, 0]
		},
		"fixed": {
			"rotation": [0, 55, 0],
			"translation": [0, 0, -2],
			"scale": [0.5, 0.5, 0.5]
		}
	},
	"groups": [
		{
			"name": "little_nob",
			"origin": [8, 8, 8],
			"color": 0,
			"children": [
				{
					"name": "Little Nob",
					"origin": [8, 8, 8],
					"color": 0,
					"children": [
						{
							"name": "hexadecagon",
							"origin": [8, 8, 8],
							"color": 0,
							"children": [0, 1, 2, 3, 4, 5, 6, 7]
						},
						{
							"name": "hexadecagon",
							"origin": [8, 8, 8],
							"color": 0,
							"children": [8, 9, 10, 11, 12, 13, 14, 15]
						}
					]
				}
			]
		},
		{
			"name": "grass_block",
			"origin": [8, 8, 8],
			"color": 0,
			"children": []
		},
		{
			"name": "bamboo",
			"origin": [8, 8, 8],
			"color": 0,
			"children": [
				{
					"name": "group",
					"origin": [-3.42678, 7.625, 7.40901],
					"color": 0,
					"children": [16, 17, 18, 19, 20, 21, 22]
				},
				{
					"name": "group",
					"origin": [-3.42678, 7.625, 7.40901],
					"color": 0,
					"children": [23, 24, 25, 26, 27, 28, 29]
				},
				{
					"name": "group",
					"origin": [-3.42678, 7.625, 7.40901],
					"color": 0,
					"children": [30, 31, 32, 33, 34, 35, 36]
				}
			]
		}
	]
}