{
    "credit": "AlexTestria | https://alex-bauerndistel.de",
    "parent": "minecraft:block/.parents/stairs_outer",
    "textures": {
        "0": "minecraft:brickcraft/material/plastics/shader_support/plastic85",
				"1": "minecraft:brickcraft/material/plastics/shader_support/plastic87",
				"2": "minecraft:brickcraft/material/plastics/shader_support/plastic86",
				"3": "minecraft:brickcraft/material/plastics/shader_support/plastic85",
        "4": "minecraft:brickcraft/material/plastics/shader_support/plastic86"
    }
}
