{
	"credit": "AlexTestria | https://alex-bauerndistel.de",
	"textures": {
		"2": "brickcraft/material/plastics/shader_support/plastic07",
		"3": "brickcraft/material/plastics/shader_support/plastic08",
		"particle": "brickcraft/material/plastics/shader_support/plastic14"
	},
	"elements": [
		{
			"name": "hexadecagon",
			"from": [1.2, 8.03282, 12.65],
			"to": [14.8, 8.43065, 14.65],
			"rotation": {"angle": -45, "axis": "x", "origin": [8, 8.23173, 13.65]},
			"faces": {
				"north": {"uv": [0, 0, 13.6, 0.39782], "texture": "#2"},
				"south": {"uv": [0, 0, 13.6, 0.39782], "texture": "#2"}
			}
		},
		{
			"name": "hexadecagon",
			"from": [1.2, 8.03282, 12.65],
			"to": [14.8, 8.43065, 14.65],
			"rotation": {"angle": -22.5, "axis": "x", "origin": [8, 8.23173, 13.65]},
			"faces": {
				"north": {"uv": [0, 0, 13.6, 0.39782], "texture": "#2"},
				"south": {"uv": [0, 0, 13.6, 0.39782], "texture": "#2"}
			}
		},
		{
			"name": "hexadecagon",
			"from": [1.2, 8.03282, 12.65],
			"to": [14.8, 8.43065, 14.65],
			"rotation": {"angle": 0, "axis": "x", "origin": [8, 8.23173, 13.65]},
			"faces": {
				"north": {"uv": [0, 0, 13.6, 0.39782], "texture": "#2"},
				"south": {"uv": [0, 0, 13.6, 0.39782], "texture": "#2"}
			}
		},
		{
			"name": "hexadecagon",
			"from": [1.2, 8.03282, 12.65],
			"to": [14.8, 8.43065, 14.65],
			"rotation": {"angle": 22.5, "axis": "x", "origin": [8, 8.23173, 13.65]},
			"faces": {
				"north": {"uv": [0, 0, 13.6, 0.39782], "texture": "#2"},
				"south": {"uv": [0, 0, 13.6, 0.39782], "texture": "#2"}
			}
		},
		{
			"name": "hexadecagon",
			"from": [1.2, 8.03282, 12.65],
			"to": [14.8, 8.43065, 14.65],
			"rotation": {"angle": 45, "axis": "x", "origin": [8, 8.23173, 13.65]},
			"faces": {
				"north": {"uv": [0, 0, 13.6, 0.39782], "texture": "#2"},
				"south": {"uv": [0, 0, 13.6, 0.39782], "texture": "#2"}
			}
		},
		{
			"name": "hexadecagon",
			"from": [1.2, 7.23173, 13.45109],
			"to": [14.8, 9.23173, 13.84891],
			"rotation": {"angle": -22.5, "axis": "x", "origin": [8, 8.23173, 13.65]},
			"faces": {
				"up": {"uv": [0, 0, 13.6, 0.39782], "texture": "#2"},
				"down": {"uv": [0, 0, 13.6, 0.39782], "texture": "#2"}
			}
		},
		{
			"name": "hexadecagon",
			"from": [1.2, 7.23173, 13.45109],
			"to": [14.8, 9.23173, 13.84891],
			"rotation": {"angle": 0, "axis": "x", "origin": [8, 8.23173, 13.65]},
			"faces": {
				"up": {"uv": [0, 0, 13.6, 0.39782], "texture": "#2"},
				"down": {"uv": [0, 0, 13.6, 0.39782], "texture": "#2"}
			}
		},
		{
			"name": "hexadecagon",
			"from": [1.2, 7.23173, 13.45109],
			"to": [14.8, 9.23173, 13.84891],
			"rotation": {"angle": 22.5, "axis": "x", "origin": [8, 8.23173, 13.65]},
			"faces": {
				"up": {"uv": [0, 0, 13.6, 0.39782], "texture": "#2"},
				"down": {"uv": [0, 0, 13.6, 0.39782], "texture": "#2"}
			}
		},
		{
			"name": "hexadecagon",
			"from": [1.2, 2.03282, 12.65],
			"to": [14.8, 2.43065, 14.65],
			"rotation": {"angle": -45, "axis": "x", "origin": [8, 2.23173, 13.65]},
			"faces": {
				"north": {"uv": [0, 0, 13.6, 0.39782], "texture": "#2"},
				"south": {"uv": [0, 0, 13.6, 0.39782], "texture": "#2"}
			}
		},
		{
			"name": "hexadecagon",
			"from": [1.2, 2.03282, 12.65],
			"to": [14.8, 2.43065, 14.65],
			"rotation": {"angle": -22.5, "axis": "x", "origin": [8, 2.23173, 13.65]},
			"faces": {
				"north": {"uv": [0, 0, 13.6, 0.39782], "texture": "#2"},
				"south": {"uv": [0, 0, 13.6, 0.39782], "texture": "#2"}
			}
		},
		{
			"name": "hexadecagon",
			"from": [1.2, 2.03282, 12.65],
			"to": [14.8, 2.43065, 14.65],
			"rotation": {"angle": 0, "axis": "x", "origin": [8, 2.23173, 13.65]},
			"faces": {
				"north": {"uv": [0, 0, 13.6, 0.39782], "texture": "#2"},
				"south": {"uv": [0, 0, 13.6, 0.39782], "texture": "#2"}
			}
		},
		{
			"name": "hexadecagon",
			"from": [1.2, 2.03282, 12.65],
			"to": [14.8, 2.43065, 14.65],
			"rotation": {"angle": 22.5, "axis": "x", "origin": [8, 2.23173, 13.65]},
			"faces": {
				"north": {"uv": [0, 0, 13.6, 0.39782], "texture": "#2"},
				"south": {"uv": [0, 0, 13.6, 0.39782], "texture": "#2"}
			}
		},
		{
			"name": "hexadecagon",
			"from": [1.2, 2.03282, 12.65],
			"to": [14.8, 2.43065, 14.65],
			"rotation": {"angle": 45, "axis": "x", "origin": [8, 2.23173, 13.65]},
			"faces": {
				"north": {"uv": [0, 0, 13.6, 0.39782], "texture": "#2"},
				"south": {"uv": [0, 0, 13.6, 0.39782], "texture": "#2"}
			}
		},
		{
			"name": "hexadecagon",
			"from": [1.2, 1.23173, 13.45109],
			"to": [14.8, 3.23173, 13.84891],
			"rotation": {"angle": -22.5, "axis": "x", "origin": [8, 2.23173, 13.65]},
			"faces": {
				"up": {"uv": [0, 0, 13.6, 0.39782], "texture": "#2"},
				"down": {"uv": [0, 0, 13.6, 0.39782], "texture": "#2"}
			}
		},
		{
			"name": "hexadecagon",
			"from": [1.2, 1.23173, 13.45109],
			"to": [14.8, 3.23173, 13.84891],
			"rotation": {"angle": 0, "axis": "x", "origin": [8, 2.23173, 13.65]},
			"faces": {
				"up": {"uv": [0, 0, 13.6, 0.39782], "texture": "#2"},
				"down": {"uv": [0, 0, 13.6, 0.39782], "texture": "#2"}
			}
		},
		{
			"name": "hexadecagon",
			"from": [1.2, 1.23173, 13.45109],
			"to": [14.8, 3.23173, 13.84891],
			"rotation": {"angle": 22.5, "axis": "x", "origin": [8, 2.23173, 13.65]},
			"faces": {
				"up": {"uv": [0, 0, 13.6, 0.39782], "texture": "#2"},
				"down": {"uv": [0, 0, 13.6, 0.39782], "texture": "#2"}
			}
		},
		{
			"name": "hexadecagon",
			"from": [0.80109, 0.65673, 12.65],
			"to": [1.19891, 16.15673, 14.65],
			"rotation": {"angle": -45, "axis": "y", "origin": [1, 13.15673, 13.65]},
			"faces": {
				"north": {"uv": [0, 0, 0.39782, 15.5], "texture": "#2"},
				"south": {"uv": [0, 0, 0.39782, 15.5], "texture": "#2"},
				"up": {"uv": [0, 0, 0.39782, 2], "texture": "#2"},
				"down": {"uv": [0, 0, 0.39782, 2], "texture": "#2"}
			}
		},
		{
			"name": "hexadecagon",
			"from": [0.80109, 0.65673, 12.65],
			"to": [1.19891, 16.15673, 14.65],
			"rotation": {"angle": -22.5, "axis": "y", "origin": [1, 13.15673, 13.65]},
			"faces": {
				"north": {"uv": [0, 0, 0.39782, 15.5], "texture": "#2"},
				"south": {"uv": [0, 0, 0.39782, 15.5], "texture": "#2"},
				"up": {"uv": [0, 0, 0.39782, 2], "texture": "#2"},
				"down": {"uv": [0, 0, 0.39782, 2], "texture": "#2"}
			}
		},
		{
			"name": "hexadecagon",
			"from": [0.80109, 0.65673, 12.65],
			"to": [1.19891, 16.15673, 14.65],
			"rotation": {"angle": 0, "axis": "y", "origin": [1, 13.15673, 13.65]},
			"faces": {
				"north": {"uv": [0, 0, 0.39782, 15.5], "texture": "#2"},
				"south": {"uv": [0, 0, 0.39782, 15.5], "texture": "#2"},
				"up": {"uv": [0, 0, 0.39782, 2], "texture": "#2"},
				"down": {"uv": [0, 0, 0.39782, 2], "texture": "#2"}
			}
		},
		{
			"name": "hexadecagon",
			"from": [0.80109, 0.65673, 12.65],
			"to": [1.19891, 16.15673, 14.65],
			"rotation": {"angle": 22.5, "axis": "y", "origin": [1, 13.15673, 13.65]},
			"faces": {
				"north": {"uv": [0, 0, 0.39782, 15.5], "texture": "#2"},
				"south": {"uv": [0, 0, 0.39782, 15.5], "texture": "#2"},
				"up": {"uv": [0, 0, 0.39782, 2], "texture": "#2"},
				"down": {"uv": [0, 0, 0.39782, 2], "texture": "#2"}
			}
		},
		{
			"name": "hexadecagon",
			"from": [0.80109, 0.65673, 12.65],
			"to": [1.19891, 16.15673, 14.65],
			"rotation": {"angle": 45, "axis": "y", "origin": [1, 13.15673, 13.65]},
			"faces": {
				"north": {"uv": [0, 0, 0.39782, 15.5], "texture": "#2"},
				"south": {"uv": [0, 0, 0.39782, 15.5], "texture": "#2"},
				"up": {"uv": [0, 0, 0.39782, 2], "texture": "#2"},
				"down": {"uv": [0, 0, 0.39782, 2], "texture": "#2"}
			}
		},
		{
			"name": "hexadecagon",
			"from": [0, 0.65673, 13.45109],
			"to": [2, 16.15673, 13.84891],
			"rotation": {"angle": -22.5, "axis": "y", "origin": [1, 13.15673, 13.65]},
			"faces": {
				"east": {"uv": [0, 0, 0.39782, 15.5], "texture": "#2"},
				"west": {"uv": [0, 0, 0.39782, 15.5], "texture": "#2"},
				"up": {"uv": [0, 0, 2, 0.39782], "texture": "#2"},
				"down": {"uv": [0, 0, 2, 0.39782], "texture": "#2"}
			}
		},
		{
			"name": "hexadecagon",
			"from": [0, 0.65673, 13.45109],
			"to": [2, 16.15673, 13.84891],
			"rotation": {"angle": 0, "axis": "y", "origin": [1, 13.15673, 13.65]},
			"faces": {
				"east": {"uv": [0, 0, 0.39782, 15.5], "texture": "#2"},
				"west": {"uv": [0, 0, 0.39782, 15.5], "texture": "#2"},
				"up": {"uv": [0, 0, 2, 0.39782], "texture": "#2"},
				"down": {"uv": [0, 0, 2, 0.39782], "texture": "#2"}
			}
		},
		{
			"name": "hexadecagon",
			"from": [0, 0.65673, 13.45109],
			"to": [2, 16.15673, 13.84891],
			"rotation": {"angle": 22.5, "axis": "y", "origin": [1, 13.15673, 13.65]},
			"faces": {
				"east": {"uv": [0, 0, 0.39782, 15.5], "texture": "#2"},
				"west": {"uv": [0, 0, 0.39782, 15.5], "texture": "#2"},
				"up": {"uv": [0, 0, 2, 0.39782], "texture": "#2"},
				"down": {"uv": [0, 0, 2, 0.39782], "texture": "#2"}
			}
		},
		{
			"name": "hexadecagon",
			"from": [14.80109, 0.65673, 12.65],
			"to": [15.19891, 16.15673, 14.65],
			"rotation": {"angle": -45, "axis": "y", "origin": [15, 13.15673, 13.65]},
			"faces": {
				"north": {"uv": [0, 0, 0.39782, 15.5], "texture": "#2"},
				"south": {"uv": [0, 0, 0.39782, 15.5], "texture": "#2"},
				"up": {"uv": [0, 0, 0.39782, 2], "texture": "#2"},
				"down": {"uv": [0, 0, 0.39782, 2], "texture": "#2"}
			}
		},
		{
			"name": "hexadecagon",
			"from": [14.80109, 0.65673, 12.65],
			"to": [15.19891, 16.15673, 14.65],
			"rotation": {"angle": -22.5, "axis": "y", "origin": [15, 13.15673, 13.65]},
			"faces": {
				"north": {"uv": [0, 0, 0.39782, 15.5], "texture": "#2"},
				"south": {"uv": [0, 0, 0.39782, 15.5], "texture": "#2"},
				"up": {"uv": [0, 0, 0.39782, 2], "texture": "#2"},
				"down": {"uv": [0, 0, 0.39782, 2], "texture": "#2"}
			}
		},
		{
			"name": "hexadecagon",
			"from": [14.80109, 0.65673, 12.65],
			"to": [15.19891, 16.15673, 14.65],
			"rotation": {"angle": 0, "axis": "y", "origin": [15, 13.15673, 13.65]},
			"faces": {
				"north": {"uv": [0, 0, 0.39782, 15.5], "texture": "#2"},
				"south": {"uv": [0, 0, 0.39782, 15.5], "texture": "#2"},
				"up": {"uv": [0, 0, 0.39782, 2], "texture": "#2"},
				"down": {"uv": [0, 0, 0.39782, 2], "texture": "#2"}
			}
		},
		{
			"name": "hexadecagon",
			"from": [14.80109, 0.65673, 12.65],
			"to": [15.19891, 16.15673, 14.65],
			"rotation": {"angle": 22.5, "axis": "y", "origin": [15, 13.15673, 13.65]},
			"faces": {
				"north": {"uv": [0, 0, 0.39782, 15.5], "texture": "#2"},
				"south": {"uv": [0, 0, 0.39782, 15.5], "texture": "#2"},
				"up": {"uv": [0, 0, 0.39782, 2], "texture": "#2"},
				"down": {"uv": [0, 0, 0.39782, 2], "texture": "#2"}
			}
		},
		{
			"name": "hexadecagon",
			"from": [14.80109, 0.65673, 12.65],
			"to": [15.19891, 16.15673, 14.65],
			"rotation": {"angle": 45, "axis": "y", "origin": [15, 13.15673, 13.65]},
			"faces": {
				"north": {"uv": [0, 0, 0.39782, 15.5], "texture": "#2"},
				"south": {"uv": [0, 0, 0.39782, 15.5], "texture": "#2"},
				"up": {"uv": [0, 0, 0.39782, 2], "texture": "#2"},
				"down": {"uv": [0, 0, 0.39782, 2], "texture": "#2"}
			}
		},
		{
			"name": "hexadecagon",
			"from": [14, 0.65673, 13.45109],
			"to": [16, 16.15673, 13.84891],
			"rotation": {"angle": -22.5, "axis": "y", "origin": [15, 13.15673, 13.65]},
			"faces": {
				"east": {"uv": [0, 0, 0.39782, 15.5], "texture": "#2"},
				"west": {"uv": [0, 0, 0.39782, 15.5], "texture": "#2"},
				"up": {"uv": [0, 0, 2, 0.39782], "texture": "#2"},
				"down": {"uv": [0, 0, 2, 0.39782], "texture": "#2"}
			}
		},
		{
			"name": "hexadecagon",
			"from": [14, 0.65673, 13.45109],
			"to": [16, 16.15673, 13.84891],
			"rotation": {"angle": 0, "axis": "y", "origin": [15, 13.15673, 13.65]},
			"faces": {
				"east": {"uv": [0, 0, 0.39782, 15.5], "texture": "#2"},
				"west": {"uv": [0, 0, 0.39782, 15.5], "texture": "#2"},
				"up": {"uv": [0, 0, 2, 0.39782], "texture": "#2"},
				"down": {"uv": [0, 0, 2, 0.39782], "texture": "#2"}
			}
		},
		{
			"name": "hexadecagon",
			"from": [14, 0.65673, 13.45109],
			"to": [16, 16.15673, 13.84891],
			"rotation": {"angle": 22.5, "axis": "y", "origin": [15, 13.15673, 13.65]},
			"faces": {
				"east": {"uv": [0, 0, 0.39782, 15.5], "texture": "#2"},
				"west": {"uv": [0, 0, 0.39782, 15.5], "texture": "#2"},
				"up": {"uv": [0, 0, 2, 0.39782], "texture": "#2"},
				"down": {"uv": [0, 0, 2, 0.39782], "texture": "#2"}
			}
		},
		{
			"name": "hexadecagon",
			"from": [1.2, 14.53282, 12.65],
			"to": [14.8, 14.93065, 14.65],
			"rotation": {"angle": -45, "axis": "x", "origin": [8, 14.73173, 13.65]},
			"faces": {
				"north": {"uv": [0, 0, 13.6, 0.39782], "texture": "#2"},
				"south": {"uv": [0, 0, 13.6, 0.39782], "texture": "#2"}
			}
		},
		{
			"name": "hexadecagon",
			"from": [1.2, 14.53282, 12.65],
			"to": [14.8, 14.93065, 14.65],
			"rotation": {"angle": -22.5, "axis": "x", "origin": [8, 14.73173, 13.65]},
			"faces": {
				"north": {"uv": [0, 0, 13.6, 0.39782], "texture": "#2"},
				"south": {"uv": [0, 0, 13.6, 0.39782], "texture": "#2"}
			}
		},
		{
			"name": "hexadecagon",
			"from": [1.2, 14.53282, 12.65],
			"to": [14.8, 14.93065, 14.65],
			"rotation": {"angle": 0, "axis": "x", "origin": [8, 14.73173, 13.65]},
			"faces": {
				"north": {"uv": [0, 0, 13.6, 0.39782], "texture": "#2"},
				"south": {"uv": [0, 0, 13.6, 0.39782], "texture": "#2"}
			}
		},
		{
			"name": "hexadecagon",
			"from": [1.2, 14.53282, 12.65],
			"to": [14.8, 14.93065, 14.65],
			"rotation": {"angle": 22.5, "axis": "x", "origin": [8, 14.73173, 13.65]},
			"faces": {
				"north": {"uv": [0, 0, 13.6, 0.39782], "texture": "#2"},
				"south": {"uv": [0, 0, 13.6, 0.39782], "texture": "#2"}
			}
		},
		{
			"name": "hexadecagon",
			"from": [1.2, 14.53282, 12.65],
			"to": [14.8, 14.93065, 14.65],
			"rotation": {"angle": 45, "axis": "x", "origin": [8, 14.73173, 13.65]},
			"faces": {
				"north": {"uv": [0, 0, 13.6, 0.39782], "texture": "#2"},
				"south": {"uv": [0, 0, 13.6, 0.39782], "texture": "#2"}
			}
		},
		{
			"name": "hexadecagon",
			"from": [1.2, 13.73173, 13.45109],
			"to": [14.8, 15.73173, 13.84891],
			"rotation": {"angle": -22.5, "axis": "x", "origin": [8, 14.73173, 13.65]},
			"faces": {
				"up": {"uv": [0, 0, 13.6, 0.39782], "texture": "#2"},
				"down": {"uv": [0, 0, 13.6, 0.39782], "texture": "#2"}
			}
		},
		{
			"name": "hexadecagon",
			"from": [1.2, 13.73173, 13.45109],
			"to": [14.8, 15.73173, 13.84891],
			"rotation": {"angle": 0, "axis": "x", "origin": [8, 14.73173, 13.65]},
			"faces": {
				"up": {"uv": [0, 0, 13.6, 0.39782], "texture": "#2"},
				"down": {"uv": [0, 0, 13.6, 0.39782], "texture": "#2"}
			}
		},
		{
			"name": "hexadecagon",
			"from": [1.2, 13.73173, 13.45109],
			"to": [14.8, 15.73173, 13.84891],
			"rotation": {"angle": 22.5, "axis": "x", "origin": [8, 14.73173, 13.65]},
			"faces": {
				"up": {"uv": [0, 0, 13.6, 0.39782], "texture": "#2"},
				"down": {"uv": [0, 0, 13.6, 0.39782], "texture": "#2"}
			}
		},
		{
			"name": "hexadecagon",
			"from": [11.03, 17.58597, 15.01986],
			"to": [13.05, 18.28787, 16.02736],
			"rotation": {"angle": -45, "axis": "x", "origin": [8, 15.63388, 17.9325]},
			"faces": {
				"north": {"uv": [0, 0, 2, 0.57119], "texture": "#3"},
				"east": {"uv": [0, 0, 1.0075, 0.70191], "texture": "#3"},
				"south": {"uv": [0, 0, 2, 0.57119], "texture": "#3"},
				"west": {"uv": [0, 0, 0.75, 0.57119], "texture": "#3"}
			}
		},
		{
			"name": "hexadecagon",
			"from": [11.03, 13.32866, 14.566],
			"to": [13.05, 16.00131, 15.98],
			"rotation": {"angle": 0, "axis": "x", "origin": [8, 15.63388, 17.9325]},
			"faces": {
				"north": {"uv": [0, 0, 2, 2.64619], "texture": "#3"},
				"east": {"uv": [0, 0, 1.4, 2.64619], "texture": "#3"},
				"west": {"uv": [0, 0, 1.4, 2.64619], "texture": "#3"},
				"up": {"uv": [0, 0, 2, 1.4], "texture": "#3"},
				"down": {"uv": [0, 0, 2, 1.4], "texture": "#3"}
			}
		},
		{
			"name": "hexadecagon",
			"from": [11.03, 11.60966, 16.39009],
			"to": [13.05, 12.28632, 17.39759],
			"rotation": {"angle": 45, "axis": "x", "origin": [8, 15.63388, 17.9325]},
			"faces": {
				"east": {"uv": [0, 0, 1.0075, 0.67666], "texture": "#3"},
				"south": {"uv": [0, 0, 2, 0.54619], "texture": "#3"},
				"west": {"uv": [0, 0, 0.75, 0.54619], "texture": "#3"}
			}
		},
		{
			"name": "hexadecagon",
			"from": [11.03, 14.58808, 13.30675],
			"to": [13.05, 18.12308, 14.0099],
			"rotation": {"angle": -22.5, "axis": "x", "origin": [8, 15.63388, 17.9325]},
			"faces": {
				"north": {"uv": [0, 0, 2, 3.5], "texture": "#3"},
				"east": {"uv": [0, 0, 0.69619, 3.5], "texture": "#3"},
				"west": {"uv": [0, 0, 0.69619, 3.5], "texture": "#3"},
				"up": {"uv": [0, 0, 2, 0.69619], "texture": "#3"},
				"down": {"uv": [0, 0, 2, 0.69619], "texture": "#3"}
			}
		},
		{
			"name": "hexadecagon",
			"from": [11.03, 12.89748, 13.35592],
			"to": [13.05, 16.43248, 14.05908],
			"rotation": {"angle": 0, "axis": "x", "origin": [8, 15.63388, 17.9325]},
			"faces": {
				"east": {"uv": [0, 0, 0.69619, 3.5], "texture": "#3"},
				"west": {"uv": [0, 0, 0.69619, 3.5], "texture": "#3"},
				"up": {"uv": [0, 0, 2, 0.69619], "texture": "#3"},
				"down": {"uv": [0, 0, 2, 0.69619], "texture": "#3"}
			}
		},
		{
			"name": "hexadecagon",
			"from": [11.03, 11.3544, 14.04831],
			"to": [13.05, 14.8894, 14.75147],
			"rotation": {"angle": 22.5, "axis": "x", "origin": [8, 15.63388, 17.9325]},
			"faces": {
				"north": {"uv": [0, 0, 2, 3.5], "texture": "#3"},
				"east": {"uv": [0, 0, 0.69619, 3.5], "texture": "#3"},
				"west": {"uv": [0, 0, 0.69619, 3.5], "texture": "#3"},
				"up": {"uv": [0, 0, 2, 0.69619], "texture": "#3"},
				"down": {"uv": [0, 0, 2, 0.69619], "texture": "#3"}
			}
		},
		{
			"name": "hexadecagon",
			"from": [2.95, 17.58597, 15.01986],
			"to": [4.97, 18.28787, 16.02736],
			"rotation": {"angle": -45, "axis": "x", "origin": [8, 15.63388, 17.9325]},
			"faces": {
				"north": {"uv": [0, 0, 2, 0.57119], "texture": "#3"},
				"east": {"uv": [0, 0, 0.75, 0.57119], "texture": "#3"},
				"south": {"uv": [0, 0, 2, 0.57119], "texture": "#3"},
				"west": {"uv": [0, 0, 0.75, 0.57119], "texture": "#3"}
			}
		},
		{
			"name": "hexadecagon",
			"from": [2.95, 13.32866, 14.566],
			"to": [4.97, 16.00131, 15.98],
			"rotation": {"angle": 0, "axis": "x", "origin": [8, 15.63388, 17.9325]},
			"faces": {
				"north": {"uv": [0, 0, 2, 2.64619], "texture": "#3"},
				"east": {"uv": [0, 0, 1.4, 2.64619], "texture": "#3"},
				"west": {"uv": [0, 0, 1.4, 2.64619], "texture": "#3"},
				"up": {"uv": [0, 0, 2, 1.4], "texture": "#3"},
				"down": {"uv": [0, 0, 2, 1.4], "texture": "#3"}
			}
		},
		{
			"name": "hexadecagon",
			"from": [2.95, 11.60966, 16.39009],
			"to": [4.97, 12.28632, 17.39759],
			"rotation": {"angle": 45, "axis": "x", "origin": [8, 15.63388, 17.9325]},
			"faces": {
				"east": {"uv": [0, 0, 0.75, 0.54619], "texture": "#3"},
				"south": {"uv": [0, 0, 2, 0.54619], "texture": "#3"},
				"west": {"uv": [0, 0, 0.75, 0.54619], "texture": "#3"}
			}
		},
		{
			"name": "hexadecagon",
			"from": [2.95, 14.58808, 13.30675],
			"to": [4.97, 18.12308, 14.0099],
			"rotation": {"angle": -22.5, "axis": "x", "origin": [8, 15.63388, 17.9325]},
			"faces": {
				"north": {"uv": [0, 0, 2, 3.5], "texture": "#3"},
				"east": {"uv": [0, 0, 0.69619, 3.5], "texture": "#3"},
				"west": {"uv": [0, 0, 0.69619, 3.5], "texture": "#3"},
				"up": {"uv": [0, 0, 2, 0.69619], "texture": "#3"},
				"down": {"uv": [0, 0, 2, 0.69619], "texture": "#3"}
			}
		},
		{
			"name": "hexadecagon",
			"from": [2.95, 12.89748, 13.35592],
			"to": [4.97, 16.43248, 14.05908],
			"rotation": {"angle": 0, "axis": "x", "origin": [8, 15.63388, 17.9325]},
			"faces": {
				"east": {"uv": [0, 0, 0.69619, 3.5], "texture": "#3"},
				"west": {"uv": [0, 0, 0.69619, 3.5], "texture": "#3"},
				"up": {"uv": [0, 0, 2, 0.69619], "texture": "#3"},
				"down": {"uv": [0, 0, 2, 0.69619], "texture": "#3"}
			}
		},
		{
			"name": "hexadecagon",
			"from": [2.95, 11.3544, 14.04831],
			"to": [4.97, 14.8894, 14.75147],
			"rotation": {"angle": 22.5, "axis": "x", "origin": [8, 15.63388, 17.9325]},
			"faces": {
				"north": {"uv": [0, 0, 2, 3.5], "texture": "#3"},
				"east": {"uv": [0, 0, 0.69619, 3.5], "texture": "#3"},
				"west": {"uv": [0, 0, 0.69619, 3.5], "texture": "#3"},
				"up": {"uv": [0, 0, 2, 0.69619], "texture": "#3"},
				"down": {"uv": [0, 0, 2, 0.69619], "texture": "#3"}
			}
		},
		{
			"from": [-0.08, 13.32673, 15.98],
			"to": [16.08, 16.02, 24.06],
			"rotation": {"angle": 0, "axis": "y", "origin": [8, 15.63388, 17.9325]},
			"faces": {
				"north": {"uv": [0, 0, 16, 2.69327], "texture": "#3"},
				"east": {"uv": [0, 0, 8.08, 2.69327], "texture": "#3"},
				"south": {"uv": [0, 0, 16, 2.69327], "texture": "#3", "cullface": "south"},
				"west": {"uv": [0, 0, 8.08, 2.69327], "texture": "#3"},
				"up": {"uv": [0, 0, 16, 8.08], "texture": "#3"},
				"down": {"uv": [0, 0, 16, 8.08], "texture": "#3", "cullface": "south"}
			}
		},
		{
			"name": "octagon",
			"from": [10.96292, 15.99906, 17.49625],
			"to": [13.03708, 17.25094, 22.50375],
			"rotation": {"angle": 22.5, "axis": "y", "origin": [12, 16.625, 20]},
			"faces": {
				"north": {"uv": [0, 0, 2.07107, 1.25], "texture": "#3"},
				"south": {"uv": [0, 0, 2.07107, 1.25], "texture": "#3"},
				"up": {"uv": [0, 0, 2.07107, 5], "texture": "#3"}
			}
		},
		{
			"name": "octagon",
			"from": [10.96292, 15.99906, 17.49625],
			"to": [13.03708, 17.25094, 22.50375],
			"rotation": {"angle": -22.5, "axis": "y", "origin": [12, 16.625, 20]},
			"faces": {
				"north": {"uv": [0, 0, 2.07107, 1.25], "texture": "#3"},
				"south": {"uv": [0, 0, 2.07107, 1.25], "texture": "#3"},
				"up": {"uv": [0, 0, 2.07107, 5], "texture": "#3"}
			}
		},
		{
			"name": "octagon",
			"from": [9.49625, 15.99906, 18.96292],
			"to": [14.50375, 17.25094, 21.03708],
			"rotation": {"angle": 22.5, "axis": "y", "origin": [12, 16.625, 20]},
			"faces": {
				"east": {"uv": [0, 0, 2.07107, 1.25], "texture": "#3"},
				"west": {"uv": [0, 0, 2.07107, 1.25], "texture": "#3"},
				"up": {"uv": [0, 0, 5, 2.07107], "texture": "#3"}
			}
		},
		{
			"name": "octagon",
			"from": [9.49625, 15.99906, 18.96292],
			"to": [14.50375, 17.25094, 21.03708],
			"rotation": {"angle": -22.5, "axis": "y", "origin": [12, 16.625, 20]},
			"faces": {
				"east": {"uv": [0, 0, 2.07107, 1.25], "texture": "#3"},
				"west": {"uv": [0, 0, 2.07107, 1.25], "texture": "#3"},
				"up": {"uv": [0, 0, 5, 2.07107], "texture": "#3"}
			}
		},
		{
			"name": "octagon",
			"from": [2.96293, 15.99904, 17.49622],
			"to": [5.03709, 17.25092, 22.50372],
			"rotation": {"angle": 22.5, "axis": "y", "origin": [4.00001, 16.62498, 19.99997]},
			"faces": {
				"north": {"uv": [0, 0, 2.07107, 1.25], "texture": "#3"},
				"south": {"uv": [0, 0, 2.07107, 1.25], "texture": "#3"},
				"up": {"uv": [0, 0, 2.07107, 5], "texture": "#3"}
			}
		},
		{
			"name": "octagon",
			"from": [2.96293, 15.99904, 17.49622],
			"to": [5.03709, 17.25092, 22.50372],
			"rotation": {"angle": -22.5, "axis": "y", "origin": [4.00001, 16.62498, 19.99997]},
			"faces": {
				"north": {"uv": [0, 0, 2.07107, 1.25], "texture": "#3"},
				"south": {"uv": [0, 0, 2.07107, 1.25], "texture": "#3"},
				"up": {"uv": [0, 0, 2.07107, 5], "texture": "#3"}
			}
		},
		{
			"name": "octagon",
			"from": [1.49626, 15.99904, 18.96289],
			"to": [6.50376, 17.25092, 21.03706],
			"rotation": {"angle": 22.5, "axis": "y", "origin": [4.00001, 16.62498, 19.99997]},
			"faces": {
				"east": {"uv": [0, 0, 2.07107, 1.25], "texture": "#3"},
				"west": {"uv": [0, 0, 2.07107, 1.25], "texture": "#3"},
				"up": {"uv": [0, 0, 5, 2.07107], "texture": "#3"}
			}
		},
		{
			"name": "octagon",
			"from": [1.49626, 15.99904, 18.96289],
			"to": [6.50376, 17.25092, 21.03706],
			"rotation": {"angle": -22.5, "axis": "y", "origin": [4.00001, 16.62498, 19.99997]},
			"faces": {
				"east": {"uv": [0, 0, 2.07107, 1.25], "texture": "#3"},
				"west": {"uv": [0, 0, 2.07107, 1.25], "texture": "#3"},
				"up": {"uv": [0, 0, 5, 2.07107], "texture": "#3"}
			}
		}
	],
	"display": {
		"thirdperson_righthand": {
			"rotation": [75, 45, 0],
			"translation": [0, 2.5, 0],
			"scale": [0.375, 0.375, 0.375]
		},
		"thirdperson_lefthand": {
			"rotation": [75, 45, 0],
			"translation": [0, 2.5, 0],
			"scale": [-0.375, 0.375, 0.375]
		},
		"firstperson_righthand": {
			"rotation": [0, 135, 0],
			"scale": [0.4, 0.4, 0.4]
		},
		"firstperson_lefthand": {
			"rotation": [0, 135, 0],
			"scale": [0.4, 0.4, 0.4]
		},
		"ground": {
			"translation": [0, 3, 0],
			"scale": [0.25, 0.25, 0.25]
		},
		"gui": {
			"rotation": [0, -180, 0],
			"translation": [0, -1, 0],
			"scale": [0.9, 0.9, 0.9]
		},
		"head": {
			"translation": [0, 0, -12.75]
		},
		"fixed": {
			"translation": [0, 0, -6.5],
			"scale": [0.5, 0.5, 0.5]
		}
	},
	"groups": [
		{
			"name": "group",
			"origin": [8, 8, 8],
			"color": 0,
			"children": [
				{
					"name": "hexadecagon",
					"origin": [8, 8, 8],
					"color": 0,
					"children": [0, 1, 2, 3, 4, 5, 6, 7]
				},
				{
					"name": "hexadecagon",
					"origin": [8, 8, 8],
					"color": 0,
					"children": [8, 9, 10, 11, 12, 13, 14, 15]
				},
				{
					"name": "hexadecagon",
					"origin": [8, 8, 8],
					"color": 0,
					"children": [16, 17, 18, 19, 20, 21, 22, 23]
				},
				{
					"name": "hexadecagon",
					"origin": [8, 8, 8],
					"color": 0,
					"children": [24, 25, 26, 27, 28, 29, 30, 31]
				},
				{
					"name": "hexadecagon",
					"origin": [8, 8, 8],
					"color": 0,
					"children": [32, 33, 34, 35, 36, 37, 38, 39]
				}
			]
		},
		{
			"name": "group",
			"origin": [8, 8, 8],
			"color": 0,
			"children": [
				{
					"name": "hexadecagon",
					"origin": [8, 8, 8],
					"color": 0,
					"children": [40, 41, 42, 43, 44, 45]
				},
				{
					"name": "hexadecagon",
					"origin": [8, 8, 8],
					"color": 0,
					"children": [46, 47, 48, 49, 50, 51]
				},
				{
					"name": "group",
					"origin": [16, 0, 16],
					"color": 0,
					"children": [52]
				}
			]
		},
		{
			"name": "studs",
			"origin": [8, 8, 8],
			"color": 0,
			"children": [
				{
					"name": "octagon",
					"origin": [8, 8, 8],
					"color": 0,
					"children": [53, 54, 55, 56]
				},
				{
					"name": "octagon",
					"origin": [8, 8, 8],
					"color": 0,
					"children": [57, 58, 59, 60]
				}
			]
		}
	]
}