{
	"credit": "AlexTestria | https://alex-bauerndistel.de",
	"textures": {
		"0": "brickcraft/material/transparent_plastics/shader_support/plastic13",
		"particle": "brickcraft/material/transparent_plastics/shader_support/plastic13"
	},
	"elements": [
		{
			"from": [-0.14865, 0, 4.85135],
			"to": [15.85135, 2, 10.85135],
			"rotation": {"angle": 0, "axis": "y", "origin": [7.85135, 15.74324, 8]},
			"faces": {
				"north": {"uv": [16, 0, 0, 2], "texture": "#0"},
				"east": {"uv": [6, 0, 0, 2], "texture": "#0"},
				"south": {"uv": [16, 0, 0, 2], "texture": "#0"},
				"west": {"uv": [6, 0, 0, 2], "texture": "#0"},
				"up": {"uv": [6, 0, 0, 16], "rotation": 90, "texture": "#0"},
				"down": {"uv": [6, 0, 0, 16], "rotation": 270, "texture": "#0"}
			}
		},
		{
			"from": [-0.14865, 15.25, 4.85135],
			"to": [15.85135, 16, 10.85135],
			"rotation": {"angle": 0, "axis": "y", "origin": [7.85135, 15.74324, 8]},
			"faces": {
				"north": {"uv": [16, 0, 0, 0.75], "texture": "#0"},
				"east": {"uv": [6, 0, 0, 0.75], "texture": "#0"},
				"south": {"uv": [16, 0, 0, 0.75], "texture": "#0"},
				"west": {"uv": [6, 0, 0, 0.75], "texture": "#0"},
				"up": {"uv": [6, 0, 0, 16], "rotation": 90, "texture": "#0"},
				"down": {"uv": [6, 0, 0, 16], "rotation": 270, "texture": "#0"}
			}
		},
		{
			"from": [-0.14865, 2, 9.85135],
			"to": [15.85135, 15.25, 10.85135],
			"rotation": {"angle": 0, "axis": "y", "origin": [7.85135, 15.74324, 8]},
			"faces": {
				"north": {"uv": [16, 0, 0, 13.25], "texture": "#0"},
				"east": {"uv": [1, 0, 0, 13.25], "texture": "#0"},
				"south": {"uv": [16, 0, 0, 13.25], "texture": "#0"},
				"west": {"uv": [1, 0, 0, 13.25], "texture": "#0"}
			}
		},
		{
			"from": [14.85135, 2, 8.85135],
			"to": [15.85135, 15.25, 9.85135],
			"rotation": {"angle": 0, "axis": "y", "origin": [7.85135, 15.74324, 8]},
			"faces": {
				"north": {"uv": [1, 0, 0, 13.25], "texture": "#0"},
				"east": {"uv": [1, 0, 0, 13.25], "texture": "#0"},
				"west": {"uv": [1, 0, 0, 13.25], "texture": "#0"}
			}
		},
		{
			"from": [-0.14865, 2, 8.85135],
			"to": [0.85135, 15.25, 9.85135],
			"rotation": {"angle": 0, "axis": "y", "origin": [7.85135, 15.74324, 8]},
			"faces": {
				"north": {"uv": [1, 0, 0, 13.25], "texture": "#0"},
				"east": {"uv": [1, 0, 0, 13.25], "texture": "#0"},
				"west": {"uv": [1, 0, 0, 13.25], "texture": "#0"}
			}
		},
		{
			"name": "hexadecagon",
			"from": [6.62803, 16, 4.56918],
			"to": [7.62803, 17.75, 5.56374],
			"rotation": {"angle": 45, "axis": "y", "origin": [7.85135, 15.74324, 8]},
			"faces": {
				"east": {"uv": [0.99456, 0, 0, 1.75], "texture": "#0"},
				"west": {"uv": [0.99456, 0, 0, 1.75], "texture": "#0"},
				"up": {"uv": [0.99456, 0, 0, 1], "rotation": 90, "texture": "#0"}
			}
		},
		{
			"name": "hexadecagon",
			"from": [5.71272, 16, 5.83465],
			"to": [6.71272, 17.75, 6.82921],
			"rotation": {"angle": 22.5, "axis": "y", "origin": [7.85135, 15.74324, 8]},
			"faces": {
				"east": {"uv": [0.99456, 0, 0, 1.75], "texture": "#0"},
				"west": {"uv": [0.99456, 0, 0, 1.75], "texture": "#0"},
				"up": {"uv": [0.99456, 0, 0, 1], "rotation": 90, "texture": "#0"}
			}
		},
		{
			"name": "hexadecagon",
			"from": [5.35135, 16, 7.35407],
			"to": [6.35135, 17.75, 8.34863],
			"rotation": {"angle": 0, "axis": "y", "origin": [7.85135, 15.74324, 8]},
			"faces": {
				"east": {"uv": [0.99456, 0, 0, 1.75], "texture": "#0"},
				"west": {"uv": [0.99456, 0, 0, 1.75], "texture": "#0"},
				"up": {"uv": [0.99456, 0, 0, 1], "rotation": 90, "texture": "#0"}
			}
		},
		{
			"name": "hexadecagon",
			"from": [5.59895, 16, 8.89612],
			"to": [6.59895, 17.75, 9.89068],
			"rotation": {"angle": -22.5, "axis": "y", "origin": [7.85135, 15.74324, 8]},
			"faces": {
				"east": {"uv": [0.99456, 0, 0, 1.75], "texture": "#0"},
				"west": {"uv": [0.99456, 0, 0, 1.75], "texture": "#0"},
				"up": {"uv": [0.99456, 0, 0, 1], "rotation": 90, "texture": "#0"}
			}
		},
		{
			"name": "hexadecagon",
			"from": [4.63075, 16, 6.56646],
			"to": [5.62531, 17.75, 7.56646],
			"rotation": {"angle": 45, "axis": "y", "origin": [7.85135, 15.74324, 8]},
			"faces": {
				"north": {"uv": [0.99456, 0, 0, 1.75], "texture": "#0"},
				"south": {"uv": [0.99456, 0, 0, 1.75], "texture": "#0"},
				"up": {"uv": [0, 1, 0.99456, 0], "texture": "#0"}
			}
		},
		{
			"name": "hexadecagon",
			"from": [2.62803, 16, 4.56918],
			"to": [3.62803, 17.75, 5.56374],
			"rotation": {"angle": 45, "axis": "y", "origin": [7.85135, 15.74324, 8]},
			"faces": {
				"east": {"uv": [0.99456, 0, 0, 1.75], "texture": "#0"},
				"west": {"uv": [0.99456, 0, 0, 1.75], "texture": "#0"},
				"up": {"uv": [0.99456, 0, 0, 1], "rotation": 90, "texture": "#0"}
			}
		},
		{
			"name": "hexadecagon",
			"from": [1.71272, 16, 5.83465],
			"to": [2.71272, 17.75, 6.82921],
			"rotation": {"angle": 22.5, "axis": "y", "origin": [7.85135, 15.74324, 8]},
			"faces": {
				"east": {"uv": [0.99456, 0, 0, 1.75], "texture": "#0"},
				"west": {"uv": [0.99456, 0, 0, 1.75], "texture": "#0"},
				"up": {"uv": [0.99456, 0, 0, 1], "rotation": 90, "texture": "#0"}
			}
		},
		{
			"name": "hexadecagon",
			"from": [1.35135, 16, 7.35407],
			"to": [2.35135, 17.75, 8.34863],
			"rotation": {"angle": 0, "axis": "y", "origin": [7.85135, 15.74324, 8]},
			"faces": {
				"east": {"uv": [0.99456, 0, 0, 1.75], "texture": "#0"},
				"west": {"uv": [0.99456, 0, 0, 1.75], "texture": "#0"},
				"up": {"uv": [0.99456, 0, 0, 1], "rotation": 90, "texture": "#0"}
			}
		},
		{
			"name": "hexadecagon",
			"from": [1.59895, 16, 8.89612],
			"to": [2.59895, 17.75, 9.89068],
			"rotation": {"angle": -22.5, "axis": "y", "origin": [7.85135, 15.74324, 8]},
			"faces": {
				"east": {"uv": [0.99456, 0, 0, 1.75], "texture": "#0"},
				"west": {"uv": [0.99456, 0, 0, 1.75], "texture": "#0"},
				"up": {"uv": [0.99456, 0, 0, 1], "rotation": 90, "texture": "#0"}
			}
		},
		{
			"name": "hexadecagon",
			"from": [4.63075, 16, 2.56646],
			"to": [5.62531, 17.75, 3.56646],
			"rotation": {"angle": 45, "axis": "y", "origin": [7.85135, 15.74324, 8]},
			"faces": {
				"north": {"uv": [0.99456, 0, 0, 1.75], "texture": "#0"},
				"south": {"uv": [0.99456, 0, 0, 1.75], "texture": "#0"},
				"up": {"uv": [0, 1, 0.99456, 0], "texture": "#0"}
			}
		},
		{
			"name": "hexadecagon",
			"from": [3.71544, 16, 7.83193],
			"to": [4.71, 17.75, 8.83193],
			"rotation": {"angle": 22.5, "axis": "y", "origin": [7.85135, 15.74324, 8]},
			"faces": {
				"north": {"uv": [0.99456, 0, 0, 1.75], "texture": "#0"},
				"south": {"uv": [0.99456, 0, 0, 1.75], "texture": "#0"},
				"up": {"uv": [1, 0, 0, 0.99456], "rotation": 90, "texture": "#0"}
			}
		},
		{
			"name": "hexadecagon",
			"from": [3.35407, 16, 9.35135],
			"to": [4.34863, 17.75, 10.35135],
			"rotation": {"angle": 0, "axis": "y", "origin": [7.85135, 15.74324, 8]},
			"faces": {
				"north": {"uv": [0.99456, 0, 0, 1.75], "texture": "#0"},
				"south": {"uv": [0.99456, 0, 0, 1.75], "texture": "#0"},
				"up": {"uv": [1, 0, 0, 0.99456], "rotation": 90, "texture": "#0"}
			}
		},
		{
			"name": "hexadecagon",
			"from": [3.60167, 16, 10.8934],
			"to": [4.59623, 17.75, 11.8934],
			"rotation": {"angle": -22.5, "axis": "y", "origin": [7.85135, 15.74324, 8]},
			"faces": {
				"north": {"uv": [0.99456, 0, 0, 1.75], "texture": "#0"},
				"south": {"uv": [0.99456, 0, 0, 1.75], "texture": "#0"},
				"up": {"uv": [1, 0, 0, 0.99456], "rotation": 90, "texture": "#0"}
			}
		},
		{
			"name": "hexadecagon",
			"from": [3.71544, 16, 3.83193],
			"to": [4.71, 17.75, 4.83193],
			"rotation": {"angle": 22.5, "axis": "y", "origin": [7.85135, 15.74324, 8]},
			"faces": {
				"north": {"uv": [0.99456, 0, 0, 1.75], "texture": "#0"},
				"south": {"uv": [0.99456, 0, 0, 1.75], "texture": "#0"},
				"up": {"uv": [1, 0, 0, 0.99456], "rotation": 90, "texture": "#0"}
			}
		},
		{
			"name": "hexadecagon",
			"from": [3.35407, 16, 5.35135],
			"to": [4.34863, 17.75, 6.35135],
			"rotation": {"angle": 0, "axis": "y", "origin": [7.85135, 15.74324, 8]},
			"faces": {
				"north": {"uv": [0.99456, 0, 0, 1.75], "texture": "#0"},
				"south": {"uv": [0.99456, 0, 0, 1.75], "texture": "#0"},
				"up": {"uv": [1, 0, 0, 0.99456], "rotation": 90, "texture": "#0"}
			}
		},
		{
			"name": "hexadecagon",
			"from": [3.60167, 16, 6.8934],
			"to": [4.59623, 17.75, 7.8934],
			"rotation": {"angle": -22.5, "axis": "y", "origin": [7.85135, 15.74324, 8]},
			"faces": {
				"north": {"uv": [0.99456, 0, 0, 1.75], "texture": "#0"},
				"south": {"uv": [0.99456, 0, 0, 1.75], "texture": "#0"},
				"up": {"uv": [1, 0, 0, 0.99456], "rotation": 90, "texture": "#0"}
			}
		},
		{
			"name": "hexadecagon",
			"from": [12.28489, 16, 10.22604],
			"to": [13.28489, 17.75, 11.2206],
			"rotation": {"angle": 45, "axis": "y", "origin": [7.85135, 15.74324, 8]},
			"faces": {
				"east": {"uv": [0.99456, 0, 0, 1.75], "texture": "#0"},
				"west": {"uv": [0.99456, 0, 0, 1.75], "texture": "#0"},
				"up": {"uv": [0.99456, 0, 0, 1], "rotation": 90, "texture": "#0"}
			}
		},
		{
			"name": "hexadecagon",
			"from": [13.10375, 16, 8.89612],
			"to": [14.10375, 17.75, 9.89068],
			"rotation": {"angle": 22.5, "axis": "y", "origin": [7.85135, 15.74324, 8]},
			"faces": {
				"east": {"uv": [0.99456, 0, 0, 1.75], "texture": "#0"},
				"west": {"uv": [0.99456, 0, 0, 1.75], "texture": "#0"},
				"up": {"uv": [0.99456, 0, 0, 1], "rotation": 90, "texture": "#0"}
			}
		},
		{
			"name": "hexadecagon",
			"from": [13.35135, 16, 7.35407],
			"to": [14.35135, 17.75, 8.34863],
			"rotation": {"angle": 0, "axis": "y", "origin": [7.85135, 15.74324, 8]},
			"faces": {
				"east": {"uv": [0.99456, 0, 0, 1.75], "texture": "#0"},
				"west": {"uv": [0.99456, 0, 0, 1.75], "texture": "#0"},
				"up": {"uv": [0.99456, 0, 0, 1], "rotation": 90, "texture": "#0"}
			}
		},
		{
			"name": "hexadecagon",
			"from": [12.98998, 16, 5.83465],
			"to": [13.98998, 17.75, 6.82921],
			"rotation": {"angle": -22.5, "axis": "y", "origin": [7.85135, 15.74324, 8]},
			"faces": {
				"east": {"uv": [0.99456, 0, 0, 1.75], "texture": "#0"},
				"west": {"uv": [0.99456, 0, 0, 1.75], "texture": "#0"},
				"up": {"uv": [0.99456, 0, 0, 1], "rotation": 90, "texture": "#0"}
			}
		},
		{
			"name": "hexadecagon",
			"from": [10.28761, 16, 12.22332],
			"to": [11.28217, 17.75, 13.22332],
			"rotation": {"angle": 45, "axis": "y", "origin": [7.85135, 15.74324, 8]},
			"faces": {
				"north": {"uv": [0.99456, 0, 0, 1.75], "texture": "#0"},
				"south": {"uv": [0.99456, 0, 0, 1.75], "texture": "#0"},
				"up": {"uv": [0, 1, 0.99456, 0], "texture": "#0"}
			}
		},
		{
			"name": "hexadecagon",
			"from": [8.28489, 16, 10.22604],
			"to": [9.28489, 17.75, 11.2206],
			"rotation": {"angle": 45, "axis": "y", "origin": [7.85135, 15.74324, 8]},
			"faces": {
				"east": {"uv": [0.99456, 0, 0, 1.75], "texture": "#0"},
				"west": {"uv": [0.99456, 0, 0, 1.75], "texture": "#0"},
				"up": {"uv": [0.99456, 0, 0, 1], "rotation": 90, "texture": "#0"}
			}
		},
		{
			"name": "hexadecagon",
			"from": [9.10375, 16, 8.89612],
			"to": [10.10375, 17.75, 9.89068],
			"rotation": {"angle": 22.5, "axis": "y", "origin": [7.85135, 15.74324, 8]},
			"faces": {
				"east": {"uv": [0.99456, 0, 0, 1.75], "texture": "#0"},
				"west": {"uv": [0.99456, 0, 0, 1.75], "texture": "#0"},
				"up": {"uv": [0.99456, 0, 0, 1], "rotation": 90, "texture": "#0"}
			}
		},
		{
			"name": "hexadecagon",
			"from": [9.35135, 16, 7.35407],
			"to": [10.35135, 17.75, 8.34863],
			"rotation": {"angle": 0, "axis": "y", "origin": [7.85135, 15.74324, 8]},
			"faces": {
				"east": {"uv": [0.99456, 0, 0, 1.75], "texture": "#0"},
				"west": {"uv": [0.99456, 0, 0, 1.75], "texture": "#0"},
				"up": {"uv": [0.99456, 0, 0, 1], "rotation": 90, "texture": "#0"}
			}
		},
		{
			"name": "hexadecagon",
			"from": [8.98998, 16, 5.83465],
			"to": [9.98998, 17.75, 6.82921],
			"rotation": {"angle": -22.5, "axis": "y", "origin": [7.85135, 15.74324, 8]},
			"faces": {
				"east": {"uv": [0.99456, 0, 0, 1.75], "texture": "#0"},
				"west": {"uv": [0.99456, 0, 0, 1.75], "texture": "#0"},
				"up": {"uv": [0.99456, 0, 0, 1], "rotation": 90, "texture": "#0"}
			}
		},
		{
			"name": "hexadecagon",
			"from": [10.28761, 16, 8.22332],
			"to": [11.28217, 17.75, 9.22332],
			"rotation": {"angle": 45, "axis": "y", "origin": [7.85135, 15.74324, 8]},
			"faces": {
				"north": {"uv": [0.99456, 0, 0, 1.75], "texture": "#0"},
				"south": {"uv": [0.99456, 0, 0, 1.75], "texture": "#0"},
				"up": {"uv": [0, 1, 0.99456, 0], "texture": "#0"}
			}
		},
		{
			"name": "hexadecagon",
			"from": [11.10647, 16, 10.8934],
			"to": [12.10103, 17.75, 11.8934],
			"rotation": {"angle": 22.5, "axis": "y", "origin": [7.85135, 15.74324, 8]},
			"faces": {
				"north": {"uv": [0.99456, 0, 0, 1.75], "texture": "#0"},
				"south": {"uv": [0.99456, 0, 0, 1.75], "texture": "#0"},
				"up": {"uv": [1, 0, 0, 0.99456], "rotation": 90, "texture": "#0"}
			}
		},
		{
			"name": "hexadecagon",
			"from": [11.35407, 16, 9.35135],
			"to": [12.34863, 17.75, 10.35135],
			"rotation": {"angle": 0, "axis": "y", "origin": [7.85135, 15.74324, 8]},
			"faces": {
				"north": {"uv": [0.99456, 0, 0, 1.75], "texture": "#0"},
				"south": {"uv": [0.99456, 0, 0, 1.75], "texture": "#0"},
				"up": {"uv": [1, 0, 0, 0.99456], "rotation": 90, "texture": "#0"}
			}
		},
		{
			"name": "hexadecagon",
			"from": [10.9927, 16, 7.83193],
			"to": [11.98726, 17.75, 8.83193],
			"rotation": {"angle": -22.5, "axis": "y", "origin": [7.85135, 15.74324, 8]},
			"faces": {
				"north": {"uv": [0.99456, 0, 0, 1.75], "texture": "#0"},
				"south": {"uv": [0.99456, 0, 0, 1.75], "texture": "#0"},
				"up": {"uv": [1, 0, 0, 0.99456], "rotation": 90, "texture": "#0"}
			}
		},
		{
			"name": "hexadecagon",
			"from": [11.10647, 16, 6.8934],
			"to": [12.10103, 17.75, 7.8934],
			"rotation": {"angle": 22.5, "axis": "y", "origin": [7.85135, 15.74324, 8]},
			"faces": {
				"north": {"uv": [0.99456, 0, 0, 1.75], "texture": "#0"},
				"south": {"uv": [0.99456, 0, 0, 1.75], "texture": "#0"},
				"up": {"uv": [1, 0, 0, 0.99456], "rotation": 90, "texture": "#0"}
			}
		},
		{
			"name": "hexadecagon",
			"from": [11.35407, 16, 5.35135],
			"to": [12.34863, 17.75, 6.35135],
			"rotation": {"angle": 0, "axis": "y", "origin": [7.85135, 15.74324, 8]},
			"faces": {
				"north": {"uv": [0.99456, 0, 0, 1.75], "texture": "#0"},
				"south": {"uv": [0.99456, 0, 0, 1.75], "texture": "#0"},
				"up": {"uv": [1, 0, 0, 0.99456], "rotation": 90, "texture": "#0"}
			}
		},
		{
			"name": "hexadecagon",
			"from": [10.9927, 16, 3.83193],
			"to": [11.98726, 17.75, 4.83193],
			"rotation": {"angle": -22.5, "axis": "y", "origin": [7.85135, 15.74324, 8]},
			"faces": {
				"north": {"uv": [0.99456, 0, 0, 1.75], "texture": "#0"},
				"south": {"uv": [0.99456, 0, 0, 1.75], "texture": "#0"},
				"up": {"uv": [1, 0, 0, 0.99456], "rotation": 90, "texture": "#0"}
			}
		}
	],
	"display": {
		"thirdperson_righthand": {
			"rotation": [75, 45, 0],
			"translation": [0, 2.5, 0],
			"scale": [0.375, 0.375, 0.375]
		},
		"thirdperson_lefthand": {
			"rotation": [75, 45, 0],
			"translation": [0, 2.5, 0],
			"scale": [-0.375, 0.375, 0.375]
		},
		"firstperson_righthand": {
			"rotation": [0, 45, 0],
			"scale": [0.4, 0.4, 0.4]
		},
		"firstperson_lefthand": {
			"rotation": [0, 225, 0],
			"scale": [0.4, 0.4, 0.4]
		},
		"ground": {
			"translation": [0, 3, 0],
			"scale": [0.25, 0.25, 0.25]
		},
		"gui": {
			"rotation": [30, 135, 0],
			"scale": [0.625, 0.625, 0.625]
		},
		"fixed": {
			"scale": [0.5, 0.5, 0.5]
		}
	},
	"groups": [0, 1, 2, 3, 4,
		{
			"name": "hexadecagon",
			"origin": [8, 8, 8],
			"color": 0,
			"children": [5, 6, 7, 8, 9, 10, 11, 12, 13, 14, 15, 16, 17, 18, 19, 20]
		},
		{
			"name": "hexadecagon",
			"origin": [8, 8, 8],
			"color": 0,
			"children": [21, 22, 23, 24, 25, 26, 27, 28, 29, 30, 31, 32, 33, 34, 35, 36]
		}
	]
}