{
	"credit": "AlexTestria | https://alex-bauerndistel.de",
	"textures": {
		"0": "brickcraft/material/transparent_plastics/shader_support/plastic13",
		"particle": "brickcraft/material/transparent_plastics/shader_support/plastic13"
	},
	"elements": [
		{
			"from": [5, 0, 0],
			"to": [11, 2, 16],
			"rotation": {"angle": 0, "axis": "y", "origin": [16, 0, 0]},
			"faces": {
				"north": {"uv": [6, 0, 0, 2], "texture": "#0"},
				"east": {"uv": [16, 0, 0, 2], "texture": "#0"},
				"south": {"uv": [6, 0, 0, 2], "texture": "#0"},
				"west": {"uv": [16, 0, 0, 2], "texture": "#0"},
				"up": {"uv": [6, 0, 0, 16], "texture": "#0"},
				"down": {"uv": [6, 0, 0, 16], "texture": "#0"}
			}
		},
		{
			"from": [5, 15.25, 0],
			"to": [11, 16, 16],
			"rotation": {"angle": 0, "axis": "y", "origin": [16, 0, 0]},
			"faces": {
				"north": {"uv": [6, 0, 0, 0.75], "texture": "#0"},
				"east": {"uv": [16, 0, 0, 0.75], "texture": "#0"},
				"south": {"uv": [6, 0, 0, 0.75], "texture": "#0"},
				"west": {"uv": [16, 0, 0, 0.75], "texture": "#0"},
				"up": {"uv": [6, 0, 0, 16], "texture": "#0"},
				"down": {"uv": [6, 0, 0, 16], "texture": "#0"}
			}
		},
		{
			"from": [10, 2, 0],
			"to": [11, 15.25, 16],
			"rotation": {"angle": 0, "axis": "y", "origin": [16, 0, 0]},
			"faces": {
				"north": {"uv": [1, 0, 0, 13.25], "texture": "#0"},
				"east": {"uv": [16, 0, 0, 13.25], "texture": "#0"},
				"south": {"uv": [1, 0, 0, 13.25], "texture": "#0"},
				"west": {"uv": [16, 0, 0, 13.25], "texture": "#0"}
			}
		},
		{
			"from": [9, 2, 0],
			"to": [10, 15.25, 1],
			"rotation": {"angle": 0, "axis": "y", "origin": [16, 0, 0]},
			"faces": {
				"north": {"uv": [1, 0, 0, 13.25], "texture": "#0"},
				"south": {"uv": [1, 0, 0, 13.25], "texture": "#0"},
				"west": {"uv": [1, 0, 0, 13.25], "texture": "#0"}
			}
		},
		{
			"from": [9, 2, 15],
			"to": [10, 15.25, 16],
			"rotation": {"angle": 0, "axis": "y", "origin": [16, 0, 0]},
			"faces": {
				"north": {"uv": [1, 0, 0, 13.25], "texture": "#0"},
				"south": {"uv": [1, 0, 0, 13.25], "texture": "#0"},
				"west": {"uv": [1, 0, 0, 13.25], "texture": "#0"}
			}
		},
		{
			"name": "hexadecagon",
			"from": [7.50272, 16, 9.5],
			"to": [8.49728, 17.75, 10.5],
			"rotation": {"angle": 45, "axis": "y", "origin": [8, 16.5, 12]},
			"faces": {
				"north": {"uv": [0.99456, 0, 0, 1.75], "texture": "#0"},
				"south": {"uv": [0.99456, 0, 0, 1.75], "texture": "#0"},
				"up": {"uv": [0.99456, 0, 0, 1], "texture": "#0"}
			}
		},
		{
			"name": "hexadecagon",
			"from": [7.50272, 16, 9.5],
			"to": [8.49728, 17.75, 10.5],
			"rotation": {"angle": 22.5, "axis": "y", "origin": [8, 16.5, 12]},
			"faces": {
				"north": {"uv": [0.99456, 0, 0, 1.75], "texture": "#0"},
				"south": {"uv": [0.99456, 0, 0, 1.75], "texture": "#0"},
				"up": {"uv": [0.99456, 0, 0, 1], "texture": "#0"}
			}
		},
		{
			"name": "hexadecagon",
			"from": [7.50272, 16, 9.5],
			"to": [8.49728, 17.75, 10.5],
			"rotation": {"angle": 0, "axis": "y", "origin": [8, 16.5, 12]},
			"faces": {
				"north": {"uv": [0.99456, 0, 0, 1.75], "texture": "#0"},
				"south": {"uv": [0.99456, 0, 0, 1.75], "texture": "#0"},
				"up": {"uv": [0.99456, 0, 0, 1], "texture": "#0"}
			}
		},
		{
			"name": "hexadecagon",
			"from": [7.50272, 16, 9.5],
			"to": [8.49728, 17.75, 10.5],
			"rotation": {"angle": -22.5, "axis": "y", "origin": [8, 16.5, 12]},
			"faces": {
				"north": {"uv": [0.99456, 0, 0, 1.75], "texture": "#0"},
				"south": {"uv": [0.99456, 0, 0, 1.75], "texture": "#0"},
				"up": {"uv": [0.99456, 0, 0, 1], "texture": "#0"}
			}
		},
		{
			"name": "hexadecagon",
			"from": [7.50272, 16, 9.5],
			"to": [8.49728, 17.75, 10.5],
			"rotation": {"angle": -45, "axis": "y", "origin": [8, 16.5, 12]},
			"faces": {
				"north": {"uv": [0.99456, 0, 0, 1.75], "texture": "#0"},
				"south": {"uv": [0.99456, 0, 0, 1.75], "texture": "#0"},
				"up": {"uv": [0.99456, 0, 0, 1], "texture": "#0"}
			}
		},
		{
			"name": "hexadecagon",
			"from": [7.50272, 16, 13.5],
			"to": [8.49728, 17.75, 14.5],
			"rotation": {"angle": 45, "axis": "y", "origin": [8, 16.5, 12]},
			"faces": {
				"north": {"uv": [0.99456, 0, 0, 1.75], "texture": "#0"},
				"south": {"uv": [0.99456, 0, 0, 1.75], "texture": "#0"},
				"up": {"uv": [0.99456, 0, 0, 1], "texture": "#0"}
			}
		},
		{
			"name": "hexadecagon",
			"from": [7.50272, 16, 13.5],
			"to": [8.49728, 17.75, 14.5],
			"rotation": {"angle": 22.5, "axis": "y", "origin": [8, 16.5, 12]},
			"faces": {
				"north": {"uv": [0.99456, 0, 0, 1.75], "texture": "#0"},
				"south": {"uv": [0.99456, 0, 0, 1.75], "texture": "#0"},
				"up": {"uv": [0.99456, 0, 0, 1], "texture": "#0"}
			}
		},
		{
			"name": "hexadecagon",
			"from": [7.50272, 16, 13.5],
			"to": [8.49728, 17.75, 14.5],
			"rotation": {"angle": 0, "axis": "y", "origin": [8, 16.5, 12]},
			"faces": {
				"north": {"uv": [0.99456, 0, 0, 1.75], "texture": "#0"},
				"south": {"uv": [0.99456, 0, 0, 1.75], "texture": "#0"},
				"up": {"uv": [0.99456, 0, 0, 1], "texture": "#0"}
			}
		},
		{
			"name": "hexadecagon",
			"from": [7.50272, 16, 13.5],
			"to": [8.49728, 17.75, 14.5],
			"rotation": {"angle": -22.5, "axis": "y", "origin": [8, 16.5, 12]},
			"faces": {
				"north": {"uv": [0.99456, 0, 0, 1.75], "texture": "#0"},
				"south": {"uv": [0.99456, 0, 0, 1.75], "texture": "#0"},
				"up": {"uv": [0.99456, 0, 0, 1], "texture": "#0"}
			}
		},
		{
			"name": "hexadecagon",
			"from": [7.50272, 16, 13.5],
			"to": [8.49728, 17.75, 14.5],
			"rotation": {"angle": -45, "axis": "y", "origin": [8, 16.5, 12]},
			"faces": {
				"north": {"uv": [0.99456, 0, 0, 1.75], "texture": "#0"},
				"south": {"uv": [0.99456, 0, 0, 1.75], "texture": "#0"},
				"up": {"uv": [0.99456, 0, 0, 1], "texture": "#0"}
			}
		},
		{
			"name": "hexadecagon",
			"from": [9.5, 16, 11.50272],
			"to": [10.5, 17.75, 12.49728],
			"rotation": {"angle": 22.5, "axis": "y", "origin": [8, 16.5, 12]},
			"faces": {
				"east": {"uv": [0.99456, 0, 0, 1.75], "texture": "#0"},
				"west": {"uv": [0.99456, 0, 0, 1.75], "texture": "#0"},
				"up": {"uv": [1, 0, 0, 0.99456], "texture": "#0"}
			}
		},
		{
			"name": "hexadecagon",
			"from": [9.5, 16, 11.50272],
			"to": [10.5, 17.75, 12.49728],
			"rotation": {"angle": 0, "axis": "y", "origin": [8, 16.5, 12]},
			"faces": {
				"east": {"uv": [0.99456, 0, 0, 1.75], "texture": "#0"},
				"west": {"uv": [0.99456, 0, 0, 1.75], "texture": "#0"},
				"up": {"uv": [1, 0, 0, 0.99456], "texture": "#0"}
			}
		},
		{
			"name": "hexadecagon",
			"from": [9.5, 16, 11.50272],
			"to": [10.5, 17.75, 12.49728],
			"rotation": {"angle": -22.5, "axis": "y", "origin": [8, 16.5, 12]},
			"faces": {
				"east": {"uv": [0.99456, 0, 0, 1.75], "texture": "#0"},
				"west": {"uv": [0.99456, 0, 0, 1.75], "texture": "#0"},
				"up": {"uv": [1, 0, 0, 0.99456], "texture": "#0"}
			}
		},
		{
			"name": "hexadecagon",
			"from": [5.5, 16, 11.50272],
			"to": [6.5, 17.75, 12.49728],
			"rotation": {"angle": 22.5, "axis": "y", "origin": [8, 16.5, 12]},
			"faces": {
				"east": {"uv": [0.99456, 0, 0, 1.75], "texture": "#0"},
				"west": {"uv": [0.99456, 0, 0, 1.75], "texture": "#0"},
				"up": {"uv": [1, 0, 0, 0.99456], "texture": "#0"}
			}
		},
		{
			"name": "hexadecagon",
			"from": [5.5, 16, 11.50272],
			"to": [6.5, 17.75, 12.49728],
			"rotation": {"angle": 0, "axis": "y", "origin": [8, 16.5, 12]},
			"faces": {
				"east": {"uv": [0.99456, 0, 0, 1.75], "texture": "#0"},
				"west": {"uv": [0.99456, 0, 0, 1.75], "texture": "#0"},
				"up": {"uv": [1, 0, 0, 0.99456], "texture": "#0"}
			}
		},
		{
			"name": "hexadecagon",
			"from": [5.5, 16, 11.50272],
			"to": [6.5, 17.75, 12.49728],
			"rotation": {"angle": -22.5, "axis": "y", "origin": [8, 16.5, 12]},
			"faces": {
				"east": {"uv": [0.99456, 0, 0, 1.75], "texture": "#0"},
				"west": {"uv": [0.99456, 0, 0, 1.75], "texture": "#0"},
				"up": {"uv": [1, 0, 0, 0.99456], "texture": "#0"}
			}
		},
		{
			"name": "hexadecagon",
			"from": [7.50272, 16, 1.5],
			"to": [8.49728, 17.75, 2.5],
			"rotation": {"angle": 45, "axis": "y", "origin": [8, 16.5, 4]},
			"faces": {
				"north": {"uv": [0.99456, 0, 0, 1.75], "texture": "#0"},
				"south": {"uv": [0.99456, 0, 0, 1.75], "texture": "#0"},
				"up": {"uv": [0.99456, 0, 0, 1], "texture": "#0"}
			}
		},
		{
			"name": "hexadecagon",
			"from": [7.50272, 16, 1.5],
			"to": [8.49728, 17.75, 2.5],
			"rotation": {"angle": 22.5, "axis": "y", "origin": [8, 16.5, 4]},
			"faces": {
				"north": {"uv": [0.99456, 0, 0, 1.75], "texture": "#0"},
				"south": {"uv": [0.99456, 0, 0, 1.75], "texture": "#0"},
				"up": {"uv": [0.99456, 0, 0, 1], "texture": "#0"}
			}
		},
		{
			"name": "hexadecagon",
			"from": [7.50272, 16, 1.5],
			"to": [8.49728, 17.75, 2.5],
			"rotation": {"angle": 0, "axis": "y", "origin": [8, 16.5, 4]},
			"faces": {
				"north": {"uv": [0.99456, 0, 0, 1.75], "texture": "#0"},
				"south": {"uv": [0.99456, 0, 0, 1.75], "texture": "#0"},
				"up": {"uv": [0.99456, 0, 0, 1], "texture": "#0"}
			}
		},
		{
			"name": "hexadecagon",
			"from": [7.50272, 16, 1.5],
			"to": [8.49728, 17.75, 2.5],
			"rotation": {"angle": -22.5, "axis": "y", "origin": [8, 16.5, 4]},
			"faces": {
				"north": {"uv": [0.99456, 0, 0, 1.75], "texture": "#0"},
				"south": {"uv": [0.99456, 0, 0, 1.75], "texture": "#0"},
				"up": {"uv": [0.99456, 0, 0, 1], "texture": "#0"}
			}
		},
		{
			"name": "hexadecagon",
			"from": [7.50272, 16, 1.5],
			"to": [8.49728, 17.75, 2.5],
			"rotation": {"angle": -45, "axis": "y", "origin": [8, 16.5, 4]},
			"faces": {
				"north": {"uv": [0.99456, 0, 0, 1.75], "texture": "#0"},
				"south": {"uv": [0.99456, 0, 0, 1.75], "texture": "#0"},
				"up": {"uv": [0.99456, 0, 0, 1], "texture": "#0"}
			}
		},
		{
			"name": "hexadecagon",
			"from": [7.50272, 16, 5.5],
			"to": [8.49728, 17.75, 6.5],
			"rotation": {"angle": 45, "axis": "y", "origin": [8, 16.5, 4]},
			"faces": {
				"north": {"uv": [0.99456, 0, 0, 1.75], "texture": "#0"},
				"south": {"uv": [0.99456, 0, 0, 1.75], "texture": "#0"},
				"up": {"uv": [0.99456, 0, 0, 1], "texture": "#0"}
			}
		},
		{
			"name": "hexadecagon",
			"from": [7.50272, 16, 5.5],
			"to": [8.49728, 17.75, 6.5],
			"rotation": {"angle": 22.5, "axis": "y", "origin": [8, 16.5, 4]},
			"faces": {
				"north": {"uv": [0.99456, 0, 0, 1.75], "texture": "#0"},
				"south": {"uv": [0.99456, 0, 0, 1.75], "texture": "#0"},
				"up": {"uv": [0.99456, 0, 0, 1], "texture": "#0"}
			}
		},
		{
			"name": "hexadecagon",
			"from": [7.50272, 16, 5.5],
			"to": [8.49728, 17.75, 6.5],
			"rotation": {"angle": 0, "axis": "y", "origin": [8, 16.5, 4]},
			"faces": {
				"north": {"uv": [0.99456, 0, 0, 1.75], "texture": "#0"},
				"south": {"uv": [0.99456, 0, 0, 1.75], "texture": "#0"},
				"up": {"uv": [0.99456, 0, 0, 1], "texture": "#0"}
			}
		},
		{
			"name": "hexadecagon",
			"from": [7.50272, 16, 5.5],
			"to": [8.49728, 17.75, 6.5],
			"rotation": {"angle": -22.5, "axis": "y", "origin": [8, 16.5, 4]},
			"faces": {
				"north": {"uv": [0.99456, 0, 0, 1.75], "texture": "#0"},
				"south": {"uv": [0.99456, 0, 0, 1.75], "texture": "#0"},
				"up": {"uv": [0.99456, 0, 0, 1], "texture": "#0"}
			}
		},
		{
			"name": "hexadecagon",
			"from": [7.50272, 16, 5.5],
			"to": [8.49728, 17.75, 6.5],
			"rotation": {"angle": -45, "axis": "y", "origin": [8, 16.5, 4]},
			"faces": {
				"north": {"uv": [0.99456, 0, 0, 1.75], "texture": "#0"},
				"south": {"uv": [0.99456, 0, 0, 1.75], "texture": "#0"},
				"up": {"uv": [0.99456, 0, 0, 1], "texture": "#0"}
			}
		},
		{
			"name": "hexadecagon",
			"from": [9.5, 16, 3.50272],
			"to": [10.5, 17.75, 4.49728],
			"rotation": {"angle": 22.5, "axis": "y", "origin": [8, 16.5, 4]},
			"faces": {
				"east": {"uv": [0.99456, 0, 0, 1.75], "texture": "#0"},
				"west": {"uv": [0.99456, 0, 0, 1.75], "texture": "#0"},
				"up": {"uv": [1, 0, 0, 0.99456], "texture": "#0"}
			}
		},
		{
			"name": "hexadecagon",
			"from": [9.5, 16, 3.50272],
			"to": [10.5, 17.75, 4.49728],
			"rotation": {"angle": 0, "axis": "y", "origin": [8, 16.5, 4]},
			"faces": {
				"east": {"uv": [0.99456, 0, 0, 1.75], "texture": "#0"},
				"west": {"uv": [0.99456, 0, 0, 1.75], "texture": "#0"},
				"up": {"uv": [1, 0, 0, 0.99456], "texture": "#0"}
			}
		},
		{
			"name": "hexadecagon",
			"from": [9.5, 16, 3.50272],
			"to": [10.5, 17.75, 4.49728],
			"rotation": {"angle": -22.5, "axis": "y", "origin": [8, 16.5, 4]},
			"faces": {
				"east": {"uv": [0.99456, 0, 0, 1.75], "texture": "#0"},
				"west": {"uv": [0.99456, 0, 0, 1.75], "texture": "#0"},
				"up": {"uv": [1, 0, 0, 0.99456], "texture": "#0"}
			}
		},
		{
			"name": "hexadecagon",
			"from": [5.5, 16, 3.50272],
			"to": [6.5, 17.75, 4.49728],
			"rotation": {"angle": 22.5, "axis": "y", "origin": [8, 16.5, 4]},
			"faces": {
				"east": {"uv": [0.99456, 0, 0, 1.75], "texture": "#0"},
				"west": {"uv": [0.99456, 0, 0, 1.75], "texture": "#0"},
				"up": {"uv": [1, 0, 0, 0.99456], "texture": "#0"}
			}
		},
		{
			"name": "hexadecagon",
			"from": [5.5, 16, 3.50272],
			"to": [6.5, 17.75, 4.49728],
			"rotation": {"angle": 0, "axis": "y", "origin": [8, 16.5, 4]},
			"faces": {
				"east": {"uv": [0.99456, 0, 0, 1.75], "texture": "#0"},
				"west": {"uv": [0.99456, 0, 0, 1.75], "texture": "#0"},
				"up": {"uv": [1, 0, 0, 0.99456], "texture": "#0"}
			}
		},
		{
			"name": "hexadecagon",
			"from": [5.5, 16, 3.50272],
			"to": [6.5, 17.75, 4.49728],
			"rotation": {"angle": -22.5, "axis": "y", "origin": [8, 16.5, 4]},
			"faces": {
				"east": {"uv": [0.99456, 0, 0, 1.75], "texture": "#0"},
				"west": {"uv": [0.99456, 0, 0, 1.75], "texture": "#0"},
				"up": {"uv": [1, 0, 0, 0.99456], "texture": "#0"}
			}
		}
	],
	"display": {
		"thirdperson_righthand": {
			"rotation": [75, 45, 0],
			"translation": [0, 2.5, 0],
			"scale": [0.375, 0.375, 0.375]
		},
		"thirdperson_lefthand": {
			"rotation": [75, 45, 0],
			"translation": [0, 2.5, 0],
			"scale": [-0.375, 0.375, 0.375]
		},
		"firstperson_righthand": {
			"rotation": [0, 45, 0],
			"scale": [0.4, 0.4, 0.4]
		},
		"firstperson_lefthand": {
			"rotation": [0, 225, 0],
			"scale": [0.4, 0.4, 0.4]
		},
		"ground": {
			"translation": [0, 3, 0],
			"scale": [0.25, 0.25, 0.25]
		},
		"gui": {
			"rotation": [30, 135, 0],
			"scale": [0.625, 0.625, 0.625]
		},
		"fixed": {
			"scale": [0.5, 0.5, 0.5]
		}
	},
	"groups": [0, 1, 2, 3, 4,
		{
			"name": "hexadecagon",
			"origin": [8, 8, 8],
			"color": 0,
			"children": [5, 6, 7, 8, 9, 10, 11, 12, 13, 14, 15, 16, 17, 18, 19, 20]
		},
		{
			"name": "hexadecagon",
			"origin": [8, 8, 8],
			"color": 0,
			"children": [21, 22, 23, 24, 25, 26, 27, 28, 29, 30, 31, 32, 33, 34, 35, 36]
		}
	]
}