{
    "credit": "AlexTestria | https://alex-bauerndistel.de",
    "parent": "minecraft:block/.parents/stairs_outer",
    "textures": {
        "0": "minecraft:brickcraft/material/plastics/shader_support/plastic77",
				"1": "minecraft:brickcraft/material/plastics/shader_support/plastic79",
				"2": "minecraft:brickcraft/material/plastics/shader_support/plastic78",
				"3": "minecraft:brickcraft/material/plastics/shader_support/plastic77",
        "4": "minecraft:brickcraft/material/plastics/shader_support/plastic78"
    }
}
