{
	"credit": "AlexTestria | https://alex-bauerndistel.de",
	"textures": {
		"0": "brickcraft/material/plastics/shader_support/plastic96",
		"1": "brickcraft/material/plastics/shader_support/plastic98",
		"2": "brickcraft/material/plastics/shader_support/plastic97",
		"3": "brickcraft/material/plastics/shader_support/plastic99",
		"particle": "brickcraft/material/plastics/shader_support/plastic96"
	},
	"elements": [
		{
			"from": [0, 0, 1],
			"to": [1, 0.075, 15],
			"faces": {
				"east": {"uv": [0, 0, 14, 0.075], "texture": "#2", "cullface": "down"},
				"west": {"uv": [1, 1, 15, 1.075], "texture": "#2", "cullface": "west"},
				"down": {"uv": [1, 1, 2, 15], "texture": "#2", "cullface": "down"}
			}
		},
		{
			"from": [0, 0, 0],
			"to": [16, 0.075, 1],
			"faces": {
				"north": {"uv": [0, 1, 16, 1.075], "texture": "#2", "cullface": "north"},
				"east": {"uv": [15, 1, 16, 1.075], "texture": "#2", "cullface": "east"},
				"south": {"uv": [0, 0, 16, 0.075], "texture": "#2", "cullface": "down"},
				"west": {"uv": [0, 1, 1, 1.075], "texture": "#2", "cullface": "west"},
				"down": {"uv": [0, 1, 16, 2], "texture": "#2", "cullface": "down"}
			}
		},
		{
			"from": [0, 0, 15],
			"to": [16, 0.075, 16],
			"faces": {
				"north": {"uv": [0, 0, 16, 0.075], "texture": "#2", "cullface": "down"},
				"east": {"uv": [0, 1, 1, 1.075], "texture": "#2", "cullface": "east"},
				"south": {"uv": [0, 1, 16, 1.075], "texture": "#2", "cullface": "south"},
				"west": {"uv": [15, 1, 16, 1.075], "texture": "#2", "cullface": "west"},
				"down": {"uv": [0, 1, 16, 2], "texture": "#2", "cullface": "down"}
			}
		},
		{
			"from": [15, 0, 1],
			"to": [16, 0.075, 15],
			"faces": {
				"east": {"uv": [1, 1, 15, 1.075], "texture": "#2", "cullface": "east"},
				"west": {"uv": [0, 0, 14, 0.075], "texture": "#2", "cullface": "down"},
				"down": {"uv": [1, 1, 2, 15], "texture": "#2", "cullface": "down"}
			}
		},
		{
			"from": [0, 2.6666, 0],
			"to": [16, 2.7416, 16],
			"faces": {
				"north": {"uv": [0, 1, 16, 1.075], "texture": "#2", "cullface": "north"},
				"east": {"uv": [0, 1, 16, 1.075], "texture": "#2", "cullface": "east"},
				"south": {"uv": [0, 1, 16, 1.075], "texture": "#2", "cullface": "south"},
				"west": {"uv": [0, 1, 16, 1.075], "texture": "#2", "cullface": "west"},
				"down": {"uv": [0, 0, 16, 16], "texture": "#0", "cullface": "down"}
			}
		},
		{
			"from": [0, 13.3332, 0],
			"to": [16, 13.4082, 16],
			"rotation": {"angle": 0, "axis": "y", "origin": [0, 10.6666, 0]},
			"faces": {
				"north": {"uv": [0, 1, 16, 1.075], "texture": "#2", "cullface": "north"},
				"east": {"uv": [0, 1, 16, 1.075], "texture": "#2", "cullface": "east"},
				"south": {"uv": [0, 1, 16, 1.075], "texture": "#2", "cullface": "south"},
				"west": {"uv": [0, 1, 16, 1.075], "texture": "#2", "cullface": "west"}
			}
		},
		{
			"from": [0, 0.075, 0],
			"to": [16, 2.6666, 16],
			"rotation": {"angle": 0, "axis": "y", "origin": [16, 0, 0]},
			"faces": {
				"north": {"uv": [0, 0, 16, 2.5916], "texture": "#0", "cullface": "north"},
				"east": {"uv": [0, 0, 16, 2.5916], "texture": "#0", "cullface": "east"},
				"south": {"uv": [0, 0, 16, 2.5916], "texture": "#0", "cullface": "south"},
				"west": {"uv": [0, 0, 16, 2.5916], "texture": "#0", "cullface": "west"}
			}
		},
		{
			"from": [15, 2.6666, 15],
			"to": [1, 0.075, 1],
			"rotation": {"angle": 0, "axis": "y", "origin": [16, 1.5916, 0]},
			"faces": {
				"north": {"uv": [1, 0, 15, 2.5916], "texture": "#0", "cullface": "down"},
				"east": {"uv": [1, 0, 15, 2.5916], "texture": "#0", "cullface": "down"},
				"south": {"uv": [1, 0, 15, 2.5916], "texture": "#0", "cullface": "down"},
				"west": {"uv": [1, 0, 15, 2.5916], "texture": "#0", "cullface": "down"}
			}
		},
		{
			"from": [0, 13.4082, 0],
			"to": [16, 16, 16],
			"rotation": {"angle": 0, "axis": "y", "origin": [0, 13.3332, 0]},
			"faces": {
				"north": {"uv": [0, 0, 16, 2.6168], "texture": "#0", "cullface": "north"},
				"east": {"uv": [0, 0, 16, 2.6168], "texture": "#0", "cullface": "east"},
				"south": {"uv": [0, 0, 16, 2.6168], "texture": "#0", "cullface": "south"},
				"west": {"uv": [0, 0, 16, 2.6168], "texture": "#0", "cullface": "west"},
				"up": {"uv": [0, 0, 16, 16], "texture": "#0", "cullface": "up"}
			}
		},
		{
			"from": [0, 10.7414, 8],
			"to": [8, 13.3332, 16],
			"rotation": {"angle": 0, "axis": "y", "origin": [0, 10.6664, 0]},
			"faces": {
				"south": {"uv": [0, 0, 8, 2.5918], "texture": "#3", "cullface": "south"},
				"west": {"uv": [8, 0, 16, 2.5918], "texture": "#3", "cullface": "west"}
			}
		},
		{
			"from": [8, 2.7414, 8],
			"to": [16, 13.3332, 16],
			"rotation": {"angle": 0, "axis": "y", "origin": [0, 10.6664, 0]},
			"faces": {
				"east": {"uv": [8, 0, 16, 10.5918], "texture": "#3", "cullface": "east"},
				"south": {"uv": [0, 0, 8, 10.5918], "texture": "#3", "cullface": "south"}
			}
		},
		{
			"from": [0, 2.7414, 0],
			"to": [8, 13.3332, 8],
			"rotation": {"angle": 0, "axis": "y", "origin": [0, 10.6664, 0]},
			"faces": {
				"north": {"uv": [8, 0, 16, 10.5918], "texture": "#0", "cullface": "north"},
				"west": {"uv": [0, 0, 8, 10.5918], "texture": "#0", "cullface": "west"}
			}
		},
		{
			"from": [0, 8.0746, 8],
			"to": [8, 10.6664, 16],
			"rotation": {"angle": 0, "axis": "y", "origin": [0, 7.9996, 0]},
			"faces": {
				"south": {"uv": [0, 0, 8, 2.5918], "texture": "#1", "cullface": "south"},
				"west": {"uv": [8, 0, 16, 2.5918], "texture": "#1", "cullface": "west"}
			}
		},
		{
			"from": [0, 10.6664, 8],
			"to": [8, 10.7414, 16],
			"rotation": {"angle": 0, "axis": "y", "origin": [0, 7.9864, 0]},
			"faces": {
				"south": {"uv": [0, 1, 8, 1.075], "texture": "#2", "cullface": "south"},
				"west": {"uv": [8, 1, 16, 1.075], "texture": "#2", "cullface": "west"}
			}
		},
		{
			"from": [0, 5.4078, 8],
			"to": [8, 7.9996, 16],
			"rotation": {"angle": 0, "axis": "y", "origin": [0, 5.3328, 0]},
			"faces": {
				"south": {"uv": [0, 0, 8, 2.5918], "texture": "#0", "cullface": "south"},
				"west": {"uv": [8, 0, 16, 2.5918], "texture": "#0", "cullface": "west"}
			}
		},
		{
			"from": [0, 7.9996, 8],
			"to": [8, 8.0746, 16],
			"rotation": {"angle": 0, "axis": "y", "origin": [0, 5.3196, 0]},
			"faces": {
				"south": {"uv": [0, 1, 8, 1.075], "texture": "#2", "cullface": "south"},
				"west": {"uv": [8, 1, 16, 1.075], "texture": "#2", "cullface": "west"}
			}
		},
		{
			"from": [0, 2.741, 8],
			"to": [8, 5.3328, 16],
			"rotation": {"angle": 0, "axis": "y", "origin": [0, 2.666, 0]},
			"faces": {
				"south": {"uv": [0, 0, 8, 2.5918], "texture": "#1", "cullface": "south"},
				"west": {"uv": [8, 0, 16, 2.5918], "texture": "#1", "cullface": "west"}
			}
		},
		{
			"from": [0, 5.3328, 8],
			"to": [8, 5.4078, 16],
			"rotation": {"angle": 0, "axis": "y", "origin": [0, 2.6528, 0]},
			"faces": {
				"south": {"uv": [0, 1, 8, 1.075], "texture": "#2", "cullface": "south"},
				"west": {"uv": [8, 1, 16, 1.075], "texture": "#2", "cullface": "west"}
			}
		},
		{
			"from": [8, 2.741, 0],
			"to": [16, 5.3328, 8],
			"rotation": {"angle": 0, "axis": "y", "origin": [0, 2.666, 0]},
			"faces": {
				"north": {"uv": [0, 0, 8, 2.5918], "texture": "#0", "cullface": "north"},
				"east": {"uv": [8, 0, 16, 2.5918], "texture": "#0", "cullface": "east"}
			}
		},
		{
			"from": [8, 5.3328, 0],
			"to": [16, 5.4078, 8],
			"rotation": {"angle": 0, "axis": "y", "origin": [0, 2.6528, 0]},
			"faces": {
				"north": {"uv": [0, 1, 8, 1.075], "texture": "#2", "cullface": "north"},
				"east": {"uv": [8, 1, 16, 1.075], "texture": "#2", "cullface": "east"}
			}
		},
		{
			"from": [8, 5.4078, 0],
			"to": [16, 7.9996, 8],
			"rotation": {"angle": 0, "axis": "y", "origin": [0, 5.3328, 0]},
			"faces": {
				"north": {"uv": [0, 0, 8, 2.5918], "texture": "#1", "cullface": "north"},
				"east": {"uv": [8, 0, 16, 2.5918], "texture": "#1", "cullface": "east"}
			}
		},
		{
			"from": [8, 7.9996, 0],
			"to": [16, 8.0746, 8],
			"rotation": {"angle": 0, "axis": "y", "origin": [0, 5.3196, 0]},
			"faces": {
				"north": {"uv": [0, 1, 8, 1.075], "texture": "#2", "cullface": "north"},
				"east": {"uv": [8, 1, 16, 1.075], "texture": "#2", "cullface": "east"}
			}
		},
		{
			"from": [8, 8.0746, 0],
			"to": [16, 10.6664, 8],
			"rotation": {"angle": 0, "axis": "y", "origin": [0, 7.9996, 0]},
			"faces": {
				"north": {"uv": [0, 0, 8, 2.5918], "texture": "#3", "cullface": "north"},
				"east": {"uv": [8, 0, 16, 2.5918], "texture": "#3", "cullface": "east"}
			}
		},
		{
			"from": [8, 10.6664, 0],
			"to": [16, 10.7414, 8],
			"rotation": {"angle": 0, "axis": "y", "origin": [0, 7.9864, 0]},
			"faces": {
				"north": {"uv": [0, 1, 8, 1.075], "texture": "#2", "cullface": "north"},
				"east": {"uv": [8, 1, 16, 1.075], "texture": "#2", "cullface": "east"}
			}
		},
		{
			"from": [8, 10.7414, 0],
			"to": [16, 13.3332, 8],
			"rotation": {"angle": 0, "axis": "y", "origin": [0, 10.6664, 0]},
			"faces": {
				"north": {"uv": [0, 0, 8, 2.5918], "texture": "#1", "cullface": "north"},
				"east": {"uv": [8, 0, 16, 2.5918], "texture": "#1", "cullface": "east"}
			}
		},
		{
			"name": "hexadecagon",
			"from": [7.30381, 0.075, 4.5],
			"to": [8.69619, 2.75, 5.5],
			"rotation": {"angle": -45, "axis": "y", "origin": [8, 8, 8]},
			"faces": {
				"north": {"uv": [1, 1, 2.39238, 3.675], "texture": "#0", "cullface": "down"},
				"south": {"uv": [1, 1, 2.39238, 3.675], "texture": "#0", "cullface": "down"},
				"down": {"uv": [1, 1, 2.39239, 2], "texture": "#0", "cullface": "down"}
			}
		},
		{
			"name": "hexadecagon",
			"from": [7.30381, 0.075, 4.5],
			"to": [8.69619, 2.75, 5.5],
			"rotation": {"angle": -22.5, "axis": "y", "origin": [8, 8, 8]},
			"faces": {
				"north": {"uv": [1, 1, 2.39238, 3.675], "texture": "#0", "cullface": "down"},
				"south": {"uv": [1, 1, 2.39238, 3.675], "texture": "#0", "cullface": "down"},
				"down": {"uv": [1, 1, 2.39239, 2], "texture": "#0", "cullface": "down"}
			}
		},
		{
			"name": "hexadecagon",
			"from": [7.30381, 0.075, 4.5],
			"to": [8.69619, 2.75, 5.5],
			"rotation": {"angle": 0, "axis": "y", "origin": [8, 8, 8]},
			"faces": {
				"north": {"uv": [1, 1, 2.39238, 3.675], "texture": "#0", "cullface": "down"},
				"south": {"uv": [1, 1, 2.39238, 3.675], "texture": "#0", "cullface": "down"},
				"down": {"uv": [1, 1, 2.39239, 2], "texture": "#0", "cullface": "down"}
			}
		},
		{
			"name": "hexadecagon",
			"from": [7.30381, 0.075, 4.5],
			"to": [8.69619, 2.75, 5.5],
			"rotation": {"angle": 22.5, "axis": "y", "origin": [8, 8, 8]},
			"faces": {
				"north": {"uv": [1, 1, 2.39238, 3.675], "texture": "#0", "cullface": "down"},
				"south": {"uv": [1, 1, 2.39238, 3.675], "texture": "#0", "cullface": "down"},
				"down": {"uv": [1, 1, 2.39239, 2], "texture": "#0", "cullface": "down"}
			}
		},
		{
			"name": "hexadecagon",
			"from": [7.30381, 0.075, 4.5],
			"to": [8.69619, 2.75, 5.5],
			"rotation": {"angle": 45, "axis": "y", "origin": [8, 8, 8]},
			"faces": {
				"north": {"uv": [1, 1, 2.39238, 3.675], "texture": "#0", "cullface": "down"},
				"south": {"uv": [1, 1, 2.39238, 3.675], "texture": "#0", "cullface": "down"},
				"down": {"uv": [1, 1, 2.39238, 2], "texture": "#0", "cullface": "down"}
			}
		},
		{
			"name": "hexadecagon",
			"from": [7.30381, 0.075, 10.5],
			"to": [8.69619, 2.75, 11.5],
			"rotation": {"angle": -45, "axis": "y", "origin": [8, 8, 8]},
			"faces": {
				"north": {"uv": [1, 1, 2.39238, 3.675], "texture": "#0", "cullface": "down"},
				"south": {"uv": [1, 1, 2.39238, 3.675], "texture": "#0", "cullface": "down"},
				"down": {"uv": [1, 1, 2.39239, 2], "texture": "#0", "cullface": "down"}
			}
		},
		{
			"name": "hexadecagon",
			"from": [7.30381, 0.075, 10.5],
			"to": [8.69619, 2.75, 11.5],
			"rotation": {"angle": -22.5, "axis": "y", "origin": [8, 8, 8]},
			"faces": {
				"north": {"uv": [1, 1, 2.39238, 3.675], "texture": "#0", "cullface": "down"},
				"south": {"uv": [1, 1, 2.39238, 3.675], "texture": "#0", "cullface": "down"},
				"down": {"uv": [1, 1, 2.39239, 2], "texture": "#0", "cullface": "down"}
			}
		},
		{
			"name": "hexadecagon",
			"from": [7.30381, 0.075, 10.5],
			"to": [8.69619, 2.75, 11.5],
			"rotation": {"angle": 0, "axis": "y", "origin": [8, 8, 8]},
			"faces": {
				"north": {"uv": [1, 1, 2.39238, 3.675], "texture": "#0", "cullface": "down"},
				"south": {"uv": [1, 1, 2.39238, 3.675], "texture": "#0", "cullface": "down"},
				"down": {"uv": [1, 1, 2.39239, 2], "texture": "#0", "cullface": "down"}
			}
		},
		{
			"name": "hexadecagon",
			"from": [7.30381, 0.075, 10.5],
			"to": [8.69619, 2.75, 11.5],
			"rotation": {"angle": 22.5, "axis": "y", "origin": [8, 8, 8]},
			"faces": {
				"north": {"uv": [1, 1, 2.39238, 3.675], "texture": "#0", "cullface": "down"},
				"south": {"uv": [1, 1, 2.39238, 3.675], "texture": "#0", "cullface": "down"},
				"down": {"uv": [1, 1, 2.39239, 2], "texture": "#0", "cullface": "down"}
			}
		},
		{
			"name": "hexadecagon",
			"from": [7.30381, 0.075, 10.5],
			"to": [8.69619, 2.75, 11.5],
			"rotation": {"angle": 45, "axis": "y", "origin": [8, 8, 8]},
			"faces": {
				"north": {"uv": [1, 1, 2.39238, 3.675], "texture": "#0", "cullface": "down"},
				"south": {"uv": [1, 1, 2.39238, 3.675], "texture": "#0", "cullface": "down"},
				"down": {"uv": [1, 1, 2.39239, 2], "texture": "#0", "cullface": "down"}
			}
		},
		{
			"name": "hexadecagon",
			"from": [4.5, 0.075, 7.30381],
			"to": [5.5, 2.75, 8.69619],
			"rotation": {"angle": -22.5, "axis": "y", "origin": [8, 8, 8]},
			"faces": {
				"east": {"uv": [1, 1, 2.39238, 3.675], "texture": "#0", "cullface": "down"},
				"west": {"uv": [1, 1, 2.39238, 3.675], "texture": "#0", "cullface": "down"},
				"down": {"uv": [1, 1, 2, 2.39239], "texture": "#0", "cullface": "down"}
			}
		},
		{
			"name": "hexadecagon",
			"from": [4.5, 0.075, 7.30381],
			"to": [5.5, 2.75, 8.69619],
			"rotation": {"angle": 0, "axis": "y", "origin": [8, 8, 8]},
			"faces": {
				"east": {"uv": [1, 1, 2.39238, 3.675], "texture": "#0", "cullface": "down"},
				"west": {"uv": [1, 1, 2.39238, 3.675], "texture": "#0", "cullface": "down"},
				"down": {"uv": [1, 1, 2, 2.39239], "texture": "#0", "cullface": "down"}
			}
		},
		{
			"name": "hexadecagon",
			"from": [4.5, 0.075, 7.30381],
			"to": [5.5, 2.75, 8.69619],
			"rotation": {"angle": 22.5, "axis": "y", "origin": [8, 8, 8]},
			"faces": {
				"east": {"uv": [1, 1, 2.39238, 3.675], "texture": "#0", "cullface": "down"},
				"west": {"uv": [1, 1, 2.39238, 3.675], "texture": "#0", "cullface": "down"},
				"down": {"uv": [1, 1, 2, 2.39239], "texture": "#0", "cullface": "down"}
			}
		},
		{
			"name": "hexadecagon",
			"from": [10.5, 0.075, 7.30381],
			"to": [11.5, 2.75, 8.69619],
			"rotation": {"angle": -22.5, "axis": "y", "origin": [8, 8, 8]},
			"faces": {
				"east": {"uv": [1, 1, 2.39238, 3.675], "texture": "#0", "cullface": "down"},
				"west": {"uv": [1, 1, 2.39238, 3.675], "texture": "#0", "cullface": "down"},
				"down": {"uv": [1, 1, 2, 2.39239], "texture": "#0", "cullface": "down"}
			}
		},
		{
			"name": "hexadecagon",
			"from": [10.5, 0.075, 7.30381],
			"to": [11.5, 2.75, 8.69619],
			"rotation": {"angle": 0, "axis": "y", "origin": [8, 8, 8]},
			"faces": {
				"east": {"uv": [1, 1, 2.39238, 3.675], "texture": "#0", "cullface": "down"},
				"west": {"uv": [1, 1, 2.39238, 3.675], "texture": "#0", "cullface": "down"},
				"down": {"uv": [1, 1, 2, 2.39239], "texture": "#0", "cullface": "down"}
			}
		},
		{
			"name": "hexadecagon",
			"from": [10.5, 0.075, 7.30381],
			"to": [11.5, 2.75, 8.69619],
			"rotation": {"angle": 22.5, "axis": "y", "origin": [8, 8, 8]},
			"faces": {
				"east": {"uv": [1, 1, 2.39238, 3.675], "texture": "#0", "cullface": "down"},
				"west": {"uv": [1, 1, 2.39238, 3.675], "texture": "#0", "cullface": "down"},
				"down": {"uv": [1, 1, 2, 2.39239], "texture": "#0", "cullface": "down"}
			}
		}
	],
	"display": {
		"thirdperson_righthand": {
			"rotation": [75, 45, 0],
			"translation": [0, 2.5, 0],
			"scale": [0.375, 0.375, 0.375]
		},
		"thirdperson_lefthand": {
			"rotation": [75, 45, 0],
			"translation": [0, 2.5, 0],
			"scale": [-0.375, 0.375, 0.375]
		},
		"firstperson_righthand": {
			"rotation": [0, 135, 0],
			"scale": [0.4, 0.4, 0.4]
		},
		"firstperson_lefthand": {
			"rotation": [0, 135, 0],
			"scale": [0.4, 0.4, 0.4]
		},
		"ground": {
			"translation": [0, 3, 0],
			"scale": [0.25, 0.25, 0.25]
		},
		"gui": {
			"rotation": [30, 135, 0],
			"scale": [0.625, 0.625, 0.625]
		},
		"fixed": {
			"scale": [0.5, 0.5, 0.5]
		}
	},
	"groups": [0, 1, 2, 3, 4, 5, 6, 7, 8, 9, 10, 11, 12, 13, 14, 15, 16, 17, 18, 19, 20, 21, 22, 23, 24,
		{
			"name": "circle_bottom",
			"origin": [8, 8, 8],
			"color": 0,
			"children": [
				{
					"name": "hexadecagon",
					"origin": [8, 8, 8],
					"color": 0,
					"children": [25, 26, 27, 28, 29, 30, 31, 32, 33, 34, 35, 36, 37, 38, 39, 40]
				}
			]
		}
	]
}