{
	"credit": "AlexTestria | https://alex-bauerndistel.de",
	"textures": {
		"2": "brickcraft/material/plastics/shader_support/plastic04",
		"3": "brickcraft/material/plastics/shader_support/plastic37",
		"particle": "brickcraft/material/plastics/shader_support/plastic14",
		"1_2": "brickcraft/material/plastics/shader_support/plastic14"
	},
	"elements": [
		{
			"name": "hexadecagon",
			"from": [7.50272, 1.75, 5.5],
			"to": [8.49728, 3, 10.5],
			"rotation": {"angle": 45, "axis": "y", "origin": [8, 2.25, 8]},
			"faces": {
				"north": {"uv": [0, 0, 0.99456, 1.25], "texture": "#2"},
				"south": {"uv": [0, 0, 0.99456, 1.25], "texture": "#2"},
				"up": {"uv": [0, 0, 0.99456, 5], "texture": "#2"}
			}
		},
		{
			"name": "hexadecagon",
			"from": [7.50272, 1.75, 5.5],
			"to": [8.49728, 3, 10.5],
			"rotation": {"angle": 22.5, "axis": "y", "origin": [8, 2.25, 8]},
			"faces": {
				"north": {"uv": [0, 0, 0.99456, 1.25], "texture": "#2"},
				"south": {"uv": [0, 0, 0.99456, 1.25], "texture": "#2"},
				"up": {"uv": [0, 0, 0.99456, 5], "texture": "#2"}
			}
		},
		{
			"name": "hexadecagon",
			"from": [7.50272, 1.75, 5.5],
			"to": [8.49728, 3, 10.5],
			"rotation": {"angle": 0, "axis": "y", "origin": [8, 2.25, 8]},
			"faces": {
				"north": {"uv": [0, 0, 0.99456, 1.25], "texture": "#2"},
				"south": {"uv": [0, 0, 0.99456, 1.25], "texture": "#2"},
				"up": {"uv": [0, 0, 0.99456, 5], "texture": "#2"}
			}
		},
		{
			"name": "hexadecagon",
			"from": [7.50272, 1.75, 5.5],
			"to": [8.49728, 3, 10.5],
			"rotation": {"angle": -22.5, "axis": "y", "origin": [8, 2.25, 8]},
			"faces": {
				"north": {"uv": [0, 0, 0.99456, 1.25], "texture": "#2"},
				"south": {"uv": [0, 0, 0.99456, 1.25], "texture": "#2"},
				"up": {"uv": [0, 0, 0.99456, 5], "texture": "#2"}
			}
		},
		{
			"name": "hexadecagon",
			"from": [7.50272, 1.75, 5.5],
			"to": [8.49728, 3, 10.5],
			"rotation": {"angle": -45, "axis": "y", "origin": [8, 2.25, 8]},
			"faces": {
				"north": {"uv": [0, 0, 0.99456, 1.25], "texture": "#2"},
				"south": {"uv": [0, 0, 0.99456, 1.25], "texture": "#2"},
				"up": {"uv": [0, 0, 0.99456, 5], "texture": "#2"}
			}
		},
		{
			"name": "hexadecagon",
			"from": [5.5, 1.75, 7.50272],
			"to": [10.5, 3, 8.49728],
			"rotation": {"angle": 22.5, "axis": "y", "origin": [8, 2.25, 8]},
			"faces": {
				"east": {"uv": [0, 0, 0.99456, 1.25], "texture": "#2"},
				"west": {"uv": [0, 0, 0.99456, 1.25], "texture": "#2"},
				"up": {"uv": [0, 0, 5, 0.99456], "texture": "#2"}
			}
		},
		{
			"name": "hexadecagon",
			"from": [5.5, 1.75, 7.50272],
			"to": [10.5, 3, 8.49728],
			"rotation": {"angle": 0, "axis": "y", "origin": [8, 2.25, 8]},
			"faces": {
				"east": {"uv": [0, 0, 0.99456, 1.25], "texture": "#2"},
				"west": {"uv": [0, 0, 0.99456, 1.25], "texture": "#2"},
				"up": {"uv": [0, 0, 5, 0.99456], "texture": "#2"}
			}
		},
		{
			"name": "hexadecagon",
			"from": [5.5, 1.75, 7.50272],
			"to": [10.5, 3, 8.49728],
			"rotation": {"angle": -22.5, "axis": "y", "origin": [8, 2.25, 8]},
			"faces": {
				"east": {"uv": [0, 0, 0.99456, 1.25], "texture": "#2"},
				"west": {"uv": [0, 0, 0.99456, 1.25], "texture": "#2"},
				"up": {"uv": [0, 0, 5, 0.99456], "texture": "#2"}
			}
		},
		{
			"name": "hexadecagon",
			"from": [7.35353, 0, 4.75],
			"to": [8.64647, 1.25, 11.25],
			"rotation": {"angle": -45, "axis": "y", "origin": [8, 0.25, 8]},
			"faces": {
				"north": {"uv": [0, 0, 1.29294, 1.25], "texture": "#2"},
				"south": {"uv": [0, 0, 1.29294, 1.25], "texture": "#2"},
				"down": {"uv": [0, 0, 1.29294, 6.5], "texture": "#2", "cullface": "down"}
			}
		},
		{
			"name": "hexadecagon",
			"from": [7.35353, 0, 4.75],
			"to": [8.64647, 1.25, 11.25],
			"rotation": {"angle": -22.5, "axis": "y", "origin": [8, 0.25, 8]},
			"faces": {
				"north": {"uv": [0, 0, 1.29294, 1.25], "texture": "#2"},
				"south": {"uv": [0, 0, 1.29294, 1.25], "texture": "#2"},
				"down": {"uv": [0, 0, 1.29294, 6.5], "texture": "#2", "cullface": "down"}
			}
		},
		{
			"name": "hexadecagon",
			"from": [7.35353, 0, 4.75],
			"to": [8.64647, 1.25, 11.25],
			"rotation": {"angle": 0, "axis": "y", "origin": [8, 0.25, 8]},
			"faces": {
				"north": {"uv": [0, 0, 1.29294, 1.25], "texture": "#2"},
				"south": {"uv": [0, 0, 1.29294, 1.25], "texture": "#2"},
				"down": {"uv": [0, 0, 1.29294, 6.5], "texture": "#2", "cullface": "down"}
			}
		},
		{
			"name": "hexadecagon",
			"from": [7.35353, 0, 4.75],
			"to": [8.64647, 1.25, 11.25],
			"rotation": {"angle": 22.5, "axis": "y", "origin": [8, 0.25, 8]},
			"faces": {
				"north": {"uv": [0, 0, 1.29294, 1.25], "texture": "#2"},
				"south": {"uv": [0, 0, 1.29294, 1.25], "texture": "#2"},
				"down": {"uv": [0, 0, 1.29294, 6.5], "texture": "#2", "cullface": "down"}
			}
		},
		{
			"name": "hexadecagon",
			"from": [7.35353, 0, 4.75],
			"to": [8.64647, 1.25, 11.25],
			"rotation": {"angle": 45, "axis": "y", "origin": [8, 0.25, 8]},
			"faces": {
				"north": {"uv": [0, 0, 1.29294, 1.25], "texture": "#2"},
				"south": {"uv": [0, 0, 1.29294, 1.25], "texture": "#2"},
				"down": {"uv": [0, 0, 1.29294, 6.5], "texture": "#2", "cullface": "down"}
			}
		},
		{
			"name": "hexadecagon",
			"from": [4.75, 0, 7.35353],
			"to": [11.25, 1.25, 8.64647],
			"rotation": {"angle": -22.5, "axis": "y", "origin": [8, 0.25, 8]},
			"faces": {
				"east": {"uv": [0, 0, 1.29294, 1.25], "texture": "#2"},
				"west": {"uv": [0, 0, 1.29294, 1.25], "texture": "#2"},
				"down": {"uv": [0, 0, 6.5, 1.29294], "texture": "#2", "cullface": "down"}
			}
		},
		{
			"name": "hexadecagon",
			"from": [4.75, 0, 7.35353],
			"to": [11.25, 1.25, 8.64647],
			"rotation": {"angle": 0, "axis": "y", "origin": [8, 0.25, 8]},
			"faces": {
				"east": {"uv": [0, 0, 1.29294, 1.25], "texture": "#2"},
				"west": {"uv": [0, 0, 1.29294, 1.25], "texture": "#2"},
				"down": {"uv": [0, 0, 6.5, 1.29294], "texture": "#2", "cullface": "down"}
			}
		},
		{
			"name": "hexadecagon",
			"from": [4.75, 0, 7.35353],
			"to": [11.25, 1.25, 8.64647],
			"rotation": {"angle": 22.5, "axis": "y", "origin": [8, 0.25, 8]},
			"faces": {
				"east": {"uv": [0, 0, 1.29294, 1.25], "texture": "#2"},
				"west": {"uv": [0, 0, 1.29294, 1.25], "texture": "#2"},
				"down": {"uv": [0, 0, 6.5, 1.29294], "texture": "#2", "cullface": "down"}
			}
		},
		{
			"name": "hexadecagon",
			"from": [7.25408, 1.25, 4.25],
			"to": [8.74592, 1.75, 11.75],
			"rotation": {"angle": -45, "axis": "y", "origin": [8, 1.75, 8]},
			"faces": {
				"north": {"uv": [0, 0, 1.49184, 0.5], "texture": "#2"},
				"up": {"uv": [0, 0, 1.49184, 7.5], "texture": "#2"},
				"down": {"uv": [0, 0, 1.49184, 7.5], "texture": "#2"}
			}
		},
		{
			"name": "hexadecagon",
			"from": [7.25408, 1.25, 4.25],
			"to": [8.74592, 1.75, 11.75],
			"rotation": {"angle": -22.5, "axis": "y", "origin": [8, 1.75, 8]},
			"faces": {
				"north": {"uv": [0, 0, 1.49184, 0.5], "texture": "#2"},
				"up": {"uv": [0, 0, 1.49184, 7.5], "texture": "#2"},
				"down": {"uv": [0, 0, 1.49184, 7.5], "texture": "#2"}
			}
		},
		{
			"name": "hexadecagon",
			"from": [7.25408, 1.25, 4.25],
			"to": [8.74592, 1.75, 11.75],
			"rotation": {"angle": 0, "axis": "y", "origin": [8, 1.75, 8]},
			"faces": {
				"north": {"uv": [0, 0, 1.49184, 0.5], "texture": "#2"},
				"up": {"uv": [0, 0, 1.49184, 7.5], "texture": "#2"},
				"down": {"uv": [0, 0, 1.49184, 7.5], "texture": "#2"}
			}
		},
		{
			"name": "hexadecagon",
			"from": [7.25408, 1.25, 4.25],
			"to": [8.74592, 1.75, 11.75],
			"rotation": {"angle": 22.5, "axis": "y", "origin": [8, 1.75, 8]},
			"faces": {
				"north": {"uv": [0, 0, 1.49184, 0.5], "texture": "#2"},
				"up": {"uv": [0, 0, 1.49184, 7.5], "texture": "#2"},
				"down": {"uv": [0, 0, 1.49184, 7.5], "texture": "#2"}
			}
		},
		{
			"name": "hexadecagon",
			"from": [7.25408, 1.25, 4.25],
			"to": [8.74592, 1.75, 11.75],
			"rotation": {"angle": 45, "axis": "y", "origin": [8, 1.75, 8]},
			"faces": {
				"north": {"uv": [0, 0, 1.49184, 0.5], "texture": "#2"},
				"up": {"uv": [0, 0, 1.49184, 7.5], "texture": "#2"},
				"down": {"uv": [0, 0, 1.49184, 7.5], "texture": "#2"}
			}
		},
		{
			"name": "hexadecagon",
			"from": [4.25, 1.25, 7.25408],
			"to": [11.75, 1.75, 8.74592],
			"rotation": {"angle": -22.5, "axis": "y", "origin": [8, 1.75, 8]},
			"faces": {
				"east": {"uv": [0, 0, 1.49184, 0.5], "texture": "#2"},
				"west": {"uv": [0, 0, 1.49184, 0.5], "texture": "#2"},
				"up": {"uv": [0, 0, 7.5, 1.49184], "texture": "#2"},
				"down": {"uv": [0, 0, 7.5, 1.49184], "texture": "#2"}
			}
		},
		{
			"name": "hexadecagon",
			"from": [4.25, 1.25, 7.25408],
			"to": [11.75, 1.75, 8.74592],
			"rotation": {"angle": 0, "axis": "y", "origin": [8, 1.75, 8]},
			"faces": {
				"east": {"uv": [0, 0, 1.49184, 0.5], "texture": "#2"},
				"west": {"uv": [0, 0, 1.49184, 0.5], "texture": "#2"},
				"up": {"uv": [0, 0, 7.5, 1.49184], "texture": "#2"},
				"down": {"uv": [0, 0, 7.5, 1.49184], "texture": "#2"}
			}
		},
		{
			"name": "hexadecagon",
			"from": [4.25, 1.25, 7.25408],
			"to": [11.75, 1.75, 8.74592],
			"rotation": {"angle": 22.5, "axis": "y", "origin": [8, 1.75, 8]},
			"faces": {
				"east": {"uv": [0, 0, 1.49184, 0.5], "texture": "#2"},
				"west": {"uv": [0, 0, 1.49184, 0.5], "texture": "#2"},
				"up": {"uv": [0, 0, 7.5, 1.49184], "texture": "#2"},
				"down": {"uv": [0, 0, 7.5, 1.49184], "texture": "#2"}
			}
		},
		{
			"name": "hexadecagon",
			"from": [7.25408, 1.25, 11.25],
			"to": [10.30298, 1.75, 13.75],
			"rotation": {"angle": -45, "axis": "y", "origin": [8, 1.75, 8]},
			"faces": {
				"east": {"uv": [0, 0, 2.5, 0.5], "texture": "#2"},
				"west": {"uv": [0, 0, 2.5, 0.5], "texture": "#2"},
				"up": {"uv": [0, 0, 3.0489, 2.5], "texture": "#2"},
				"down": {"uv": [0, 0, 3.0489, 2.5], "texture": "#2"}
			}
		},
		{
			"name": "hexadecagon",
			"from": [3.23464, 1.25, 11.65338],
			"to": [4.23464, 1.75, 12.40338],
			"rotation": {"angle": -22.5, "axis": "y", "origin": [3.60964, 1.5, 12.02838]},
			"faces": {
				"west": {"uv": [0, 0, 0.75, 0.5], "texture": "#2"},
				"up": {"uv": [0, 0, 1, 0.75], "texture": "#2"},
				"down": {"uv": [0, 0, 1, 0.75], "texture": "#2"}
			}
		},
		{
			"name": "hexadecagon",
			"from": [3.11968, 1.25, 12.23133],
			"to": [4.86968, 1.75, 13.98133],
			"rotation": {"angle": 0, "axis": "y", "origin": [3.49468, 1.5, 12.60633]},
			"faces": {
				"south": {"uv": [0, 0, 1.75, 0.5], "texture": "#2"},
				"west": {"uv": [0, 0, 1.75, 0.5], "texture": "#2"},
				"up": {"uv": [0, 0, 1.75, 1.75], "texture": "#2"},
				"down": {"uv": [0, 0, 1.75, 1.75], "texture": "#2"}
			}
		},
		{
			"name": "hexadecagon",
			"from": [4.64979, 1.25, 12.87588],
			"to": [5.39979, 1.75, 13.87588],
			"rotation": {"angle": 22.5, "axis": "y", "origin": [5.02479, 1.5, 13.37588]},
			"faces": {
				"south": {"uv": [0, 0, 0.75, 0.5], "texture": "#2"},
				"up": {"uv": [0, 0, 0.75, 1], "texture": "#2"},
				"down": {"uv": [0, 0, 0.75, 1], "texture": "#2"}
			}
		},
		{
			"name": "hexadecagon",
			"from": [6.44702, 1.25, 11.5],
			"to": [9.49592, 1.75, 13.75],
			"rotation": {"angle": 0, "axis": "y", "origin": [7.97147, 1.5, 13.75078]},
			"faces": {
				"east": {"uv": [0, 0, 2.25, 0.5], "texture": "#2"},
				"west": {"uv": [0, 0, 2.25, 0.5], "texture": "#2"},
				"up": {"uv": [0, 0, 3.0489, 2.25], "texture": "#2"},
				"down": {"uv": [0, 0, 3.0489, 2.25], "texture": "#2"}
			}
		},
		{
			"name": "hexadecagon",
			"from": [6.56336, 1.25, 13.16668],
			"to": [7.56336, 1.75, 13.91668],
			"rotation": {"angle": 22.5, "axis": "y", "origin": [7.97147, 1.5, 13.75078]},
			"faces": {
				"west": {"uv": [0, 0, 0.75, 0.5], "texture": "#2"},
				"up": {"uv": [0, 0, 1, 0.75], "texture": "#2"},
				"down": {"uv": [0, 0, 1, 0.75], "texture": "#2"}
			}
		},
		{
			"name": "hexadecagon",
			"from": [6.60706, 1.25, 13.36519],
			"to": [8.35706, 1.75, 15.11519],
			"rotation": {"angle": 45, "axis": "y", "origin": [7.97147, 1.5, 13.75078]},
			"faces": {
				"south": {"uv": [0, 0, 1.75, 0.5], "texture": "#2"},
				"west": {"uv": [0, 0, 1.75, 0.5], "texture": "#2"},
				"up": {"uv": [0, 0, 1.75, 1.75], "texture": "#2"},
				"down": {"uv": [0, 0, 1.75, 1.75], "texture": "#2"}
			}
		},
		{
			"name": "hexadecagon",
			"from": [8.37958, 1.25, 13.16668],
			"to": [9.37958, 1.75, 13.91668],
			"rotation": {"angle": -22.5, "axis": "y", "origin": [7.97147, 1.5, 13.75078]},
			"faces": {
				"east": {"uv": [0, 0, 0.75, 0.5], "texture": "#2"},
				"up": {"uv": [0, 0, 1, 0.75], "texture": "#2"},
				"down": {"uv": [0, 0, 1, 0.75], "texture": "#2"}
			}
		},
		{
			"name": "hexadecagon",
			"from": [9.01513, 1.25, 11.09247],
			"to": [11.51513, 1.75, 14.14137],
			"rotation": {"angle": -45, "axis": "y", "origin": [11.51591, 1.5, 12.61692]},
			"faces": {
				"north": {"uv": [0, 0, 2.5, 0.5], "texture": "#2"},
				"south": {"uv": [0, 0, 2.5, 0.5], "texture": "#2"},
				"up": {"uv": [0, 0, 2.5, 3.0489], "texture": "#2"},
				"down": {"uv": [0, 0, 2.5, 3.0489], "texture": "#2"}
			}
		},
		{
			"name": "hexadecagon",
			"from": [11.13032, 1.25, 12.23133],
			"to": [12.88032, 1.75, 13.98133],
			"rotation": {"angle": 0, "axis": "y", "origin": [11.51591, 1.5, 12.61692]},
			"faces": {
				"east": {"uv": [0, 0, 1.75, 0.5], "texture": "#2"},
				"south": {"uv": [0, 0, 1.75, 0.5], "texture": "#2"},
				"up": {"uv": [0, 0, 1.75, 1.75], "texture": "#2"},
				"down": {"uv": [0, 0, 1.75, 1.75], "texture": "#2"}
			}
		},
		{
			"name": "hexadecagon",
			"from": [10.93181, 1.25, 13.02503],
			"to": [11.68181, 1.75, 14.02503],
			"rotation": {"angle": -22.5, "axis": "y", "origin": [11.51591, 1.5, 12.61692]},
			"faces": {
				"south": {"uv": [0, 0, 0.75, 0.5], "texture": "#2"},
				"up": {"uv": [0, 0, 0.75, 1], "texture": "#2"},
				"down": {"uv": [0, 0, 0.75, 1], "texture": "#2"}
			}
		},
		{
			"name": "hexadecagon",
			"from": [11.92402, 1.25, 12.03282],
			"to": [12.92402, 1.75, 12.78282],
			"rotation": {"angle": 22.5, "axis": "y", "origin": [11.51591, 1.5, 12.61692]},
			"faces": {
				"east": {"uv": [0, 0, 0.75, 0.5], "texture": "#2"},
				"up": {"uv": [0, 0, 1, 0.75], "texture": "#2"},
				"down": {"uv": [0, 0, 1, 0.75], "texture": "#2"}
			}
		},
		{
			"name": "hexadecagon",
			"from": [7.60218, 2.875, 6],
			"to": [8.39782, 4, 10],
			"rotation": {"angle": 45, "axis": "y", "origin": [8, 2.75, 8]},
			"faces": {
				"north": {"uv": [0, 0, 0.99456, 3.5], "texture": "#3"},
				"east": {"uv": [0, 0, 0, 0], "texture": "#3"},
				"south": {"uv": [0, 0, 0.99456, 3.5], "texture": "#3"},
				"west": {"uv": [0, 0, 0, 0], "texture": "#3"},
				"up": {"uv": [0, 0, 0.99456, 5], "texture": "#3"},
				"down": {"uv": [0, 0, 0, 0], "texture": "#3"}
			}
		},
		{
			"name": "hexadecagon",
			"from": [7.60218, 2.875, 6],
			"to": [8.39782, 4, 10],
			"rotation": {"angle": 22.5, "axis": "y", "origin": [8, 2.75, 8]},
			"faces": {
				"north": {"uv": [0, 0, 0.99456, 3.5], "texture": "#3"},
				"east": {"uv": [0, 0, 0, 0], "texture": "#3"},
				"south": {"uv": [0, 0, 0.99456, 3.5], "texture": "#3"},
				"west": {"uv": [0, 0, 0, 0], "texture": "#3"},
				"up": {"uv": [0, 0, 0.99456, 5], "texture": "#3"},
				"down": {"uv": [0, 0, 0, 0], "texture": "#3"}
			}
		},
		{
			"name": "hexadecagon",
			"from": [7.60218, 2.875, 6],
			"to": [8.39782, 4, 10],
			"rotation": {"angle": 0, "axis": "y", "origin": [8, 2.75, 8]},
			"faces": {
				"north": {"uv": [0, 0, 0.99456, 3.5], "texture": "#3"},
				"east": {"uv": [0, 0, 0, 0], "texture": "#3"},
				"south": {"uv": [0, 0, 0.99456, 3.5], "texture": "#3"},
				"west": {"uv": [0, 0, 0, 0], "texture": "#3"},
				"up": {"uv": [0, 0, 0.99456, 5], "texture": "#3"},
				"down": {"uv": [0, 0, 0, 0], "texture": "#3"}
			}
		},
		{
			"name": "hexadecagon",
			"from": [7.60218, 2.875, 6],
			"to": [8.39782, 4, 10],
			"rotation": {"angle": -22.5, "axis": "y", "origin": [8, 2.75, 8]},
			"faces": {
				"north": {"uv": [0, 0, 0.99456, 3.5], "texture": "#3"},
				"east": {"uv": [0, 0, 0, 0], "texture": "#3"},
				"south": {"uv": [0, 0, 0.99456, 3.5], "texture": "#3"},
				"west": {"uv": [0, 0, 0, 0], "texture": "#3"},
				"up": {"uv": [0, 0, 0.99456, 5], "texture": "#3"},
				"down": {"uv": [0, 0, 0, 0], "texture": "#3"}
			}
		},
		{
			"name": "hexadecagon",
			"from": [7.60218, 2.875, 6],
			"to": [8.39782, 4, 10],
			"rotation": {"angle": -45, "axis": "y", "origin": [8, 2.75, 8]},
			"faces": {
				"north": {"uv": [0, 0, 0.99456, 3.5], "texture": "#3"},
				"east": {"uv": [0, 0, 0, 0], "texture": "#3"},
				"south": {"uv": [0, 0, 0.99456, 3.5], "texture": "#3"},
				"west": {"uv": [0, 0, 0, 0], "texture": "#3"},
				"up": {"uv": [0, 0, 0.99456, 5], "texture": "#3"},
				"down": {"uv": [0, 0, 0, 0], "texture": "#3"}
			}
		},
		{
			"name": "hexadecagon",
			"from": [6, 2.875, 7.60218],
			"to": [10, 4, 8.39782],
			"rotation": {"angle": 22.5, "axis": "y", "origin": [8, 2.75, 8]},
			"faces": {
				"north": {"uv": [0, 0, 0, 0], "texture": "#3"},
				"east": {"uv": [0, 0, 0.99456, 3.5], "texture": "#3"},
				"south": {"uv": [0, 0, 0, 0], "texture": "#3"},
				"west": {"uv": [0, 0, 0.99456, 3.5], "texture": "#3"},
				"up": {"uv": [0, 0, 5, 0.99456], "texture": "#3"},
				"down": {"uv": [0, 0, 0, 0], "texture": "#3"}
			}
		},
		{
			"name": "hexadecagon",
			"from": [6, 2.875, 7.60218],
			"to": [10, 4, 8.39782],
			"rotation": {"angle": 0, "axis": "y", "origin": [8, 2.75, 8]},
			"faces": {
				"north": {"uv": [0, 0, 0, 0], "texture": "#3"},
				"east": {"uv": [0, 0, 0.99456, 3.5], "texture": "#3"},
				"south": {"uv": [0, 0, 0, 0], "texture": "#3"},
				"west": {"uv": [0, 0, 0.99456, 3.5], "texture": "#3"},
				"up": {"uv": [0, 0, 5, 0.99456], "texture": "#3"},
				"down": {"uv": [0, 0, 0, 0], "texture": "#3"}
			}
		},
		{
			"name": "hexadecagon",
			"from": [6, 2.875, 7.60218],
			"to": [10, 4, 8.39782],
			"rotation": {"angle": -22.5, "axis": "y", "origin": [8, 2.75, 8]},
			"faces": {
				"north": {"uv": [0, 0, 0, 0], "texture": "#3"},
				"east": {"uv": [0, 0, 0.99456, 3.5], "texture": "#3"},
				"south": {"uv": [0, 0, 0, 0], "texture": "#3"},
				"west": {"uv": [0, 0, 0.99456, 3.5], "texture": "#3"},
				"up": {"uv": [0, 0, 5, 0.99456], "texture": "#3"},
				"down": {"uv": [0, 0, 0, 0], "texture": "#3"}
			}
		},
		{
			"name": "hexadecagon",
			"from": [5.2884, 3.5, 8.47746],
			"to": [6.58806, 4.25, 8.9378],
			"rotation": {"angle": 22.5, "axis": "y", "origin": [5.53806, 3.875, 8.44134]},
			"faces": {
				"east": {"uv": [0, 0, 0.46035, 0.75], "texture": "#1_2"},
				"south": {"uv": [0, 0, 1.29966, 0.75], "texture": "#1_2"},
				"up": {"uv": [0, 0, 1.29966, 0.46035], "texture": "#1_2"},
				"down": {"uv": [0, 0, 1.29966, 0.46035], "texture": "#1_2"}
			}
		},
		{
			"name": "hexadecagon",
			"from": [3.99827, 3.5, 8.49728],
			"to": [5.49739, 4.25, 8.99555],
			"rotation": {"angle": 0, "axis": "y", "origin": [4.74739, 3.875, 8.49916]},
			"faces": {
				"south": {"uv": [0, 0, 1.49912, 0.75], "texture": "#1_2"},
				"up": {"uv": [0, 0, 1.49912, 0.49827], "texture": "#1_2"},
				"down": {"uv": [0, 0, 1.49912, 0.49827], "texture": "#1_2"}
			}
		},
		{
			"name": "hexadecagon",
			"from": [3.88468, 3.5, 7.92598],
			"to": [4.23701, 4.25, 8.63065],
			"rotation": {"angle": 45, "axis": "y", "origin": [4.38196, 3.875, 8.67598]},
			"faces": {
				"west": {"uv": [0, 0, 0.70467, 0.75], "texture": "#1_2"},
				"up": {"uv": [0, 0, 0.35233, 0.70467], "texture": "#1_2"},
				"down": {"uv": [0, 0, 0.35233, 0.70467], "texture": "#1_2"}
			}
		},
		{
			"name": "hexadecagon",
			"from": [3.5, 3.5, 7.50272],
			"to": [7.5, 4.25, 8.49728],
			"rotation": {"angle": 0, "axis": "y", "origin": [8, 2.75, 8]},
			"faces": {
				"north": {"uv": [0, 0, 4, 0.75], "texture": "#1_2"},
				"east": {"uv": [0, 0, 0.99456, 0.75], "texture": "#1_2"},
				"south": {"uv": [0, 0, 4, 0.75], "texture": "#1_2"},
				"west": {"uv": [0, 0, 0.99456, 0.75], "texture": "#1_2"},
				"up": {"uv": [0, 0, 4, 0.99456], "texture": "#1_2"},
				"down": {"uv": [0, 0, 4, 0.99456], "texture": "#1_2"}
			}
		},
		{
			"name": "hexadecagon",
			"from": [5.2884, 3.5, 7.0622],
			"to": [6.58806, 4.25, 7.52254],
			"rotation": {"angle": -22.5, "axis": "y", "origin": [5.53806, 3.875, 7.55866]},
			"faces": {
				"north": {"uv": [0, 0, 1.29966, 0.75], "texture": "#1_2"},
				"east": {"uv": [0, 0, 0.46035, 0.75], "texture": "#1_2"},
				"up": {"uv": [0, 0, 1.29966, 0.46035], "texture": "#1_2"},
				"down": {"uv": [0, 0, 1.29966, 0.46035], "texture": "#1_2"}
			}
		},
		{
			"name": "hexadecagon",
			"from": [3.99827, 3.5, 7.00445],
			"to": [5.49739, 4.25, 7.50272],
			"rotation": {"angle": 0, "axis": "y", "origin": [4.74739, 3.875, 7.50084]},
			"faces": {
				"north": {"uv": [0, 0, 1.49912, 0.75], "texture": "#1_2"},
				"up": {"uv": [0, 0, 1.49912, 0.49827], "texture": "#1_2"},
				"down": {"uv": [0, 0, 1.49912, 0.49827], "texture": "#1_2"}
			}
		},
		{
			"name": "hexadecagon",
			"from": [3.63196, 3.5, 6.82674],
			"to": [4.33663, 4.25, 7.17907],
			"rotation": {"angle": 45, "axis": "y", "origin": [4.38196, 3.875, 7.32402]},
			"faces": {
				"north": {"uv": [0, 0, 0.70467, 0.75], "texture": "#1_2"},
				"up": {"uv": [0, 0, 0.70467, 0.35233], "texture": "#1_2"},
				"down": {"uv": [0, 0, 0.70467, 0.35233], "texture": "#1_2"}
			}
		},
		{
			"name": "hexadecagon",
			"from": [9.41194, 3.5, 8.47746],
			"to": [10.7116, 4.25, 8.9378],
			"rotation": {"angle": -22.5, "axis": "y", "origin": [10.46194, 3.875, 8.44134]},
			"faces": {
				"south": {"uv": [0, 0, 1.29966, 0.75], "texture": "#1_2"},
				"west": {"uv": [0, 0, 0.46035, 0.75], "texture": "#1_2"},
				"up": {"uv": [0, 0, 1.29966, 0.46035], "texture": "#1_2"},
				"down": {"uv": [0, 0, 1.29966, 0.46035], "texture": "#1_2"}
			}
		},
		{
			"name": "hexadecagon",
			"from": [10.50261, 3.5, 8.49728],
			"to": [12.00173, 4.25, 8.99555],
			"rotation": {"angle": 0, "axis": "y", "origin": [11.25261, 3.875, 8.49916]},
			"faces": {
				"south": {"uv": [0, 0, 1.49912, 0.75], "texture": "#1_2"},
				"up": {"uv": [0, 0, 1.49912, 0.49827], "texture": "#1_2"},
				"down": {"uv": [0, 0, 1.49912, 0.49827], "texture": "#1_2"}
			}
		},
		{
			"name": "hexadecagon",
			"from": [11.76299, 3.5, 7.92598],
			"to": [12.11532, 4.25, 8.63065],
			"rotation": {"angle": -45, "axis": "y", "origin": [11.61804, 3.875, 8.67598]},
			"faces": {
				"east": {"uv": [0, 0, 0.70467, 0.75], "texture": "#1_2"},
				"up": {"uv": [0, 0, 0.35233, 0.70467], "texture": "#1_2"},
				"down": {"uv": [0, 0, 0.35233, 0.70467], "texture": "#1_2"}
			}
		},
		{
			"name": "hexadecagon",
			"from": [8.5, 3.5, 7.50272],
			"to": [12.5, 4.25, 8.49728],
			"rotation": {"angle": 0, "axis": "y", "origin": [8, 2.75, 8]},
			"faces": {
				"north": {"uv": [0, 0, 4, 0.75], "texture": "#1_2"},
				"east": {"uv": [0, 0, 0.99456, 0.75], "texture": "#1_2"},
				"south": {"uv": [0, 0, 4, 0.75], "texture": "#1_2"},
				"west": {"uv": [0, 0, 0.99456, 0.75], "texture": "#1_2"},
				"up": {"uv": [0, 0, 4, 0.99456], "texture": "#1_2"},
				"down": {"uv": [0, 0, 4, 0.99456], "texture": "#1_2"}
			}
		},
		{
			"name": "hexadecagon",
			"from": [9.41194, 3.5, 7.0622],
			"to": [10.7116, 4.25, 7.52254],
			"rotation": {"angle": 22.5, "axis": "y", "origin": [10.46194, 3.875, 7.55866]},
			"faces": {
				"north": {"uv": [0, 0, 1.29966, 0.75], "texture": "#1_2"},
				"west": {"uv": [0, 0, 0.46035, 0.75], "texture": "#1_2"},
				"up": {"uv": [0, 0, 1.29966, 0.46035], "texture": "#1_2"},
				"down": {"uv": [0, 0, 1.29966, 0.46035], "texture": "#1_2"}
			}
		},
		{
			"name": "hexadecagon",
			"from": [10.50261, 3.5, 7.00445],
			"to": [12.00173, 4.25, 7.50272],
			"rotation": {"angle": 0, "axis": "y", "origin": [11.25261, 3.875, 7.50084]},
			"faces": {
				"north": {"uv": [0, 0, 1.49912, 0.75], "texture": "#1_2"},
				"up": {"uv": [0, 0, 1.49912, 0.49827], "texture": "#1_2"},
				"down": {"uv": [0, 0, 1.49912, 0.49827], "texture": "#1_2"}
			}
		},
		{
			"name": "hexadecagon",
			"from": [11.66337, 3.5, 6.82674],
			"to": [12.36804, 4.25, 7.17907],
			"rotation": {"angle": -45, "axis": "y", "origin": [11.61804, 3.875, 7.32402]},
			"faces": {
				"north": {"uv": [0, 0, 0.70467, 0.75], "texture": "#1_2"},
				"up": {"uv": [0, 0, 0.70467, 0.35233], "texture": "#1_2"},
				"down": {"uv": [0, 0, 0.70467, 0.35233], "texture": "#1_2"}
			}
		},
		{
			"name": "hexadecagon",
			"from": [5.96458, 3.5, 6.51744],
			"to": [7.26425, 4.25, 6.97778],
			"rotation": {"angle": -22.5, "axis": "y", "origin": [5.85468, 3.875, 5.85468]},
			"faces": {
				"east": {"uv": [0, 0, 0.46035, 0.75], "texture": "#1_2"},
				"south": {"uv": [0, 0, 1.29966, 0.75], "texture": "#1_2"},
				"up": {"uv": [0, 0, 1.29966, 0.46035], "texture": "#1_2"},
				"down": {"uv": [0, 0, 1.29966, 0.46035], "texture": "#1_2"}
			}
		},
		{
			"name": "hexadecagon",
			"from": [4.88689, 3.5, 6.35196],
			"to": [6.38601, 4.25, 6.85023],
			"rotation": {"angle": -45, "axis": "y", "origin": [5.85468, 3.875, 5.85468]},
			"faces": {
				"south": {"uv": [0, 0, 1.49912, 0.75], "texture": "#1_2"},
				"up": {"uv": [0, 0, 1.49912, 0.49827], "texture": "#1_2"},
				"down": {"uv": [0, 0, 1.49912, 0.49827], "texture": "#1_2"}
			}
		},
		{
			"name": "hexadecagon",
			"from": [4.46639, 3.5, 5.16965],
			"to": [4.81872, 4.25, 5.87432],
			"rotation": {"angle": 0, "axis": "y", "origin": [5.85468, 3.875, 5.85468]},
			"faces": {
				"west": {"uv": [0, 0, 0.70467, 0.75], "texture": "#1_2"},
				"up": {"uv": [0, 0, 0.35233, 0.70467], "texture": "#1_2"},
				"down": {"uv": [0, 0, 0.35233, 0.70467], "texture": "#1_2"}
			}
		},
		{
			"name": "hexadecagon",
			"from": [4.38862, 3.5, 5.3574],
			"to": [8.38862, 4.25, 6.35196],
			"rotation": {"angle": -45, "axis": "y", "origin": [5.85468, 3.875, 5.85468]},
			"faces": {
				"north": {"uv": [0, 0, 4, 0.75], "texture": "#1_2"},
				"east": {"uv": [0, 0, 0.99456, 0.75], "texture": "#1_2"},
				"south": {"uv": [0, 0, 4, 0.75], "texture": "#1_2"},
				"west": {"uv": [0, 0, 0.99456, 0.75], "texture": "#1_2"},
				"up": {"uv": [0, 0, 4, 0.99456], "texture": "#1_2"},
				"down": {"uv": [0, 0, 4, 0.99456], "texture": "#1_2"}
			}
		},
		{
			"name": "hexadecagon",
			"from": [6.51744, 3.5, 5.96458],
			"to": [6.97778, 4.25, 7.26425],
			"rotation": {"angle": 22.5, "axis": "y", "origin": [5.85468, 3.875, 5.85468]},
			"faces": {
				"east": {"uv": [0, 0, 1.29966, 0.75], "texture": "#1_2"},
				"south": {"uv": [0, 0, 0.46035, 0.75], "texture": "#1_2"},
				"up": {"uv": [0, 0, 0.46035, 1.29966], "texture": "#1_2"},
				"down": {"uv": [0, 0, 0.46035, 1.29966], "texture": "#1_2"}
			}
		},
		{
			"name": "hexadecagon",
			"from": [4.88689, 3.5, 4.85913],
			"to": [6.38601, 4.25, 5.3574],
			"rotation": {"angle": -45, "axis": "y", "origin": [5.85468, 3.875, 5.85468]},
			"faces": {
				"north": {"uv": [0, 0, 1.49912, 0.75], "texture": "#1_2"},
				"up": {"uv": [0, 0, 1.49912, 0.49827], "texture": "#1_2"},
				"down": {"uv": [0, 0, 1.49912, 0.49827], "texture": "#1_2"}
			}
		},
		{
			"name": "hexadecagon",
			"from": [5.16965, 3.5, 4.46639],
			"to": [5.87432, 4.25, 4.81872],
			"rotation": {"angle": 0, "axis": "y", "origin": [5.85468, 3.875, 5.85468]},
			"faces": {
				"north": {"uv": [0, 0, 0.70467, 0.75], "texture": "#1_2"},
				"up": {"uv": [0, 0, 0.70467, 0.35233], "texture": "#1_2"},
				"down": {"uv": [0, 0, 0.70467, 0.35233], "texture": "#1_2"}
			}
		},
		{
			"name": "hexadecagon",
			"from": [8.73575, 3.5, 6.51744],
			"to": [10.03542, 4.25, 6.97778],
			"rotation": {"angle": 22.5, "axis": "y", "origin": [10.14532, 3.875, 5.85468]},
			"faces": {
				"south": {"uv": [0, 0, 1.29966, 0.75], "texture": "#1_2"},
				"west": {"uv": [0, 0, 0.46035, 0.75], "texture": "#1_2"},
				"up": {"uv": [0, 0, 1.29966, 0.46035], "texture": "#1_2"},
				"down": {"uv": [0, 0, 1.29966, 0.46035], "texture": "#1_2"}
			}
		},
		{
			"name": "hexadecagon",
			"from": [9.61399, 3.5, 6.35196],
			"to": [11.11311, 4.25, 6.85023],
			"rotation": {"angle": 45, "axis": "y", "origin": [10.14532, 3.875, 5.85468]},
			"faces": {
				"south": {"uv": [0, 0, 1.49912, 0.75], "texture": "#1_2"},
				"up": {"uv": [0, 0, 1.49912, 0.49827], "texture": "#1_2"},
				"down": {"uv": [0, 0, 1.49912, 0.49827], "texture": "#1_2"}
			}
		},
		{
			"name": "hexadecagon",
			"from": [11.18128, 3.5, 5.16965],
			"to": [11.53361, 4.25, 5.87432],
			"rotation": {"angle": 0, "axis": "y", "origin": [10.14532, 3.875, 5.85468]},
			"faces": {
				"east": {"uv": [0, 0, 0.70467, 0.75], "texture": "#1_2"},
				"up": {"uv": [0, 0, 0.35233, 0.70467], "texture": "#1_2"},
				"down": {"uv": [0, 0, 0.35233, 0.70467], "texture": "#1_2"}
			}
		},
		{
			"name": "hexadecagon",
			"from": [7.61138, 3.5, 5.3574],
			"to": [11.61138, 4.25, 6.35196],
			"rotation": {"angle": 45, "axis": "y", "origin": [10.14532, 3.875, 5.85468]},
			"faces": {
				"north": {"uv": [0, 0, 4, 0.75], "texture": "#1_2"},
				"east": {"uv": [0, 0, 0.99456, 0.75], "texture": "#1_2"},
				"south": {"uv": [0, 0, 4, 0.75], "texture": "#1_2"},
				"west": {"uv": [0, 0, 0.99456, 0.75], "texture": "#1_2"},
				"up": {"uv": [0, 0, 4, 0.99456], "texture": "#1_2"},
				"down": {"uv": [0, 0, 4, 0.99456], "texture": "#1_2"}
			}
		},
		{
			"name": "hexadecagon",
			"from": [9.02222, 3.5, 5.96458],
			"to": [9.48256, 4.25, 7.26425],
			"rotation": {"angle": -22.5, "axis": "y", "origin": [10.14532, 3.875, 5.85468]},
			"faces": {
				"south": {"uv": [0, 0, 0.46035, 0.75], "texture": "#1_2"},
				"west": {"uv": [0, 0, 1.29966, 0.75], "texture": "#1_2"},
				"up": {"uv": [0, 0, 0.46035, 1.29966], "texture": "#1_2"},
				"down": {"uv": [0, 0, 0.46035, 1.29966], "texture": "#1_2"}
			}
		},
		{
			"name": "hexadecagon",
			"from": [9.61399, 3.5, 4.85913],
			"to": [11.11311, 4.25, 5.3574],
			"rotation": {"angle": 45, "axis": "y", "origin": [10.14532, 3.875, 5.85468]},
			"faces": {
				"north": {"uv": [0, 0, 1.49912, 0.75], "texture": "#1_2"},
				"up": {"uv": [0, 0, 1.49912, 0.49827], "texture": "#1_2"},
				"down": {"uv": [0, 0, 1.49912, 0.49827], "texture": "#1_2"}
			}
		},
		{
			"name": "hexadecagon",
			"from": [10.12568, 3.5, 4.46639],
			"to": [10.83035, 4.25, 4.81872],
			"rotation": {"angle": 0, "axis": "y", "origin": [10.14532, 3.875, 5.85468]},
			"faces": {
				"north": {"uv": [0, 0, 0.70467, 0.75], "texture": "#1_2"},
				"up": {"uv": [0, 0, 0.70467, 0.35233], "texture": "#1_2"},
				"down": {"uv": [0, 0, 0.70467, 0.35233], "texture": "#1_2"}
			}
		},
		{
			"name": "hexadecagon",
			"from": [8.73575, 3.5, 9.02222],
			"to": [10.03542, 4.25, 9.48256],
			"rotation": {"angle": -22.5, "axis": "y", "origin": [10.14532, 3.875, 10.14532]},
			"faces": {
				"north": {"uv": [0, 0, 1.29966, 0.75], "texture": "#1_2"},
				"west": {"uv": [0, 0, 0.46035, 0.75], "texture": "#1_2"},
				"up": {"uv": [0, 0, 1.29966, 0.46035], "texture": "#1_2"},
				"down": {"uv": [0, 0, 1.29966, 0.46035], "texture": "#1_2"}
			}
		},
		{
			"name": "hexadecagon",
			"from": [9.61399, 3.5, 9.14977],
			"to": [11.11311, 4.25, 9.64804],
			"rotation": {"angle": -45, "axis": "y", "origin": [10.14532, 3.875, 10.14532]},
			"faces": {
				"north": {"uv": [0, 0, 1.49912, 0.75], "texture": "#1_2"},
				"up": {"uv": [0, 0, 1.49912, 0.49827], "texture": "#1_2"},
				"down": {"uv": [0, 0, 1.49912, 0.49827], "texture": "#1_2"}
			}
		},
		{
			"name": "hexadecagon",
			"from": [11.18128, 3.5, 10.12568],
			"to": [11.53361, 4.25, 10.83035],
			"rotation": {"angle": 0, "axis": "y", "origin": [10.14532, 3.875, 10.14532]},
			"faces": {
				"east": {"uv": [0, 0, 0.70467, 0.75], "texture": "#1_2"},
				"up": {"uv": [0, 0, 0.35233, 0.70467], "texture": "#1_2"},
				"down": {"uv": [0, 0, 0.35233, 0.70467], "texture": "#1_2"}
			}
		},
		{
			"name": "hexadecagon",
			"from": [7.61138, 3.5, 9.64804],
			"to": [11.61138, 4.25, 10.6426],
			"rotation": {"angle": -45, "axis": "y", "origin": [10.14532, 3.875, 10.14532]},
			"faces": {
				"north": {"uv": [0, 0, 4, 0.75], "texture": "#1_2"},
				"east": {"uv": [0, 0, 0.99456, 0.75], "texture": "#1_2"},
				"south": {"uv": [0, 0, 4, 0.75], "texture": "#1_2"},
				"west": {"uv": [0, 0, 0.99456, 0.75], "texture": "#1_2"},
				"up": {"uv": [0, 0, 4, 0.99456], "texture": "#1_2"},
				"down": {"uv": [0, 0, 4, 0.99456], "texture": "#1_2"}
			}
		},
		{
			"name": "hexadecagon",
			"from": [9.02222, 3.5, 8.73575],
			"to": [9.48256, 4.25, 10.03542],
			"rotation": {"angle": 22.5, "axis": "y", "origin": [10.14532, 3.875, 10.14532]},
			"faces": {
				"north": {"uv": [0, 0, 0.46035, 0.75], "texture": "#1_2"},
				"west": {"uv": [0, 0, 1.29966, 0.75], "texture": "#1_2"},
				"up": {"uv": [0, 0, 0.46035, 1.29966], "texture": "#1_2"},
				"down": {"uv": [0, 0, 0.46035, 1.29966], "texture": "#1_2"}
			}
		},
		{
			"name": "hexadecagon",
			"from": [9.61399, 3.5, 10.6426],
			"to": [11.11311, 4.25, 11.14087],
			"rotation": {"angle": -45, "axis": "y", "origin": [10.14532, 3.875, 10.14532]},
			"faces": {
				"south": {"uv": [0, 0, 1.49912, 0.75], "texture": "#1_2"},
				"up": {"uv": [0, 0, 1.49912, 0.49827], "texture": "#1_2"},
				"down": {"uv": [0, 0, 1.49912, 0.49827], "texture": "#1_2"}
			}
		},
		{
			"name": "hexadecagon",
			"from": [10.12568, 3.5, 11.18128],
			"to": [10.83035, 4.25, 11.53361],
			"rotation": {"angle": 0, "axis": "y", "origin": [10.14532, 3.875, 10.14532]},
			"faces": {
				"south": {"uv": [0, 0, 0.70467, 0.75], "texture": "#1_2"},
				"up": {"uv": [0, 0, 0.70467, 0.35233], "texture": "#1_2"},
				"down": {"uv": [0, 0, 0.70467, 0.35233], "texture": "#1_2"}
			}
		},
		{
			"name": "hexadecagon",
			"from": [5.96458, 3.5, 9.02222],
			"to": [7.26425, 4.25, 9.48256],
			"rotation": {"angle": 22.5, "axis": "y", "origin": [5.85468, 3.875, 10.14532]},
			"faces": {
				"north": {"uv": [0, 0, 1.29966, 0.75], "texture": "#1_2"},
				"east": {"uv": [0, 0, 0.46035, 0.75], "texture": "#1_2"},
				"up": {"uv": [0, 0, 1.29966, 0.46035], "texture": "#1_2"},
				"down": {"uv": [0, 0, 1.29966, 0.46035], "texture": "#1_2"}
			}
		},
		{
			"name": "hexadecagon",
			"from": [4.88689, 3.5, 9.14977],
			"to": [6.38601, 4.25, 9.64804],
			"rotation": {"angle": 45, "axis": "y", "origin": [5.85468, 3.875, 10.14532]},
			"faces": {
				"north": {"uv": [0, 0, 1.49912, 0.75], "texture": "#1_2"},
				"up": {"uv": [0, 0, 1.49912, 0.49827], "texture": "#1_2"},
				"down": {"uv": [0, 0, 1.49912, 0.49827], "texture": "#1_2"}
			}
		},
		{
			"name": "hexadecagon",
			"from": [4.46639, 3.5, 10.12568],
			"to": [4.81872, 4.25, 10.83035],
			"rotation": {"angle": 0, "axis": "y", "origin": [5.85468, 3.875, 10.14532]},
			"faces": {
				"west": {"uv": [0, 0, 0.70467, 0.75], "texture": "#1_2"},
				"up": {"uv": [0, 0, 0.35233, 0.70467], "texture": "#1_2"},
				"down": {"uv": [0, 0, 0.35233, 0.70467], "texture": "#1_2"}
			}
		},
		{
			"name": "hexadecagon",
			"from": [4.38862, 3.5, 9.64804],
			"to": [8.38862, 4.25, 10.6426],
			"rotation": {"angle": 45, "axis": "y", "origin": [5.85468, 3.875, 10.14532]},
			"faces": {
				"north": {"uv": [0, 0, 4, 0.75], "texture": "#1_2"},
				"east": {"uv": [0, 0, 0.99456, 0.75], "texture": "#1_2"},
				"south": {"uv": [0, 0, 4, 0.75], "texture": "#1_2"},
				"west": {"uv": [0, 0, 0.99456, 0.75], "texture": "#1_2"},
				"up": {"uv": [0, 0, 4, 0.99456], "texture": "#1_2"},
				"down": {"uv": [0, 0, 4, 0.99456], "texture": "#1_2"}
			}
		},
		{
			"name": "hexadecagon",
			"from": [6.51744, 3.5, 8.73575],
			"to": [6.97778, 4.25, 10.03542],
			"rotation": {"angle": -22.5, "axis": "y", "origin": [5.85468, 3.875, 10.14532]},
			"faces": {
				"north": {"uv": [0, 0, 0.46035, 0.75], "texture": "#1_2"},
				"east": {"uv": [0, 0, 1.29966, 0.75], "texture": "#1_2"},
				"up": {"uv": [0, 0, 0.46035, 1.29966], "texture": "#1_2"},
				"down": {"uv": [0, 0, 0.46035, 1.29966], "texture": "#1_2"}
			}
		},
		{
			"name": "hexadecagon",
			"from": [4.88689, 3.5, 10.6426],
			"to": [6.38601, 4.25, 11.14087],
			"rotation": {"angle": 45, "axis": "y", "origin": [5.85468, 3.875, 10.14532]},
			"faces": {
				"south": {"uv": [0, 0, 1.49912, 0.75], "texture": "#1_2"},
				"up": {"uv": [0, 0, 1.49912, 0.49827], "texture": "#1_2"},
				"down": {"uv": [0, 0, 1.49912, 0.49827], "texture": "#1_2"}
			}
		},
		{
			"name": "hexadecagon",
			"from": [5.16965, 3.5, 11.18128],
			"to": [5.87432, 4.25, 11.53361],
			"rotation": {"angle": 0, "axis": "y", "origin": [5.85468, 3.875, 10.14532]},
			"faces": {
				"south": {"uv": [0, 0, 0.70467, 0.75], "texture": "#1_2"},
				"up": {"uv": [0, 0, 0.70467, 0.35233], "texture": "#1_2"},
				"down": {"uv": [0, 0, 0.70467, 0.35233], "texture": "#1_2"}
			}
		},
		{
			"name": "hexadecagon",
			"from": [6.8769, 3.5, 5.07596],
			"to": [7.33724, 4.25, 6.37563],
			"rotation": {"angle": 22.5, "axis": "y", "origin": [8, 3.875, 4.96606]},
			"faces": {
				"south": {"uv": [0, 0, 0.46035, 0.75], "texture": "#1_2"},
				"west": {"uv": [0, 0, 1.29966, 0.75], "texture": "#1_2"},
				"up": {"uv": [0, 0, 0.46035, 1.29966], "texture": "#1_2"},
				"down": {"uv": [0, 0, 0.46035, 1.29966], "texture": "#1_2"}
			}
		},
		{
			"name": "hexadecagon",
			"from": [7.00445, 3.5, 3.99827],
			"to": [7.50272, 4.25, 5.49739],
			"rotation": {"angle": 0, "axis": "y", "origin": [8, 3.875, 4.96606]},
			"faces": {
				"west": {"uv": [0, 0, 1.49912, 0.75], "texture": "#1_2"},
				"up": {"uv": [0, 0, 0.49827, 1.49912], "texture": "#1_2"},
				"down": {"uv": [0, 0, 0.49827, 1.49912], "texture": "#1_2"}
			}
		},
		{
			"name": "hexadecagon",
			"from": [6.61171, 3.5, 4.28103],
			"to": [6.96404, 4.25, 4.9857],
			"rotation": {"angle": -45, "axis": "y", "origin": [8, 3.875, 4.96606]},
			"faces": {
				"west": {"uv": [0, 0, 0.70467, 0.75], "texture": "#1_2"},
				"up": {"uv": [0, 0, 0.35233, 0.70467], "texture": "#1_2"},
				"down": {"uv": [0, 0, 0.35233, 0.70467], "texture": "#1_2"}
			}
		},
		{
			"name": "hexadecagon",
			"from": [7.50272, 3.5, 3.5],
			"to": [8.49728, 4.25, 7.5],
			"rotation": {"angle": 0, "axis": "y", "origin": [8, 3.875, 4.96606]},
			"faces": {
				"north": {"uv": [0, 0, 0.99456, 0.75], "texture": "#1_2"},
				"east": {"uv": [0, 0, 4, 0.75], "texture": "#1_2"},
				"south": {"uv": [0, 0, 0.99456, 0.75], "texture": "#1_2"},
				"west": {"uv": [0, 0, 4, 0.75], "texture": "#1_2"},
				"up": {"uv": [0, 0, 0.99456, 4], "texture": "#1_2"},
				"down": {"uv": [0, 0, 0.99456, 4], "texture": "#1_2"}
			}
		},
		{
			"name": "hexadecagon",
			"from": [8.66276, 3.5, 5.07596],
			"to": [9.1231, 4.25, 6.37563],
			"rotation": {"angle": -22.5, "axis": "y", "origin": [8, 3.875, 4.96606]},
			"faces": {
				"east": {"uv": [0, 0, 1.29966, 0.75], "texture": "#1_2"},
				"south": {"uv": [0, 0, 0.46035, 0.75], "texture": "#1_2"},
				"up": {"uv": [0, 0, 0.46035, 1.29966], "texture": "#1_2"},
				"down": {"uv": [0, 0, 0.46035, 1.29966], "texture": "#1_2"}
			}
		},
		{
			"name": "hexadecagon",
			"from": [8.49728, 3.5, 3.99827],
			"to": [8.99555, 4.25, 5.49739],
			"rotation": {"angle": 0, "axis": "y", "origin": [8, 3.875, 4.96606]},
			"faces": {
				"east": {"uv": [0, 0, 1.49912, 0.75], "texture": "#1_2"},
				"up": {"uv": [0, 0, 0.49827, 1.49912], "texture": "#1_2"},
				"down": {"uv": [0, 0, 0.49827, 1.49912], "texture": "#1_2"}
			}
		},
		{
			"name": "hexadecagon",
			"from": [7.31497, 3.5, 3.57777],
			"to": [8.01963, 4.25, 3.9301],
			"rotation": {"angle": -45, "axis": "y", "origin": [8, 3.875, 4.96606]},
			"faces": {
				"north": {"uv": [0, 0, 0.70467, 0.75], "texture": "#1_2"},
				"up": {"uv": [0, 0, 0.70467, 0.35233], "texture": "#1_2"},
				"down": {"uv": [0, 0, 0.70467, 0.35233], "texture": "#1_2"}
			}
		},
		{
			"name": "hexadecagon",
			"from": [6.8769, 3.5, 9.62437],
			"to": [7.33724, 4.25, 10.92404],
			"rotation": {"angle": -22.5, "axis": "y", "origin": [8, 3.875, 11.03394]},
			"faces": {
				"north": {"uv": [0, 0, 0.46035, 0.75], "texture": "#1_2"},
				"west": {"uv": [0, 0, 1.29966, 0.75], "texture": "#1_2"},
				"up": {"uv": [0, 0, 0.46035, 1.29966], "texture": "#1_2"},
				"down": {"uv": [0, 0, 0.46035, 1.29966], "texture": "#1_2"}
			}
		},
		{
			"name": "hexadecagon",
			"from": [7.00445, 3.5, 10.50261],
			"to": [7.50272, 4.25, 12.00173],
			"rotation": {"angle": 0, "axis": "y", "origin": [8, 3.875, 11.03394]},
			"faces": {
				"west": {"uv": [0, 0, 1.49912, 0.75], "texture": "#1_2"},
				"up": {"uv": [0, 0, 0.49827, 1.49912], "texture": "#1_2"},
				"down": {"uv": [0, 0, 0.49827, 1.49912], "texture": "#1_2"}
			}
		},
		{
			"name": "hexadecagon",
			"from": [6.61171, 3.5, 11.0143],
			"to": [6.96404, 4.25, 11.71897],
			"rotation": {"angle": 45, "axis": "y", "origin": [8, 3.875, 11.03394]},
			"faces": {
				"west": {"uv": [0, 0, 0.70467, 0.75], "texture": "#1_2"},
				"up": {"uv": [0, 0, 0.35233, 0.70467], "texture": "#1_2"},
				"down": {"uv": [0, 0, 0.35233, 0.70467], "texture": "#1_2"}
			}
		},
		{
			"name": "hexadecagon",
			"from": [7.50272, 3.5, 8.5],
			"to": [8.49728, 4.25, 12.5],
			"rotation": {"angle": 0, "axis": "y", "origin": [8, 3.875, 11.03394]},
			"faces": {
				"north": {"uv": [0, 0, 0.99456, 0.75], "texture": "#1_2"},
				"east": {"uv": [0, 0, 4, 0.75], "texture": "#1_2"},
				"south": {"uv": [0, 0, 0.99456, 0.75], "texture": "#1_2"},
				"west": {"uv": [0, 0, 4, 0.75], "texture": "#1_2"},
				"up": {"uv": [0, 0, 0.99456, 4], "texture": "#1_2"},
				"down": {"uv": [0, 0, 0.99456, 4], "texture": "#1_2"}
			}
		},
		{
			"name": "hexadecagon",
			"from": [8.66276, 3.5, 9.62437],
			"to": [9.1231, 4.25, 10.92404],
			"rotation": {"angle": 22.5, "axis": "y", "origin": [8, 3.875, 11.03394]},
			"faces": {
				"north": {"uv": [0, 0, 0.46035, 0.75], "texture": "#1_2"},
				"east": {"uv": [0, 0, 1.29966, 0.75], "texture": "#1_2"},
				"up": {"uv": [0, 0, 0.46035, 1.29966], "texture": "#1_2"},
				"down": {"uv": [0, 0, 0.46035, 1.29966], "texture": "#1_2"}
			}
		},
		{
			"name": "hexadecagon",
			"from": [8.49728, 3.5, 10.50261],
			"to": [8.99555, 4.25, 12.00173],
			"rotation": {"angle": 0, "axis": "y", "origin": [8, 3.875, 11.03394]},
			"faces": {
				"east": {"uv": [0, 0, 1.49912, 0.75], "texture": "#1_2"},
				"up": {"uv": [0, 0, 0.49827, 1.49912], "texture": "#1_2"},
				"down": {"uv": [0, 0, 0.49827, 1.49912], "texture": "#1_2"}
			}
		},
		{
			"name": "hexadecagon",
			"from": [7.31497, 3.5, 12.0699],
			"to": [8.01963, 4.25, 12.42223],
			"rotation": {"angle": 45, "axis": "y", "origin": [8, 3.875, 11.03394]},
			"faces": {
				"south": {"uv": [0, 0, 0.70467, 0.75], "texture": "#1_2"},
				"up": {"uv": [0, 0, 0.70467, 0.35233], "texture": "#1_2"},
				"down": {"uv": [0, 0, 0.70467, 0.35233], "texture": "#1_2"}
			}
		}
	],
	"display": {
		"thirdperson_righthand": {
			"rotation": [75, 45, 0],
			"translation": [0, 1.5, 0.75],
			"scale": [0.375, 0.375, 0.375]
		},
		"thirdperson_lefthand": {
			"rotation": [75, 45, 0],
			"translation": [0, 1.5, 0.75],
			"scale": [0.375, 0.375, 0.375]
		},
		"firstperson_righthand": {
			"rotation": [0, 225, 0],
			"translation": [0, 3.25, 0],
			"scale": [0.4, 0.4, 0.4]
		},
		"firstperson_lefthand": {
			"rotation": [0, 225, 0],
			"translation": [0, 3.25, 0],
			"scale": [0.4, 0.4, 0.4]
		},
		"ground": {
			"translation": [0, 3, 0],
			"scale": [0.25, 0.25, 0.25]
		},
		"gui": {
			"rotation": [30, 115, 0],
			"translation": [0, 4.5, 0]
		},
		"head": {
			"translation": [0, 14.25, 0]
		},
		"fixed": {
			"rotation": [0, 135, 0],
			"translation": [0, 3, -3.5],
			"scale": [0.75, 0.76, 0.75]
		}
	},
	"groups": [
		{
			"name": "Little Nob",
			"origin": [8, 8, 8],
			"color": 0,
			"children": [
				{
					"name": "hexadecagon",
					"origin": [8, 8, 8],
					"color": 0,
					"children": [0, 1, 2, 3, 4, 5, 6, 7]
				},
				{
					"name": "hexadecagon",
					"origin": [8, 8, 8],
					"color": 0,
					"children": [8, 9, 10, 11, 12, 13, 14, 15]
				},
				{
					"name": "hexadecagon",
					"origin": [8, 8, 8],
					"color": 0,
					"children": [16, 17, 18, 19, 20, 21, 22, 23]
				}
			]
		},
		{
			"name": "group",
			"origin": [11.51591, 1.5, 12.61692],
			"color": 0,
			"children": [24, 25, 26, 27, 28, 29, 30, 31, 32, 33, 34, 35]
		},
		{
			"name": "little_flower_nob",
			"origin": [8, 8, 8],
			"color": 0,
			"children": [
				{
					"name": "Little Nob",
					"origin": [8, 8, 8],
					"color": 0,
					"children": [
						{
							"name": "hexadecagon",
							"origin": [8, 8, 8],
							"color": 0,
							"children": [36, 37, 38, 39, 40, 41, 42, 43]
						}
					]
				},
				{
					"name": "Top",
					"origin": [8, 8, 8],
					"color": 0,
					"children": [
						{
							"name": "Leaf",
							"origin": [4.38196, 3.375, 7.32402],
							"color": 0,
							"children": [44, 45, 46, 47, 48, 49, 50]
						},
						{
							"name": "Leaf",
							"origin": [4.38196, 3.375, 7.32402],
							"color": 0,
							"children": [51, 52, 53, 54, 55, 56, 57]
						},
						{
							"name": "Leaf",
							"origin": [4.38196, 3.375, 7.32402],
							"color": 0,
							"children": [58, 59, 60, 61, 62, 63, 64]
						},
						{
							"name": "Leaf",
							"origin": [4.38196, 3.375, 7.32402],
							"color": 0,
							"children": [65, 66, 67, 68, 69, 70, 71]
						},
						{
							"name": "Leaf",
							"origin": [4.38196, 3.375, 7.32402],
							"color": 0,
							"children": [72, 73, 74, 75, 76, 77, 78]
						},
						{
							"name": "Leaf",
							"origin": [4.38196, 3.375, 7.32402],
							"color": 0,
							"children": [79, 80, 81, 82, 83, 84, 85]
						},
						{
							"name": "Leaf",
							"origin": [4.38196, 3.375, 7.32402],
							"color": 0,
							"children": [86, 87, 88, 89, 90, 91, 92]
						},
						{
							"name": "Leaf",
							"origin": [4.38196, 3.375, 7.32402],
							"color": 0,
							"children": [93, 94, 95, 96, 97, 98, 99]
						}
					]
				}
			]
		}
	]
}