{
	"credit": "AlexTestria | https://alex-bauerndistel.de",
	"textures": {
		"2": "brickcraft/material/plastics/shader_support/plastic03",
		"3": "brickcraft/material/plastics/shader_support/plastic04",
		"particle": "brickcraft/material/plastics/shader_support/plastic41",
		"1_2": "brickcraft/material/plastics/shader_support/plastic41"
	},
	"elements": [
		{
			"name": "hexadecagon",
			"from": [7.50272, 2.25, 5.5],
			"to": [8.49728, 5, 10.5],
			"rotation": {"angle": 45, "axis": "y", "origin": [8, 2.75, 8]},
			"faces": {
				"north": {"uv": [0, 0, 0.99456, 2.75], "texture": "#3"},
				"south": {"uv": [0, 0, 0.99456, 2.75], "texture": "#3"},
				"up": {"uv": [0, 0, 0.99456, 5], "texture": "#3"},
				"down": {"uv": [0, 0, 0.99456, 5], "texture": "#3"}
			}
		},
		{
			"name": "hexadecagon",
			"from": [7.50272, 2.25, 5.5],
			"to": [8.49728, 5, 10.5],
			"rotation": {"angle": 22.5, "axis": "y", "origin": [8, 2.75, 8]},
			"faces": {
				"north": {"uv": [0, 0, 0.99456, 2.75], "texture": "#3"},
				"south": {"uv": [0, 0, 0.99456, 2.75], "texture": "#3"},
				"up": {"uv": [0, 0, 0.99456, 5], "texture": "#3"},
				"down": {"uv": [0, 0, 0.99456, 5], "texture": "#3"}
			}
		},
		{
			"name": "hexadecagon",
			"from": [7.50272, 2.25, 5.5],
			"to": [8.49728, 5, 10.5],
			"rotation": {"angle": 0, "axis": "y", "origin": [8, 2.75, 8]},
			"faces": {
				"north": {"uv": [0, 0, 0.99456, 2.75], "texture": "#3"},
				"south": {"uv": [0, 0, 0.99456, 2.75], "texture": "#3"},
				"up": {"uv": [0, 0, 0.99456, 5], "texture": "#3"},
				"down": {"uv": [0, 0, 0.99456, 5], "texture": "#3"}
			}
		},
		{
			"name": "hexadecagon",
			"from": [7.50272, 2.25, 5.5],
			"to": [8.49728, 5, 10.5],
			"rotation": {"angle": -22.5, "axis": "y", "origin": [8, 2.75, 8]},
			"faces": {
				"north": {"uv": [0, 0, 0.99456, 2.75], "texture": "#3"},
				"south": {"uv": [0, 0, 0.99456, 2.75], "texture": "#3"},
				"up": {"uv": [0, 0, 0.99456, 5], "texture": "#3"},
				"down": {"uv": [0, 0, 0.99456, 5], "texture": "#3"}
			}
		},
		{
			"name": "hexadecagon",
			"from": [7.50272, 2.25, 5.5],
			"to": [8.49728, 5, 10.5],
			"rotation": {"angle": -45, "axis": "y", "origin": [8, 2.75, 8]},
			"faces": {
				"north": {"uv": [0, 0, 0.99456, 2.75], "texture": "#3"},
				"south": {"uv": [0, 0, 0.99456, 2.75], "texture": "#3"},
				"up": {"uv": [0, 0, 0.99456, 5], "texture": "#3"},
				"down": {"uv": [0, 0, 0.99456, 5], "texture": "#3"}
			}
		},
		{
			"name": "hexadecagon",
			"from": [5.5, 2.25, 7.50272],
			"to": [10.5, 5, 8.49728],
			"rotation": {"angle": 22.5, "axis": "y", "origin": [8, 2.75, 8]},
			"faces": {
				"east": {"uv": [0, 0, 0.99456, 2.75], "texture": "#3"},
				"west": {"uv": [0, 0, 0.99456, 2.75], "texture": "#3"},
				"up": {"uv": [0, 0, 5, 0.99456], "texture": "#3"},
				"down": {"uv": [0, 0, 5, 0.99456], "texture": "#3"}
			}
		},
		{
			"name": "hexadecagon",
			"from": [5.5, 2.25, 7.50272],
			"to": [10.5, 5, 8.49728],
			"rotation": {"angle": 0, "axis": "y", "origin": [8, 2.75, 8]},
			"faces": {
				"east": {"uv": [0, 0, 0.99456, 2.75], "texture": "#3"},
				"west": {"uv": [0, 0, 0.99456, 2.75], "texture": "#3"},
				"up": {"uv": [0, 0, 5, 0.99456], "texture": "#3"},
				"down": {"uv": [0, 0, 5, 0.99456], "texture": "#3"}
			}
		},
		{
			"name": "hexadecagon",
			"from": [5.5, 2.25, 7.50272],
			"to": [10.5, 5, 8.49728],
			"rotation": {"angle": -22.5, "axis": "y", "origin": [8, 2.75, 8]},
			"faces": {
				"east": {"uv": [0, 0, 0.99456, 2.75], "texture": "#3"},
				"west": {"uv": [0, 0, 0.99456, 2.75], "texture": "#3"},
				"up": {"uv": [0, 0, 5, 0.99456], "texture": "#3"},
				"down": {"uv": [0, 0, 5, 0.99456], "texture": "#3"}
			}
		},
		{
			"from": [4.26642, 3.83939, 7.5],
			"to": [5.26642, 13.33939, 8.5],
			"rotation": {"angle": 22.5, "axis": "z", "origin": [8, 6.5, 8]},
			"faces": {
				"north": {"uv": [0, 0, 1, 8], "texture": "#3"},
				"east": {"uv": [0, 0, 1, 8], "texture": "#3"},
				"south": {"uv": [0, 0, 1, 8], "texture": "#3"},
				"west": {"uv": [0, 0, 1, 8], "texture": "#3"},
				"up": {"uv": [0, 0, 1, 1], "texture": "#3"}
			}
		},
		{
			"from": [7.5, 3.83939, 4.26642],
			"to": [8.5, 9.83939, 5.26642],
			"rotation": {"angle": -22.5, "axis": "x", "origin": [8, 6.5, 8]},
			"faces": {
				"north": {"uv": [0, 0, 1, 8], "texture": "#3"},
				"east": {"uv": [0, 0, 1, 8], "texture": "#3"},
				"south": {"uv": [0, 0, 1, 8], "texture": "#3"},
				"west": {"uv": [0, 0, 1, 8], "texture": "#3"},
				"up": {"uv": [0, 0, 1, 1], "texture": "#3"}
			}
		},
		{
			"from": [10.73358, 3.83939, 7.5],
			"to": [11.73358, 14.83939, 8.5],
			"rotation": {"angle": -22.5, "axis": "z", "origin": [8, 6.5, 8]},
			"faces": {
				"north": {"uv": [0, 0, 1, 8], "texture": "#3"},
				"east": {"uv": [0, 0, 1, 8], "texture": "#3"},
				"south": {"uv": [0, 0, 1, 8], "texture": "#3"},
				"west": {"uv": [0, 0, 1, 8], "texture": "#3"},
				"up": {"uv": [0, 0, 1, 1], "texture": "#3"}
			}
		},
		{
			"from": [7.5, 3.83939, 10.73358],
			"to": [8.5, 7.83939, 11.73358],
			"rotation": {"angle": 22.5, "axis": "x", "origin": [8, 6.5, 8]},
			"faces": {
				"north": {"uv": [0, 0, 1, 8], "texture": "#3"},
				"east": {"uv": [0, 0, 1, 8], "texture": "#3"},
				"south": {"uv": [0, 0, 1, 8], "texture": "#3"},
				"west": {"uv": [0, 0, 1, 8], "texture": "#3"},
				"up": {"uv": [0, 0, 1, 1], "texture": "#3"}
			}
		},
		{
			"name": "hexadecagon",
			"from": [7.50272, 0, 5.5],
			"to": [8.49728, 1.5, 10.5],
			"rotation": {"angle": 45, "axis": "y", "origin": [8, 0.5, 8]},
			"faces": {
				"north": {"uv": [0, 0, 0.99456, 1.5], "texture": "#2"},
				"south": {"uv": [0, 0, 0.99456, 1.5], "texture": "#2"},
				"up": {"uv": [0, 0, 0.99456, 5], "texture": "#2"}
			}
		},
		{
			"name": "hexadecagon",
			"from": [7.50272, 0, 5.5],
			"to": [8.49728, 1.5, 10.5],
			"rotation": {"angle": 22.5, "axis": "y", "origin": [8, 0.5, 8]},
			"faces": {
				"north": {"uv": [0, 0, 0.99456, 1.5], "texture": "#2"},
				"south": {"uv": [0, 0, 0.99456, 1.5], "texture": "#2"},
				"up": {"uv": [0, 0, 0.99456, 5], "texture": "#2"}
			}
		},
		{
			"name": "hexadecagon",
			"from": [7.50272, 0, 5.5],
			"to": [8.49728, 1.5, 10.5],
			"rotation": {"angle": 0, "axis": "y", "origin": [8, 0.5, 8]},
			"faces": {
				"north": {"uv": [0, 0, 0.99456, 1.5], "texture": "#2"},
				"south": {"uv": [0, 0, 0.99456, 1.5], "texture": "#2"},
				"up": {"uv": [0, 0, 0.99456, 5], "texture": "#2"}
			}
		},
		{
			"name": "hexadecagon",
			"from": [7.50272, 0, 5.5],
			"to": [8.49728, 1.5, 10.5],
			"rotation": {"angle": -22.5, "axis": "y", "origin": [8, 0.5, 8]},
			"faces": {
				"north": {"uv": [0, 0, 0.99456, 1.5], "texture": "#2"},
				"south": {"uv": [0, 0, 0.99456, 1.5], "texture": "#2"},
				"up": {"uv": [0, 0, 0.99456, 5], "texture": "#2"}
			}
		},
		{
			"name": "hexadecagon",
			"from": [7.50272, 0, 5.5],
			"to": [8.49728, 1.5, 10.5],
			"rotation": {"angle": -45, "axis": "y", "origin": [8, 0.5, 8]},
			"faces": {
				"north": {"uv": [0, 0, 0.99456, 1.5], "texture": "#2"},
				"south": {"uv": [0, 0, 0.99456, 1.5], "texture": "#2"},
				"up": {"uv": [0, 0, 0.99456, 5], "texture": "#2"}
			}
		},
		{
			"name": "hexadecagon",
			"from": [5.5, 0, 7.50272],
			"to": [10.5, 1.5, 8.49728],
			"rotation": {"angle": 22.5, "axis": "y", "origin": [8, 0.5, 8]},
			"faces": {
				"east": {"uv": [0, 0, 0.99456, 1.5], "texture": "#2"},
				"west": {"uv": [0, 0, 0.99456, 1.5], "texture": "#2"},
				"up": {"uv": [0, 0, 5, 0.99456], "texture": "#2"}
			}
		},
		{
			"name": "hexadecagon",
			"from": [5.5, 0, 7.50272],
			"to": [10.5, 1.5, 8.49728],
			"rotation": {"angle": 0, "axis": "y", "origin": [8, 0.5, 8]},
			"faces": {
				"east": {"uv": [0, 0, 0.99456, 1.5], "texture": "#2"},
				"west": {"uv": [0, 0, 0.99456, 1.5], "texture": "#2"},
				"up": {"uv": [0, 0, 5, 0.99456], "texture": "#2"}
			}
		},
		{
			"name": "hexadecagon",
			"from": [5.5, 0, 7.50272],
			"to": [10.5, 1.5, 8.49728],
			"rotation": {"angle": -22.5, "axis": "y", "origin": [8, 0.5, 8]},
			"faces": {
				"east": {"uv": [0, 0, 0.99456, 1.5], "texture": "#2"},
				"west": {"uv": [0, 0, 0.99456, 1.5], "texture": "#2"},
				"up": {"uv": [0, 0, 5, 0.99456], "texture": "#2"}
			}
		},
		{
			"name": "hexadecagon",
			"from": [7.6519, 0, 6.25],
			"to": [8.3481, 2.25, 9.75],
			"rotation": {"angle": -45, "axis": "y", "origin": [8, 5, 8]},
			"faces": {
				"north": {"uv": [0, 0, 0.69619, 8.25], "texture": "#3"},
				"south": {"uv": [0, 0, 0.69619, 8.25], "texture": "#3"}
			}
		},
		{
			"name": "hexadecagon",
			"from": [7.6519, 0, 6.25],
			"to": [8.3481, 2.25, 9.75],
			"rotation": {"angle": -22.5, "axis": "y", "origin": [8, 5, 8]},
			"faces": {
				"north": {"uv": [0, 0, 0.69619, 8.25], "texture": "#3"},
				"south": {"uv": [0, 0, 0.69619, 8.25], "texture": "#3"}
			}
		},
		{
			"name": "hexadecagon",
			"from": [7.6519, 0, 6.25],
			"to": [8.3481, 2.25, 9.75],
			"rotation": {"angle": 0, "axis": "y", "origin": [8, 5, 8]},
			"faces": {
				"north": {"uv": [0, 0, 0.69619, 8.25], "texture": "#3"},
				"south": {"uv": [0, 0, 0.69619, 8.25], "texture": "#3"}
			}
		},
		{
			"name": "hexadecagon",
			"from": [7.6519, 0, 6.25],
			"to": [8.3481, 2.25, 9.75],
			"rotation": {"angle": 22.5, "axis": "y", "origin": [8, 5, 8]},
			"faces": {
				"north": {"uv": [0, 0, 0.69619, 8.25], "texture": "#3"},
				"south": {"uv": [0, 0, 0.69619, 8.25], "texture": "#3"}
			}
		},
		{
			"name": "hexadecagon",
			"from": [7.6519, 0, 6.25],
			"to": [8.3481, 2.25, 9.75],
			"rotation": {"angle": 45, "axis": "y", "origin": [8, 5, 8]},
			"faces": {
				"north": {"uv": [0, 0, 0.69619, 8.25], "texture": "#3"},
				"south": {"uv": [0, 0, 0.69619, 8.25], "texture": "#3"}
			}
		},
		{
			"name": "hexadecagon",
			"from": [6.25, 0, 7.6519],
			"to": [9.75, 2.25, 8.3481],
			"rotation": {"angle": -22.5, "axis": "y", "origin": [8, 5, 8]},
			"faces": {
				"east": {"uv": [0, 0, 0.69619, 8.25], "texture": "#3"},
				"west": {"uv": [0, 0, 0.69619, 8.25], "texture": "#3"}
			}
		},
		{
			"name": "hexadecagon",
			"from": [6.25, 0, 7.6519],
			"to": [9.75, 2.25, 8.3481],
			"rotation": {"angle": 0, "axis": "y", "origin": [8, 5, 8]},
			"faces": {
				"east": {"uv": [0, 0, 0.69619, 8.25], "texture": "#3"},
				"west": {"uv": [0, 0, 0.69619, 8.25], "texture": "#3"}
			}
		},
		{
			"name": "hexadecagon",
			"from": [6.25, 0, 7.6519],
			"to": [9.75, 2.25, 8.3481],
			"rotation": {"angle": 22.5, "axis": "y", "origin": [8, 5, 8]},
			"faces": {
				"east": {"uv": [0, 0, 0.69619, 8.25], "texture": "#3"},
				"west": {"uv": [0, 0, 0.69619, 8.25], "texture": "#3"}
			}
		},
		{
			"name": "hexadecagon",
			"from": [7.60218, 5.325, 8.575],
			"to": [8.39782, 5.925, 14.175],
			"rotation": {"angle": 45, "axis": "y", "origin": [8, 7.125, 11.375]},
			"faces": {
				"north": {"uv": [0, 0, 0.99456, 0.75], "texture": "#1_2"},
				"south": {"uv": [0, 0, 0.99456, 0.75], "texture": "#1_2"},
				"up": {"uv": [0, 0, 0.99456, 7], "texture": "#1_2"},
				"down": {"uv": [0, 0, 0.99456, 7], "texture": "#1_2"}
			}
		},
		{
			"name": "hexadecagon",
			"from": [7.60218, 5.325, 9.375],
			"to": [8.39782, 5.925, 13.375],
			"rotation": {"angle": 22.5, "axis": "y", "origin": [8, 7.125, 11.375]},
			"faces": {
				"up": {"uv": [0, 0, 0.99456, 5], "texture": "#1_2"},
				"down": {"uv": [0, 0, 0.99456, 5], "texture": "#1_2"}
			}
		},
		{
			"name": "hexadecagon",
			"from": [7.60218, 5.325, 8.575],
			"to": [8.39782, 5.925, 14.175],
			"rotation": {"angle": 0, "axis": "y", "origin": [8, 7.125, 11.375]},
			"faces": {
				"north": {"uv": [0, 0, 0.99456, 0.75], "texture": "#1_2"},
				"south": {"uv": [0, 0, 0.99456, 0.75], "texture": "#1_2"},
				"up": {"uv": [0, 0, 0.99456, 7], "texture": "#1_2"},
				"down": {"uv": [0, 0, 0.99456, 7], "texture": "#1_2"}
			}
		},
		{
			"name": "hexadecagon",
			"from": [7.60218, 5.325, 9.375],
			"to": [8.39782, 5.925, 13.375],
			"rotation": {"angle": -22.5, "axis": "y", "origin": [8, 7.125, 11.375]},
			"faces": {
				"up": {"uv": [0, 0, 0.99456, 5], "texture": "#1_2"},
				"down": {"uv": [0, 0, 0.99456, 5], "texture": "#1_2"}
			}
		},
		{
			"name": "hexadecagon",
			"from": [7.60218, 5.325, 8.575],
			"to": [8.39782, 5.925, 14.175],
			"rotation": {"angle": -45, "axis": "y", "origin": [8, 7.125, 11.375]},
			"faces": {
				"north": {"uv": [0, 0, 0.99456, 0.75], "texture": "#1_2"},
				"south": {"uv": [0, 0, 0.99456, 0.75], "texture": "#1_2"},
				"up": {"uv": [0, 0, 0.99456, 7], "texture": "#1_2"},
				"down": {"uv": [0, 0, 0.99456, 7], "texture": "#1_2"}
			}
		},
		{
			"name": "hexadecagon",
			"from": [6, 5.325, 10.97718],
			"to": [10, 5.925, 11.77282],
			"rotation": {"angle": 22.5, "axis": "y", "origin": [8, 7.125, 11.375]},
			"faces": {
				"up": {"uv": [0, 0, 5, 0.99456], "texture": "#1_2"},
				"down": {"uv": [0, 0, 5, 0.99456], "texture": "#1_2"}
			}
		},
		{
			"name": "hexadecagon",
			"from": [5.2, 5.325, 10.97718],
			"to": [10.8, 5.925, 11.77282],
			"rotation": {"angle": 0, "axis": "y", "origin": [8, 7.125, 11.375]},
			"faces": {
				"east": {"uv": [0, 0, 0.99456, 0.75], "texture": "#1_2"},
				"west": {"uv": [0, 0, 0.99456, 0.75], "texture": "#1_2"},
				"up": {"uv": [0, 0, 7, 0.99456], "texture": "#1_2"},
				"down": {"uv": [0, 0, 7, 0.99456], "texture": "#1_2"}
			}
		},
		{
			"name": "hexadecagon",
			"from": [5.7388, 5.325, 11.87359],
			"to": [6.3388, 5.925, 13.07359],
			"rotation": {"angle": 0, "axis": "y", "origin": [6.0388, 6.725, 12.67359]},
			"faces": {
				"west": {"uv": [0, 0, 1.5, 0.75], "texture": "#1_2"},
				"up": {"uv": [0, 0, 0.75, 1.5], "texture": "#1_2"},
				"down": {"uv": [0, 0, 0.75, 1.5], "texture": "#1_2"}
			}
		},
		{
			"name": "hexadecagon",
			"from": [5.29498, 5.325, 11.54354],
			"to": [6.09498, 5.925, 12.14354],
			"rotation": {"angle": -45, "axis": "y", "origin": [5.69498, 6.725, 11.84354]},
			"faces": {
				"south": {"uv": [0, 0, 1, 0.75], "texture": "#1_2"},
				"up": {"uv": [0, 0, 1, 0.75], "texture": "#1_2"},
				"down": {"uv": [0, 0, 1, 0.75], "texture": "#1_2"}
			}
		},
		{
			"name": "hexadecagon",
			"from": [6.91763, 5.325, 13.15243],
			"to": [7.51763, 5.925, 14.35243],
			"rotation": {"angle": 45, "axis": "y", "origin": [7.04573, 6.725, 13.4374]},
			"faces": {
				"west": {"uv": [0, 0, 1.5, 0.75], "texture": "#1_2"},
				"up": {"uv": [0, 0, 0.75, 1.5], "texture": "#1_2"},
				"down": {"uv": [0, 0, 0.75, 1.5], "texture": "#1_2"}
			}
		},
		{
			"name": "hexadecagon",
			"from": [6.30141, 5.325, 13.0362],
			"to": [7.10141, 5.925, 13.6362],
			"rotation": {"angle": 0, "axis": "y", "origin": [7.04573, 6.725, 13.4374]},
			"faces": {
				"south": {"uv": [0, 0, 1, 0.75], "texture": "#1_2"},
				"up": {"uv": [0, 0, 1, 0.75], "texture": "#1_2"},
				"down": {"uv": [0, 0, 1, 0.75], "texture": "#1_2"}
			}
		},
		{
			"name": "hexadecagon",
			"from": [5.8095, 5.325, 10.13575],
			"to": [6.4095, 5.925, 11.33575],
			"rotation": {"angle": -45, "axis": "y", "origin": [5.9376, 6.725, 10.42073]},
			"faces": {
				"west": {"uv": [0, 0, 1.5, 0.75], "texture": "#1_2"},
				"up": {"uv": [0, 0, 0.75, 1.5], "texture": "#1_2"},
				"down": {"uv": [0, 0, 0.75, 1.5], "texture": "#1_2"}
			}
		},
		{
			"name": "hexadecagon",
			"from": [5.7388, 5.325, 9.67641],
			"to": [6.3388, 5.925, 10.47641],
			"rotation": {"angle": 0, "axis": "y", "origin": [5.9376, 6.725, 10.42073]},
			"faces": {
				"west": {"uv": [0, 0, 1, 0.75], "texture": "#1_2"},
				"up": {"uv": [0, 0, 0.75, 1], "texture": "#1_2"},
				"down": {"uv": [0, 0, 0.75, 1], "texture": "#1_2"}
			}
		},
		{
			"name": "hexadecagon",
			"from": [6.30141, 5.325, 9.1138],
			"to": [7.50141, 5.925, 9.7138],
			"rotation": {"angle": 0, "axis": "y", "origin": [7.21643, 6.725, 9.24189]},
			"faces": {
				"north": {"uv": [0, 0, 1.5, 0.75], "texture": "#1_2"},
				"up": {"uv": [0, 0, 1.5, 0.75], "texture": "#1_2"},
				"down": {"uv": [0, 0, 1.5, 0.75], "texture": "#1_2"}
			}
		},
		{
			"name": "hexadecagon",
			"from": [7.01763, 5.325, 8.49757],
			"to": [7.61763, 5.925, 9.29757],
			"rotation": {"angle": -45, "axis": "y", "origin": [7.21643, 6.725, 9.24189]},
			"faces": {
				"west": {"uv": [0, 0, 1, 0.75], "texture": "#1_2"},
				"up": {"uv": [0, 0, 0.75, 1], "texture": "#1_2"},
				"down": {"uv": [0, 0, 0.75, 1], "texture": "#1_2"}
			}
		},
		{
			"name": "hexadecagon",
			"from": [8.48237, 5.325, 13.15243],
			"to": [9.08237, 5.925, 14.35243],
			"rotation": {"angle": -45, "axis": "y", "origin": [8.95427, 6.725, 13.4374]},
			"faces": {
				"east": {"uv": [0, 0, 1.5, 0.75], "texture": "#1_2"},
				"up": {"uv": [0, 0, 0.75, 1.5], "texture": "#1_2"},
				"down": {"uv": [0, 0, 0.75, 1.5], "texture": "#1_2"}
			}
		},
		{
			"name": "hexadecagon",
			"from": [8.89859, 5.325, 13.0362],
			"to": [9.69859, 5.925, 13.6362],
			"rotation": {"angle": 0, "axis": "y", "origin": [8.95427, 6.725, 13.4374]},
			"faces": {
				"south": {"uv": [0, 0, 1, 0.75], "texture": "#1_2"},
				"up": {"uv": [0, 0, 1, 0.75], "texture": "#1_2"},
				"down": {"uv": [0, 0, 1, 0.75], "texture": "#1_2"}
			}
		},
		{
			"name": "hexadecagon",
			"from": [9.6612, 5.325, 11.87359],
			"to": [10.2612, 5.925, 13.07359],
			"rotation": {"angle": 0, "axis": "y", "origin": [9.9612, 6.725, 12.67359]},
			"faces": {
				"east": {"uv": [0, 0, 1.5, 0.75], "texture": "#1_2"},
				"up": {"uv": [0, 0, 0.75, 1.5], "texture": "#1_2"},
				"down": {"uv": [0, 0, 0.75, 1.5], "texture": "#1_2"}
			}
		},
		{
			"name": "hexadecagon",
			"from": [9.90502, 5.325, 11.54354],
			"to": [10.70502, 5.925, 12.14354],
			"rotation": {"angle": 45, "axis": "y", "origin": [10.30502, 6.725, 11.84354]},
			"faces": {
				"south": {"uv": [0, 0, 1, 0.75], "texture": "#1_2"},
				"up": {"uv": [0, 0, 1, 0.75], "texture": "#1_2"},
				"down": {"uv": [0, 0, 1, 0.75], "texture": "#1_2"}
			}
		},
		{
			"name": "hexadecagon",
			"from": [9.6612, 5.325, 9.67641],
			"to": [10.2612, 5.925, 10.47641],
			"rotation": {"angle": 0, "axis": "y", "origin": [10.0624, 6.725, 10.42073]},
			"faces": {
				"east": {"uv": [0, 0, 1, 0.75], "texture": "#1_2"},
				"up": {"uv": [0, 0, 0.75, 1], "texture": "#1_2"},
				"down": {"uv": [0, 0, 0.75, 1], "texture": "#1_2"}
			}
		},
		{
			"name": "hexadecagon",
			"from": [9.5905, 5.325, 10.13575],
			"to": [10.1905, 5.925, 11.33575],
			"rotation": {"angle": 45, "axis": "y", "origin": [10.0624, 6.725, 10.42073]},
			"faces": {
				"east": {"uv": [0, 0, 1.5, 0.75], "texture": "#1_2"},
				"up": {"uv": [0, 0, 0.75, 1.5], "texture": "#1_2"},
				"down": {"uv": [0, 0, 0.75, 1.5], "texture": "#1_2"}
			}
		},
		{
			"name": "hexadecagon",
			"from": [8.49859, 5.325, 9.1138],
			"to": [9.69859, 5.925, 9.7138],
			"rotation": {"angle": 0, "axis": "y", "origin": [8.78357, 6.725, 9.24189]},
			"faces": {
				"north": {"uv": [0, 0, 1.5, 0.75], "texture": "#1_2"},
				"up": {"uv": [0, 0, 1.5, 0.75], "texture": "#1_2"},
				"down": {"uv": [0, 0, 1.5, 0.75], "texture": "#1_2"}
			}
		},
		{
			"name": "hexadecagon",
			"from": [8.38237, 5.325, 8.49757],
			"to": [8.98237, 5.925, 9.29757],
			"rotation": {"angle": 45, "axis": "y", "origin": [8.78357, 6.725, 9.24189]},
			"faces": {
				"east": {"uv": [0, 0, 1, 0.75], "texture": "#1_2"},
				"up": {"uv": [0, 0, 0.75, 1], "texture": "#1_2"},
				"down": {"uv": [0, 0, 0.75, 1], "texture": "#1_2"}
			}
		},
		{
			"name": "hexadecagon",
			"from": [6, 5.325, 10.97718],
			"to": [10, 5.925, 11.77282],
			"rotation": {"angle": -22.5, "axis": "y", "origin": [8, 7.125, 11.375]},
			"faces": {
				"up": {"uv": [0, 0, 5, 0.99456], "texture": "#1_2"},
				"down": {"uv": [0, 0, 5, 0.99456], "texture": "#1_2"}
			}
		},
		{
			"name": "hexadecagon",
			"from": [7.7613, 5.025, 10.175],
			"to": [8.2387, 6.225, 12.575],
			"rotation": {"angle": -45, "axis": "y", "origin": [8, 6.325, 11.375]},
			"faces": {
				"north": {"uv": [0, 0, 0.59674, 0.5], "texture": "#1_2"},
				"south": {"uv": [0, 0, 0.59674, 0.5], "texture": "#1_2"},
				"up": {"uv": [0, 0, 0.59674, 3], "texture": "#1_2"}
			}
		},
		{
			"name": "hexadecagon",
			"from": [7.7613, 5.025, 10.175],
			"to": [8.2387, 6.225, 12.575],
			"rotation": {"angle": -22.5, "axis": "y", "origin": [8, 6.325, 11.375]},
			"faces": {
				"north": {"uv": [0, 0, 0.59674, 0.5], "texture": "#1_2"},
				"south": {"uv": [0, 0, 0.59674, 0.5], "texture": "#1_2"},
				"up": {"uv": [0, 0, 0.59674, 3], "texture": "#1_2"}
			}
		},
		{
			"name": "hexadecagon",
			"from": [7.7613, 5.025, 10.175],
			"to": [8.2387, 6.225, 12.575],
			"rotation": {"angle": 0, "axis": "y", "origin": [8, 6.325, 11.375]},
			"faces": {
				"north": {"uv": [0, 0, 0.59674, 0.5], "texture": "#1_2"},
				"south": {"uv": [0, 0, 0.59674, 0.5], "texture": "#1_2"},
				"up": {"uv": [0, 0, 0.59674, 3], "texture": "#1_2"}
			}
		},
		{
			"name": "hexadecagon",
			"from": [7.7613, 5.025, 10.175],
			"to": [8.2387, 6.225, 12.575],
			"rotation": {"angle": 22.5, "axis": "y", "origin": [8, 6.325, 11.375]},
			"faces": {
				"north": {"uv": [0, 0, 0.59674, 0.5], "texture": "#1_2"},
				"south": {"uv": [0, 0, 0.59674, 0.5], "texture": "#1_2"},
				"up": {"uv": [0, 0, 0.59674, 3], "texture": "#1_2"}
			}
		},
		{
			"name": "hexadecagon",
			"from": [7.7613, 5.025, 10.175],
			"to": [8.2387, 6.225, 12.575],
			"rotation": {"angle": 45, "axis": "y", "origin": [8, 6.325, 11.375]},
			"faces": {
				"north": {"uv": [0, 0, 0.59674, 0.5], "texture": "#1_2"},
				"south": {"uv": [0, 0, 0.59674, 0.5], "texture": "#1_2"},
				"up": {"uv": [0, 0, 0.59674, 3], "texture": "#1_2"}
			}
		},
		{
			"name": "hexadecagon",
			"from": [6.8, 5.025, 11.1363],
			"to": [9.2, 6.225, 11.6137],
			"rotation": {"angle": -22.5, "axis": "y", "origin": [8, 6.325, 11.375]},
			"faces": {
				"east": {"uv": [0, 0, 0.59674, 0.5], "texture": "#1_2"},
				"west": {"uv": [0, 0, 0.59674, 0.5], "texture": "#1_2"},
				"up": {"uv": [0, 0, 3, 0.59674], "texture": "#1_2"}
			}
		},
		{
			"name": "hexadecagon",
			"from": [6.8, 5.025, 11.1363],
			"to": [9.2, 6.225, 11.6137],
			"rotation": {"angle": 0, "axis": "y", "origin": [8, 6.325, 11.375]},
			"faces": {
				"east": {"uv": [0, 0, 0.59674, 0.5], "texture": "#1_2"},
				"west": {"uv": [0, 0, 0.59674, 0.5], "texture": "#1_2"},
				"up": {"uv": [0, 0, 3, 0.59674], "texture": "#1_2"}
			}
		},
		{
			"name": "hexadecagon",
			"from": [6.8, 5.025, 11.1363],
			"to": [9.2, 6.225, 11.6137],
			"rotation": {"angle": 22.5, "axis": "y", "origin": [8, 6.325, 11.375]},
			"faces": {
				"east": {"uv": [0, 0, 0.59674, 0.5], "texture": "#1_2"},
				"west": {"uv": [0, 0, 0.59674, 0.5], "texture": "#1_2"},
				"up": {"uv": [0, 0, 3, 0.59674], "texture": "#1_2"}
			}
		},
		{
			"name": "hexadecagon",
			"from": [11.2, 11.7, 7.60218],
			"to": [16.8, 12.3, 8.39782],
			"rotation": {"angle": -45, "axis": "y", "origin": [14, 13.5, 8]},
			"faces": {
				"east": {"uv": [0.99456, 0, 0, 0.75], "texture": "#1_2"},
				"west": {"uv": [0.99456, 0, 0, 0.75], "texture": "#1_2"},
				"up": {"uv": [0, 7, 0.99456, 0], "rotation": 90, "texture": "#1_2"},
				"down": {"uv": [0, 7, 0.99456, 0], "rotation": 270, "texture": "#1_2"}
			}
		},
		{
			"name": "hexadecagon",
			"from": [12, 11.7, 7.60218],
			"to": [16, 12.3, 8.39782],
			"rotation": {"angle": -22.5, "axis": "y", "origin": [14, 13.5, 8]},
			"faces": {
				"up": {"uv": [0, 5, 0.99456, 0], "rotation": 90, "texture": "#1_2"},
				"down": {"uv": [0, 5, 0.99456, 0], "rotation": 270, "texture": "#1_2"}
			}
		},
		{
			"name": "hexadecagon",
			"from": [11.2, 11.7, 7.60218],
			"to": [16.8, 12.3, 8.39782],
			"rotation": {"angle": 0, "axis": "y", "origin": [8.5, 13.5, 8]},
			"faces": {
				"east": {"uv": [0.99456, 0, 0, 0.75], "texture": "#1_2"},
				"west": {"uv": [0.99456, 0, 0, 0.75], "texture": "#1_2"},
				"up": {"uv": [0, 7, 0.99456, 0], "rotation": 90, "texture": "#1_2"},
				"down": {"uv": [0, 7, 0.99456, 0], "rotation": 270, "texture": "#1_2"}
			}
		},
		{
			"name": "hexadecagon",
			"from": [12, 11.7, 7.60218],
			"to": [16, 12.3, 8.39782],
			"rotation": {"angle": 22.5, "axis": "y", "origin": [14, 13.5, 8]},
			"faces": {
				"up": {"uv": [0, 5, 0.99456, 0], "rotation": 90, "texture": "#1_2"},
				"down": {"uv": [0, 5, 0.99456, 0], "rotation": 270, "texture": "#1_2"}
			}
		},
		{
			"name": "hexadecagon",
			"from": [11.2, 11.7, 7.60218],
			"to": [16.8, 12.3, 8.39782],
			"rotation": {"angle": 45, "axis": "y", "origin": [14, 13.5, 8]},
			"faces": {
				"east": {"uv": [0.99456, 0, 0, 0.75], "texture": "#1_2"},
				"west": {"uv": [0.99456, 0, 0, 0.75], "texture": "#1_2"},
				"up": {"uv": [0, 7, 0.99456, 0], "rotation": 90, "texture": "#1_2"},
				"down": {"uv": [0, 7, 0.99456, 0], "rotation": 270, "texture": "#1_2"}
			}
		},
		{
			"name": "hexadecagon",
			"from": [13.60218, 11.7, 6],
			"to": [14.39782, 12.3, 10],
			"rotation": {"angle": -22.5, "axis": "y", "origin": [14, 13.5, 8]},
			"faces": {
				"up": {"uv": [0, 0.99456, 5, 0], "rotation": 90, "texture": "#1_2"},
				"down": {"uv": [0, 0.99456, 5, 0], "rotation": 270, "texture": "#1_2"}
			}
		},
		{
			"name": "hexadecagon",
			"from": [13.60218, 11.7, 5.2],
			"to": [14.39782, 12.3, 10.8],
			"rotation": {"angle": 0, "axis": "y", "origin": [14, 13.5, 8]},
			"faces": {
				"north": {"uv": [0.99456, 0, 0, 0.75], "texture": "#1_2"},
				"south": {"uv": [0.99456, 0, 0, 0.75], "texture": "#1_2"},
				"up": {"uv": [0, 0.99456, 7, 0], "rotation": 90, "texture": "#1_2"},
				"down": {"uv": [0, 0.99456, 7, 0], "rotation": 270, "texture": "#1_2"}
			}
		},
		{
			"name": "hexadecagon",
			"from": [14.49859, 11.7, 5.7388],
			"to": [15.69859, 12.3, 6.3388],
			"rotation": {"angle": 0, "axis": "y", "origin": [15.29859, 13.1, 6.0388]},
			"faces": {
				"north": {"uv": [1.5, 0, 0, 0.75], "texture": "#1_2"},
				"up": {"uv": [0, 1.5, 0.75, 0], "rotation": 90, "texture": "#1_2"},
				"down": {"uv": [0, 1.5, 0.75, 0], "rotation": 270, "texture": "#1_2"}
			}
		},
		{
			"name": "hexadecagon",
			"from": [14.16854, 11.7, 5.29498],
			"to": [14.76854, 12.3, 6.09498],
			"rotation": {"angle": 45, "axis": "y", "origin": [14.46854, 13.1, 5.69498]},
			"faces": {
				"east": {"uv": [1, 0, 0, 0.75], "texture": "#1_2"},
				"up": {"uv": [0, 0.75, 1, 0], "rotation": 90, "texture": "#1_2"},
				"down": {"uv": [0, 0.75, 1, 0], "rotation": 270, "texture": "#1_2"}
			}
		},
		{
			"name": "hexadecagon",
			"from": [15.77743, 11.7, 6.91763],
			"to": [16.97743, 12.3, 7.51763],
			"rotation": {"angle": -45, "axis": "y", "origin": [16.0624, 13.1, 7.04573]},
			"faces": {
				"north": {"uv": [1.5, 0, 0, 0.75], "texture": "#1_2"},
				"up": {"uv": [0, 1.5, 0.75, 0], "rotation": 90, "texture": "#1_2"},
				"down": {"uv": [0, 1.5, 0.75, 0], "rotation": 270, "texture": "#1_2"}
			}
		},
		{
			"name": "hexadecagon",
			"from": [15.6612, 11.7, 6.30141],
			"to": [16.2612, 12.3, 7.10141],
			"rotation": {"angle": 0, "axis": "y", "origin": [16.0624, 13.1, 7.04573]},
			"faces": {
				"east": {"uv": [1, 0, 0, 0.75], "texture": "#1_2"},
				"up": {"uv": [0, 0.75, 1, 0], "rotation": 90, "texture": "#1_2"},
				"down": {"uv": [0, 0.75, 1, 0], "rotation": 270, "texture": "#1_2"}
			}
		},
		{
			"name": "hexadecagon",
			"from": [12.76075, 11.7, 5.8095],
			"to": [13.96075, 12.3, 6.4095],
			"rotation": {"angle": 45, "axis": "y", "origin": [13.04573, 13.1, 5.9376]},
			"faces": {
				"north": {"uv": [1.5, 0, 0, 0.75], "texture": "#1_2"},
				"up": {"uv": [0, 1.5, 0.75, 0], "rotation": 90, "texture": "#1_2"},
				"down": {"uv": [0, 1.5, 0.75, 0], "rotation": 270, "texture": "#1_2"}
			}
		},
		{
			"name": "hexadecagon",
			"from": [12.30141, 11.7, 5.7388],
			"to": [13.10141, 12.3, 6.3388],
			"rotation": {"angle": 0, "axis": "y", "origin": [13.04573, 13.1, 5.9376]},
			"faces": {
				"north": {"uv": [1, 0, 0, 0.75], "texture": "#1_2"},
				"up": {"uv": [0, 1, 0.75, 0], "rotation": 90, "texture": "#1_2"},
				"down": {"uv": [0, 1, 0.75, 0], "rotation": 270, "texture": "#1_2"}
			}
		},
		{
			"name": "hexadecagon",
			"from": [11.7388, 11.7, 6.30141],
			"to": [12.3388, 12.3, 7.50141],
			"rotation": {"angle": 0, "axis": "y", "origin": [11.86689, 13.1, 7.21643]},
			"faces": {
				"west": {"uv": [1.5, 0, 0, 0.75], "texture": "#1_2"},
				"up": {"uv": [0, 0.75, 1.5, 0], "rotation": 90, "texture": "#1_2"},
				"down": {"uv": [0, 0.75, 1.5, 0], "rotation": 270, "texture": "#1_2"}
			}
		},
		{
			"name": "hexadecagon",
			"from": [11.12257, 11.7, 7.01763],
			"to": [11.92257, 12.3, 7.61763],
			"rotation": {"angle": 45, "axis": "y", "origin": [11.86689, 13.1, 7.21643]},
			"faces": {
				"north": {"uv": [1, 0, 0, 0.75], "texture": "#1_2"},
				"up": {"uv": [0, 1, 0.75, 0], "rotation": 90, "texture": "#1_2"},
				"down": {"uv": [0, 1, 0.75, 0], "rotation": 270, "texture": "#1_2"}
			}
		},
		{
			"name": "hexadecagon",
			"from": [15.77743, 11.7, 8.48237],
			"to": [16.97743, 12.3, 9.08237],
			"rotation": {"angle": 45, "axis": "y", "origin": [16.0624, 13.1, 8.95427]},
			"faces": {
				"south": {"uv": [1.5, 0, 0, 0.75], "texture": "#1_2"},
				"up": {"uv": [0, 1.5, 0.75, 0], "rotation": 90, "texture": "#1_2"},
				"down": {"uv": [0, 1.5, 0.75, 0], "rotation": 270, "texture": "#1_2"}
			}
		},
		{
			"name": "hexadecagon",
			"from": [15.6612, 11.7, 8.89859],
			"to": [16.2612, 12.3, 9.69859],
			"rotation": {"angle": 0, "axis": "y", "origin": [16.0624, 13.1, 8.95427]},
			"faces": {
				"east": {"uv": [1, 0, 0, 0.75], "texture": "#1_2"},
				"up": {"uv": [0, 0.75, 1, 0], "rotation": 90, "texture": "#1_2"},
				"down": {"uv": [0, 0.75, 1, 0], "rotation": 270, "texture": "#1_2"}
			}
		},
		{
			"name": "hexadecagon",
			"from": [14.49859, 11.7, 9.6612],
			"to": [15.69859, 12.3, 10.2612],
			"rotation": {"angle": 0, "axis": "y", "origin": [15.29859, 13.1, 9.9612]},
			"faces": {
				"south": {"uv": [1.5, 0, 0, 0.75], "texture": "#1_2"},
				"up": {"uv": [0, 1.5, 0.75, 0], "rotation": 90, "texture": "#1_2"},
				"down": {"uv": [0, 1.5, 0.75, 0], "rotation": 270, "texture": "#1_2"}
			}
		},
		{
			"name": "hexadecagon",
			"from": [14.16854, 11.7, 9.90502],
			"to": [14.76854, 12.3, 10.70502],
			"rotation": {"angle": -45, "axis": "y", "origin": [14.46854, 13.1, 10.30502]},
			"faces": {
				"east": {"uv": [1, 0, 0, 0.75], "texture": "#1_2"},
				"up": {"uv": [0, 0.75, 1, 0], "rotation": 90, "texture": "#1_2"},
				"down": {"uv": [0, 0.75, 1, 0], "rotation": 270, "texture": "#1_2"}
			}
		},
		{
			"name": "hexadecagon",
			"from": [12.30141, 11.7, 9.6612],
			"to": [13.10141, 12.3, 10.2612],
			"rotation": {"angle": 0, "axis": "y", "origin": [13.04573, 13.1, 10.0624]},
			"faces": {
				"south": {"uv": [1, 0, 0, 0.75], "texture": "#1_2"},
				"up": {"uv": [0, 1, 0.75, 0], "rotation": 90, "texture": "#1_2"},
				"down": {"uv": [0, 1, 0.75, 0], "rotation": 270, "texture": "#1_2"}
			}
		},
		{
			"name": "hexadecagon",
			"from": [12.76075, 11.7, 9.5905],
			"to": [13.96075, 12.3, 10.1905],
			"rotation": {"angle": -45, "axis": "y", "origin": [13.04573, 13.1, 10.0624]},
			"faces": {
				"south": {"uv": [1.5, 0, 0, 0.75], "texture": "#1_2"},
				"up": {"uv": [0, 1.5, 0.75, 0], "rotation": 90, "texture": "#1_2"},
				"down": {"uv": [0, 1.5, 0.75, 0], "rotation": 270, "texture": "#1_2"}
			}
		},
		{
			"name": "hexadecagon",
			"from": [11.7388, 11.7, 8.49859],
			"to": [12.3388, 12.3, 9.69859],
			"rotation": {"angle": 0, "axis": "y", "origin": [11.86689, 13.1, 8.78357]},
			"faces": {
				"west": {"uv": [1.5, 0, 0, 0.75], "texture": "#1_2"},
				"up": {"uv": [0, 0.75, 1.5, 0], "rotation": 90, "texture": "#1_2"},
				"down": {"uv": [0, 0.75, 1.5, 0], "rotation": 270, "texture": "#1_2"}
			}
		},
		{
			"name": "hexadecagon",
			"from": [11.12257, 11.7, 8.38237],
			"to": [11.92257, 12.3, 8.98237],
			"rotation": {"angle": -45, "axis": "y", "origin": [11.86689, 13.1, 8.78357]},
			"faces": {
				"south": {"uv": [1, 0, 0, 0.75], "texture": "#1_2"},
				"up": {"uv": [0, 1, 0.75, 0], "rotation": 90, "texture": "#1_2"},
				"down": {"uv": [0, 1, 0.75, 0], "rotation": 270, "texture": "#1_2"}
			}
		},
		{
			"name": "hexadecagon",
			"from": [13.60218, 11.7, 6],
			"to": [14.39782, 12.3, 10],
			"rotation": {"angle": 22.5, "axis": "y", "origin": [14, 13.5, 8]},
			"faces": {
				"up": {"uv": [0, 0.99456, 5, 0], "rotation": 90, "texture": "#1_2"},
				"down": {"uv": [0, 0.99456, 5, 0], "rotation": 270, "texture": "#1_2"}
			}
		},
		{
			"name": "hexadecagon",
			"from": [12.8, 11.4, 7.7613],
			"to": [15.2, 12.6, 8.2387],
			"rotation": {"angle": 45, "axis": "y", "origin": [14, 12.7, 8]},
			"faces": {
				"east": {"uv": [0.59674, 0, 0, 0.5], "texture": "#1_2"},
				"west": {"uv": [0.59674, 0, 0, 0.5], "texture": "#1_2"},
				"up": {"uv": [0, 3, 0.59674, 0], "rotation": 90, "texture": "#1_2"}
			}
		},
		{
			"name": "hexadecagon",
			"from": [12.8, 11.4, 7.7613],
			"to": [15.2, 12.6, 8.2387],
			"rotation": {"angle": 22.5, "axis": "y", "origin": [14, 12.7, 8]},
			"faces": {
				"east": {"uv": [0.59674, 0, 0, 0.5], "texture": "#1_2"},
				"west": {"uv": [0.59674, 0, 0, 0.5], "texture": "#1_2"},
				"up": {"uv": [0, 3, 0.59674, 0], "rotation": 90, "texture": "#1_2"}
			}
		},
		{
			"name": "hexadecagon",
			"from": [12.8, 11.4, 7.7613],
			"to": [15.2, 12.6, 8.2387],
			"rotation": {"angle": 0, "axis": "y", "origin": [14, 12.7, 8]},
			"faces": {
				"east": {"uv": [0.59674, 0, 0, 0.5], "texture": "#1_2"},
				"west": {"uv": [0.59674, 0, 0, 0.5], "texture": "#1_2"},
				"up": {"uv": [0, 3, 0.59674, 0], "rotation": 90, "texture": "#1_2"}
			}
		},
		{
			"name": "hexadecagon",
			"from": [12.8, 11.4, 7.7613],
			"to": [15.2, 12.6, 8.2387],
			"rotation": {"angle": -22.5, "axis": "y", "origin": [14, 12.7, 8]},
			"faces": {
				"east": {"uv": [0.59674, 0, 0, 0.5], "texture": "#1_2"},
				"west": {"uv": [0.59674, 0, 0, 0.5], "texture": "#1_2"},
				"up": {"uv": [0, 3, 0.59674, 0], "rotation": 90, "texture": "#1_2"}
			}
		},
		{
			"name": "hexadecagon",
			"from": [12.8, 11.4, 7.7613],
			"to": [15.2, 12.6, 8.2387],
			"rotation": {"angle": -45, "axis": "y", "origin": [14, 12.7, 8]},
			"faces": {
				"east": {"uv": [0.59674, 0, 0, 0.5], "texture": "#1_2"},
				"west": {"uv": [0.59674, 0, 0, 0.5], "texture": "#1_2"},
				"up": {"uv": [0, 3, 0.59674, 0], "rotation": 90, "texture": "#1_2"}
			}
		},
		{
			"name": "hexadecagon",
			"from": [13.7613, 11.4, 6.8],
			"to": [14.2387, 12.6, 9.2],
			"rotation": {"angle": 22.5, "axis": "y", "origin": [14, 12.7, 8]},
			"faces": {
				"north": {"uv": [0.59674, 0, 0, 0.5], "texture": "#1_2"},
				"south": {"uv": [0.59674, 0, 0, 0.5], "texture": "#1_2"},
				"up": {"uv": [0, 0.59674, 3, 0], "rotation": 90, "texture": "#1_2"}
			}
		},
		{
			"name": "hexadecagon",
			"from": [13.7613, 11.4, 6.8],
			"to": [14.2387, 12.6, 9.2],
			"rotation": {"angle": 0, "axis": "y", "origin": [14, 12.7, 8]},
			"faces": {
				"north": {"uv": [0.59674, 0, 0, 0.5], "texture": "#1_2"},
				"south": {"uv": [0.59674, 0, 0, 0.5], "texture": "#1_2"},
				"up": {"uv": [0, 0.59674, 3, 0], "rotation": 90, "texture": "#1_2"}
			}
		},
		{
			"name": "hexadecagon",
			"from": [13.7613, 11.4, 6.8],
			"to": [14.2387, 12.6, 9.2],
			"rotation": {"angle": -22.5, "axis": "y", "origin": [14, 12.7, 8]},
			"faces": {
				"north": {"uv": [0.59674, 0, 0, 0.5], "texture": "#1_2"},
				"south": {"uv": [0.59674, 0, 0, 0.5], "texture": "#1_2"},
				"up": {"uv": [0, 0.59674, 3, 0], "rotation": 90, "texture": "#1_2"}
			}
		},
		{
			"name": "hexadecagon",
			"from": [7.60218, 7.075, 1.075],
			"to": [8.39782, 7.675, 6.675],
			"rotation": {"angle": -45, "axis": "y", "origin": [8, 8.875, 3.875]},
			"faces": {
				"north": {"uv": [0.99456, 0, 0, 0.75], "texture": "#1_2"},
				"south": {"uv": [0.99456, 0, 0, 0.75], "texture": "#1_2"},
				"up": {"uv": [0, 7, 0.99456, 0], "texture": "#1_2"},
				"down": {"uv": [0, 7, 0.99456, 0], "texture": "#1_2"}
			}
		},
		{
			"name": "hexadecagon",
			"from": [7.60218, 7.075, 1.875],
			"to": [8.39782, 7.675, 5.875],
			"rotation": {"angle": -22.5, "axis": "y", "origin": [8, 8.875, 3.875]},
			"faces": {
				"up": {"uv": [0, 5, 0.99456, 0], "texture": "#1_2"},
				"down": {"uv": [0, 5, 0.99456, 0], "texture": "#1_2"}
			}
		},
		{
			"name": "hexadecagon",
			"from": [7.60218, 7.075, 1.075],
			"to": [8.39782, 7.675, 6.675],
			"rotation": {"angle": 0, "axis": "y", "origin": [8, 8.875, 3.875]},
			"faces": {
				"north": {"uv": [0.99456, 0, 0, 0.75], "texture": "#1_2"},
				"south": {"uv": [0.99456, 0, 0, 0.75], "texture": "#1_2"},
				"up": {"uv": [0, 7, 0.99456, 0], "texture": "#1_2"},
				"down": {"uv": [0, 7, 0.99456, 0], "texture": "#1_2"}
			}
		},
		{
			"name": "hexadecagon",
			"from": [7.60218, 7.075, 1.875],
			"to": [8.39782, 7.675, 5.875],
			"rotation": {"angle": 22.5, "axis": "y", "origin": [8, 8.875, 3.875]},
			"faces": {
				"up": {"uv": [0, 5, 0.99456, 0], "texture": "#1_2"},
				"down": {"uv": [0, 5, 0.99456, 0], "texture": "#1_2"}
			}
		},
		{
			"name": "hexadecagon",
			"from": [7.60218, 7.075, 1.075],
			"to": [8.39782, 7.675, 6.675],
			"rotation": {"angle": 45, "axis": "y", "origin": [8, 8.875, 3.875]},
			"faces": {
				"north": {"uv": [0.99456, 0, 0, 0.75], "texture": "#1_2"},
				"south": {"uv": [0.99456, 0, 0, 0.75], "texture": "#1_2"},
				"up": {"uv": [0, 7, 0.99456, 0], "texture": "#1_2"},
				"down": {"uv": [0, 7, 0.99456, 0], "texture": "#1_2"}
			}
		},
		{
			"name": "hexadecagon",
			"from": [6, 7.075, 3.47718],
			"to": [10, 7.675, 4.27282],
			"rotation": {"angle": -22.5, "axis": "y", "origin": [8, 8.875, 3.875]},
			"faces": {
				"up": {"uv": [0, 0.99456, 5, 0], "texture": "#1_2"},
				"down": {"uv": [0, 0.99456, 5, 0], "texture": "#1_2"}
			}
		},
		{
			"name": "hexadecagon",
			"from": [5.2, 7.075, 3.47718],
			"to": [10.8, 7.675, 4.27282],
			"rotation": {"angle": 0, "axis": "y", "origin": [8, 8.875, 3.875]},
			"faces": {
				"east": {"uv": [0.99456, 0, 0, 0.75], "texture": "#1_2"},
				"west": {"uv": [0.99456, 0, 0, 0.75], "texture": "#1_2"},
				"up": {"uv": [0, 0.99456, 7, 0], "texture": "#1_2"},
				"down": {"uv": [0, 0.99456, 7, 0], "texture": "#1_2"}
			}
		},
		{
			"name": "hexadecagon",
			"from": [5.7388, 7.075, 2.17641],
			"to": [6.3388, 7.675, 3.37641],
			"rotation": {"angle": 0, "axis": "y", "origin": [6.0388, 8.475, 2.57641]},
			"faces": {
				"west": {"uv": [1.5, 0, 0, 0.75], "texture": "#1_2"},
				"up": {"uv": [0, 1.5, 0.75, 0], "texture": "#1_2"},
				"down": {"uv": [0, 1.5, 0.75, 0], "texture": "#1_2"}
			}
		},
		{
			"name": "hexadecagon",
			"from": [5.29498, 7.075, 3.10646],
			"to": [6.09498, 7.675, 3.70646],
			"rotation": {"angle": 45, "axis": "y", "origin": [5.69498, 8.475, 3.40646]},
			"faces": {
				"north": {"uv": [1, 0, 0, 0.75], "texture": "#1_2"},
				"up": {"uv": [0, 0.75, 1, 0], "texture": "#1_2"},
				"down": {"uv": [0, 0.75, 1, 0], "texture": "#1_2"}
			}
		},
		{
			"name": "hexadecagon",
			"from": [6.91763, 7.075, 0.89757],
			"to": [7.51763, 7.675, 2.09757],
			"rotation": {"angle": -45, "axis": "y", "origin": [7.04573, 8.475, 1.8126]},
			"faces": {
				"west": {"uv": [1.5, 0, 0, 0.75], "texture": "#1_2"},
				"up": {"uv": [0, 1.5, 0.75, 0], "texture": "#1_2"},
				"down": {"uv": [0, 1.5, 0.75, 0], "texture": "#1_2"}
			}
		},
		{
			"name": "hexadecagon",
			"from": [6.30141, 7.075, 1.6138],
			"to": [7.10141, 7.675, 2.2138],
			"rotation": {"angle": 0, "axis": "y", "origin": [7.04573, 8.475, 1.8126]},
			"faces": {
				"north": {"uv": [1, 0, 0, 0.75], "texture": "#1_2"},
				"up": {"uv": [0, 0.75, 1, 0], "texture": "#1_2"},
				"down": {"uv": [0, 0.75, 1, 0], "texture": "#1_2"}
			}
		},
		{
			"name": "hexadecagon",
			"from": [5.8095, 7.075, 3.91425],
			"to": [6.4095, 7.675, 5.11425],
			"rotation": {"angle": 45, "axis": "y", "origin": [5.9376, 8.475, 4.82927]},
			"faces": {
				"west": {"uv": [1.5, 0, 0, 0.75], "texture": "#1_2"},
				"up": {"uv": [0, 1.5, 0.75, 0], "texture": "#1_2"},
				"down": {"uv": [0, 1.5, 0.75, 0], "texture": "#1_2"}
			}
		},
		{
			"name": "hexadecagon",
			"from": [5.7388, 7.075, 4.77359],
			"to": [6.3388, 7.675, 5.57359],
			"rotation": {"angle": 0, "axis": "y", "origin": [5.9376, 8.475, 4.82927]},
			"faces": {
				"west": {"uv": [1, 0, 0, 0.75], "texture": "#1_2"},
				"up": {"uv": [0, 1, 0.75, 0], "texture": "#1_2"},
				"down": {"uv": [0, 1, 0.75, 0], "texture": "#1_2"}
			}
		},
		{
			"name": "hexadecagon",
			"from": [6.30141, 7.075, 5.5362],
			"to": [7.50141, 7.675, 6.1362],
			"rotation": {"angle": 0, "axis": "y", "origin": [7.21643, 8.475, 6.00811]},
			"faces": {
				"south": {"uv": [1.5, 0, 0, 0.75], "texture": "#1_2"},
				"up": {"uv": [0, 0.75, 1.5, 0], "texture": "#1_2"},
				"down": {"uv": [0, 0.75, 1.5, 0], "texture": "#1_2"}
			}
		},
		{
			"name": "hexadecagon",
			"from": [7.01763, 7.075, 5.95243],
			"to": [7.61763, 7.675, 6.75243],
			"rotation": {"angle": 45, "axis": "y", "origin": [7.21643, 8.475, 6.00811]},
			"faces": {
				"west": {"uv": [1, 0, 0, 0.75], "texture": "#1_2"},
				"up": {"uv": [0, 1, 0.75, 0], "texture": "#1_2"},
				"down": {"uv": [0, 1, 0.75, 0], "texture": "#1_2"}
			}
		},
		{
			"name": "hexadecagon",
			"from": [8.48237, 7.075, 0.89757],
			"to": [9.08237, 7.675, 2.09757],
			"rotation": {"angle": 45, "axis": "y", "origin": [8.95427, 8.475, 1.8126]},
			"faces": {
				"east": {"uv": [1.5, 0, 0, 0.75], "texture": "#1_2"},
				"up": {"uv": [0, 1.5, 0.75, 0], "texture": "#1_2"},
				"down": {"uv": [0, 1.5, 0.75, 0], "texture": "#1_2"}
			}
		},
		{
			"name": "hexadecagon",
			"from": [8.89859, 7.075, 1.6138],
			"to": [9.69859, 7.675, 2.2138],
			"rotation": {"angle": 0, "axis": "y", "origin": [8.95427, 8.475, 1.8126]},
			"faces": {
				"north": {"uv": [1, 0, 0, 0.75], "texture": "#1_2"},
				"up": {"uv": [0, 0.75, 1, 0], "texture": "#1_2"},
				"down": {"uv": [0, 0.75, 1, 0], "texture": "#1_2"}
			}
		},
		{
			"name": "hexadecagon",
			"from": [9.6612, 7.075, 2.17641],
			"to": [10.2612, 7.675, 3.37641],
			"rotation": {"angle": 0, "axis": "y", "origin": [9.9612, 8.475, 2.57641]},
			"faces": {
				"east": {"uv": [1.5, 0, 0, 0.75], "texture": "#1_2"},
				"up": {"uv": [0, 1.5, 0.75, 0], "texture": "#1_2"},
				"down": {"uv": [0, 1.5, 0.75, 0], "texture": "#1_2"}
			}
		},
		{
			"name": "hexadecagon",
			"from": [9.90502, 7.075, 3.10646],
			"to": [10.70502, 7.675, 3.70646],
			"rotation": {"angle": -45, "axis": "y", "origin": [10.30502, 8.475, 3.40646]},
			"faces": {
				"north": {"uv": [1, 0, 0, 0.75], "texture": "#1_2"},
				"up": {"uv": [0, 0.75, 1, 0], "texture": "#1_2"},
				"down": {"uv": [0, 0.75, 1, 0], "texture": "#1_2"}
			}
		},
		{
			"name": "hexadecagon",
			"from": [9.6612, 7.075, 4.77359],
			"to": [10.2612, 7.675, 5.57359],
			"rotation": {"angle": 0, "axis": "y", "origin": [10.0624, 8.475, 4.82927]},
			"faces": {
				"east": {"uv": [1, 0, 0, 0.75], "texture": "#1_2"},
				"up": {"uv": [0, 1, 0.75, 0], "texture": "#1_2"},
				"down": {"uv": [0, 1, 0.75, 0], "texture": "#1_2"}
			}
		},
		{
			"name": "hexadecagon",
			"from": [9.5905, 7.075, 3.91425],
			"to": [10.1905, 7.675, 5.11425],
			"rotation": {"angle": -45, "axis": "y", "origin": [10.0624, 8.475, 4.82927]},
			"faces": {
				"east": {"uv": [1.5, 0, 0, 0.75], "texture": "#1_2"},
				"up": {"uv": [0, 1.5, 0.75, 0], "texture": "#1_2"},
				"down": {"uv": [0, 1.5, 0.75, 0], "texture": "#1_2"}
			}
		},
		{
			"name": "hexadecagon",
			"from": [8.49859, 7.075, 5.5362],
			"to": [9.69859, 7.675, 6.1362],
			"rotation": {"angle": 0, "axis": "y", "origin": [8.78357, 8.475, 6.00811]},
			"faces": {
				"south": {"uv": [1.5, 0, 0, 0.75], "texture": "#1_2"},
				"up": {"uv": [0, 0.75, 1.5, 0], "texture": "#1_2"},
				"down": {"uv": [0, 0.75, 1.5, 0], "texture": "#1_2"}
			}
		},
		{
			"name": "hexadecagon",
			"from": [8.38237, 7.075, 5.95243],
			"to": [8.98237, 7.675, 6.75243],
			"rotation": {"angle": -45, "axis": "y", "origin": [8.78357, 8.475, 6.00811]},
			"faces": {
				"east": {"uv": [1, 0, 0, 0.75], "texture": "#1_2"},
				"up": {"uv": [0, 1, 0.75, 0], "texture": "#1_2"},
				"down": {"uv": [0, 1, 0.75, 0], "texture": "#1_2"}
			}
		},
		{
			"name": "hexadecagon",
			"from": [6, 7.075, 3.47718],
			"to": [10, 7.675, 4.27282],
			"rotation": {"angle": 22.5, "axis": "y", "origin": [8, 8.875, 3.875]},
			"faces": {
				"up": {"uv": [0, 0.99456, 5, 0], "texture": "#1_2"},
				"down": {"uv": [0, 0.99456, 5, 0], "texture": "#1_2"}
			}
		},
		{
			"name": "hexadecagon",
			"from": [7.7613, 6.775, 2.675],
			"to": [8.2387, 7.975, 5.075],
			"rotation": {"angle": 45, "axis": "y", "origin": [8, 8.075, 3.875]},
			"faces": {
				"north": {"uv": [0.59674, 0, 0, 0.5], "texture": "#1_2"},
				"south": {"uv": [0.59674, 0, 0, 0.5], "texture": "#1_2"},
				"up": {"uv": [0, 3, 0.59674, 0], "texture": "#1_2"}
			}
		},
		{
			"name": "hexadecagon",
			"from": [7.7613, 6.775, 2.675],
			"to": [8.2387, 7.975, 5.075],
			"rotation": {"angle": 22.5, "axis": "y", "origin": [8, 8.075, 3.875]},
			"faces": {
				"north": {"uv": [0.59674, 0, 0, 0.5], "texture": "#1_2"},
				"south": {"uv": [0.59674, 0, 0, 0.5], "texture": "#1_2"},
				"up": {"uv": [0, 3, 0.59674, 0], "texture": "#1_2"}
			}
		},
		{
			"name": "hexadecagon",
			"from": [7.7613, 6.775, 2.675],
			"to": [8.2387, 7.975, 5.075],
			"rotation": {"angle": 0, "axis": "y", "origin": [8, 8.075, 3.875]},
			"faces": {
				"north": {"uv": [0.59674, 0, 0, 0.5], "texture": "#1_2"},
				"south": {"uv": [0.59674, 0, 0, 0.5], "texture": "#1_2"},
				"up": {"uv": [0, 3, 0.59674, 0], "texture": "#1_2"}
			}
		},
		{
			"name": "hexadecagon",
			"from": [7.7613, 6.775, 2.675],
			"to": [8.2387, 7.975, 5.075],
			"rotation": {"angle": -22.5, "axis": "y", "origin": [8, 8.075, 3.875]},
			"faces": {
				"north": {"uv": [0.59674, 0, 0, 0.5], "texture": "#1_2"},
				"south": {"uv": [0.59674, 0, 0, 0.5], "texture": "#1_2"},
				"up": {"uv": [0, 3, 0.59674, 0], "texture": "#1_2"}
			}
		},
		{
			"name": "hexadecagon",
			"from": [7.7613, 6.775, 2.675],
			"to": [8.2387, 7.975, 5.075],
			"rotation": {"angle": -45, "axis": "y", "origin": [8, 8.075, 3.875]},
			"faces": {
				"north": {"uv": [0.59674, 0, 0, 0.5], "texture": "#1_2"},
				"south": {"uv": [0.59674, 0, 0, 0.5], "texture": "#1_2"},
				"up": {"uv": [0, 3, 0.59674, 0], "texture": "#1_2"}
			}
		},
		{
			"name": "hexadecagon",
			"from": [6.8, 6.775, 3.6363],
			"to": [9.2, 7.975, 4.1137],
			"rotation": {"angle": 22.5, "axis": "y", "origin": [8, 8.075, 3.875]},
			"faces": {
				"east": {"uv": [0.59674, 0, 0, 0.5], "texture": "#1_2"},
				"west": {"uv": [0.59674, 0, 0, 0.5], "texture": "#1_2"},
				"up": {"uv": [0, 0.59674, 3, 0], "texture": "#1_2"}
			}
		},
		{
			"name": "hexadecagon",
			"from": [6.8, 6.775, 3.6363],
			"to": [9.2, 7.975, 4.1137],
			"rotation": {"angle": 0, "axis": "y", "origin": [8, 8.075, 3.875]},
			"faces": {
				"east": {"uv": [0.59674, 0, 0, 0.5], "texture": "#1_2"},
				"west": {"uv": [0.59674, 0, 0, 0.5], "texture": "#1_2"},
				"up": {"uv": [0, 0.59674, 3, 0], "texture": "#1_2"}
			}
		},
		{
			"name": "hexadecagon",
			"from": [6.8, 6.775, 3.6363],
			"to": [9.2, 7.975, 4.1137],
			"rotation": {"angle": -22.5, "axis": "y", "origin": [8, 8.075, 3.875]},
			"faces": {
				"east": {"uv": [0.59674, 0, 0, 0.5], "texture": "#1_2"},
				"west": {"uv": [0.59674, 0, 0, 0.5], "texture": "#1_2"},
				"up": {"uv": [0, 0.59674, 3, 0], "texture": "#1_2"}
			}
		},
		{
			"name": "hexadecagon",
			"from": [-0.3, 10.325, 7.60218],
			"to": [5.3, 10.925, 8.39782],
			"rotation": {"angle": 45, "axis": "y", "origin": [2.5, 12.125, 8]},
			"faces": {
				"east": {"uv": [0, 0, 0.99456, 0.75], "texture": "#1_2"},
				"west": {"uv": [0, 0, 0.99456, 0.75], "texture": "#1_2"},
				"up": {"uv": [0, 0, 0.99456, 7], "rotation": 90, "texture": "#1_2"},
				"down": {"uv": [0, 0, 0.99456, 7], "rotation": 270, "texture": "#1_2"}
			}
		},
		{
			"name": "hexadecagon",
			"from": [0.5, 10.325, 7.60218],
			"to": [4.5, 10.925, 8.39782],
			"rotation": {"angle": 22.5, "axis": "y", "origin": [2.5, 12.125, 8]},
			"faces": {
				"up": {"uv": [0, 0, 0.99456, 5], "rotation": 90, "texture": "#1_2"},
				"down": {"uv": [0, 0, 0.99456, 5], "rotation": 270, "texture": "#1_2"}
			}
		},
		{
			"name": "hexadecagon",
			"from": [-0.3, 10.325, 7.60218],
			"to": [5.3, 10.925, 8.39782],
			"rotation": {"angle": 0, "axis": "y", "origin": [8, 12.125, 8]},
			"faces": {
				"east": {"uv": [0, 0, 0.99456, 0.75], "texture": "#1_2"},
				"west": {"uv": [0, 0, 0.99456, 0.75], "texture": "#1_2"},
				"up": {"uv": [0, 0, 0.99456, 7], "rotation": 90, "texture": "#1_2"},
				"down": {"uv": [0, 0, 0.99456, 7], "rotation": 270, "texture": "#1_2"}
			}
		},
		{
			"name": "hexadecagon",
			"from": [0.5, 10.325, 7.60218],
			"to": [4.5, 10.925, 8.39782],
			"rotation": {"angle": -22.5, "axis": "y", "origin": [2.5, 12.125, 8]},
			"faces": {
				"up": {"uv": [0, 0, 0.99456, 5], "rotation": 90, "texture": "#1_2"},
				"down": {"uv": [0, 0, 0.99456, 5], "rotation": 270, "texture": "#1_2"}
			}
		},
		{
			"name": "hexadecagon",
			"from": [-0.3, 10.325, 7.60218],
			"to": [5.3, 10.925, 8.39782],
			"rotation": {"angle": -45, "axis": "y", "origin": [2.5, 12.125, 8]},
			"faces": {
				"east": {"uv": [0, 0, 0.99456, 0.75], "texture": "#1_2"},
				"west": {"uv": [0, 0, 0.99456, 0.75], "texture": "#1_2"},
				"up": {"uv": [0, 0, 0.99456, 7], "rotation": 90, "texture": "#1_2"},
				"down": {"uv": [0, 0, 0.99456, 7], "rotation": 270, "texture": "#1_2"}
			}
		},
		{
			"name": "hexadecagon",
			"from": [2.10218, 10.325, 6],
			"to": [2.89782, 10.925, 10],
			"rotation": {"angle": 22.5, "axis": "y", "origin": [2.5, 12.125, 8]},
			"faces": {
				"up": {"uv": [0, 0, 5, 0.99456], "rotation": 90, "texture": "#1_2"},
				"down": {"uv": [0, 0, 5, 0.99456], "rotation": 270, "texture": "#1_2"}
			}
		},
		{
			"name": "hexadecagon",
			"from": [2.10218, 10.325, 5.2],
			"to": [2.89782, 10.925, 10.8],
			"rotation": {"angle": 0, "axis": "y", "origin": [2.5, 12.125, 8]},
			"faces": {
				"north": {"uv": [0, 0, 0.99456, 0.75], "texture": "#1_2"},
				"south": {"uv": [0, 0, 0.99456, 0.75], "texture": "#1_2"},
				"up": {"uv": [0, 0, 7, 0.99456], "rotation": 90, "texture": "#1_2"},
				"down": {"uv": [0, 0, 7, 0.99456], "rotation": 270, "texture": "#1_2"}
			}
		},
		{
			"name": "hexadecagon",
			"from": [0.80141, 10.325, 5.7388],
			"to": [2.00141, 10.925, 6.3388],
			"rotation": {"angle": 0, "axis": "y", "origin": [1.20141, 11.725, 6.0388]},
			"faces": {
				"north": {"uv": [0, 0, 1.5, 0.75], "texture": "#1_2"},
				"up": {"uv": [0, 0, 0.75, 1.5], "rotation": 90, "texture": "#1_2"},
				"down": {"uv": [0, 0, 0.75, 1.5], "rotation": 270, "texture": "#1_2"}
			}
		},
		{
			"name": "hexadecagon",
			"from": [1.73146, 10.325, 5.29498],
			"to": [2.33146, 10.925, 6.09498],
			"rotation": {"angle": -45, "axis": "y", "origin": [2.03146, 11.725, 5.69498]},
			"faces": {
				"west": {"uv": [0, 0, 1, 0.75], "texture": "#1_2"},
				"up": {"uv": [0, 0, 1, 0.75], "rotation": 90, "texture": "#1_2"},
				"down": {"uv": [0, 0, 1, 0.75], "rotation": 270, "texture": "#1_2"}
			}
		},
		{
			"name": "hexadecagon",
			"from": [-0.47743, 10.325, 6.91763],
			"to": [0.72257, 10.925, 7.51763],
			"rotation": {"angle": 45, "axis": "y", "origin": [0.4376, 11.725, 7.04573]},
			"faces": {
				"north": {"uv": [0, 0, 1.5, 0.75], "texture": "#1_2"},
				"up": {"uv": [0, 0, 0.75, 1.5], "rotation": 90, "texture": "#1_2"},
				"down": {"uv": [0, 0, 0.75, 1.5], "rotation": 270, "texture": "#1_2"}
			}
		},
		{
			"name": "hexadecagon",
			"from": [0.2388, 10.325, 6.30141],
			"to": [0.8388, 10.925, 7.10141],
			"rotation": {"angle": 0, "axis": "y", "origin": [0.4376, 11.725, 7.04573]},
			"faces": {
				"west": {"uv": [0, 0, 1, 0.75], "texture": "#1_2"},
				"up": {"uv": [0, 0, 1, 0.75], "rotation": 90, "texture": "#1_2"},
				"down": {"uv": [0, 0, 1, 0.75], "rotation": 270, "texture": "#1_2"}
			}
		},
		{
			"name": "hexadecagon",
			"from": [2.53925, 10.325, 5.8095],
			"to": [3.73925, 10.925, 6.4095],
			"rotation": {"angle": -45, "axis": "y", "origin": [3.45427, 11.725, 5.9376]},
			"faces": {
				"north": {"uv": [0, 0, 1.5, 0.75], "texture": "#1_2"},
				"up": {"uv": [0, 0, 0.75, 1.5], "rotation": 90, "texture": "#1_2"},
				"down": {"uv": [0, 0, 0.75, 1.5], "rotation": 270, "texture": "#1_2"}
			}
		},
		{
			"name": "hexadecagon",
			"from": [3.39859, 10.325, 5.7388],
			"to": [4.19859, 10.925, 6.3388],
			"rotation": {"angle": 0, "axis": "y", "origin": [3.45427, 11.725, 5.9376]},
			"faces": {
				"north": {"uv": [0, 0, 1, 0.75], "texture": "#1_2"},
				"up": {"uv": [0, 0, 0.75, 1], "rotation": 90, "texture": "#1_2"},
				"down": {"uv": [0, 0, 0.75, 1], "rotation": 270, "texture": "#1_2"}
			}
		},
		{
			"name": "hexadecagon",
			"from": [4.1612, 10.325, 6.30141],
			"to": [4.7612, 10.925, 7.50141],
			"rotation": {"angle": 0, "axis": "y", "origin": [4.63311, 11.725, 7.21643]},
			"faces": {
				"east": {"uv": [0, 0, 1.5, 0.75], "texture": "#1_2"},
				"up": {"uv": [0, 0, 1.5, 0.75], "rotation": 90, "texture": "#1_2"},
				"down": {"uv": [0, 0, 1.5, 0.75], "rotation": 270, "texture": "#1_2"}
			}
		},
		{
			"name": "hexadecagon",
			"from": [4.57743, 10.325, 7.01763],
			"to": [5.37743, 10.925, 7.61763],
			"rotation": {"angle": -45, "axis": "y", "origin": [4.63311, 11.725, 7.21643]},
			"faces": {
				"north": {"uv": [0, 0, 1, 0.75], "texture": "#1_2"},
				"up": {"uv": [0, 0, 0.75, 1], "rotation": 90, "texture": "#1_2"},
				"down": {"uv": [0, 0, 0.75, 1], "rotation": 270, "texture": "#1_2"}
			}
		},
		{
			"name": "hexadecagon",
			"from": [-0.47743, 10.325, 8.48237],
			"to": [0.72257, 10.925, 9.08237],
			"rotation": {"angle": -45, "axis": "y", "origin": [0.4376, 11.725, 8.95427]},
			"faces": {
				"south": {"uv": [0, 0, 1.5, 0.75], "texture": "#1_2"},
				"up": {"uv": [0, 0, 0.75, 1.5], "rotation": 90, "texture": "#1_2"},
				"down": {"uv": [0, 0, 0.75, 1.5], "rotation": 270, "texture": "#1_2"}
			}
		},
		{
			"name": "hexadecagon",
			"from": [0.2388, 10.325, 8.89859],
			"to": [0.8388, 10.925, 9.69859],
			"rotation": {"angle": 0, "axis": "y", "origin": [0.4376, 11.725, 8.95427]},
			"faces": {
				"west": {"uv": [0, 0, 1, 0.75], "texture": "#1_2"},
				"up": {"uv": [0, 0, 1, 0.75], "rotation": 90, "texture": "#1_2"},
				"down": {"uv": [0, 0, 1, 0.75], "rotation": 270, "texture": "#1_2"}
			}
		},
		{
			"name": "hexadecagon",
			"from": [0.80141, 10.325, 9.6612],
			"to": [2.00141, 10.925, 10.2612],
			"rotation": {"angle": 0, "axis": "y", "origin": [1.20141, 11.725, 9.9612]},
			"faces": {
				"south": {"uv": [0, 0, 1.5, 0.75], "texture": "#1_2"},
				"up": {"uv": [0, 0, 0.75, 1.5], "rotation": 90, "texture": "#1_2"},
				"down": {"uv": [0, 0, 0.75, 1.5], "rotation": 270, "texture": "#1_2"}
			}
		},
		{
			"name": "hexadecagon",
			"from": [1.73146, 10.325, 9.90502],
			"to": [2.33146, 10.925, 10.70502],
			"rotation": {"angle": 45, "axis": "y", "origin": [2.03146, 11.725, 10.30502]},
			"faces": {
				"west": {"uv": [0, 0, 1, 0.75], "texture": "#1_2"},
				"up": {"uv": [0, 0, 1, 0.75], "rotation": 90, "texture": "#1_2"},
				"down": {"uv": [0, 0, 1, 0.75], "rotation": 270, "texture": "#1_2"}
			}
		},
		{
			"name": "hexadecagon",
			"from": [3.39859, 10.325, 9.6612],
			"to": [4.19859, 10.925, 10.2612],
			"rotation": {"angle": 0, "axis": "y", "origin": [3.45427, 11.725, 10.0624]},
			"faces": {
				"south": {"uv": [0, 0, 1, 0.75], "texture": "#1_2"},
				"up": {"uv": [0, 0, 0.75, 1], "rotation": 90, "texture": "#1_2"},
				"down": {"uv": [0, 0, 0.75, 1], "rotation": 270, "texture": "#1_2"}
			}
		},
		{
			"name": "hexadecagon",
			"from": [2.53925, 10.325, 9.5905],
			"to": [3.73925, 10.925, 10.1905],
			"rotation": {"angle": 45, "axis": "y", "origin": [3.45427, 11.725, 10.0624]},
			"faces": {
				"south": {"uv": [0, 0, 1.5, 0.75], "texture": "#1_2"},
				"up": {"uv": [0, 0, 0.75, 1.5], "rotation": 90, "texture": "#1_2"},
				"down": {"uv": [0, 0, 0.75, 1.5], "rotation": 270, "texture": "#1_2"}
			}
		},
		{
			"name": "hexadecagon",
			"from": [4.1612, 10.325, 8.49859],
			"to": [4.7612, 10.925, 9.69859],
			"rotation": {"angle": 0, "axis": "y", "origin": [4.63311, 11.725, 8.78357]},
			"faces": {
				"east": {"uv": [0, 0, 1.5, 0.75], "texture": "#1_2"},
				"up": {"uv": [0, 0, 1.5, 0.75], "rotation": 90, "texture": "#1_2"},
				"down": {"uv": [0, 0, 1.5, 0.75], "rotation": 270, "texture": "#1_2"}
			}
		},
		{
			"name": "hexadecagon",
			"from": [4.57743, 10.325, 8.38237],
			"to": [5.37743, 10.925, 8.98237],
			"rotation": {"angle": 45, "axis": "y", "origin": [4.63311, 11.725, 8.78357]},
			"faces": {
				"south": {"uv": [0, 0, 1, 0.75], "texture": "#1_2"},
				"up": {"uv": [0, 0, 0.75, 1], "rotation": 90, "texture": "#1_2"},
				"down": {"uv": [0, 0, 0.75, 1], "rotation": 270, "texture": "#1_2"}
			}
		},
		{
			"name": "hexadecagon",
			"from": [2.10218, 10.325, 6],
			"to": [2.89782, 10.925, 10],
			"rotation": {"angle": -22.5, "axis": "y", "origin": [2.5, 12.125, 8]},
			"faces": {
				"up": {"uv": [0, 0, 5, 0.99456], "rotation": 90, "texture": "#1_2"},
				"down": {"uv": [0, 0, 5, 0.99456], "rotation": 270, "texture": "#1_2"}
			}
		},
		{
			"name": "hexadecagon",
			"from": [1.3, 10.025, 7.7613],
			"to": [3.7, 11.225, 8.2387],
			"rotation": {"angle": -45, "axis": "y", "origin": [2.5, 11.325, 8]},
			"faces": {
				"east": {"uv": [0, 0, 0.59674, 0.5], "texture": "#1_2"},
				"west": {"uv": [0, 0, 0.59674, 0.5], "texture": "#1_2"},
				"up": {"uv": [0, 0, 0.59674, 3], "rotation": 90, "texture": "#1_2"}
			}
		},
		{
			"name": "hexadecagon",
			"from": [1.3, 10.025, 7.7613],
			"to": [3.7, 11.225, 8.2387],
			"rotation": {"angle": -22.5, "axis": "y", "origin": [2.5, 11.325, 8]},
			"faces": {
				"east": {"uv": [0, 0, 0.59674, 0.5], "texture": "#1_2"},
				"west": {"uv": [0, 0, 0.59674, 0.5], "texture": "#1_2"},
				"up": {"uv": [0, 0, 0.59674, 3], "rotation": 90, "texture": "#1_2"}
			}
		},
		{
			"name": "hexadecagon",
			"from": [1.3, 10.025, 7.7613],
			"to": [3.7, 11.225, 8.2387],
			"rotation": {"angle": 0, "axis": "y", "origin": [2.5, 11.325, 8]},
			"faces": {
				"east": {"uv": [0, 0, 0.59674, 0.5], "texture": "#1_2"},
				"west": {"uv": [0, 0, 0.59674, 0.5], "texture": "#1_2"},
				"up": {"uv": [0, 0, 0.59674, 3], "rotation": 90, "texture": "#1_2"}
			}
		},
		{
			"name": "hexadecagon",
			"from": [1.3, 10.025, 7.7613],
			"to": [3.7, 11.225, 8.2387],
			"rotation": {"angle": 22.5, "axis": "y", "origin": [2.5, 11.325, 8]},
			"faces": {
				"east": {"uv": [0, 0, 0.59674, 0.5], "texture": "#1_2"},
				"west": {"uv": [0, 0, 0.59674, 0.5], "texture": "#1_2"},
				"up": {"uv": [0, 0, 0.59674, 3], "rotation": 90, "texture": "#1_2"}
			}
		},
		{
			"name": "hexadecagon",
			"from": [1.3, 10.025, 7.7613],
			"to": [3.7, 11.225, 8.2387],
			"rotation": {"angle": 45, "axis": "y", "origin": [2.5, 11.325, 8]},
			"faces": {
				"east": {"uv": [0, 0, 0.59674, 0.5], "texture": "#1_2"},
				"west": {"uv": [0, 0, 0.59674, 0.5], "texture": "#1_2"},
				"up": {"uv": [0, 0, 0.59674, 3], "rotation": 90, "texture": "#1_2"}
			}
		},
		{
			"name": "hexadecagon",
			"from": [2.2613, 10.025, 6.8],
			"to": [2.7387, 11.225, 9.2],
			"rotation": {"angle": -22.5, "axis": "y", "origin": [2.5, 11.325, 8]},
			"faces": {
				"north": {"uv": [0, 0, 0.59674, 0.5], "texture": "#1_2"},
				"south": {"uv": [0, 0, 0.59674, 0.5], "texture": "#1_2"},
				"up": {"uv": [0, 0, 3, 0.59674], "rotation": 90, "texture": "#1_2"}
			}
		},
		{
			"name": "hexadecagon",
			"from": [2.2613, 10.025, 6.8],
			"to": [2.7387, 11.225, 9.2],
			"rotation": {"angle": 0, "axis": "y", "origin": [2.5, 11.325, 8]},
			"faces": {
				"north": {"uv": [0, 0, 0.59674, 0.5], "texture": "#1_2"},
				"south": {"uv": [0, 0, 0.59674, 0.5], "texture": "#1_2"},
				"up": {"uv": [0, 0, 3, 0.59674], "rotation": 90, "texture": "#1_2"}
			}
		},
		{
			"name": "hexadecagon",
			"from": [2.2613, 10.025, 6.8],
			"to": [2.7387, 11.225, 9.2],
			"rotation": {"angle": 22.5, "axis": "y", "origin": [2.5, 11.325, 8]},
			"faces": {
				"north": {"uv": [0, 0, 0.59674, 0.5], "texture": "#1_2"},
				"south": {"uv": [0, 0, 0.59674, 0.5], "texture": "#1_2"},
				"up": {"uv": [0, 0, 3, 0.59674], "rotation": 90, "texture": "#1_2"}
			}
		}
	],
	"display": {
		"thirdperson_righthand": {
			"rotation": [75, 45, 0],
			"translation": [0, 2.5, 0],
			"scale": [0.375, 0.375, 0.375]
		},
		"thirdperson_lefthand": {
			"rotation": [75, 45, 0],
			"translation": [0, 2.5, 0],
			"scale": [0.375, 0.375, 0.375]
		},
		"firstperson_righthand": {
			"rotation": [0, 225, 0],
			"translation": [0, 2.5, 0],
			"scale": [0.4, 0.4, 0.4]
		},
		"firstperson_lefthand": {
			"rotation": [0, 225, 0],
			"translation": [0, 2.5, 0],
			"scale": [0.4, 0.4, 0.4]
		},
		"ground": {
			"translation": [0, 3, 0],
			"scale": [0.25, 0.25, 0.25]
		},
		"gui": {
			"rotation": [30, 225, 0],
			"translation": [0, 1, 0]
		},
		"head": {
			"translation": [0, 13.75, 0]
		},
		"fixed": {
			"translation": [0, 0, -1],
			"scale": [0.5, 0.5, 0.5]
		}
	},
	"groups": [
		{
			"name": "little_nob",
			"origin": [8, 8, 8],
			"color": 0,
			"children": [
				{
					"name": "Little Nob",
					"origin": [8, 8, 8],
					"color": 0,
					"children": [
						{
							"name": "hexadecagon",
							"origin": [8, 8, 8],
							"color": 0,
							"children": [0, 1, 2, 3, 4, 5, 6, 7, 8, 9, 10, 11]
						},
						{
							"name": "hexadecagon",
							"origin": [8, 8, 8],
							"color": 0,
							"children": [12, 13, 14, 15, 16, 17, 18, 19]
						},
						{
							"name": "hexadecagon",
							"origin": [8, 8, 8],
							"color": 0,
							"children": [20, 21, 22, 23, 24, 25, 26, 27]
						}
					]
				}
			]
		},
		{
			"name": "little_flower_special",
			"origin": [8, 8, 8],
			"color": 0,
			"children": [
				{
					"name": "hexadecagon",
					"origin": [8, 8, 8],
					"color": 0,
					"children": [28, 29, 30, 31, 32, 33, 34, 35, 36, 37, 38, 39, 40, 41, 42, 43, 44, 45, 46, 47, 48, 49, 50, 51]
				},
				{
					"name": "hexadecagon",
					"origin": [8, 8, 8],
					"color": 0,
					"children": [52, 53, 54, 55, 56, 57, 58, 59]
				}
			]
		},
		{
			"name": "little_flower_special",
			"origin": [8, 8, 8],
			"color": 0,
			"children": [
				{
					"name": "hexadecagon",
					"origin": [8, 8, 8],
					"color": 0,
					"children": [60, 61, 62, 63, 64, 65, 66, 67, 68, 69, 70, 71, 72, 73, 74, 75, 76, 77, 78, 79, 80, 81, 82, 83]
				},
				{
					"name": "hexadecagon",
					"origin": [8, 8, 8],
					"color": 0,
					"children": [84, 85, 86, 87, 88, 89, 90, 91]
				}
			]
		},
		{
			"name": "little_flower_special",
			"origin": [8, 8, 8],
			"color": 0,
			"children": [
				{
					"name": "hexadecagon",
					"origin": [8, 8, 8],
					"color": 0,
					"children": [92, 93, 94, 95, 96, 97, 98, 99, 100, 101, 102, 103, 104, 105, 106, 107, 108, 109, 110, 111, 112, 113, 114, 115]
				},
				{
					"name": "hexadecagon",
					"origin": [8, 8, 8],
					"color": 0,
					"children": [116, 117, 118, 119, 120, 121, 122, 123]
				}
			]
		},
		{
			"name": "little_flower_special",
			"origin": [8, 8, 8],
			"color": 0,
			"children": [
				{
					"name": "hexadecagon",
					"origin": [8, 8, 8],
					"color": 0,
					"children": [124, 125, 126, 127, 128, 129, 130, 131, 132, 133, 134, 135, 136, 137, 138, 139, 140, 141, 142, 143, 144, 145, 146, 147]
				},
				{
					"name": "hexadecagon",
					"origin": [8, 8, 8],
					"color": 0,
					"children": [148, 149, 150, 151, 152, 153, 154, 155]
				}
			]
		}
	]
}