{
	"credit": "AlexTestria | https://alex-bauerndistel.de",
	"textures": {
		"2": "brickcraft/material/plastics/shader_support/plastic05",
		"particle": "brickcraft/material/plastics/shader_support/plastic38"
	},
	"elements": [
		{
			"name": "hexadecagon",
			"from": [3.50272, 4.35, 1.5],
			"to": [4.49728, 5.6, 6.5],
			"rotation": {"angle": 45, "axis": "y", "origin": [4, 4.85, 4]},
			"faces": {
				"north": {"uv": [0, 0, 0.99456, 1.25], "texture": "#particle"},
				"south": {"uv": [0, 0, 0.99456, 1.25], "texture": "#particle"},
				"up": {"uv": [0, 0, 0.99456, 5], "texture": "#particle"}
			}
		},
		{
			"name": "hexadecagon",
			"from": [3.50272, 4.35, 1.5],
			"to": [4.49728, 5.6, 6.5],
			"rotation": {"angle": 22.5, "axis": "y", "origin": [4, 4.85, 4]},
			"faces": {
				"north": {"uv": [0, 0, 0.99456, 1.25], "texture": "#particle"},
				"south": {"uv": [0, 0, 0.99456, 1.25], "texture": "#particle"},
				"up": {"uv": [0, 0, 0.99456, 5], "texture": "#particle"}
			}
		},
		{
			"name": "hexadecagon",
			"from": [3.50272, 4.35, 1.5],
			"to": [4.49728, 5.6, 6.5],
			"rotation": {"angle": 0, "axis": "y", "origin": [4, 4.85, 4]},
			"faces": {
				"north": {"uv": [0, 0, 0.99456, 1.25], "texture": "#particle"},
				"south": {"uv": [0, 0, 0.99456, 1.25], "texture": "#particle"},
				"up": {"uv": [0, 0, 0.99456, 5], "texture": "#particle"}
			}
		},
		{
			"name": "hexadecagon",
			"from": [3.50272, 4.35, 1.5],
			"to": [4.49728, 5.6, 6.5],
			"rotation": {"angle": -22.5, "axis": "y", "origin": [4, 4.85, 4]},
			"faces": {
				"north": {"uv": [0, 0, 0.99456, 1.25], "texture": "#particle"},
				"south": {"uv": [0, 0, 0.99456, 1.25], "texture": "#particle"},
				"up": {"uv": [0, 0, 0.99456, 5], "texture": "#particle"}
			}
		},
		{
			"name": "hexadecagon",
			"from": [3.50272, 4.35, 1.5],
			"to": [4.49728, 5.6, 6.5],
			"rotation": {"angle": -45, "axis": "y", "origin": [4, 4.85, 4]},
			"faces": {
				"north": {"uv": [0, 0, 0.99456, 1.25], "texture": "#particle"},
				"south": {"uv": [0, 0, 0.99456, 1.25], "texture": "#particle"},
				"up": {"uv": [0, 0, 0.99456, 5], "texture": "#particle"}
			}
		},
		{
			"name": "hexadecagon",
			"from": [1.5, 4.35, 3.50272],
			"to": [6.5, 5.6, 4.49728],
			"rotation": {"angle": 22.5, "axis": "y", "origin": [4, 4.85, 4]},
			"faces": {
				"east": {"uv": [0, 0, 0.99456, 1.25], "texture": "#particle"},
				"west": {"uv": [0, 0, 0.99456, 1.25], "texture": "#particle"},
				"up": {"uv": [0, 0, 5, 0.99456], "texture": "#particle"}
			}
		},
		{
			"name": "hexadecagon",
			"from": [1.5, 4.35, 3.50272],
			"to": [6.5, 5.6, 4.49728],
			"rotation": {"angle": 0, "axis": "y", "origin": [4, 4.85, 4]},
			"faces": {
				"east": {"uv": [0, 0, 0.99456, 1.25], "texture": "#particle"},
				"west": {"uv": [0, 0, 0.99456, 1.25], "texture": "#particle"},
				"up": {"uv": [0, 0, 5, 0.99456], "texture": "#particle"}
			}
		},
		{
			"name": "hexadecagon",
			"from": [1.5, 4.35, 3.50272],
			"to": [6.5, 5.6, 4.49728],
			"rotation": {"angle": -22.5, "axis": "y", "origin": [4, 4.85, 4]},
			"faces": {
				"east": {"uv": [0, 0, 0.99456, 1.25], "texture": "#particle"},
				"west": {"uv": [0, 0, 0.99456, 1.25], "texture": "#particle"},
				"up": {"uv": [0, 0, 5, 0.99456], "texture": "#particle"}
			}
		},
		{
			"from": [0, 1.7582, 0],
			"to": [8, 4.35, 8],
			"rotation": {"angle": 0, "axis": "y", "origin": [0, 1.6832, -8]},
			"faces": {
				"north": {"uv": [0, 0, 8, 2.5918], "texture": "#particle"},
				"east": {"uv": [0, 0, 8, 2.5918], "texture": "#particle"},
				"south": {"uv": [0, 0, 8, 2.5918], "texture": "#particle"},
				"west": {"uv": [0, 0, 8, 2.5918], "texture": "#particle"},
				"up": {"uv": [0, 0, 8, 8], "texture": "#particle"},
				"down": {"uv": [0, 0, 8, 8], "texture": "#particle"}
			}
		},
		{
			"name": "hexadecagon",
			"from": [3.35353, 0, 0.75],
			"to": [4.64647, 1.25, 7.25],
			"rotation": {"angle": -45, "axis": "y", "origin": [4, 0.25, 4]},
			"faces": {
				"north": {"uv": [0, 0, 1.29294, 1.25], "texture": "#2"},
				"south": {"uv": [0, 0, 1.29294, 1.25], "texture": "#2"},
				"down": {"uv": [0, 0, 1.29294, 6.5], "texture": "#2", "cullface": "down"}
			}
		},
		{
			"name": "hexadecagon",
			"from": [3.35353, 0, 0.75],
			"to": [4.64647, 1.25, 7.25],
			"rotation": {"angle": -22.5, "axis": "y", "origin": [4, 0.25, 4]},
			"faces": {
				"north": {"uv": [0, 0, 1.29294, 1.25], "texture": "#2"},
				"south": {"uv": [0, 0, 1.29294, 1.25], "texture": "#2"},
				"down": {"uv": [0, 0, 1.29294, 6.5], "texture": "#2", "cullface": "down"}
			}
		},
		{
			"name": "hexadecagon",
			"from": [3.35353, 0, 0.75],
			"to": [4.64647, 1.25, 7.25],
			"rotation": {"angle": 0, "axis": "y", "origin": [4, 0.25, 4]},
			"faces": {
				"north": {"uv": [0, 0, 1.29294, 1.25], "texture": "#2"},
				"south": {"uv": [0, 0, 1.29294, 1.25], "texture": "#2"},
				"down": {"uv": [0, 0, 1.29294, 6.5], "texture": "#2", "cullface": "down"}
			}
		},
		{
			"name": "hexadecagon",
			"from": [3.35353, 0, 0.75],
			"to": [4.64647, 1.25, 7.25],
			"rotation": {"angle": 22.5, "axis": "y", "origin": [4, 0.25, 4]},
			"faces": {
				"north": {"uv": [0, 0, 1.29294, 1.25], "texture": "#2"},
				"south": {"uv": [0, 0, 1.29294, 1.25], "texture": "#2"},
				"down": {"uv": [0, 0, 1.29294, 6.5], "texture": "#2", "cullface": "down"}
			}
		},
		{
			"name": "hexadecagon",
			"from": [3.35353, 0, 0.75],
			"to": [4.64647, 1.25, 7.25],
			"rotation": {"angle": 45, "axis": "y", "origin": [4, 0.25, 4]},
			"faces": {
				"north": {"uv": [0, 0, 1.29294, 1.25], "texture": "#2"},
				"south": {"uv": [0, 0, 1.29294, 1.25], "texture": "#2"},
				"down": {"uv": [0, 0, 1.29294, 6.5], "texture": "#2", "cullface": "down"}
			}
		},
		{
			"name": "hexadecagon",
			"from": [0.75, 0, 3.35353],
			"to": [7.25, 1.25, 4.64647],
			"rotation": {"angle": -22.5, "axis": "y", "origin": [4, 0.25, 4]},
			"faces": {
				"east": {"uv": [0, 0, 1.29294, 1.25], "texture": "#2"},
				"west": {"uv": [0, 0, 1.29294, 1.25], "texture": "#2"},
				"down": {"uv": [0, 0, 6.5, 1.29294], "texture": "#2", "cullface": "down"}
			}
		},
		{
			"name": "hexadecagon",
			"from": [0.75, 0, 3.35353],
			"to": [7.25, 1.25, 4.64647],
			"rotation": {"angle": 0, "axis": "y", "origin": [4, 0.25, 4]},
			"faces": {
				"east": {"uv": [0, 0, 1.29294, 1.25], "texture": "#2"},
				"west": {"uv": [0, 0, 1.29294, 1.25], "texture": "#2"},
				"down": {"uv": [0, 0, 6.5, 1.29294], "texture": "#2", "cullface": "down"}
			}
		},
		{
			"name": "hexadecagon",
			"from": [0.75, 0, 3.35353],
			"to": [7.25, 1.25, 4.64647],
			"rotation": {"angle": 22.5, "axis": "y", "origin": [4, 0.25, 4]},
			"faces": {
				"east": {"uv": [0, 0, 1.29294, 1.25], "texture": "#2"},
				"west": {"uv": [0, 0, 1.29294, 1.25], "texture": "#2"},
				"down": {"uv": [0, 0, 6.5, 1.29294], "texture": "#2", "cullface": "down"}
			}
		},
		{
			"name": "hexadecagon",
			"from": [3.25408, 1.25, 0.25],
			"to": [4.74592, 1.75, 7.75],
			"rotation": {"angle": -45, "axis": "y", "origin": [4, 1.75, 4]},
			"faces": {
				"north": {"uv": [0, 0, 1.49184, 0.5], "texture": "#2"},
				"south": {"uv": [0, 0, 1.49184, 0.5], "texture": "#2"},
				"up": {"uv": [0, 0, 1.49184, 7.5], "texture": "#2"},
				"down": {"uv": [0, 0, 1.49184, 7.5], "texture": "#2"}
			}
		},
		{
			"name": "hexadecagon",
			"from": [3.25408, 1.25, 0.25],
			"to": [4.74592, 1.75, 7.75],
			"rotation": {"angle": -22.5, "axis": "y", "origin": [4, 1.75, 4]},
			"faces": {
				"north": {"uv": [0, 0, 1.49184, 0.5], "texture": "#2"},
				"south": {"uv": [0, 0, 1.49184, 0.5], "texture": "#2"},
				"up": {"uv": [0, 0, 1.49184, 7.5], "texture": "#2"},
				"down": {"uv": [0, 0, 1.49184, 7.5], "texture": "#2"}
			}
		},
		{
			"name": "hexadecagon",
			"from": [3.25408, 1.25, 0.25],
			"to": [4.74592, 1.75, 7.75],
			"rotation": {"angle": 0, "axis": "y", "origin": [4, 1.75, 4]},
			"faces": {
				"north": {"uv": [0, 0, 1.49184, 0.5], "texture": "#2"},
				"south": {"uv": [0, 0, 1.49184, 0.5], "texture": "#2"},
				"up": {"uv": [0, 0, 1.49184, 7.5], "texture": "#2"},
				"down": {"uv": [0, 0, 1.49184, 7.5], "texture": "#2"}
			}
		},
		{
			"name": "hexadecagon",
			"from": [3.25408, 1.25, 0.25],
			"to": [4.74592, 1.75, 7.75],
			"rotation": {"angle": 22.5, "axis": "y", "origin": [4, 1.75, 4]},
			"faces": {
				"north": {"uv": [0, 0, 1.49184, 0.5], "texture": "#2"},
				"south": {"uv": [0, 0, 1.49184, 0.5], "texture": "#2"},
				"up": {"uv": [0, 0, 1.49184, 7.5], "texture": "#2"},
				"down": {"uv": [0, 0, 1.49184, 7.5], "texture": "#2"}
			}
		},
		{
			"name": "hexadecagon",
			"from": [3.25408, 1.25, 0.25],
			"to": [4.74592, 1.75, 7.75],
			"rotation": {"angle": 45, "axis": "y", "origin": [4, 1.75, 4]},
			"faces": {
				"north": {"uv": [0, 0, 1.49184, 0.5], "texture": "#2"},
				"south": {"uv": [0, 0, 1.49184, 0.5], "texture": "#2"},
				"up": {"uv": [0, 0, 1.49184, 7.5], "texture": "#2"},
				"down": {"uv": [0, 0, 1.49184, 7.5], "texture": "#2"}
			}
		},
		{
			"name": "hexadecagon",
			"from": [0.25, 1.25, 3.25408],
			"to": [7.75, 1.75, 4.74592],
			"rotation": {"angle": -22.5, "axis": "y", "origin": [4, 1.75, 4]},
			"faces": {
				"east": {"uv": [0, 0, 1.49184, 0.5], "texture": "#2"},
				"west": {"uv": [0, 0, 1.49184, 0.5], "texture": "#2"},
				"up": {"uv": [0, 0, 7.5, 1.49184], "texture": "#2"},
				"down": {"uv": [0, 0, 7.5, 1.49184], "texture": "#2"}
			}
		},
		{
			"name": "hexadecagon",
			"from": [0.25, 1.25, 3.25408],
			"to": [7.75, 1.75, 4.74592],
			"rotation": {"angle": 0, "axis": "y", "origin": [4, 1.75, 4]},
			"faces": {
				"east": {"uv": [0, 0, 1.49184, 0.5], "texture": "#2"},
				"west": {"uv": [0, 0, 1.49184, 0.5], "texture": "#2"},
				"up": {"uv": [0, 0, 7.5, 1.49184], "texture": "#2"},
				"down": {"uv": [0, 0, 7.5, 1.49184], "texture": "#2"}
			}
		},
		{
			"name": "hexadecagon",
			"from": [0.25, 1.25, 3.25408],
			"to": [7.75, 1.75, 4.74592],
			"rotation": {"angle": 22.5, "axis": "y", "origin": [4, 1.75, 4]},
			"faces": {
				"east": {"uv": [0, 0, 1.49184, 0.5], "texture": "#2"},
				"west": {"uv": [0, 0, 1.49184, 0.5], "texture": "#2"},
				"up": {"uv": [0, 0, 7.5, 1.49184], "texture": "#2"},
				"down": {"uv": [0, 0, 7.5, 1.49184], "texture": "#2"}
			}
		},
		{
			"name": "hexadecagon",
			"from": [11.50272, 4.35, 9.5],
			"to": [12.49728, 5.6, 14.5],
			"rotation": {"angle": 45, "axis": "y", "origin": [12, 4.85, 12]},
			"faces": {
				"north": {"uv": [0, 0, 0.99456, 1.25], "texture": "#particle"},
				"south": {"uv": [0, 0, 0.99456, 1.25], "texture": "#particle"},
				"up": {"uv": [0.99456, 5, 0, 0], "texture": "#particle"}
			}
		},
		{
			"name": "hexadecagon",
			"from": [11.50272, 4.35, 9.5],
			"to": [12.49728, 5.6, 14.5],
			"rotation": {"angle": 22.5, "axis": "y", "origin": [12, 4.85, 12]},
			"faces": {
				"north": {"uv": [0, 0, 0.99456, 1.25], "texture": "#particle"},
				"south": {"uv": [0, 0, 0.99456, 1.25], "texture": "#particle"},
				"up": {"uv": [0.99456, 5, 0, 0], "texture": "#particle"}
			}
		},
		{
			"name": "hexadecagon",
			"from": [11.50272, 4.35, 9.5],
			"to": [12.49728, 5.6, 14.5],
			"rotation": {"angle": 0, "axis": "y", "origin": [12, 4.85, 12]},
			"faces": {
				"north": {"uv": [0, 0, 0.99456, 1.25], "texture": "#particle"},
				"south": {"uv": [0, 0, 0.99456, 1.25], "texture": "#particle"},
				"up": {"uv": [0.99456, 5, 0, 0], "texture": "#particle"}
			}
		},
		{
			"name": "hexadecagon",
			"from": [11.50272, 4.35, 9.5],
			"to": [12.49728, 5.6, 14.5],
			"rotation": {"angle": -22.5, "axis": "y", "origin": [12, 4.85, 12]},
			"faces": {
				"north": {"uv": [0, 0, 0.99456, 1.25], "texture": "#particle"},
				"south": {"uv": [0, 0, 0.99456, 1.25], "texture": "#particle"},
				"up": {"uv": [0.99456, 5, 0, 0], "texture": "#particle"}
			}
		},
		{
			"name": "hexadecagon",
			"from": [11.50272, 4.35, 9.5],
			"to": [12.49728, 5.6, 14.5],
			"rotation": {"angle": -45, "axis": "y", "origin": [12, 4.85, 12]},
			"faces": {
				"north": {"uv": [0, 0, 0.99456, 1.25], "texture": "#particle"},
				"south": {"uv": [0, 0, 0.99456, 1.25], "texture": "#particle"},
				"up": {"uv": [0.99456, 5, 0, 0], "texture": "#particle"}
			}
		},
		{
			"name": "hexadecagon",
			"from": [9.5, 4.35, 11.50272],
			"to": [14.5, 5.6, 12.49728],
			"rotation": {"angle": 22.5, "axis": "y", "origin": [12, 4.85, 12]},
			"faces": {
				"east": {"uv": [0, 0, 0.99456, 1.25], "texture": "#particle"},
				"west": {"uv": [0, 0, 0.99456, 1.25], "texture": "#particle"},
				"up": {"uv": [5, 0.99456, 0, 0], "texture": "#particle"}
			}
		},
		{
			"name": "hexadecagon",
			"from": [9.5, 4.35, 11.50272],
			"to": [14.5, 5.6, 12.49728],
			"rotation": {"angle": 0, "axis": "y", "origin": [12, 4.85, 12]},
			"faces": {
				"east": {"uv": [0, 0, 0.99456, 1.25], "texture": "#particle"},
				"west": {"uv": [0, 0, 0.99456, 1.25], "texture": "#particle"},
				"up": {"uv": [5, 0.99456, 0, 0], "texture": "#particle"}
			}
		},
		{
			"name": "hexadecagon",
			"from": [9.5, 4.35, 11.50272],
			"to": [14.5, 5.6, 12.49728],
			"rotation": {"angle": -22.5, "axis": "y", "origin": [12, 4.85, 12]},
			"faces": {
				"east": {"uv": [0, 0, 0.99456, 1.25], "texture": "#particle"},
				"west": {"uv": [0, 0, 0.99456, 1.25], "texture": "#particle"},
				"up": {"uv": [5, 0.99456, 0, 0], "texture": "#particle"}
			}
		},
		{
			"from": [8, 1.7582, 8],
			"to": [16, 4.35, 16],
			"rotation": {"angle": 0, "axis": "y", "origin": [16, 1.6832, 24]},
			"faces": {
				"north": {"uv": [0, 0, 8, 2.5918], "texture": "#particle"},
				"east": {"uv": [0, 0, 8, 2.5918], "texture": "#particle"},
				"south": {"uv": [0, 0, 8, 2.5918], "texture": "#particle"},
				"west": {"uv": [0, 0, 8, 2.5918], "texture": "#particle"},
				"up": {"uv": [8, 8, 16, 16], "texture": "#particle"},
				"down": {"uv": [0, 0, 8, 8], "texture": "#particle"}
			}
		},
		{
			"name": "hexadecagon",
			"from": [11.35353, 0, 8.75],
			"to": [12.64647, 1.25, 15.25],
			"rotation": {"angle": -45, "axis": "y", "origin": [12, 0.25, 12]},
			"faces": {
				"north": {"uv": [0, 0, 1.29294, 1.25], "texture": "#2"},
				"south": {"uv": [0, 0, 1.29294, 1.25], "texture": "#2"},
				"down": {"uv": [0, 0, 1.29294, 6.5], "texture": "#2", "cullface": "down"}
			}
		},
		{
			"name": "hexadecagon",
			"from": [11.35353, 0, 8.75],
			"to": [12.64647, 1.25, 15.25],
			"rotation": {"angle": -22.5, "axis": "y", "origin": [12, 0.25, 12]},
			"faces": {
				"north": {"uv": [0, 0, 1.29294, 1.25], "texture": "#2"},
				"south": {"uv": [0, 0, 1.29294, 1.25], "texture": "#2"},
				"down": {"uv": [0, 0, 1.29294, 6.5], "texture": "#2", "cullface": "down"}
			}
		},
		{
			"name": "hexadecagon",
			"from": [11.35353, 0, 8.75],
			"to": [12.64647, 1.25, 15.25],
			"rotation": {"angle": 0, "axis": "y", "origin": [12, 0.25, 12]},
			"faces": {
				"north": {"uv": [0, 0, 1.29294, 1.25], "texture": "#2"},
				"south": {"uv": [0, 0, 1.29294, 1.25], "texture": "#2"},
				"down": {"uv": [0, 0, 1.29294, 6.5], "texture": "#2", "cullface": "down"}
			}
		},
		{
			"name": "hexadecagon",
			"from": [11.35353, 0, 8.75],
			"to": [12.64647, 1.25, 15.25],
			"rotation": {"angle": 22.5, "axis": "y", "origin": [12, 0.25, 12]},
			"faces": {
				"north": {"uv": [0, 0, 1.29294, 1.25], "texture": "#2"},
				"south": {"uv": [0, 0, 1.29294, 1.25], "texture": "#2"},
				"down": {"uv": [0, 0, 1.29294, 6.5], "texture": "#2", "cullface": "down"}
			}
		},
		{
			"name": "hexadecagon",
			"from": [11.35353, 0, 8.75],
			"to": [12.64647, 1.25, 15.25],
			"rotation": {"angle": 45, "axis": "y", "origin": [12, 0.25, 12]},
			"faces": {
				"north": {"uv": [0, 0, 1.29294, 1.25], "texture": "#2"},
				"south": {"uv": [0, 0, 1.29294, 1.25], "texture": "#2"},
				"down": {"uv": [0, 0, 1.29294, 6.5], "texture": "#2", "cullface": "down"}
			}
		},
		{
			"name": "hexadecagon",
			"from": [8.75, 0, 11.35353],
			"to": [15.25, 1.25, 12.64647],
			"rotation": {"angle": -22.5, "axis": "y", "origin": [12, 0.25, 12]},
			"faces": {
				"east": {"uv": [0, 0, 1.29294, 1.25], "texture": "#2"},
				"west": {"uv": [0, 0, 1.29294, 1.25], "texture": "#2"},
				"down": {"uv": [0, 0, 6.5, 1.29294], "texture": "#2", "cullface": "down"}
			}
		},
		{
			"name": "hexadecagon",
			"from": [8.75, 0, 11.35353],
			"to": [15.25, 1.25, 12.64647],
			"rotation": {"angle": 0, "axis": "y", "origin": [12, 0.25, 12]},
			"faces": {
				"east": {"uv": [0, 0, 1.29294, 1.25], "texture": "#2"},
				"west": {"uv": [0, 0, 1.29294, 1.25], "texture": "#2"},
				"down": {"uv": [0, 0, 6.5, 1.29294], "texture": "#2", "cullface": "down"}
			}
		},
		{
			"name": "hexadecagon",
			"from": [8.75, 0, 11.35353],
			"to": [15.25, 1.25, 12.64647],
			"rotation": {"angle": 22.5, "axis": "y", "origin": [12, 0.25, 12]},
			"faces": {
				"east": {"uv": [0, 0, 1.29294, 1.25], "texture": "#2"},
				"west": {"uv": [0, 0, 1.29294, 1.25], "texture": "#2"},
				"down": {"uv": [0, 0, 6.5, 1.29294], "texture": "#2", "cullface": "down"}
			}
		},
		{
			"name": "hexadecagon",
			"from": [11.25408, 1.25, 8.25],
			"to": [12.74592, 1.75, 15.75],
			"rotation": {"angle": -45, "axis": "y", "origin": [12, 1.75, 12]},
			"faces": {
				"north": {"uv": [0, 0, 1.49184, 0.5], "texture": "#2"},
				"south": {"uv": [0, 0, 1.49184, 0.5], "texture": "#2"},
				"up": {"uv": [1.49184, 7.5, 0, 0], "texture": "#2"},
				"down": {"uv": [1.49184, 7.5, 0, 0], "texture": "#2"}
			}
		},
		{
			"name": "hexadecagon",
			"from": [11.25408, 1.25, 8.25],
			"to": [12.74592, 1.75, 15.75],
			"rotation": {"angle": -22.5, "axis": "y", "origin": [12, 1.75, 12]},
			"faces": {
				"north": {"uv": [0, 0, 1.49184, 0.5], "texture": "#2"},
				"south": {"uv": [0, 0, 1.49184, 0.5], "texture": "#2"},
				"up": {"uv": [1.49184, 7.5, 0, 0], "texture": "#2"},
				"down": {"uv": [1.49184, 7.5, 0, 0], "texture": "#2"}
			}
		},
		{
			"name": "hexadecagon",
			"from": [11.25408, 1.25, 8.25],
			"to": [12.74592, 1.75, 15.75],
			"rotation": {"angle": 0, "axis": "y", "origin": [12, 1.75, 12]},
			"faces": {
				"north": {"uv": [0, 0, 1.49184, 0.5], "texture": "#2"},
				"south": {"uv": [0, 0, 1.49184, 0.5], "texture": "#2"},
				"up": {"uv": [1.49184, 7.5, 0, 0], "texture": "#2"},
				"down": {"uv": [1.49184, 7.5, 0, 0], "texture": "#2"}
			}
		},
		{
			"name": "hexadecagon",
			"from": [11.25408, 1.25, 8.25],
			"to": [12.74592, 1.75, 15.75],
			"rotation": {"angle": 22.5, "axis": "y", "origin": [12, 1.75, 12]},
			"faces": {
				"north": {"uv": [0, 0, 1.49184, 0.5], "texture": "#2"},
				"south": {"uv": [0, 0, 1.49184, 0.5], "texture": "#2"},
				"up": {"uv": [1.49184, 7.5, 0, 0], "texture": "#2"},
				"down": {"uv": [1.49184, 7.5, 0, 0], "texture": "#2"}
			}
		},
		{
			"name": "hexadecagon",
			"from": [11.25408, 1.25, 8.25],
			"to": [12.74592, 1.75, 15.75],
			"rotation": {"angle": 45, "axis": "y", "origin": [12, 1.75, 12]},
			"faces": {
				"north": {"uv": [0, 0, 1.49184, 0.5], "texture": "#2"},
				"south": {"uv": [0, 0, 1.49184, 0.5], "texture": "#2"},
				"up": {"uv": [1.49184, 7.5, 0, 0], "texture": "#2"},
				"down": {"uv": [1.49184, 7.5, 0, 0], "texture": "#2"}
			}
		},
		{
			"name": "hexadecagon",
			"from": [8.25, 1.25, 11.25408],
			"to": [15.75, 1.75, 12.74592],
			"rotation": {"angle": -22.5, "axis": "y", "origin": [12, 1.75, 12]},
			"faces": {
				"east": {"uv": [0, 0, 1.49184, 0.5], "texture": "#2"},
				"west": {"uv": [0, 0, 1.49184, 0.5], "texture": "#2"},
				"up": {"uv": [7.5, 1.49184, 0, 0], "texture": "#2"},
				"down": {"uv": [7.5, 1.49184, 0, 0], "texture": "#2"}
			}
		},
		{
			"name": "hexadecagon",
			"from": [8.25, 1.25, 11.25408],
			"to": [15.75, 1.75, 12.74592],
			"rotation": {"angle": 0, "axis": "y", "origin": [12, 1.75, 12]},
			"faces": {
				"east": {"uv": [0, 0, 1.49184, 0.5], "texture": "#2"},
				"west": {"uv": [0, 0, 1.49184, 0.5], "texture": "#2"},
				"up": {"uv": [7.5, 1.49184, 0, 0], "texture": "#2"},
				"down": {"uv": [7.5, 1.49184, 0, 0], "texture": "#2"}
			}
		},
		{
			"name": "hexadecagon",
			"from": [8.25, 1.25, 11.25408],
			"to": [15.75, 1.75, 12.74592],
			"rotation": {"angle": 22.5, "axis": "y", "origin": [12, 1.75, 12]},
			"faces": {
				"east": {"uv": [0, 0, 1.49184, 0.5], "texture": "#2"},
				"west": {"uv": [0, 0, 1.49184, 0.5], "texture": "#2"},
				"up": {"uv": [7.5, 1.49184, 0, 0], "texture": "#2"},
				"down": {"uv": [7.5, 1.49184, 0, 0], "texture": "#2"}
			}
		}
	],
	"display": {
		"thirdperson_righthand": {
			"rotation": [75, -45, 0],
			"translation": [0, 2.5, 0],
			"scale": [0.375, 0.375, 0.375]
		},
		"thirdperson_lefthand": {
			"rotation": [75, 45, 0],
			"translation": [0, 2.5, 0],
			"scale": [0.375, 0.375, 0.375]
		},
		"firstperson_righthand": {
			"rotation": [0, -180, 0],
			"translation": [0, 3, 0],
			"scale": [0.4, 0.4, 0.4]
		},
		"firstperson_lefthand": {
			"rotation": [0, -90, 0],
			"translation": [0, 3, 0],
			"scale": [0.4, 0.4, 0.4]
		},
		"ground": {
			"translation": [0, 3, 0],
			"scale": [0.25, 0.25, 0.25]
		},
		"gui": {
			"rotation": [30, 225, 0],
			"translation": [0, 2.75, 0],
			"scale": [0.625, 0.625, 0.625]
		},
		"head": {
			"translation": [0, 14.25, 0]
		},
		"fixed": {
			"translation": [0, 0, -3.75],
			"scale": [0.5, 0.5, 0.5]
		}
	},
	"groups": [
		{
			"name": "mushroom",
			"origin": [8, 8, 8],
			"color": 0,
			"children": [
				{
					"name": "hexadecagon",
					"origin": [8, 8, 8],
					"color": 0,
					"children": [0, 1, 2, 3, 4, 5, 6, 7, 8]
				},
				{
					"name": "Little Nob",
					"origin": [8, 8, 8],
					"color": 0,
					"children": [
						{
							"name": "hexadecagon",
							"origin": [8, 8, 8],
							"color": 0,
							"children": [9, 10, 11, 12, 13, 14, 15, 16]
						},
						{
							"name": "hexadecagon",
							"origin": [8, 8, 8],
							"color": 0,
							"children": [17, 18, 19, 20, 21, 22, 23, 24]
						}
					]
				}
			]
		},
		{
			"name": "mushroom",
			"origin": [8, 8, 8],
			"color": 0,
			"children": [
				{
					"name": "hexadecagon",
					"origin": [8, 8, 8],
					"color": 0,
					"children": [25, 26, 27, 28, 29, 30, 31, 32, 33]
				},
				{
					"name": "Little Nob",
					"origin": [8, 8, 8],
					"color": 0,
					"children": [
						{
							"name": "hexadecagon",
							"origin": [8, 8, 8],
							"color": 0,
							"children": [34, 35, 36, 37, 38, 39, 40, 41]
						},
						{
							"name": "hexadecagon",
							"origin": [8, 8, 8],
							"color": 0,
							"children": [42, 43, 44, 45, 46, 47, 48, 49]
						}
					]
				}
			]
		}
	]
}