{
	"credit": "AlexTestria | https://alex-bauerndistel.de",
	"textures": {
		"0": "brickcraft/material/plastics/shader_support/plastic14",
		"1": "brickcraft/material/plastics/shader_support/plastic17",
		"particle": "brickcraft/material/plastics/shader_support/plastic14"
	},
	"elements": [
		{
			"from": [15, 0.075, 0],
			"to": [16, 2.6666, 16],
			"rotation": {"angle": 0, "axis": "y", "origin": [16, 0, 0]},
			"faces": {
				"north": {"uv": [0, 0, 1, 2.5916], "texture": "#0", "cullface": "north"},
				"east": {"uv": [0, 0, 16, 2.5916], "texture": "#0", "cullface": "east"},
				"south": {"uv": [0, 0, 1, 2.5916], "texture": "#0", "cullface": "south"},
				"west": {"uv": [0, 0, 16, 2.5916], "texture": "#0", "cullface": "down"}
			}
		},
		{
			"from": [1, 0.075, 15],
			"to": [15, 2.6666, 16],
			"rotation": {"angle": 0, "axis": "y", "origin": [16, 0, 0]},
			"faces": {
				"north": {"uv": [0, 0, 14, 2.5916], "texture": "#0", "cullface": "down"},
				"south": {"uv": [1, 0, 15, 2.5916], "texture": "#0", "cullface": "south"}
			}
		},
		{
			"from": [1, 0.075, 0],
			"to": [15, 2.6666, 1],
			"rotation": {"angle": 0, "axis": "y", "origin": [16, 0, 0]},
			"faces": {
				"north": {"uv": [1, 0, 15, 2.5916], "texture": "#0", "cullface": "north"},
				"south": {"uv": [0, 0, 14, 2.5916], "texture": "#0", "cullface": "down"}
			}
		},
		{
			"from": [0, 0.075, 0],
			"to": [1, 2.6666, 16],
			"rotation": {"angle": 0, "axis": "y", "origin": [16, 0, 0]},
			"faces": {
				"north": {"uv": [0, 0, 1, 2.5916], "texture": "#0", "cullface": "north"},
				"east": {"uv": [0, 0, 16, 2.5916], "texture": "#0", "cullface": "down"},
				"south": {"uv": [0, 0, 1, 2.5916], "texture": "#0", "cullface": "south"},
				"west": {"uv": [0, 0, 16, 2.5916], "texture": "#0", "cullface": "west"}
			}
		},
		{
			"from": [1, 0, 0],
			"to": [15, 0.075, 1],
			"rotation": {"angle": 0, "axis": "y", "origin": [16, 0, 0]},
			"faces": {
				"north": {"uv": [0, 0, 14, 0.075], "texture": "#0", "cullface": "north"},
				"south": {"uv": [0, 0, 14, 0.075], "texture": "#0", "cullface": "down"},
				"down": {"uv": [0, 0, 1, 14], "rotation": 270, "texture": "#0", "cullface": "down"}
			}
		},
		{
			"from": [15, 0, 0],
			"to": [16, 0.075, 16],
			"rotation": {"angle": 0, "axis": "y", "origin": [16, 0, 0]},
			"faces": {
				"north": {"uv": [0, 0, 1, 0.075], "texture": "#0", "cullface": "north"},
				"east": {"uv": [0, 0, 16, 0.075], "texture": "#0", "cullface": "east"},
				"south": {"uv": [0, 0, 1, 0.075], "texture": "#0", "cullface": "south"},
				"west": {"uv": [0, 0, 16, 0.075], "texture": "#0", "cullface": "down"},
				"down": {"uv": [0, 0, 16, 1], "rotation": 270, "texture": "#0", "cullface": "down"}
			}
		},
		{
			"from": [0, 0, 0],
			"to": [1, 0.075, 16],
			"rotation": {"angle": 0, "axis": "y", "origin": [16, 0, 0]},
			"faces": {
				"north": {"uv": [0, 0, 1, 0.075], "texture": "#0", "cullface": "north"},
				"east": {"uv": [0, 0, 16, 0.075], "texture": "#0", "cullface": "down"},
				"south": {"uv": [0, 0, 1, 0.075], "texture": "#0", "cullface": "south"},
				"west": {"uv": [0, 0, 16, 0.075], "texture": "#0", "cullface": "west"},
				"down": {"uv": [0, 0, 16, 1], "rotation": 270, "texture": "#0", "cullface": "down"}
			}
		},
		{
			"from": [1, 0, 15],
			"to": [15, 0.075, 16],
			"rotation": {"angle": 0, "axis": "y", "origin": [16, 0, 0]},
			"faces": {
				"north": {"uv": [0, 0, 14, 0.075], "texture": "#0", "cullface": "down"},
				"south": {"uv": [0, 0, 14, 0.075], "texture": "#0", "cullface": "south"},
				"down": {"uv": [0, 0, 1, 14], "rotation": 270, "texture": "#0", "cullface": "down"}
			}
		},
		{
			"from": [0, 2.6666, 0],
			"to": [16, 2.7416, 16],
			"rotation": {"angle": 0, "axis": "y", "origin": [16, 0, 0]},
			"faces": {
				"north": {"uv": [0, 0, 15.5, 0.05], "texture": "#1", "cullface": "north"},
				"east": {"uv": [0, 0, 15.5, 0.05], "texture": "#1", "cullface": "east"},
				"south": {"uv": [0, 0, 15.5, 0.05], "texture": "#1", "cullface": "south"},
				"west": {"uv": [0, 0, 15.5, 0.05], "texture": "#1", "cullface": "west"},
				"down": {"uv": [0, 0, 15.5, 15.5], "rotation": 270, "texture": "#0", "cullface": "down"}
			}
		},
		{
			"from": [0, 2.7416, 0],
			"to": [16, 5.3334, 16],
			"rotation": {"angle": 0, "axis": "y", "origin": [16, 2.6666, 0]},
			"faces": {
				"north": {"uv": [0, 0, 16, 2.6168], "texture": "#0", "cullface": "north"},
				"east": {"uv": [0, 0, 16, 2.6168], "texture": "#0", "cullface": "east"},
				"south": {"uv": [0, 0, 16, 2.6168], "texture": "#0", "cullface": "south"},
				"west": {"uv": [0, 0, 16, 2.6168], "texture": "#0", "cullface": "west"}
			}
		},
		{
			"from": [0, 5.4084, 0],
			"to": [16, 8.0002, 16],
			"rotation": {"angle": 0, "axis": "y", "origin": [16, 5.3334, 0]},
			"faces": {
				"north": {"uv": [0, 0, 16, 2.6168], "texture": "#0", "cullface": "north"},
				"east": {"uv": [0, 0, 16, 2.6168], "texture": "#0", "cullface": "east"},
				"south": {"uv": [0, 0, 16, 2.6168], "texture": "#0", "cullface": "south"},
				"west": {"uv": [0, 0, 16, 2.6168], "texture": "#0", "cullface": "west"}
			}
		},
		{
			"from": [0, 5.3334, 0],
			"to": [16, 5.4084, 16],
			"rotation": {"angle": 0, "axis": "y", "origin": [16, 2.6668, 0]},
			"faces": {
				"north": {"uv": [0, 0, 15.5, 0.05], "texture": "#1", "cullface": "north"},
				"east": {"uv": [0, 0, 15.5, 0.05], "texture": "#1", "cullface": "east"},
				"south": {"uv": [0, 0, 15.5, 0.05], "texture": "#1", "cullface": "south"},
				"west": {"uv": [0, 0, 15.5, 0.05], "texture": "#1", "cullface": "west"}
			}
		},
		{
			"from": [0, 8.0752, 0],
			"to": [16, 10.667, 16],
			"rotation": {"angle": 0, "axis": "y", "origin": [16, 8.0002, 0]},
			"faces": {
				"north": {"uv": [0, 0, 16, 2.6168], "texture": "#0", "cullface": "north"},
				"east": {"uv": [0, 0, 16, 2.6168], "texture": "#0", "cullface": "east"},
				"south": {"uv": [0, 0, 16, 2.6168], "texture": "#0", "cullface": "south"},
				"west": {"uv": [0, 0, 16, 2.6168], "texture": "#0", "cullface": "west"},
				"up": {"uv": [0, 0, 16, 16], "texture": "#0"}
			}
		},
		{
			"from": [0, 8.0002, 0],
			"to": [16, 8.0752, 16],
			"rotation": {"angle": 0, "axis": "y", "origin": [16, 5.3336, 0]},
			"faces": {
				"north": {"uv": [0, 0, 15.5, 0.05], "texture": "#1", "cullface": "north"},
				"east": {"uv": [0, 0, 15.5, 0.05], "texture": "#1", "cullface": "east"},
				"south": {"uv": [0, 0, 15.5, 0.05], "texture": "#1", "cullface": "south"},
				"west": {"uv": [0, 0, 15.5, 0.05], "texture": "#1", "cullface": "west"}
			}
		},
		{
			"name": "hexadecagon",
			"from": [7.30381, 0.075, 10.5],
			"to": [8.69619, 2.75, 11.5],
			"rotation": {"angle": 45, "axis": "y", "origin": [8, 1.4125, 8]},
			"faces": {
				"north": {"uv": [0, 0, 1.39239, 10.7], "texture": "#0", "cullface": "down"},
				"south": {"uv": [0, 0, 1.39238, 2.675], "texture": "#0", "cullface": "down"},
				"down": {"uv": [0, 0, 1, 1.39238], "rotation": 270, "texture": "#0", "cullface": "down"}
			}
		},
		{
			"name": "hexadecagon",
			"from": [7.30381, 0.075, 4.5],
			"to": [8.69619, 2.75, 5.5],
			"rotation": {"angle": 45, "axis": "y", "origin": [8, 1.4125, 8]},
			"faces": {
				"north": {"uv": [0, 0, 1.39238, 2.675], "texture": "#0", "cullface": "down"},
				"south": {"uv": [0, 0, 1.39238, 2.675], "texture": "#0", "cullface": "down"},
				"down": {"uv": [0, 0, 1, 1.39238], "rotation": 270, "texture": "#0", "cullface": "down"}
			}
		},
		{
			"name": "hexadecagon",
			"from": [4.5, 0.075, 7.30381],
			"to": [5.5, 2.75, 8.69619],
			"rotation": {"angle": -22.5, "axis": "y", "origin": [8, 1.4125, 8]},
			"faces": {
				"east": {"uv": [0, 0, 1.39238, 2.675], "texture": "#0", "cullface": "down"},
				"west": {"uv": [0, 0, 1.39238, 2.675], "texture": "#0", "cullface": "down"},
				"down": {"uv": [0, 0, 1, 1.39238], "texture": "#0", "cullface": "down"}
			}
		},
		{
			"name": "hexadecagon",
			"from": [10.5, 0.075, 7.30381],
			"to": [11.5, 2.75, 8.69619],
			"rotation": {"angle": -22.5, "axis": "y", "origin": [8, 1.4125, 8]},
			"faces": {
				"east": {"uv": [0, 0, 1.39238, 2.675], "texture": "#0", "cullface": "down"},
				"west": {"uv": [0, 0, 1.39239, 10.7], "texture": "#0", "cullface": "down"},
				"down": {"uv": [0, 0, 1, 1.39238], "texture": "#0", "cullface": "down"}
			}
		},
		{
			"name": "hexadecagon",
			"from": [4.5, 0.075, 7.30381],
			"to": [5.5, 2.75, 8.69619],
			"rotation": {"angle": 0, "axis": "y", "origin": [8, 1.4125, 8]},
			"faces": {
				"east": {"uv": [0, 0, 1.39238, 2.675], "texture": "#0", "cullface": "down"},
				"west": {"uv": [0, 0, 1.39238, 2.675], "texture": "#0", "cullface": "down"},
				"down": {"uv": [0, 0, 1, 1.39238], "texture": "#0", "cullface": "down"}
			}
		},
		{
			"name": "hexadecagon",
			"from": [10.5, 0.075, 7.30381],
			"to": [11.5, 2.75, 8.69619],
			"rotation": {"angle": 0, "axis": "y", "origin": [8, 1.4125, 8]},
			"faces": {
				"east": {"uv": [0, 0, 1.39238, 2.675], "texture": "#0", "cullface": "down"},
				"west": {"uv": [0, 0, 1.39239, 10.7], "texture": "#0", "cullface": "down"},
				"down": {"uv": [0, 0, 1, 1.39238], "texture": "#0", "cullface": "down"}
			}
		},
		{
			"name": "hexadecagon",
			"from": [4.5, 0.075, 7.30381],
			"to": [5.5, 2.75, 8.69619],
			"rotation": {"angle": 22.5, "axis": "y", "origin": [8, 1.4125, 8]},
			"faces": {
				"east": {"uv": [0, 0, 1.39238, 2.675], "texture": "#0", "cullface": "down"},
				"west": {"uv": [0, 0, 1.39238, 2.675], "texture": "#0", "cullface": "down"},
				"down": {"uv": [0, 0, 1, 1.39238], "texture": "#0", "cullface": "down"}
			}
		},
		{
			"name": "hexadecagon",
			"from": [10.5, 0.075, 7.30381],
			"to": [11.5, 2.75, 8.69619],
			"rotation": {"angle": 22.5, "axis": "y", "origin": [8, 1.4125, 8]},
			"faces": {
				"east": {"uv": [0, 0, 1.39238, 2.675], "texture": "#0", "cullface": "down"},
				"west": {"uv": [0, 0, 1.39239, 10.7], "texture": "#0", "cullface": "down"},
				"down": {"uv": [0, 0, 1, 1.39238], "texture": "#0", "cullface": "down"}
			}
		},
		{
			"name": "hexadecagon",
			"from": [7.30381, 0.075, 10.5],
			"to": [8.69619, 2.75, 11.5],
			"rotation": {"angle": -22.5, "axis": "y", "origin": [8, 1.4125, 8]},
			"faces": {
				"north": {"uv": [0, 0, 1.39238, 2.675], "texture": "#0", "cullface": "down"},
				"south": {"uv": [0, 0, 1.39238, 2.675], "texture": "#0", "cullface": "down"},
				"down": {"uv": [0, 0, 1, 1.39238], "rotation": 90, "texture": "#0", "cullface": "down"}
			}
		},
		{
			"name": "hexadecagon",
			"from": [7.30381, 0.075, 4.5],
			"to": [8.69619, 2.75, 5.5],
			"rotation": {"angle": -22.5, "axis": "y", "origin": [8, 1.4125, 8]},
			"faces": {
				"north": {"uv": [0, 0, 1.39238, 2.675], "texture": "#0", "cullface": "down"},
				"south": {"uv": [0, 0, 1.39239, 10.7], "texture": "#0", "cullface": "down"},
				"down": {"uv": [0, 0, 1, 1.39238], "rotation": 90, "texture": "#0", "cullface": "down"}
			}
		},
		{
			"name": "hexadecagon",
			"from": [7.30381, 0.075, 4.5],
			"to": [8.69619, 2.75, 5.5],
			"rotation": {"angle": 0, "axis": "y", "origin": [8, 1.4125, 8]},
			"faces": {
				"north": {"uv": [0, 0, 1.39238, 2.675], "texture": "#0", "cullface": "down"},
				"south": {"uv": [0, 0, 1.39239, 10.7], "texture": "#0", "cullface": "down"},
				"down": {"uv": [0, 0, 1, 1.39238], "rotation": 90, "texture": "#0", "cullface": "down"}
			}
		},
		{
			"name": "hexadecagon",
			"from": [7.30381, 0.075, 10.5],
			"to": [8.69619, 2.75, 11.5],
			"rotation": {"angle": 0, "axis": "y", "origin": [8, 1.4125, 8]},
			"faces": {
				"north": {"uv": [0, 0, 1.39238, 2.675], "texture": "#0", "cullface": "down"},
				"south": {"uv": [0, 0, 1.39238, 2.675], "texture": "#0", "cullface": "down"},
				"down": {"uv": [0, 0, 1, 1.39238], "rotation": 90, "texture": "#0", "cullface": "down"}
			}
		},
		{
			"name": "hexadecagon",
			"from": [7.30381, 0.075, 4.5],
			"to": [8.69619, 2.75, 5.5],
			"rotation": {"angle": 22.5, "axis": "y", "origin": [8, 1.4125, 8]},
			"faces": {
				"north": {"uv": [0, 0, 1.39238, 2.675], "texture": "#0", "cullface": "down"},
				"south": {"uv": [0, 0, 1.39239, 10.7], "texture": "#0", "cullface": "down"},
				"down": {"uv": [0, 0, 1, 1.39238], "rotation": 90, "texture": "#0", "cullface": "down"}
			}
		},
		{
			"name": "hexadecagon",
			"from": [7.30381, 0.075, 10.5],
			"to": [8.69619, 2.75, 11.5],
			"rotation": {"angle": 22.5, "axis": "y", "origin": [8, 1.4125, 8]},
			"faces": {
				"north": {"uv": [0, 0, 1.39238, 2.675], "texture": "#0", "cullface": "down"},
				"south": {"uv": [0, 0, 1.39238, 2.675], "texture": "#0", "cullface": "down"},
				"down": {"uv": [0, 0, 1, 1.39238], "rotation": 90, "texture": "#0", "cullface": "down"}
			}
		},
		{
			"name": "hexadecagon",
			"from": [4.5, 0.075, 7.30381],
			"to": [5.5, 2.75, 8.69619],
			"rotation": {"angle": 45, "axis": "y", "origin": [8, 1.4125, 8]},
			"faces": {
				"east": {"uv": [0, 0, 1.39238, 2.675], "texture": "#0", "cullface": "down"},
				"west": {"uv": [0, 0, 1.39238, 2.675], "texture": "#0", "cullface": "down"},
				"down": {"uv": [0, 0, 1, 1.39238], "texture": "#0", "cullface": "down"}
			}
		},
		{
			"name": "hexadecagon",
			"from": [10.5, 0.075, 7.30381],
			"to": [11.5, 2.75, 8.69619],
			"rotation": {"angle": 45, "axis": "y", "origin": [8, 1.4125, 8]},
			"faces": {
				"east": {"uv": [0, 0, 1.39238, 2.675], "texture": "#0", "cullface": "down"},
				"west": {"uv": [0, 0, 1.39239, 10.7], "texture": "#0", "cullface": "down"},
				"down": {"uv": [0, 0, 1, 1.39238], "texture": "#0", "cullface": "down"}
			}
		},
		{
			"name": "hexadecagon",
			"from": [9.5, 10.5, 11.50272],
			"to": [14.5, 11.75, 12.49728],
			"rotation": {"angle": 45, "axis": "y", "origin": [12, 11, 12]},
			"faces": {
				"east": {"uv": [0, 0, 0.99456, 1.25], "texture": "#0"},
				"west": {"uv": [0, 0, 0.99456, 1.25], "texture": "#0"},
				"up": {"uv": [0, 0, 0.99456, 5], "rotation": 90, "texture": "#0"}
			}
		},
		{
			"name": "hexadecagon",
			"from": [9.5, 10.5, 11.50272],
			"to": [14.5, 11.75, 12.49728],
			"rotation": {"angle": 22.5, "axis": "y", "origin": [12, 11, 12]},
			"faces": {
				"east": {"uv": [0, 0, 0.99456, 1.25], "texture": "#0"},
				"west": {"uv": [0, 0, 0.99456, 1.25], "texture": "#0"},
				"up": {"uv": [0, 0, 0.99456, 5], "rotation": 90, "texture": "#0"}
			}
		},
		{
			"name": "hexadecagon",
			"from": [9.5, 10.5, 11.50272],
			"to": [14.5, 11.75, 12.49728],
			"rotation": {"angle": 0, "axis": "y", "origin": [12, 11, 12]},
			"faces": {
				"east": {"uv": [0, 0, 0.99456, 1.25], "texture": "#0"},
				"west": {"uv": [0, 0, 0.99456, 1.25], "texture": "#0"},
				"up": {"uv": [0, 0, 0.99456, 5], "rotation": 90, "texture": "#0"}
			}
		},
		{
			"name": "hexadecagon",
			"from": [9.5, 10.5, 11.50272],
			"to": [14.5, 11.75, 12.49728],
			"rotation": {"angle": -22.5, "axis": "y", "origin": [12, 11, 12]},
			"faces": {
				"east": {"uv": [0, 0, 0.99456, 1.25], "texture": "#0"},
				"west": {"uv": [0, 0, 0.99456, 1.25], "texture": "#0"},
				"up": {"uv": [0, 0, 0.99456, 5], "rotation": 90, "texture": "#0"}
			}
		},
		{
			"name": "hexadecagon",
			"from": [9.5, 10.5, 11.50272],
			"to": [14.5, 11.75, 12.49728],
			"rotation": {"angle": -45, "axis": "y", "origin": [12, 11, 12]},
			"faces": {
				"east": {"uv": [0, 0, 0.99456, 1.25], "texture": "#0"},
				"west": {"uv": [0, 0, 0.99456, 1.25], "texture": "#0"},
				"up": {"uv": [0, 0, 0.99456, 5], "rotation": 90, "texture": "#0"}
			}
		},
		{
			"name": "hexadecagon",
			"from": [11.50272, 10.5, 9.5],
			"to": [12.49728, 11.75, 14.5],
			"rotation": {"angle": 22.5, "axis": "y", "origin": [12, 11, 12]},
			"faces": {
				"north": {"uv": [0, 0, 0.99456, 1.25], "texture": "#0"},
				"south": {"uv": [0, 0, 0.99456, 1.25], "texture": "#0"},
				"up": {"uv": [0, 0, 5, 0.99456], "rotation": 90, "texture": "#0"}
			}
		},
		{
			"name": "hexadecagon",
			"from": [11.50272, 10.5, 9.5],
			"to": [12.49728, 11.75, 14.5],
			"rotation": {"angle": 0, "axis": "y", "origin": [12, 11, 12]},
			"faces": {
				"north": {"uv": [0, 0, 0.99456, 1.25], "texture": "#0"},
				"south": {"uv": [0, 0, 0.99456, 1.25], "texture": "#0"},
				"up": {"uv": [0, 0, 5, 0.99456], "rotation": 90, "texture": "#0"}
			}
		},
		{
			"name": "hexadecagon",
			"from": [11.50272, 10.5, 9.5],
			"to": [12.49728, 11.75, 14.5],
			"rotation": {"angle": -22.5, "axis": "y", "origin": [12, 11, 12]},
			"faces": {
				"north": {"uv": [0, 0, 0.99456, 1.25], "texture": "#0"},
				"south": {"uv": [0, 0, 0.99456, 1.25], "texture": "#0"},
				"up": {"uv": [0, 0, 5, 0.99456], "rotation": 90, "texture": "#0"}
			}
		},
		{
			"name": "hexadecagon",
			"from": [1.5, 10.5, 3.50272],
			"to": [6.5, 11.75, 4.49728],
			"rotation": {"angle": 45, "axis": "y", "origin": [4, 11, 4]},
			"faces": {
				"east": {"uv": [0, 0, 0.99456, 1.25], "texture": "#0"},
				"west": {"uv": [0, 0, 0.99456, 1.25], "texture": "#0"},
				"up": {"uv": [0, 0, 0.99456, 5], "rotation": 90, "texture": "#0"}
			}
		},
		{
			"name": "hexadecagon",
			"from": [1.5, 10.5, 3.50272],
			"to": [6.5, 11.75, 4.49728],
			"rotation": {"angle": 22.5, "axis": "y", "origin": [4, 11, 4]},
			"faces": {
				"east": {"uv": [0, 0, 0.99456, 1.25], "texture": "#0"},
				"west": {"uv": [0, 0, 0.99456, 1.25], "texture": "#0"},
				"up": {"uv": [0, 0, 0.99456, 5], "rotation": 90, "texture": "#0"}
			}
		},
		{
			"name": "hexadecagon",
			"from": [1.5, 10.5, 3.50272],
			"to": [6.5, 11.75, 4.49728],
			"rotation": {"angle": 0, "axis": "y", "origin": [4, 11, 4]},
			"faces": {
				"east": {"uv": [0, 0, 0.99456, 1.25], "texture": "#0"},
				"west": {"uv": [0, 0, 0.99456, 1.25], "texture": "#0"},
				"up": {"uv": [0, 0, 0.99456, 5], "rotation": 90, "texture": "#0"}
			}
		},
		{
			"name": "hexadecagon",
			"from": [1.5, 10.5, 3.50272],
			"to": [6.5, 11.75, 4.49728],
			"rotation": {"angle": -22.5, "axis": "y", "origin": [4, 11, 4]},
			"faces": {
				"east": {"uv": [0, 0, 0.99456, 1.25], "texture": "#0"},
				"west": {"uv": [0, 0, 0.99456, 1.25], "texture": "#0"},
				"up": {"uv": [0, 0, 0.99456, 5], "rotation": 90, "texture": "#0"}
			}
		},
		{
			"name": "hexadecagon",
			"from": [1.5, 10.5, 3.50272],
			"to": [6.5, 11.75, 4.49728],
			"rotation": {"angle": -45, "axis": "y", "origin": [4, 11, 4]},
			"faces": {
				"east": {"uv": [0, 0, 0.99456, 1.25], "texture": "#0"},
				"west": {"uv": [0, 0, 0.99456, 1.25], "texture": "#0"},
				"up": {"uv": [0, 0, 0.99456, 5], "rotation": 90, "texture": "#0"}
			}
		},
		{
			"name": "hexadecagon",
			"from": [3.50272, 10.5, 1.5],
			"to": [4.49728, 11.75, 6.5],
			"rotation": {"angle": 22.5, "axis": "y", "origin": [4, 11, 4]},
			"faces": {
				"north": {"uv": [0, 0, 0.99456, 1.25], "texture": "#0"},
				"south": {"uv": [0, 0, 0.99456, 1.25], "texture": "#0"},
				"up": {"uv": [0, 0, 5, 0.99456], "rotation": 90, "texture": "#0"}
			}
		},
		{
			"name": "hexadecagon",
			"from": [3.50272, 10.5, 1.5],
			"to": [4.49728, 11.75, 6.5],
			"rotation": {"angle": 0, "axis": "y", "origin": [4, 11, 4]},
			"faces": {
				"north": {"uv": [0, 0, 0.99456, 1.25], "texture": "#0"},
				"south": {"uv": [0, 0, 0.99456, 1.25], "texture": "#0"},
				"up": {"uv": [0, 0, 5, 0.99456], "rotation": 90, "texture": "#0"}
			}
		},
		{
			"name": "hexadecagon",
			"from": [3.50272, 10.5, 1.5],
			"to": [4.49728, 11.75, 6.5],
			"rotation": {"angle": -22.5, "axis": "y", "origin": [4, 11, 4]},
			"faces": {
				"north": {"uv": [0, 0, 0.99456, 1.25], "texture": "#0"},
				"south": {"uv": [0, 0, 0.99456, 1.25], "texture": "#0"},
				"up": {"uv": [0, 0, 5, 0.99456], "rotation": 90, "texture": "#0"}
			}
		}
	],
	"display": {
		"thirdperson_righthand": {
			"rotation": [75, 45, 0],
			"translation": [0, 2.5, 0],
			"scale": [0.375, 0.375, 0.375]
		},
		"thirdperson_lefthand": {
			"rotation": [75, 45, 0],
			"translation": [0, 2.5, 0],
			"scale": [-0.375, 0.375, 0.375]
		},
		"firstperson_righthand": {
			"rotation": [0, 45, 0],
			"scale": [0.4, 0.4, 0.4]
		},
		"firstperson_lefthand": {
			"rotation": [0, 225, 0],
			"scale": [0.4, 0.4, 0.4]
		},
		"ground": {
			"translation": [0, 3, 0],
			"scale": [0.25, 0.25, 0.25]
		},
		"gui": {
			"rotation": [30, 135, 0],
			"scale": [0.625, 0.625, 0.625]
		},
		"fixed": {
			"scale": [0.5, 0.5, 0.5]
		}
	},
	"groups": [0, 1, 2, 3, 4, 5, 6, 7, 8, 9, 10, 11, 12, 13,
		{
			"name": "hexadecagon",
			"origin": [8, 8, 8],
			"color": 0,
			"children": [14, 15, 16, 17, 18, 19, 20, 21, 22, 23, 24, 25, 26, 27, 28, 29]
		},
		{
			"name": "Noppen",
			"origin": [8, 8, 8],
			"color": 0,
			"children": [
				{
					"name": "hexadecagon",
					"origin": [8, 8, 8],
					"color": 0,
					"children": [30, 31, 32, 33, 34, 35, 36, 37]
				},
				{
					"name": "hexadecagon",
					"origin": [8, 8, 8],
					"color": 0,
					"children": [38, 39, 40, 41, 42, 43, 44, 45]
				}
			]
		}
	]
}