{
    "credit": "AlexTestria | https://alex-bauerndistel.de",
    "parent": "minecraft:block/.parents/stairs_outer",
    "textures": {
        "0": "minecraft:brickcraft/material/plastics/shader_support/plastic80",
				"1": "minecraft:brickcraft/material/plastics/shader_support/plastic29",
				"2": "minecraft:brickcraft/material/plastics/shader_support/plastic81",
				"3": "minecraft:brickcraft/material/plastics/shader_support/plastic80",
        "4": "minecraft:brickcraft/material/plastics/shader_support/plastic81"
    }
}
