{
	"credit": "AlexTestria | https://alex-bauerndistel.de",
	"textures": {
		"0": "brickcraft/material/plastics/shader_support/plastic46",
		"2": "brickcraft/material/plastics/shader_support/plastic29",
		"particle": "brickcraft/material/plastics/shader_support/plastic29"
	},
	"elements": [
		{
			"name": "hexadecagon",
			"from": [7.50272, 1.75, 5.5],
			"to": [8.49728, 3, 10.5],
			"rotation": {"angle": 45, "axis": "y", "origin": [8, 2.25, 8]},
			"faces": {
				"north": {"uv": [0, 0, 0.99456, 1.25], "texture": "#2", "cullface": "up"},
				"south": {"uv": [0, 0, 0.99456, 1.25], "texture": "#2", "cullface": "up"}
			}
		},
		{
			"name": "hexadecagon",
			"from": [7.50272, 1.75, 5.5],
			"to": [8.49728, 3, 10.5],
			"rotation": {"angle": 22.5, "axis": "y", "origin": [8, 2.25, 8]},
			"faces": {
				"north": {"uv": [0, 0, 0.99456, 1.25], "texture": "#2", "cullface": "up"},
				"south": {"uv": [0, 0, 0.99456, 1.25], "texture": "#2", "cullface": "up"}
			}
		},
		{
			"name": "hexadecagon",
			"from": [7.50272, 1.75, 5.5],
			"to": [8.49728, 3, 10.5],
			"rotation": {"angle": 0, "axis": "y", "origin": [8, 2.25, 8]},
			"faces": {
				"north": {"uv": [0, 0, 0.99456, 1.25], "texture": "#2", "cullface": "up"},
				"south": {"uv": [0, 0, 0.99456, 1.25], "texture": "#2", "cullface": "up"}
			}
		},
		{
			"name": "hexadecagon",
			"from": [7.50272, 1.75, 5.5],
			"to": [8.49728, 3, 10.5],
			"rotation": {"angle": -22.5, "axis": "y", "origin": [8, 2.25, 8]},
			"faces": {
				"north": {"uv": [0, 0, 0.99456, 1.25], "texture": "#2", "cullface": "up"},
				"south": {"uv": [0, 0, 0.99456, 1.25], "texture": "#2", "cullface": "up"}
			}
		},
		{
			"name": "hexadecagon",
			"from": [7.50272, 1.75, 5.5],
			"to": [8.49728, 3, 10.5],
			"rotation": {"angle": -45, "axis": "y", "origin": [8, 2.25, 8]},
			"faces": {
				"north": {"uv": [0, 0, 0.99456, 1.25], "texture": "#2", "cullface": "up"},
				"south": {"uv": [0, 0, 0.99456, 1.25], "texture": "#2", "cullface": "up"}
			}
		},
		{
			"name": "hexadecagon",
			"from": [5.5, 1.75, 7.50272],
			"to": [10.5, 3, 8.49728],
			"rotation": {"angle": 22.5, "axis": "y", "origin": [8, 2.25, 8]},
			"faces": {
				"east": {"uv": [0, 0, 0.99456, 1.25], "texture": "#2", "cullface": "up"},
				"west": {"uv": [0, 0, 0.99456, 1.25], "texture": "#2", "cullface": "up"}
			}
		},
		{
			"name": "hexadecagon",
			"from": [5.5, 1.75, 7.50272],
			"to": [10.5, 3, 8.49728],
			"rotation": {"angle": 0, "axis": "y", "origin": [8, 2.25, 8]},
			"faces": {
				"east": {"uv": [0, 0, 0.99456, 1.25], "texture": "#2", "cullface": "up"},
				"west": {"uv": [0, 0, 0.99456, 1.25], "texture": "#2", "cullface": "up"}
			}
		},
		{
			"name": "hexadecagon",
			"from": [5.5, 1.75, 7.50272],
			"to": [10.5, 3, 8.49728],
			"rotation": {"angle": -22.5, "axis": "y", "origin": [8, 2.25, 8]},
			"faces": {
				"east": {"uv": [0, 0, 0.99456, 1.25], "texture": "#2", "cullface": "up"},
				"west": {"uv": [0, 0, 0.99456, 1.25], "texture": "#2", "cullface": "up"}
			}
		},
		{
			"name": "hexadecagon",
			"from": [7.35353, 0, 4.75],
			"to": [8.64647, 1.25, 11.25],
			"rotation": {"angle": -45, "axis": "y", "origin": [8, 0.25, 8]},
			"faces": {
				"north": {"uv": [0, 0, 1.29293, 1.5], "texture": "#2", "cullface": "up"},
				"south": {"uv": [0, 0, 1.29293, 1.5], "texture": "#2", "cullface": "up"},
				"down": {"uv": [0, 0, 1.29293, 6.5], "texture": "#2", "cullface": "up"}
			}
		},
		{
			"name": "hexadecagon",
			"from": [7.35353, 0, 4.75],
			"to": [8.64647, 1.25, 11.25],
			"rotation": {"angle": -22.5, "axis": "y", "origin": [8, 0.25, 8]},
			"faces": {
				"north": {"uv": [0, 0, 1.29293, 1.5], "texture": "#2", "cullface": "up"},
				"south": {"uv": [0, 0, 1.29293, 1.5], "texture": "#2", "cullface": "up"},
				"down": {"uv": [0, 0, 1.29293, 6.5], "texture": "#2", "cullface": "up"}
			}
		},
		{
			"name": "hexadecagon",
			"from": [7.35353, 0, 4.75],
			"to": [8.64647, 1.25, 11.25],
			"rotation": {"angle": 0, "axis": "y", "origin": [8, 0.25, 8]},
			"faces": {
				"north": {"uv": [0, 0, 1.29293, 1.5], "texture": "#2", "cullface": "up"},
				"south": {"uv": [0, 0, 1.29293, 1.5], "texture": "#2", "cullface": "up"},
				"down": {"uv": [0, 0, 1.29293, 6.5], "texture": "#2", "cullface": "up"}
			}
		},
		{
			"name": "hexadecagon",
			"from": [7.35353, 0, 4.75],
			"to": [8.64647, 1.25, 11.25],
			"rotation": {"angle": 22.5, "axis": "y", "origin": [8, 0.25, 8]},
			"faces": {
				"north": {"uv": [0, 0, 1.29293, 1.5], "texture": "#2", "cullface": "up"},
				"south": {"uv": [0, 0, 1.29293, 1.5], "texture": "#2", "cullface": "up"},
				"down": {"uv": [0, 0, 1.29293, 6.5], "texture": "#2", "cullface": "up"}
			}
		},
		{
			"name": "hexadecagon",
			"from": [7.35353, 0, 4.75],
			"to": [8.64647, 1.25, 11.25],
			"rotation": {"angle": 45, "axis": "y", "origin": [8, 0.25, 8]},
			"faces": {
				"north": {"uv": [0, 0, 1.29293, 1.5], "texture": "#2", "cullface": "up"},
				"south": {"uv": [0, 0, 1.29293, 1.5], "texture": "#2", "cullface": "up"},
				"down": {"uv": [0, 0, 1.29293, 6.5], "texture": "#2", "cullface": "up"}
			}
		},
		{
			"name": "hexadecagon",
			"from": [4.75, 0, 7.35353],
			"to": [11.25, 1.25, 8.64647],
			"rotation": {"angle": -22.5, "axis": "y", "origin": [8, 0.25, 8]},
			"faces": {
				"east": {"uv": [0, 0, 1.29293, 1.5], "texture": "#2", "cullface": "up"},
				"west": {"uv": [0, 0, 1.29293, 1.5], "texture": "#2", "cullface": "up"},
				"down": {"uv": [0, 0, 6.5, 1.29293], "texture": "#2", "cullface": "up"}
			}
		},
		{
			"name": "hexadecagon",
			"from": [4.75, 0, 7.35353],
			"to": [11.25, 1.25, 8.64647],
			"rotation": {"angle": 0, "axis": "y", "origin": [8, 0.25, 8]},
			"faces": {
				"east": {"uv": [0, 0, 1.29293, 1.5], "texture": "#2", "cullface": "up"},
				"west": {"uv": [0, 0, 1.29293, 1.5], "texture": "#2", "cullface": "up"},
				"down": {"uv": [0, 0, 6.5, 1.29293], "texture": "#2", "cullface": "up"}
			}
		},
		{
			"name": "hexadecagon",
			"from": [4.75, 0, 7.35353],
			"to": [11.25, 1.25, 8.64647],
			"rotation": {"angle": 22.5, "axis": "y", "origin": [8, 0.25, 8]},
			"faces": {
				"east": {"uv": [0, 0, 1.29293, 1.5], "texture": "#2", "cullface": "up"},
				"west": {"uv": [0, 0, 1.29293, 1.5], "texture": "#2", "cullface": "up"},
				"down": {"uv": [0, 0, 6.5, 1.29293], "texture": "#2", "cullface": "up"}
			}
		},
		{
			"name": "hexadecagon",
			"from": [7.25408, 1.25, 4.25],
			"to": [8.74592, 1.75, 11.75],
			"rotation": {"angle": -45, "axis": "y", "origin": [8, 1.75, 8]},
			"faces": {
				"north": {"uv": [0, 0, 1.49184, 0.5], "texture": "#2", "cullface": "up"},
				"south": {"uv": [0, 0, 1.49184, 0.5], "texture": "#2", "cullface": "up"},
				"up": {"uv": [0, 0, 1.49184, 7.5], "texture": "#2", "cullface": "up"},
				"down": {"uv": [0, 0, 1.49184, 7.5], "texture": "#2", "cullface": "up"}
			}
		},
		{
			"name": "hexadecagon",
			"from": [7.25408, 1.25, 4.25],
			"to": [8.74592, 1.75, 11.75],
			"rotation": {"angle": -22.5, "axis": "y", "origin": [8, 1.75, 8]},
			"faces": {
				"north": {"uv": [0, 0, 1.49184, 0.5], "texture": "#2", "cullface": "up"},
				"south": {"uv": [0, 0, 1.49184, 0.5], "texture": "#2", "cullface": "up"},
				"up": {"uv": [0, 0, 1.49184, 7.5], "texture": "#2", "cullface": "up"},
				"down": {"uv": [0, 0, 1.49184, 7.5], "texture": "#2", "cullface": "up"}
			}
		},
		{
			"name": "hexadecagon",
			"from": [7.25408, 1.25, 4.25],
			"to": [8.74592, 1.75, 11.75],
			"rotation": {"angle": 0, "axis": "y", "origin": [8, 1.75, 8]},
			"faces": {
				"north": {"uv": [0, 0, 1.49184, 0.5], "texture": "#2", "cullface": "up"},
				"south": {"uv": [0, 0, 1.49184, 0.5], "texture": "#2", "cullface": "up"},
				"up": {"uv": [0, 0, 1.49184, 7.5], "texture": "#2", "cullface": "up"},
				"down": {"uv": [0, 0, 1.49184, 7.5], "texture": "#2", "cullface": "up"}
			}
		},
		{
			"name": "hexadecagon",
			"from": [7.25408, 1.25, 4.25],
			"to": [8.74592, 1.75, 11.75],
			"rotation": {"angle": 22.5, "axis": "y", "origin": [8, 1.75, 8]},
			"faces": {
				"north": {"uv": [0, 0, 1.49184, 0.5], "texture": "#2", "cullface": "up"},
				"south": {"uv": [0, 0, 1.49184, 0.5], "texture": "#2", "cullface": "up"},
				"up": {"uv": [0, 0, 1.49184, 7.5], "texture": "#2", "cullface": "up"},
				"down": {"uv": [0, 0, 1.49184, 7.5], "texture": "#2", "cullface": "up"}
			}
		},
		{
			"name": "hexadecagon",
			"from": [7.25408, 1.25, 4.25],
			"to": [8.74592, 1.75, 11.75],
			"rotation": {"angle": 45, "axis": "y", "origin": [8, 1.75, 8]},
			"faces": {
				"north": {"uv": [0, 0, 1.49184, 0.5], "texture": "#2", "cullface": "up"},
				"south": {"uv": [0, 0, 1.49184, 0.5], "texture": "#2", "cullface": "up"},
				"up": {"uv": [0, 0, 1.49184, 7.5], "texture": "#2", "cullface": "up"},
				"down": {"uv": [0, 0, 1.49184, 7.5], "texture": "#2", "cullface": "up"}
			}
		},
		{
			"name": "hexadecagon",
			"from": [4.25, 1.25, 7.25408],
			"to": [11.75, 1.75, 8.74592],
			"rotation": {"angle": -22.5, "axis": "y", "origin": [8, 1.75, 8]},
			"faces": {
				"east": {"uv": [0, 0, 1.49184, 0.5], "texture": "#2", "cullface": "up"},
				"west": {"uv": [0, 0, 1.49184, 0.5], "texture": "#2", "cullface": "up"},
				"up": {"uv": [0, 0, 7.5, 1.49184], "texture": "#2", "cullface": "up"},
				"down": {"uv": [0, 0, 7.5, 1.49184], "texture": "#2", "cullface": "up"}
			}
		},
		{
			"name": "hexadecagon",
			"from": [4.25, 1.25, 7.25408],
			"to": [11.75, 1.75, 8.74592],
			"rotation": {"angle": 0, "axis": "y", "origin": [8, 1.75, 8]},
			"faces": {
				"east": {"uv": [0, 0, 1.49184, 0.5], "texture": "#2", "cullface": "up"},
				"west": {"uv": [0, 0, 1.49184, 0.5], "texture": "#2", "cullface": "up"},
				"up": {"uv": [0, 0, 7.5, 1.49184], "texture": "#2", "cullface": "up"},
				"down": {"uv": [0, 0, 7.5, 1.49184], "texture": "#2", "cullface": "up"}
			}
		},
		{
			"name": "hexadecagon",
			"from": [4.25, 1.25, 7.25408],
			"to": [11.75, 1.75, 8.74592],
			"rotation": {"angle": 22.5, "axis": "y", "origin": [8, 1.75, 8]},
			"faces": {
				"east": {"uv": [0, 0, 1.49184, 0.5], "texture": "#2", "cullface": "up"},
				"west": {"uv": [0, 0, 1.49184, 0.5], "texture": "#2", "cullface": "up"},
				"up": {"uv": [0, 0, 7.5, 1.49184], "texture": "#2", "cullface": "up"},
				"down": {"uv": [0, 0, 7.5, 1.49184], "texture": "#2", "cullface": "up"}
			}
		},
		{
			"name": "hexadecagon",
			"from": [3.0974, 4.75, 10.28744],
			"to": [3.89305, 6, 14.28744],
			"rotation": {"angle": 0, "axis": "y", "origin": [7.95, 4.97916, 7.675]},
			"faces": {
				"north": {"uv": [0, 0, 0.99456, 1.25], "texture": "#0"},
				"south": {"uv": [0, 0, 0.99456, 1.25], "texture": "#0"},
				"up": {"uv": [0, 0, 0.99456, 5], "rotation": 180, "texture": "#0"}
			}
		},
		{
			"name": "hexadecagon",
			"from": [1.6714, 4.75, 8.23157],
			"to": [2.46705, 6, 12.23157],
			"rotation": {"angle": 22.5, "axis": "y", "origin": [7.95, 4.97916, 7.675]},
			"faces": {
				"north": {"uv": [0, 0, 0.99456, 1.25], "texture": "#0"},
				"south": {"uv": [0, 0, 0.99456, 1.25], "texture": "#0"},
				"up": {"uv": [0, 0, 0.99456, 5], "rotation": 180, "texture": "#0"}
			}
		},
		{
			"name": "hexadecagon",
			"from": [6.06149, 4.75, 13.68866],
			"to": [10.06149, 6, 14.48431],
			"rotation": {"angle": -45, "axis": "y", "origin": [7.95, 4.97916, 7.675]},
			"faces": {
				"east": {"uv": [0, 0, 0.99456, 1.25], "texture": "#0"},
				"west": {"uv": [0, 0, 0.99456, 1.25], "texture": "#0"},
				"up": {"uv": [0, 0, 0.99456, 5], "rotation": 90, "texture": "#0"}
			}
		},
		{
			"name": "hexadecagon",
			"from": [3.59943, 4.75, 13.24328],
			"to": [7.59943, 6, 14.03893],
			"rotation": {"angle": -22.5, "axis": "y", "origin": [7.95, 4.97916, 7.675]},
			"faces": {
				"east": {"uv": [0, 0, 0.99456, 1.25], "texture": "#0"},
				"west": {"uv": [0, 0, 0.99456, 1.25], "texture": "#0"},
				"up": {"uv": [0, 0, 0.99456, 5], "rotation": 90, "texture": "#0"}
			}
		},
		{
			"name": "hexadecagon",
			"from": [1.49523, 4.75, 11.88961],
			"to": [5.49523, 6, 12.68526],
			"rotation": {"angle": 0, "axis": "y", "origin": [7.95, 4.97916, 7.675]},
			"faces": {
				"east": {"uv": [0, 0, 0.99456, 1.25], "texture": "#0"},
				"west": {"uv": [0, 0, 0.99456, 1.25], "texture": "#0"},
				"up": {"uv": [0, 0, 0.99456, 5], "rotation": 90, "texture": "#0"}
			}
		},
		{
			"name": "hexadecagon",
			"from": [0.06922, 4.75, 9.83374],
			"to": [4.06922, 6, 10.62939],
			"rotation": {"angle": 22.5, "axis": "y", "origin": [7.95, 4.97916, 7.675]},
			"faces": {
				"east": {"uv": [0, 0, 0.99456, 1.25], "texture": "#0"},
				"west": {"uv": [0, 0, 0.99456, 1.25], "texture": "#0"},
				"up": {"uv": [0, 0, 5, 0.99456], "rotation": 180, "texture": "#0"}
			}
		},
		{
			"name": "hexadecagon",
			"from": [7.66366, 4.75, 12.08649],
			"to": [8.45931, 6, 16.08649],
			"rotation": {"angle": -45, "axis": "y", "origin": [7.95, 4.97916, 7.675]},
			"faces": {
				"north": {"uv": [0, 0, 0.99456, 1.25], "texture": "#0"},
				"south": {"uv": [0, 0, 0.99456, 1.25], "texture": "#0"},
				"up": {"uv": [0, 0, 5, 0.99456], "rotation": 90, "texture": "#0"}
			}
		},
		{
			"name": "hexadecagon",
			"from": [5.20161, 4.75, 11.6411],
			"to": [5.99725, 6, 15.6411],
			"rotation": {"angle": -22.5, "axis": "y", "origin": [7.95, 4.97916, 7.675]},
			"faces": {
				"north": {"uv": [0, 0, 0.99456, 1.25], "texture": "#0"},
				"south": {"uv": [0, 0, 0.99456, 1.25], "texture": "#0"},
				"up": {"uv": [0, 0, 5, 0.99456], "rotation": 90, "texture": "#0"}
			}
		},
		{
			"name": "hexadecagon",
			"from": [6.02071, 4.75, 7.36413],
			"to": [10.02071, 6, 8.15978],
			"rotation": {"angle": 0, "axis": "y", "origin": [7.95, 4.97916, 7.675]},
			"faces": {
				"east": {"uv": [0, 0, 0.99456, 1.25], "texture": "#0"},
				"west": {"uv": [0, 0, 0.99456, 1.25], "texture": "#0"}
			}
		},
		{
			"name": "hexadecagon",
			"from": [6.0486, 4.75, 7.33045],
			"to": [10.0486, 6, 8.1261],
			"rotation": {"angle": -22.5, "axis": "y", "origin": [7.95, 4.97916, 7.675]},
			"faces": {
				"east": {"uv": [0, 0, 0.99456, 1.25], "texture": "#0"},
				"west": {"uv": [0, 0, 0.99456, 1.25], "texture": "#0"}
			}
		},
		{
			"name": "hexadecagon",
			"from": [6.06149, 4.75, 7.28866],
			"to": [10.06149, 6, 8.08431],
			"rotation": {"angle": -45, "axis": "y", "origin": [7.95, 4.97916, 7.675]},
			"faces": {
				"east": {"uv": [0, 0, 0.99456, 1.25], "texture": "#0"},
				"west": {"uv": [0, 0, 0.99456, 1.25], "texture": "#0"}
			}
		},
		{
			"name": "hexadecagon",
			"from": [7.58423, 4.75, 5.78239],
			"to": [8.37988, 6, 9.78239],
			"rotation": {"angle": 22.5, "axis": "y", "origin": [7.95, 4.97916, 7.675]},
			"faces": {
				"north": {"uv": [0, 0, 0.99456, 1.25], "texture": "#0"},
				"south": {"uv": [0, 0, 0.99456, 1.25], "texture": "#0"}
			}
		},
		{
			"name": "hexadecagon",
			"from": [7.62289, 4.75, 5.76195],
			"to": [8.41853, 6, 9.76195],
			"rotation": {"angle": 0, "axis": "y", "origin": [7.95, 4.97916, 7.675]},
			"faces": {
				"north": {"uv": [0, 0, 0.99456, 1.25], "texture": "#0"},
				"south": {"uv": [0, 0, 0.99456, 1.25], "texture": "#0"}
			}
		},
		{
			"name": "hexadecagon",
			"from": [7.65078, 4.75, 5.72827],
			"to": [8.44643, 6, 9.72827],
			"rotation": {"angle": -22.5, "axis": "y", "origin": [7.95, 4.97916, 7.675]},
			"faces": {
				"north": {"uv": [0, 0, 0.99456, 1.25], "texture": "#0"},
				"south": {"uv": [0, 0, 0.99456, 1.25], "texture": "#0"}
			}
		},
		{
			"name": "hexadecagon",
			"from": [7.66366, 4.75, 5.68649],
			"to": [8.45931, 6, 9.68649],
			"rotation": {"angle": -45, "axis": "y", "origin": [7.95, 4.97916, 7.675]},
			"faces": {
				"north": {"uv": [0, 0, 0.99456, 1.25], "texture": "#0"},
				"south": {"uv": [0, 0, 0.99456, 1.25], "texture": "#0"}
			}
		},
		{
			"name": "hexadecagon",
			"from": [5.98205, 4.75, 7.38457],
			"to": [9.98205, 6, 8.18022],
			"rotation": {"angle": 22.5, "axis": "y", "origin": [7.95, 4.97916, 7.675]},
			"faces": {
				"east": {"uv": [0, 0, 0.99456, 1.25], "texture": "#0"},
				"west": {"uv": [0, 0, 0.99456, 1.25], "texture": "#0"}
			}
		},
		{
			"name": "hexadecagon",
			"from": [12.14837, 4.75, 10.28744],
			"to": [12.94402, 6, 14.28744],
			"rotation": {"angle": 0, "axis": "y", "origin": [7.95, 4.97916, 7.675]},
			"faces": {
				"north": {"uv": [0, 0, 0.99456, 1.25], "texture": "#0"},
				"south": {"uv": [0, 0, 0.99456, 1.25], "texture": "#0"},
				"up": {"uv": [0, 0, 0.99456, 5], "rotation": 180, "texture": "#0"}
			}
		},
		{
			"name": "hexadecagon",
			"from": [10.0334, 4.75, 11.69522],
			"to": [10.82905, 6, 15.69522],
			"rotation": {"angle": 22.5, "axis": "y", "origin": [7.95, 4.97916, 7.675]},
			"faces": {
				"north": {"uv": [0, 0, 0.99456, 1.25], "texture": "#0"},
				"south": {"uv": [0, 0, 0.99456, 1.25], "texture": "#0"},
				"up": {"uv": [0, 0, 0.99456, 5], "rotation": 180, "texture": "#0"}
			}
		},
		{
			"name": "hexadecagon",
			"from": [12.46149, 4.75, 7.28866],
			"to": [16.46149, 6, 8.08431],
			"rotation": {"angle": -45, "axis": "y", "origin": [7.95, 4.97916, 7.675]},
			"faces": {
				"east": {"uv": [0, 0, 0.99456, 1.25], "texture": "#0"},
				"west": {"uv": [0, 0, 0.99456, 1.25], "texture": "#0"},
				"up": {"uv": [0, 0, 0.99456, 5], "rotation": 90, "texture": "#0"}
			}
		},
		{
			"name": "hexadecagon",
			"from": [11.96143, 4.75, 9.77962],
			"to": [15.96143, 6, 10.57527],
			"rotation": {"angle": -22.5, "axis": "y", "origin": [7.95, 4.97916, 7.675]},
			"faces": {
				"east": {"uv": [0, 0, 0.99456, 1.25], "texture": "#0"},
				"west": {"uv": [0, 0, 0.99456, 1.25], "texture": "#0"},
				"up": {"uv": [0, 0, 0.99456, 5], "rotation": 90, "texture": "#0"}
			}
		},
		{
			"name": "hexadecagon",
			"from": [10.54619, 4.75, 11.88961],
			"to": [14.54619, 6, 12.68526],
			"rotation": {"angle": 0, "axis": "y", "origin": [7.95, 4.97916, 7.675]},
			"faces": {
				"east": {"uv": [0, 0, 0.99456, 1.25], "texture": "#0"},
				"west": {"uv": [0, 0, 0.99456, 1.25], "texture": "#0"},
				"up": {"uv": [0, 0, 0.99456, 5], "rotation": 90, "texture": "#0"}
			}
		},
		{
			"name": "hexadecagon",
			"from": [8.43123, 4.75, 13.2974],
			"to": [12.43123, 6, 14.09305],
			"rotation": {"angle": 22.5, "axis": "y", "origin": [7.95, 4.97916, 7.675]},
			"faces": {
				"east": {"uv": [0, 0, 0.99456, 1.25], "texture": "#0"},
				"west": {"uv": [0, 0, 0.99456, 1.25], "texture": "#0"},
				"up": {"uv": [0, 0, 5, 0.99456], "rotation": 180, "texture": "#0"}
			}
		},
		{
			"name": "hexadecagon",
			"from": [14.06366, 4.75, 5.68649],
			"to": [14.85931, 6, 9.68649],
			"rotation": {"angle": -45, "axis": "y", "origin": [7.95, 4.97916, 7.675]},
			"faces": {
				"north": {"uv": [0, 0, 0.99456, 1.25], "texture": "#0"},
				"south": {"uv": [0, 0, 0.99456, 1.25], "texture": "#0"},
				"up": {"uv": [0, 0, 5, 0.99456], "rotation": 90, "texture": "#0"}
			}
		},
		{
			"name": "hexadecagon",
			"from": [13.56361, 4.75, 8.17745],
			"to": [14.35926, 6, 12.17745],
			"rotation": {"angle": -22.5, "axis": "y", "origin": [7.95, 4.97916, 7.675]},
			"faces": {
				"north": {"uv": [0, 0, 0.99456, 1.25], "texture": "#0"},
				"south": {"uv": [0, 0, 0.99456, 1.25], "texture": "#0"},
				"up": {"uv": [0, 0, 5, 0.99456], "rotation": 90, "texture": "#0"}
			}
		},
		{
			"from": [16.86149, 2.25, 4.48649],
			"to": [17.66149, 4.9166, 10.08649],
			"rotation": {"angle": -45, "axis": "y", "origin": [7.95, 4.97916, 7.675]},
			"faces": {
				"north": {"uv": [0, 0, 1, 2.6666], "texture": "#0"},
				"east": {"uv": [0, 0, 7, 2.6666], "texture": "#0"},
				"west": {"uv": [0, 0, 7, 2.6666], "texture": "#0"},
				"down": {"uv": [0, 0, 1, 7], "texture": "#0"}
			}
		},
		{
			"from": [5.66149, 2.25, 16.48649],
			"to": [10.46149, 4.9166, 17.28649],
			"rotation": {"angle": -45, "axis": "y", "origin": [7.95, 4.97916, 7.675]},
			"faces": {
				"north": {"uv": [0, 0, 6, 2.6666], "texture": "#0"},
				"south": {"uv": [0, 0, 6, 2.6666], "texture": "#0"},
				"down": {"uv": [0, 0, 6, 1], "texture": "#0"}
			}
		},
		{
			"from": [5.66149, 2.25, 4.48649],
			"to": [16.86149, 4.9166, 5.28649],
			"rotation": {"angle": -45, "axis": "y", "origin": [7.95, 4.97916, 7.675]},
			"faces": {
				"north": {"uv": [0, 0, 14, 2.6666], "texture": "#0"},
				"south": {"uv": [0, 0, 14, 2.6666], "texture": "#0"},
				"down": {"uv": [0, 0, 14, 1], "texture": "#0"}
			}
		},
		{
			"from": [4.86149, 2.25, 4.48649],
			"to": [5.66149, 4.9166, 17.28649],
			"rotation": {"angle": -45, "axis": "y", "origin": [7.95, 4.97916, 7.675]},
			"faces": {
				"north": {"uv": [0, 0, 1, 2.6666], "texture": "#0"},
				"east": {"uv": [0, 0, 16, 2.6666], "texture": "#0"},
				"south": {"uv": [0, 0, 1, 2.6666], "texture": "#0"},
				"west": {"uv": [0, 0, 16, 2.6666], "texture": "#0"},
				"down": {"uv": [0, 0, 1, 16], "texture": "#0"}
			}
		},
		{
			"from": [10.46149, 2.25, 10.88649],
			"to": [11.26149, 4.9166, 17.28649],
			"rotation": {"angle": -45, "axis": "y", "origin": [7.95, 4.97916, 7.675]},
			"faces": {
				"east": {"uv": [0, 0, 8, 2.6666], "texture": "#0"},
				"south": {"uv": [0, 0, 1, 2.6666], "texture": "#0"},
				"west": {"uv": [0, 0, 8, 2.6666], "texture": "#0"},
				"down": {"uv": [0, 0, 1, 8], "texture": "#0"}
			}
		},
		{
			"from": [10.46149, 2.25, 10.08649],
			"to": [17.66149, 4.9166, 10.88649],
			"rotation": {"angle": -45, "axis": "y", "origin": [7.95, 4.97916, 7.675]},
			"faces": {
				"north": {"uv": [0, 0, 9, 2.6666], "texture": "#0"},
				"east": {"uv": [0, 0, 1, 2.6666], "texture": "#0"},
				"south": {"uv": [0, 0, 9, 2.6666], "texture": "#0"},
				"west": {"uv": [0, 0, 1, 2.6666], "texture": "#0"},
				"down": {"uv": [0, 0, 9, 1], "texture": "#0"}
			}
		},
		{
			"from": [4.86149, 3.9166, 4.48649],
			"to": [17.66149, 4.9166, 10.88649],
			"rotation": {"angle": -45, "axis": "y", "origin": [7.95, 4.97916, 7.675]},
			"faces": {
				"up": {"uv": [0, 0, 16, 8], "texture": "#0"},
				"down": {"uv": [0, 0, 16, 8], "texture": "#0"}
			}
		},
		{
			"from": [4.86149, 3.9166, 10.88649],
			"to": [11.26149, 4.9166, 17.28649],
			"rotation": {"angle": -45, "axis": "y", "origin": [7.95, 4.97916, 7.675]},
			"faces": {
				"up": {"uv": [0, 0, 8, 8], "texture": "#0"},
				"down": {"uv": [0, 0, 8, 8], "texture": "#0"}
			}
		},
		{
			"name": "hexadecagon",
			"from": [12.00695, 7.75, 1.06256],
			"to": [12.8026, 9, 5.06256],
			"rotation": {"angle": 22.5, "axis": "y", "origin": [7.95, 7.97916, 7.675]},
			"faces": {
				"north": {"uv": [0, 0, 0.99456, 1.25], "texture": "#0"},
				"south": {"uv": [0, 0, 0.99456, 1.25], "texture": "#0"},
				"up": {"uv": [0, 0, 0.99456, 5], "texture": "#0"}
			}
		},
		{
			"name": "hexadecagon",
			"from": [3.39343, 7.75, 1.3964],
			"to": [7.39343, 9, 2.19205],
			"rotation": {"angle": -45, "axis": "y", "origin": [7.95, 7.97916, 7.675]},
			"faces": {
				"east": {"uv": [0, 0, 0.99456, 1.25], "texture": "#0"},
				"west": {"uv": [0, 0, 0.99456, 1.25], "texture": "#0"},
				"up": {"uv": [0, 0, 0.99456, 5], "rotation": 270, "texture": "#0"}
			}
		},
		{
			"name": "hexadecagon",
			"from": [5.83851, 7.75, 0.86569],
			"to": [9.83851, 9, 1.66134],
			"rotation": {"angle": -22.5, "axis": "y", "origin": [7.95, 7.97916, 7.675]},
			"faces": {
				"east": {"uv": [0, 0, 0.99456, 1.25], "texture": "#0"},
				"west": {"uv": [0, 0, 0.99456, 1.25], "texture": "#0"},
				"up": {"uv": [0, 0, 0.99456, 5], "rotation": 270, "texture": "#0"}
			}
		},
		{
			"name": "hexadecagon",
			"from": [8.30057, 7.75, 1.31107],
			"to": [12.30057, 9, 2.10672],
			"rotation": {"angle": 0, "axis": "y", "origin": [7.95, 7.97916, 7.675]},
			"faces": {
				"east": {"uv": [0, 0, 0.99456, 1.25], "texture": "#0"},
				"west": {"uv": [0, 0, 0.99456, 1.25], "texture": "#0"},
				"up": {"uv": [0, 0, 0.99456, 5], "rotation": 270, "texture": "#0"}
			}
		},
		{
			"name": "hexadecagon",
			"from": [10.40477, 7.75, 2.66474],
			"to": [14.40477, 9, 3.46039],
			"rotation": {"angle": 22.5, "axis": "y", "origin": [7.95, 7.97916, 7.675]},
			"faces": {
				"east": {"uv": [0, 0, 0.99456, 1.25], "texture": "#0"},
				"west": {"uv": [0, 0, 0.99456, 1.25], "texture": "#0"},
				"up": {"uv": [0, 0, 0.99456, 5], "rotation": 270, "texture": "#0"}
			}
		},
		{
			"name": "hexadecagon",
			"from": [4.99561, 7.75, -0.20578],
			"to": [5.79126, 9, 3.79422],
			"rotation": {"angle": -45, "axis": "y", "origin": [7.95, 7.97916, 7.675]},
			"faces": {
				"north": {"uv": [0, 0, 0.99456, 1.25], "texture": "#0"},
				"south": {"uv": [0, 0, 0.99456, 1.25], "texture": "#0"},
				"up": {"uv": [0, 0, 5, 0.99456], "rotation": 270, "texture": "#0"}
			}
		},
		{
			"name": "hexadecagon",
			"from": [7.44069, 7.75, -0.73649],
			"to": [8.23634, 9, 3.26351],
			"rotation": {"angle": -22.5, "axis": "y", "origin": [7.95, 7.97916, 7.675]},
			"faces": {
				"north": {"uv": [0, 0, 0.99456, 1.25], "texture": "#0"},
				"south": {"uv": [0, 0, 0.99456, 1.25], "texture": "#0"},
				"up": {"uv": [0, 0, 5, 0.99456], "rotation": 270, "texture": "#0"}
			}
		},
		{
			"name": "hexadecagon",
			"from": [9.90275, 7.75, -0.2911],
			"to": [10.69839, 9, 3.7089],
			"rotation": {"angle": 0, "axis": "y", "origin": [7.95, 7.97916, 7.675]},
			"faces": {
				"north": {"uv": [0, 0, 0.99456, 1.25], "texture": "#0"},
				"south": {"uv": [0, 0, 0.99456, 1.25], "texture": "#0"},
				"up": {"uv": [0, 0, 5, 0.99456], "rotation": 270, "texture": "#0"}
			}
		},
		{
			"name": "hexadecagon",
			"from": [5.87929, 7.75, 7.19022],
			"to": [9.87929, 9, 7.98587],
			"rotation": {"angle": 22.5, "axis": "y", "origin": [7.95, 7.97916, 7.675]},
			"faces": {
				"east": {"uv": [0, 0, 0.99456, 1.25], "texture": "#0"},
				"west": {"uv": [0, 0, 0.99456, 1.25], "texture": "#0"}
			}
		},
		{
			"name": "hexadecagon",
			"from": [5.8514, 7.75, 7.2239],
			"to": [9.8514, 9, 8.01955],
			"rotation": {"angle": 0, "axis": "y", "origin": [7.95, 7.97916, 7.675]},
			"faces": {
				"east": {"uv": [0, 0, 0.99456, 1.25], "texture": "#0"},
				"west": {"uv": [0, 0, 0.99456, 1.25], "texture": "#0"}
			}
		},
		{
			"name": "hexadecagon",
			"from": [5.83851, 7.75, 7.26569],
			"to": [9.83851, 9, 8.06134],
			"rotation": {"angle": -22.5, "axis": "y", "origin": [7.95, 7.97916, 7.675]},
			"faces": {
				"east": {"uv": [0, 0, 0.99456, 1.25], "texture": "#0"},
				"west": {"uv": [0, 0, 0.99456, 1.25], "texture": "#0"}
			}
		},
		{
			"name": "hexadecagon",
			"from": [5.84261, 7.75, 7.30923],
			"to": [9.84261, 9, 8.10488],
			"rotation": {"angle": -45, "axis": "y", "origin": [7.95, 7.97916, 7.675]},
			"faces": {
				"east": {"uv": [0, 0, 0.99456, 1.25], "texture": "#0"},
				"west": {"uv": [0, 0, 0.99456, 1.25], "texture": "#0"}
			}
		},
		{
			"name": "hexadecagon",
			"from": [7.48147, 7.75, 5.58805],
			"to": [8.27711, 9, 9.58805],
			"rotation": {"angle": 22.5, "axis": "y", "origin": [7.95, 7.97916, 7.675]},
			"faces": {
				"north": {"uv": [0, 0, 0.99456, 1.25], "texture": "#0"},
				"south": {"uv": [0, 0, 0.99456, 1.25], "texture": "#0"}
			}
		},
		{
			"name": "hexadecagon",
			"from": [7.45357, 7.75, 5.62173],
			"to": [8.24922, 9, 9.62173],
			"rotation": {"angle": 0, "axis": "y", "origin": [7.95, 7.97916, 7.675]},
			"faces": {
				"north": {"uv": [0, 0, 0.99456, 1.25], "texture": "#0"},
				"south": {"uv": [0, 0, 0.99456, 1.25], "texture": "#0"}
			}
		},
		{
			"name": "hexadecagon",
			"from": [7.44069, 7.75, 5.66351],
			"to": [8.23634, 9, 9.66351],
			"rotation": {"angle": -22.5, "axis": "y", "origin": [7.95, 7.97916, 7.675]},
			"faces": {
				"north": {"uv": [0, 0, 0.99456, 1.25], "texture": "#0"},
				"south": {"uv": [0, 0, 0.99456, 1.25], "texture": "#0"}
			}
		},
		{
			"name": "hexadecagon",
			"from": [7.44478, 7.75, 5.70705],
			"to": [8.24043, 9, 9.70705],
			"rotation": {"angle": -45, "axis": "y", "origin": [7.95, 7.97916, 7.675]},
			"faces": {
				"north": {"uv": [0, 0, 0.99456, 1.25], "texture": "#0"},
				"south": {"uv": [0, 0, 0.99456, 1.25], "texture": "#0"}
			}
		},
		{
			"name": "hexadecagon",
			"from": [2.95598, 7.75, 1.06256],
			"to": [3.75163, 9, 5.06256],
			"rotation": {"angle": 22.5, "axis": "y", "origin": [7.95, 7.97916, 7.675]},
			"faces": {
				"north": {"uv": [0, 0, 0.99456, 1.25], "texture": "#0"},
				"south": {"uv": [0, 0, 0.99456, 1.25], "texture": "#0"},
				"up": {"uv": [0, 0, 0.99456, 5], "texture": "#0"}
			}
		},
		{
			"name": "hexadecagon",
			"from": [-0.07022, 7.75, 9.7584],
			"to": [3.92978, 9, 10.55405],
			"rotation": {"angle": -45, "axis": "y", "origin": [7.95, 7.97916, 7.675]},
			"faces": {
				"east": {"uv": [0, 0, 0.99456, 1.25], "texture": "#0"},
				"west": {"uv": [0, 0, 0.99456, 1.25], "texture": "#0"},
				"up": {"uv": [0, 0, 0.99456, 5], "rotation": 270, "texture": "#0"}
			}
		},
		{
			"name": "hexadecagon",
			"from": [-0.56149, 7.75, 7.26569],
			"to": [3.43851, 9, 8.06134],
			"rotation": {"angle": -22.5, "axis": "y", "origin": [7.95, 7.97916, 7.675]},
			"faces": {
				"east": {"uv": [0, 0, 0.99456, 1.25], "texture": "#0"},
				"west": {"uv": [0, 0, 0.99456, 1.25], "texture": "#0"},
				"up": {"uv": [0, 0, 0.99456, 5], "rotation": 270, "texture": "#0"}
			}
		},
		{
			"name": "hexadecagon",
			"from": [-0.06143, 7.75, 4.77473],
			"to": [3.93857, 9, 5.57038],
			"rotation": {"angle": 0, "axis": "y", "origin": [7.95, 7.97916, 7.675]},
			"faces": {
				"east": {"uv": [0, 0, 0.99456, 1.25], "texture": "#0"},
				"west": {"uv": [0, 0, 0.99456, 1.25], "texture": "#0"},
				"up": {"uv": [0, 0, 0.99456, 5], "rotation": 270, "texture": "#0"}
			}
		},
		{
			"name": "hexadecagon",
			"from": [1.35381, 7.75, 2.66474],
			"to": [5.35381, 9, 3.46039],
			"rotation": {"angle": 22.5, "axis": "y", "origin": [7.95, 7.97916, 7.675]},
			"faces": {
				"east": {"uv": [0, 0, 0.99456, 1.25], "texture": "#0"},
				"west": {"uv": [0, 0, 0.99456, 1.25], "texture": "#0"},
				"up": {"uv": [0, 0, 0.99456, 5], "rotation": 270, "texture": "#0"}
			}
		},
		{
			"name": "hexadecagon",
			"from": [1.53195, 7.75, 8.15623],
			"to": [2.3276, 9, 12.15623],
			"rotation": {"angle": -45, "axis": "y", "origin": [7.95, 7.97916, 7.675]},
			"faces": {
				"north": {"uv": [0, 0, 0.99456, 1.25], "texture": "#0"},
				"south": {"uv": [0, 0, 0.99456, 1.25], "texture": "#0"},
				"up": {"uv": [0, 0, 5, 0.99456], "rotation": 270, "texture": "#0"}
			}
		},
		{
			"name": "hexadecagon",
			"from": [1.04069, 7.75, 5.66351],
			"to": [1.83634, 9, 9.66351],
			"rotation": {"angle": -22.5, "axis": "y", "origin": [7.95, 7.97916, 7.675]},
			"faces": {
				"north": {"uv": [0, 0, 0.99456, 1.25], "texture": "#0"},
				"south": {"uv": [0, 0, 0.99456, 1.25], "texture": "#0"},
				"up": {"uv": [0, 0, 5, 0.99456], "rotation": 270, "texture": "#0"}
			}
		},
		{
			"name": "hexadecagon",
			"from": [1.54074, 7.75, 3.17255],
			"to": [2.33639, 9, 7.17255],
			"rotation": {"angle": 0, "axis": "y", "origin": [7.95, 7.97916, 7.675]},
			"faces": {
				"north": {"uv": [0, 0, 0.99456, 1.25], "texture": "#0"},
				"south": {"uv": [0, 0, 0.99456, 1.25], "texture": "#0"},
				"up": {"uv": [0, 0, 5, 0.99456], "rotation": 270, "texture": "#0"}
			}
		},
		{
			"from": [-1.76149, 5.25, 5.26351],
			"to": [-0.96149, 7.9166, 10.86351],
			"rotation": {"angle": -22.5, "axis": "y", "origin": [7.95, 7.97916, 7.675]},
			"faces": {
				"east": {"uv": [0, 0, 7, 2.6666], "texture": "#0"},
				"south": {"uv": [0, 0, 1, 2.6666], "texture": "#0"},
				"west": {"uv": [0, 0, 7, 2.6666], "texture": "#0"},
				"down": {"uv": [0, 0, 1, 7], "rotation": 180, "texture": "#0"}
			}
		},
		{
			"from": [5.43851, 5.25, -1.93649],
			"to": [10.23851, 7.9166, -1.13649],
			"rotation": {"angle": -22.5, "axis": "y", "origin": [7.95, 7.97916, 7.675]},
			"faces": {
				"north": {"uv": [0, 0, 6, 2.6666], "texture": "#0"},
				"south": {"uv": [0, 0, 6, 2.6666], "texture": "#0"},
				"down": {"uv": [0, 0, 6, 1], "rotation": 180, "texture": "#0"}
			}
		},
		{
			"from": [-0.96149, 5.25, 10.06351],
			"to": [10.23851, 7.9166, 10.86351],
			"rotation": {"angle": -22.5, "axis": "y", "origin": [7.95, 7.97916, 7.675]},
			"faces": {
				"north": {"uv": [0, 0, 14, 2.6666], "texture": "#0"},
				"south": {"uv": [0, 0, 14, 2.6666], "texture": "#0"},
				"down": {"uv": [0, 0, 14, 1], "rotation": 180, "texture": "#0"}
			}
		},
		{
			"from": [10.23851, 5.25, -1.93649],
			"to": [11.03851, 7.9166, 10.86351],
			"rotation": {"angle": -22.5, "axis": "y", "origin": [7.95, 7.97916, 7.675]},
			"faces": {
				"north": {"uv": [0, 0, 1, 2.6666], "texture": "#0"},
				"east": {"uv": [0, 0, 16, 2.6666], "texture": "#0"},
				"south": {"uv": [0, 0, 1, 2.6666], "texture": "#0"},
				"west": {"uv": [0, 0, 16, 2.6666], "texture": "#0"},
				"down": {"uv": [0, 0, 1, 16], "rotation": 180, "texture": "#0"}
			}
		},
		{
			"from": [4.63851, 5.25, -1.93649],
			"to": [5.43851, 7.9166, 4.46351],
			"rotation": {"angle": -22.5, "axis": "y", "origin": [7.95, 7.97916, 7.675]},
			"faces": {
				"north": {"uv": [0, 0, 1, 2.6666], "texture": "#0"},
				"east": {"uv": [0, 0, 8, 2.6666], "texture": "#0"},
				"west": {"uv": [0, 0, 8, 2.6666], "texture": "#0"},
				"down": {"uv": [0, 0, 1, 8], "rotation": 180, "texture": "#0"}
			}
		},
		{
			"from": [-1.76149, 5.25, 4.46351],
			"to": [5.43851, 7.9166, 5.26351],
			"rotation": {"angle": -22.5, "axis": "y", "origin": [7.95, 7.97916, 7.675]},
			"faces": {
				"north": {"uv": [0, 0, 9, 2.6666], "texture": "#0"},
				"east": {"uv": [0, 0, 1, 2.6666], "texture": "#0"},
				"south": {"uv": [0, 0, 9, 2.6666], "texture": "#0"},
				"west": {"uv": [0, 0, 1, 2.6666], "texture": "#0"},
				"down": {"uv": [0, 0, 9, 1], "rotation": 180, "texture": "#0"}
			}
		},
		{
			"from": [-1.76149, 6.9166, 4.46351],
			"to": [11.03851, 7.9166, 10.86351],
			"rotation": {"angle": -22.5, "axis": "y", "origin": [7.95, 7.97916, 7.675]},
			"faces": {
				"up": {"uv": [0, 0, 16, 8], "rotation": 180, "texture": "#0"},
				"down": {"uv": [0, 0, 16, 8], "rotation": 180, "texture": "#0"}
			}
		},
		{
			"from": [4.63851, 6.9166, -1.93649],
			"to": [11.03851, 7.9166, 4.46351],
			"rotation": {"angle": -22.5, "axis": "y", "origin": [7.95, 7.97916, 7.675]},
			"faces": {
				"up": {"uv": [0, 0, 8, 8], "rotation": 180, "texture": "#0"},
				"down": {"uv": [0, 0, 8, 8], "rotation": 180, "texture": "#0"}
			}
		},
		{
			"name": "hexadecagon",
			"from": [10.56244, 10.75, 11.73195],
			"to": [14.56244, 12, 12.5276],
			"rotation": {"angle": -45, "axis": "y", "origin": [7.95, 10.97916, 7.675]},
			"faces": {
				"east": {"uv": [0, 0, 0.99456, 1.25], "texture": "#0"},
				"west": {"uv": [0, 0, 0.99456, 1.25], "texture": "#0"},
				"up": {"uv": [0, 0, 0.99456, 5], "rotation": 90, "texture": "#0"}
			}
		},
		{
			"name": "hexadecagon",
			"from": [8.50657, 10.75, 13.15795],
			"to": [12.50657, 12, 13.9536],
			"rotation": {"angle": -22.5, "axis": "y", "origin": [7.95, 10.97916, 7.675]},
			"faces": {
				"east": {"uv": [0, 0, 0.99456, 1.25], "texture": "#0"},
				"west": {"uv": [0, 0, 0.99456, 1.25], "texture": "#0"},
				"up": {"uv": [0, 0, 0.99456, 5], "rotation": 90, "texture": "#0"}
			}
		},
		{
			"name": "hexadecagon",
			"from": [6.06149, 10.75, 13.68866],
			"to": [10.06149, 12, 14.48431],
			"rotation": {"angle": 0, "axis": "y", "origin": [7.95, 10.97916, 7.675]},
			"faces": {
				"east": {"uv": [0, 0, 0.99456, 1.25], "texture": "#0"},
				"west": {"uv": [0, 0, 0.99456, 1.25], "texture": "#0"},
				"up": {"uv": [0, 0, 0.99456, 5], "rotation": 90, "texture": "#0"}
			}
		},
		{
			"name": "hexadecagon",
			"from": [3.59943, 10.75, 13.24328],
			"to": [7.59943, 12, 14.03893],
			"rotation": {"angle": 22.5, "axis": "y", "origin": [7.95, 10.97916, 7.675]},
			"faces": {
				"east": {"uv": [0, 0, 0.99456, 1.25], "texture": "#0"},
				"west": {"uv": [0, 0, 0.99456, 1.25], "texture": "#0"},
				"up": {"uv": [0, 0, 0.99456, 5], "rotation": 90, "texture": "#0"}
			}
		},
		{
			"name": "hexadecagon",
			"from": [12.16461, 10.75, 10.12977],
			"to": [12.96026, 12, 14.12977],
			"rotation": {"angle": -45, "axis": "y", "origin": [7.95, 10.97916, 7.675]},
			"faces": {
				"north": {"uv": [0, 0, 0.99456, 1.25], "texture": "#0"},
				"south": {"uv": [0, 0, 0.99456, 1.25], "texture": "#0"},
				"up": {"uv": [0, 0, 0.99456, 5], "texture": "#0"}
			}
		},
		{
			"name": "hexadecagon",
			"from": [10.10874, 10.75, 11.55578],
			"to": [10.90439, 12, 15.55578],
			"rotation": {"angle": -22.5, "axis": "y", "origin": [7.95, 10.97916, 7.675]},
			"faces": {
				"north": {"uv": [0, 0, 0.99456, 1.25], "texture": "#0"},
				"south": {"uv": [0, 0, 0.99456, 1.25], "texture": "#0"},
				"up": {"uv": [0, 0, 5, 0.99456], "rotation": 90, "texture": "#0"}
			}
		},
		{
			"name": "hexadecagon",
			"from": [7.66366, 10.75, 12.08649],
			"to": [8.45931, 12, 16.08649],
			"rotation": {"angle": 0, "axis": "y", "origin": [7.95, 10.97916, 7.675]},
			"faces": {
				"north": {"uv": [0, 0, 0.99456, 1.25], "texture": "#0"},
				"south": {"uv": [0, 0, 0.99456, 1.25], "texture": "#0"},
				"up": {"uv": [0, 0, 5, 0.99456], "rotation": 90, "texture": "#0"}
			}
		},
		{
			"name": "hexadecagon",
			"from": [5.20161, 10.75, 11.6411],
			"to": [5.99725, 12, 15.6411],
			"rotation": {"angle": 22.5, "axis": "y", "origin": [7.95, 10.97916, 7.675]},
			"faces": {
				"north": {"uv": [0, 0, 0.99456, 1.25], "texture": "#0"},
				"south": {"uv": [0, 0, 0.99456, 1.25], "texture": "#0"},
				"up": {"uv": [0, 0, 5, 0.99456], "rotation": 90, "texture": "#0"}
			}
		},
		{
			"name": "hexadecagon",
			"from": [7.63913, 10.75, 5.60429],
			"to": [8.43478, 12, 9.60429],
			"rotation": {"angle": -45, "axis": "y", "origin": [7.95, 10.97916, 7.675]},
			"faces": {
				"north": {"uv": [0, 0, 0.99456, 1.25], "texture": "#0"},
				"south": {"uv": [0, 0, 0.99456, 1.25], "texture": "#0"},
				"up": {"uv": [0, 0, 0.99456, 5], "texture": "#0"}
			}
		},
		{
			"name": "hexadecagon",
			"from": [6.0486, 10.75, 7.33045],
			"to": [10.0486, 12, 8.1261],
			"rotation": {"angle": 22.5, "axis": "y", "origin": [7.95, 10.97916, 7.675]},
			"faces": {
				"east": {"uv": [0, 0, 0.99456, 1.25], "texture": "#0"},
				"west": {"uv": [0, 0, 0.99456, 1.25], "texture": "#0"},
				"up": {"uv": [0, 0, 0.99456, 5], "rotation": 90, "texture": "#0"}
			}
		},
		{
			"name": "hexadecagon",
			"from": [6.06149, 10.75, 7.28866],
			"to": [10.06149, 12, 8.08431],
			"rotation": {"angle": 0, "axis": "y", "origin": [7.95, 10.97916, 7.675]},
			"faces": {
				"east": {"uv": [0, 0, 0.99456, 1.25], "texture": "#0"},
				"west": {"uv": [0, 0, 0.99456, 1.25], "texture": "#0"},
				"up": {"uv": [0, 0, 0.99456, 5], "rotation": 90, "texture": "#0"}
			}
		},
		{
			"name": "hexadecagon",
			"from": [6.05739, 10.75, 7.24512],
			"to": [10.05739, 12, 8.04077],
			"rotation": {"angle": -22.5, "axis": "y", "origin": [7.95, 10.97916, 7.675]},
			"faces": {
				"east": {"uv": [0, 0, 0.99456, 1.25], "texture": "#0"},
				"west": {"uv": [0, 0, 0.99456, 1.25], "texture": "#0"},
				"up": {"uv": [0, 0, 0.99456, 5], "rotation": 90, "texture": "#0"}
			}
		},
		{
			"name": "hexadecagon",
			"from": [6.03695, 10.75, 7.20647],
			"to": [10.03695, 12, 8.00211],
			"rotation": {"angle": -45, "axis": "y", "origin": [7.95, 10.97916, 7.675]},
			"faces": {
				"east": {"uv": [0, 0, 0.99456, 1.25], "texture": "#0"},
				"west": {"uv": [0, 0, 0.99456, 1.25], "texture": "#0"},
				"up": {"uv": [0, 0, 0.99456, 5], "rotation": 90, "texture": "#0"}
			}
		},
		{
			"name": "hexadecagon",
			"from": [7.65078, 10.75, 5.72827],
			"to": [8.44643, 12, 9.72827],
			"rotation": {"angle": 22.5, "axis": "y", "origin": [7.95, 10.97916, 7.675]},
			"faces": {
				"north": {"uv": [0, 0, 0.99456, 1.25], "texture": "#0"},
				"south": {"uv": [0, 0, 0.99456, 1.25], "texture": "#0"},
				"up": {"uv": [0, 0, 5, 0.99456], "rotation": 90, "texture": "#0"}
			}
		},
		{
			"name": "hexadecagon",
			"from": [7.66366, 10.75, 5.68649],
			"to": [8.45931, 12, 9.68649],
			"rotation": {"angle": 0, "axis": "y", "origin": [7.95, 10.97916, 7.675]},
			"faces": {
				"north": {"uv": [0, 0, 0.99456, 1.25], "texture": "#0"},
				"south": {"uv": [0, 0, 0.99456, 1.25], "texture": "#0"},
				"up": {"uv": [0, 0, 5, 0.99456], "rotation": 90, "texture": "#0"}
			}
		},
		{
			"name": "hexadecagon",
			"from": [7.65957, 10.75, 5.64295],
			"to": [8.45522, 12, 9.64295],
			"rotation": {"angle": -22.5, "axis": "y", "origin": [7.95, 10.97916, 7.675]},
			"faces": {
				"north": {"uv": [0, 0, 0.99456, 1.25], "texture": "#0"},
				"south": {"uv": [0, 0, 0.99456, 1.25], "texture": "#0"},
				"up": {"uv": [0, 0, 5, 0.99456], "rotation": 90, "texture": "#0"}
			}
		},
		{
			"name": "hexadecagon",
			"from": [10.56244, 10.75, 2.68098],
			"to": [14.56244, 12, 3.47663],
			"rotation": {"angle": -45, "axis": "y", "origin": [7.95, 10.97916, 7.675]},
			"faces": {
				"east": {"uv": [0, 0, 0.99456, 1.25], "texture": "#0"},
				"west": {"uv": [0, 0, 0.99456, 1.25], "texture": "#0"},
				"up": {"uv": [0, 0, 0.99456, 5], "rotation": 90, "texture": "#0"}
			}
		},
		{
			"name": "hexadecagon",
			"from": [11.97022, 10.75, 4.79595],
			"to": [15.97022, 12, 5.5916],
			"rotation": {"angle": -22.5, "axis": "y", "origin": [7.95, 10.97916, 7.675]},
			"faces": {
				"east": {"uv": [0, 0, 0.99456, 1.25], "texture": "#0"},
				"west": {"uv": [0, 0, 0.99456, 1.25], "texture": "#0"},
				"up": {"uv": [0, 0, 0.99456, 5], "rotation": 90, "texture": "#0"}
			}
		},
		{
			"name": "hexadecagon",
			"from": [12.46149, 10.75, 7.28866],
			"to": [16.46149, 12, 8.08431],
			"rotation": {"angle": 0, "axis": "y", "origin": [7.95, 10.97916, 7.675]},
			"faces": {
				"east": {"uv": [0, 0, 0.99456, 1.25], "texture": "#0"},
				"west": {"uv": [0, 0, 0.99456, 1.25], "texture": "#0"},
				"up": {"uv": [0, 0, 0.99456, 5], "rotation": 90, "texture": "#0"}
			}
		},
		{
			"name": "hexadecagon",
			"from": [11.96143, 10.75, 9.77962],
			"to": [15.96143, 12, 10.57527],
			"rotation": {"angle": 22.5, "axis": "y", "origin": [7.95, 10.97916, 7.675]},
			"faces": {
				"east": {"uv": [0, 0, 0.99456, 1.25], "texture": "#0"},
				"west": {"uv": [0, 0, 0.99456, 1.25], "texture": "#0"},
				"up": {"uv": [0, 0, 0.99456, 5], "rotation": 90, "texture": "#0"}
			}
		},
		{
			"name": "hexadecagon",
			"from": [12.16461, 10.75, 1.07881],
			"to": [12.96026, 12, 5.07881],
			"rotation": {"angle": -45, "axis": "y", "origin": [7.95, 10.97916, 7.675]},
			"faces": {
				"north": {"uv": [0, 0, 0.99456, 1.25], "texture": "#0"},
				"south": {"uv": [0, 0, 0.99456, 1.25], "texture": "#0"},
				"up": {"uv": [0, 0, 0.99456, 5], "texture": "#0"}
			}
		},
		{
			"name": "hexadecagon",
			"from": [13.5724, 10.75, 3.19377],
			"to": [14.36805, 12, 7.19377],
			"rotation": {"angle": -22.5, "axis": "y", "origin": [7.95, 10.97916, 7.675]},
			"faces": {
				"north": {"uv": [0, 0, 0.99456, 1.25], "texture": "#0"},
				"south": {"uv": [0, 0, 0.99456, 1.25], "texture": "#0"},
				"up": {"uv": [0, 0, 5, 0.99456], "rotation": 90, "texture": "#0"}
			}
		},
		{
			"name": "hexadecagon",
			"from": [14.06366, 10.75, 5.68649],
			"to": [14.85931, 12, 9.68649],
			"rotation": {"angle": 0, "axis": "y", "origin": [7.95, 10.97916, 7.675]},
			"faces": {
				"north": {"uv": [0, 0, 0.99456, 1.25], "texture": "#0"},
				"south": {"uv": [0, 0, 0.99456, 1.25], "texture": "#0"},
				"up": {"uv": [0, 0, 5, 0.99456], "rotation": 90, "texture": "#0"}
			}
		},
		{
			"name": "hexadecagon",
			"from": [13.56361, 10.75, 8.17745],
			"to": [14.35926, 12, 12.17745],
			"rotation": {"angle": 22.5, "axis": "y", "origin": [7.95, 10.97916, 7.675]},
			"faces": {
				"north": {"uv": [0, 0, 0.99456, 1.25], "texture": "#0"},
				"south": {"uv": [0, 0, 0.99456, 1.25], "texture": "#0"},
				"up": {"uv": [0, 0, 5, 0.99456], "rotation": 90, "texture": "#0"}
			}
		},
		{
			"from": [16.86149, 8.25, 4.48649],
			"to": [17.66149, 10.9166, 10.08649],
			"rotation": {"angle": 0, "axis": "y", "origin": [7.95, 10.97916, 7.675]},
			"faces": {
				"north": {"uv": [0, 0, 1, 2.6666], "texture": "#0"},
				"east": {"uv": [0, 0, 7, 2.6666], "texture": "#0"},
				"west": {"uv": [0, 0, 7, 2.6666], "texture": "#0"},
				"down": {"uv": [0, 0, 1, 7], "texture": "#0"}
			}
		},
		{
			"from": [5.66149, 8.25, 16.48649],
			"to": [10.46149, 10.9166, 17.28649],
			"rotation": {"angle": 0, "axis": "y", "origin": [7.95, 10.97916, 7.675]},
			"faces": {
				"north": {"uv": [0, 0, 6, 2.6666], "texture": "#0"},
				"south": {"uv": [0, 0, 6, 2.6666], "texture": "#0"},
				"down": {"uv": [0, 0, 6, 1], "texture": "#0"}
			}
		},
		{
			"from": [5.66149, 8.25, 4.48649],
			"to": [16.86149, 10.9166, 5.28649],
			"rotation": {"angle": 0, "axis": "y", "origin": [7.95, 10.97916, 7.675]},
			"faces": {
				"north": {"uv": [0, 0, 14, 2.6666], "texture": "#0"},
				"south": {"uv": [0, 0, 14, 2.6666], "texture": "#0"},
				"down": {"uv": [0, 0, 14, 1], "texture": "#0"}
			}
		},
		{
			"from": [4.86149, 8.25, 4.48649],
			"to": [5.66149, 10.9166, 17.28649],
			"rotation": {"angle": 0, "axis": "y", "origin": [7.95, 10.97916, 7.675]},
			"faces": {
				"north": {"uv": [0, 0, 1, 2.6666], "texture": "#0"},
				"east": {"uv": [0, 0, 16, 2.6666], "texture": "#0"},
				"south": {"uv": [0, 0, 1, 2.6666], "texture": "#0"},
				"west": {"uv": [0, 0, 16, 2.6666], "texture": "#0"},
				"down": {"uv": [0, 0, 1, 16], "texture": "#0"}
			}
		},
		{
			"from": [10.46149, 8.25, 10.88649],
			"to": [11.26149, 10.9166, 17.28649],
			"rotation": {"angle": 0, "axis": "y", "origin": [7.95, 10.97916, 7.675]},
			"faces": {
				"east": {"uv": [0, 0, 8, 2.6666], "texture": "#0"},
				"south": {"uv": [0, 0, 1, 2.6666], "texture": "#0"},
				"west": {"uv": [0, 0, 8, 2.6666], "texture": "#0"},
				"down": {"uv": [0, 0, 1, 8], "texture": "#0"}
			}
		},
		{
			"from": [10.46149, 8.25, 10.08649],
			"to": [17.66149, 10.9166, 10.88649],
			"rotation": {"angle": 0, "axis": "y", "origin": [7.95, 10.97916, 7.675]},
			"faces": {
				"north": {"uv": [0, 0, 9, 2.6666], "texture": "#0"},
				"east": {"uv": [0, 0, 1, 2.6666], "texture": "#0"},
				"south": {"uv": [0, 0, 9, 2.6666], "texture": "#0"},
				"west": {"uv": [0, 0, 1, 2.6666], "texture": "#0"},
				"down": {"uv": [0, 0, 9, 1], "texture": "#0"}
			}
		},
		{
			"from": [4.86149, 9.9166, 4.48649],
			"to": [17.66149, 10.9166, 10.88649],
			"rotation": {"angle": 0, "axis": "y", "origin": [7.95, 10.97916, 7.675]},
			"faces": {
				"up": {"uv": [0, 0, 16, 8], "texture": "#0"},
				"down": {"uv": [0, 0, 16, 8], "texture": "#0"}
			}
		},
		{
			"from": [4.86149, 9.9166, 10.88649],
			"to": [11.26149, 10.9166, 17.28649],
			"rotation": {"angle": 0, "axis": "y", "origin": [7.95, 10.97916, 7.675]},
			"faces": {
				"up": {"uv": [0, 0, 8, 8], "texture": "#0"},
				"down": {"uv": [0, 0, 8, 8], "texture": "#0"}
			}
		},
		{
			"name": "hexadecagon",
			"from": [1.33756, 13.75, 2.8224],
			"to": [5.33756, 15, 3.61805],
			"rotation": {"angle": -22.5, "axis": "y", "origin": [7.95, 13.97916, 7.675]},
			"faces": {
				"east": {"uv": [0, 0, 0.99456, 1.25], "texture": "#0"},
				"west": {"uv": [0, 0, 0.99456, 1.25], "texture": "#0"},
				"up": {"uv": [0, 0, 0.99456, 5], "rotation": 270, "texture": "#0"}
			}
		},
		{
			"name": "hexadecagon",
			"from": [3.39343, 13.75, 1.3964],
			"to": [7.39343, 15, 2.19205],
			"rotation": {"angle": 0, "axis": "y", "origin": [7.95, 13.97916, 7.675]},
			"faces": {
				"east": {"uv": [0, 0, 0.99456, 1.25], "texture": "#0"},
				"west": {"uv": [0, 0, 0.99456, 1.25], "texture": "#0"},
				"up": {"uv": [0, 0, 0.99456, 5], "rotation": 270, "texture": "#0"}
			}
		},
		{
			"name": "hexadecagon",
			"from": [5.83851, 13.75, 0.86569],
			"to": [9.83851, 15, 1.66134],
			"rotation": {"angle": 22.5, "axis": "y", "origin": [7.95, 13.97916, 7.675]},
			"faces": {
				"east": {"uv": [0, 0, 0.99456, 1.25], "texture": "#0"},
				"west": {"uv": [0, 0, 0.99456, 1.25], "texture": "#0"},
				"up": {"uv": [0, 0, 0.99456, 5], "rotation": 270, "texture": "#0"}
			}
		},
		{
			"name": "hexadecagon",
			"from": [1.58607, 13.75, 3.32443],
			"to": [2.38172, 15, 7.32443],
			"rotation": {"angle": -45, "axis": "y", "origin": [7.95, 13.97916, 7.675]},
			"faces": {
				"north": {"uv": [0, 0, 0.99456, 1.25], "texture": "#0"},
				"south": {"uv": [0, 0, 0.99456, 1.25], "texture": "#0"},
				"up": {"uv": [0, 0, 0.99456, 5], "rotation": 180, "texture": "#0"}
			}
		},
		{
			"name": "hexadecagon",
			"from": [2.93974, 13.75, 1.22023],
			"to": [3.73539, 15, 5.22023],
			"rotation": {"angle": -22.5, "axis": "y", "origin": [7.95, 13.97916, 7.675]},
			"faces": {
				"north": {"uv": [0, 0, 0.99456, 1.25], "texture": "#0"},
				"south": {"uv": [0, 0, 0.99456, 1.25], "texture": "#0"},
				"up": {"uv": [0, 0, 0.99456, 5], "rotation": 180, "texture": "#0"}
			}
		},
		{
			"name": "hexadecagon",
			"from": [4.99561, 13.75, -0.20578],
			"to": [5.79126, 15, 3.79422],
			"rotation": {"angle": 0, "axis": "y", "origin": [7.95, 13.97916, 7.675]},
			"faces": {
				"north": {"uv": [0, 0, 0.99456, 1.25], "texture": "#0"},
				"south": {"uv": [0, 0, 0.99456, 1.25], "texture": "#0"},
				"up": {"uv": [0, 0, 5, 0.99456], "rotation": 270, "texture": "#0"}
			}
		},
		{
			"name": "hexadecagon",
			"from": [7.44069, 13.75, -0.73649],
			"to": [8.23634, 15, 3.26351],
			"rotation": {"angle": 22.5, "axis": "y", "origin": [7.95, 13.97916, 7.675]},
			"faces": {
				"north": {"uv": [0, 0, 0.99456, 1.25], "texture": "#0"},
				"south": {"uv": [0, 0, 0.99456, 1.25], "texture": "#0"},
				"up": {"uv": [0, 0, 5, 0.99456], "rotation": 270, "texture": "#0"}
			}
		},
		{
			"name": "hexadecagon",
			"from": [-0.0161, 13.75, 4.92661],
			"to": [3.9839, 15, 5.72225],
			"rotation": {"angle": -45, "axis": "y", "origin": [7.95, 13.97916, 7.675]},
			"faces": {
				"east": {"uv": [0, 0, 0.99456, 1.25], "texture": "#0"},
				"west": {"uv": [0, 0, 0.99456, 1.25], "texture": "#0"},
				"up": {"uv": [0, 0, 5, 0.99456], "rotation": 180, "texture": "#0"}
			}
		},
		{
			"name": "hexadecagon",
			"from": [7.46522, 13.75, 5.74571],
			"to": [8.26087, 15, 9.74571],
			"rotation": {"angle": -22.5, "axis": "y", "origin": [7.95, 13.97916, 7.675]},
			"faces": {
				"north": {"uv": [0, 0, 0.99456, 1.25], "texture": "#0"},
				"south": {"uv": [0, 0, 0.99456, 1.25], "texture": "#0"},
				"up": {"uv": [0, 0, 0.99456, 5], "rotation": 180, "texture": "#0"}
			}
		},
		{
			"name": "hexadecagon",
			"from": [7.4989, 13.75, 5.7736],
			"to": [8.29455, 15, 9.7736],
			"rotation": {"angle": -45, "axis": "y", "origin": [7.95, 13.97916, 7.675]},
			"faces": {
				"north": {"uv": [0, 0, 0.99456, 1.25], "texture": "#0"},
				"south": {"uv": [0, 0, 0.99456, 1.25], "texture": "#0"},
				"up": {"uv": [0, 0, 0.99456, 5], "rotation": 180, "texture": "#0"}
			}
		},
		{
			"name": "hexadecagon",
			"from": [5.83851, 13.75, 7.26569],
			"to": [9.83851, 15, 8.06134],
			"rotation": {"angle": 22.5, "axis": "y", "origin": [7.95, 13.97916, 7.675]},
			"faces": {
				"east": {"uv": [0, 0, 0.99456, 1.25], "texture": "#0"},
				"west": {"uv": [0, 0, 0.99456, 1.25], "texture": "#0"},
				"up": {"uv": [0, 0, 0.99456, 5], "rotation": 270, "texture": "#0"}
			}
		},
		{
			"name": "hexadecagon",
			"from": [5.84261, 13.75, 7.30923],
			"to": [9.84261, 15, 8.10488],
			"rotation": {"angle": 0, "axis": "y", "origin": [7.95, 13.97916, 7.675]},
			"faces": {
				"east": {"uv": [0, 0, 0.99456, 1.25], "texture": "#0"},
				"west": {"uv": [0, 0, 0.99456, 1.25], "texture": "#0"},
				"up": {"uv": [0, 0, 0.99456, 5], "rotation": 270, "texture": "#0"}
			}
		},
		{
			"name": "hexadecagon",
			"from": [5.86305, 13.75, 7.34789],
			"to": [9.86305, 15, 8.14353],
			"rotation": {"angle": -22.5, "axis": "y", "origin": [7.95, 13.97916, 7.675]},
			"faces": {
				"east": {"uv": [0, 0, 0.99456, 1.25], "texture": "#0"},
				"west": {"uv": [0, 0, 0.99456, 1.25], "texture": "#0"},
				"up": {"uv": [0, 0, 0.99456, 5], "rotation": 270, "texture": "#0"}
			}
		},
		{
			"name": "hexadecagon",
			"from": [5.89673, 13.75, 7.37578],
			"to": [9.89673, 15, 8.17143],
			"rotation": {"angle": -45, "axis": "y", "origin": [7.95, 13.97916, 7.675]},
			"faces": {
				"east": {"uv": [0, 0, 0.99456, 1.25], "texture": "#0"},
				"west": {"uv": [0, 0, 0.99456, 1.25], "texture": "#0"},
				"up": {"uv": [0, 0, 5, 0.99456], "rotation": 180, "texture": "#0"}
			}
		},
		{
			"name": "hexadecagon",
			"from": [7.44069, 13.75, 5.66351],
			"to": [8.23634, 15, 9.66351],
			"rotation": {"angle": 22.5, "axis": "y", "origin": [7.95, 13.97916, 7.675]},
			"faces": {
				"north": {"uv": [0, 0, 0.99456, 1.25], "texture": "#0"},
				"south": {"uv": [0, 0, 0.99456, 1.25], "texture": "#0"},
				"up": {"uv": [0, 0, 5, 0.99456], "rotation": 270, "texture": "#0"}
			}
		},
		{
			"name": "hexadecagon",
			"from": [7.44478, 13.75, 5.70705],
			"to": [8.24043, 15, 9.70705],
			"rotation": {"angle": 0, "axis": "y", "origin": [7.95, 13.97916, 7.675]},
			"faces": {
				"north": {"uv": [0, 0, 0.99456, 1.25], "texture": "#0"},
				"south": {"uv": [0, 0, 0.99456, 1.25], "texture": "#0"},
				"up": {"uv": [0, 0, 5, 0.99456], "rotation": 270, "texture": "#0"}
			}
		},
		{
			"name": "hexadecagon",
			"from": [1.33756, 13.75, 11.87337],
			"to": [5.33756, 15, 12.66902],
			"rotation": {"angle": -22.5, "axis": "y", "origin": [7.95, 13.97916, 7.675]},
			"faces": {
				"east": {"uv": [0, 0, 0.99456, 1.25], "texture": "#0"},
				"west": {"uv": [0, 0, 0.99456, 1.25], "texture": "#0"},
				"up": {"uv": [0, 0, 0.99456, 5], "rotation": 270, "texture": "#0"}
			}
		},
		{
			"name": "hexadecagon",
			"from": [-0.07022, 13.75, 9.7584],
			"to": [3.92978, 15, 10.55405],
			"rotation": {"angle": 0, "axis": "y", "origin": [7.95, 13.97916, 7.675]},
			"faces": {
				"east": {"uv": [0, 0, 0.99456, 1.25], "texture": "#0"},
				"west": {"uv": [0, 0, 0.99456, 1.25], "texture": "#0"},
				"up": {"uv": [0, 0, 0.99456, 5], "rotation": 270, "texture": "#0"}
			}
		},
		{
			"name": "hexadecagon",
			"from": [-0.56149, 13.75, 7.26569],
			"to": [3.43851, 15, 8.06134],
			"rotation": {"angle": 22.5, "axis": "y", "origin": [7.95, 13.97916, 7.675]},
			"faces": {
				"east": {"uv": [0, 0, 0.99456, 1.25], "texture": "#0"},
				"west": {"uv": [0, 0, 0.99456, 1.25], "texture": "#0"},
				"up": {"uv": [0, 0, 0.99456, 5], "rotation": 270, "texture": "#0"}
			}
		},
		{
			"name": "hexadecagon",
			"from": [5.04973, 13.75, 11.68643],
			"to": [5.84538, 15, 15.68643],
			"rotation": {"angle": -45, "axis": "y", "origin": [7.95, 13.97916, 7.675]},
			"faces": {
				"north": {"uv": [0, 0, 0.99456, 1.25], "texture": "#0"},
				"south": {"uv": [0, 0, 0.99456, 1.25], "texture": "#0"},
				"up": {"uv": [0, 0, 0.99456, 5], "rotation": 180, "texture": "#0"}
			}
		},
		{
			"name": "hexadecagon",
			"from": [2.93974, 13.75, 10.27119],
			"to": [3.73539, 15, 14.27119],
			"rotation": {"angle": -22.5, "axis": "y", "origin": [7.95, 13.97916, 7.675]},
			"faces": {
				"north": {"uv": [0, 0, 0.99456, 1.25], "texture": "#0"},
				"south": {"uv": [0, 0, 0.99456, 1.25], "texture": "#0"},
				"up": {"uv": [0, 0, 0.99456, 5], "rotation": 180, "texture": "#0"}
			}
		},
		{
			"name": "hexadecagon",
			"from": [1.53195, 13.75, 8.15623],
			"to": [2.3276, 15, 12.15623],
			"rotation": {"angle": 0, "axis": "y", "origin": [7.95, 13.97916, 7.675]},
			"faces": {
				"north": {"uv": [0, 0, 0.99456, 1.25], "texture": "#0"},
				"south": {"uv": [0, 0, 0.99456, 1.25], "texture": "#0"},
				"up": {"uv": [0, 0, 5, 0.99456], "rotation": 270, "texture": "#0"}
			}
		},
		{
			"name": "hexadecagon",
			"from": [1.04069, 13.75, 5.66351],
			"to": [1.83634, 15, 9.66351],
			"rotation": {"angle": 22.5, "axis": "y", "origin": [7.95, 13.97916, 7.675]},
			"faces": {
				"north": {"uv": [0, 0, 0.99456, 1.25], "texture": "#0"},
				"south": {"uv": [0, 0, 0.99456, 1.25], "texture": "#0"},
				"up": {"uv": [0, 0, 5, 0.99456], "rotation": 270, "texture": "#0"}
			}
		},
		{
			"name": "hexadecagon",
			"from": [3.44755, 13.75, 13.28861],
			"to": [7.44755, 15, 14.08426],
			"rotation": {"angle": -45, "axis": "y", "origin": [7.95, 13.97916, 7.675]},
			"faces": {
				"east": {"uv": [0, 0, 0.99456, 1.25], "texture": "#0"},
				"west": {"uv": [0, 0, 0.99456, 1.25], "texture": "#0"},
				"up": {"uv": [0, 0, 5, 0.99456], "rotation": 180, "texture": "#0"}
			}
		},
		{
			"from": [-1.76149, 11.25, 5.26351],
			"to": [-0.96149, 13.9166, 10.86351],
			"rotation": {"angle": 22.5, "axis": "y", "origin": [7.95, 13.97916, 7.675]},
			"faces": {
				"east": {"uv": [0, 0, 7, 2.6666], "texture": "#0"},
				"south": {"uv": [0, 0, 1, 2.6666], "texture": "#0"},
				"west": {"uv": [0, 0, 7, 2.6666], "texture": "#0"},
				"down": {"uv": [0, 0, 1, 7], "rotation": 180, "texture": "#0"}
			}
		},
		{
			"from": [5.43851, 11.25, -1.93649],
			"to": [10.23851, 13.9166, -1.13649],
			"rotation": {"angle": 22.5, "axis": "y", "origin": [7.95, 13.97916, 7.675]},
			"faces": {
				"north": {"uv": [0, 0, 6, 2.6666], "texture": "#0"},
				"south": {"uv": [0, 0, 6, 2.6666], "texture": "#0"},
				"down": {"uv": [0, 0, 6, 1], "rotation": 180, "texture": "#0"}
			}
		},
		{
			"from": [-0.96149, 11.25, 10.06351],
			"to": [10.23851, 13.9166, 10.86351],
			"rotation": {"angle": 22.5, "axis": "y", "origin": [7.95, 13.97916, 7.675]},
			"faces": {
				"north": {"uv": [0, 0, 14, 2.6666], "texture": "#0"},
				"south": {"uv": [0, 0, 14, 2.6666], "texture": "#0"},
				"down": {"uv": [0, 0, 14, 1], "rotation": 180, "texture": "#0"}
			}
		},
		{
			"from": [10.23851, 11.25, -1.93649],
			"to": [11.03851, 13.9166, 10.86351],
			"rotation": {"angle": 22.5, "axis": "y", "origin": [7.95, 13.97916, 7.675]},
			"faces": {
				"north": {"uv": [0, 0, 1, 2.6666], "texture": "#0"},
				"east": {"uv": [0, 0, 16, 2.6666], "texture": "#0"},
				"south": {"uv": [0, 0, 1, 2.6666], "texture": "#0"},
				"west": {"uv": [0, 0, 16, 2.6666], "texture": "#0"},
				"down": {"uv": [0, 0, 1, 16], "rotation": 180, "texture": "#0"}
			}
		},
		{
			"from": [4.63851, 11.25, -1.93649],
			"to": [5.43851, 13.9166, 4.46351],
			"rotation": {"angle": 22.5, "axis": "y", "origin": [7.95, 13.97916, 7.675]},
			"faces": {
				"north": {"uv": [0, 0, 1, 2.6666], "texture": "#0"},
				"east": {"uv": [0, 0, 8, 2.6666], "texture": "#0"},
				"west": {"uv": [0, 0, 8, 2.6666], "texture": "#0"},
				"down": {"uv": [0, 0, 1, 8], "rotation": 180, "texture": "#0"}
			}
		},
		{
			"from": [-1.76149, 11.25, 4.46351],
			"to": [5.43851, 13.9166, 5.26351],
			"rotation": {"angle": 22.5, "axis": "y", "origin": [7.95, 13.97916, 7.675]},
			"faces": {
				"north": {"uv": [0, 0, 9, 2.6666], "texture": "#0"},
				"east": {"uv": [0, 0, 1, 2.6666], "texture": "#0"},
				"south": {"uv": [0, 0, 9, 2.6666], "texture": "#0"},
				"west": {"uv": [0, 0, 1, 2.6666], "texture": "#0"},
				"down": {"uv": [0, 0, 9, 1], "rotation": 180, "texture": "#0"}
			}
		},
		{
			"from": [-1.76149, 12.9166, 4.46351],
			"to": [11.03851, 13.9166, 10.86351],
			"rotation": {"angle": 22.5, "axis": "y", "origin": [7.95, 13.97916, 7.675]},
			"faces": {
				"up": {"uv": [0, 0, 16, 8], "rotation": 180, "texture": "#0"},
				"down": {"uv": [0, 0, 16, 8], "rotation": 180, "texture": "#0"}
			}
		},
		{
			"from": [4.63851, 12.9166, -1.93649],
			"to": [11.03851, 13.9166, 4.46351],
			"rotation": {"angle": 22.5, "axis": "y", "origin": [7.95, 13.97916, 7.675]},
			"faces": {
				"up": {"uv": [0, 0, 8, 8], "rotation": 180, "texture": "#0"},
				"down": {"uv": [0, 0, 8, 8], "rotation": 180, "texture": "#0"}
			}
		},
		{
			"name": "hexadecagon",
			"from": [10.56244, 16.75, 11.73195],
			"to": [14.56244, 18, 12.5276],
			"rotation": {"angle": 0, "axis": "y", "origin": [7.95, 16.97916, 7.675]},
			"faces": {
				"east": {"uv": [0, 0, 0.99456, 1.25], "texture": "#0"},
				"west": {"uv": [0, 0, 0.99456, 1.25], "texture": "#0"},
				"up": {"uv": [0, 0, 0.99456, 5], "rotation": 90, "texture": "#0"}
			}
		},
		{
			"name": "hexadecagon",
			"from": [8.50657, 16.75, 13.15795],
			"to": [12.50657, 18, 13.9536],
			"rotation": {"angle": 22.5, "axis": "y", "origin": [7.95, 16.97916, 7.675]},
			"faces": {
				"east": {"uv": [0, 0, 0.99456, 1.25], "texture": "#0"},
				"west": {"uv": [0, 0, 0.99456, 1.25], "texture": "#0"},
				"up": {"uv": [0, 0, 0.99456, 5], "rotation": 90, "texture": "#0"}
			}
		},
		{
			"name": "hexadecagon",
			"from": [6.06149, 16.75, 13.68866],
			"to": [10.06149, 18, 14.48431],
			"rotation": {"angle": 45, "axis": "y", "origin": [7.95, 16.97916, 7.675]},
			"faces": {
				"east": {"uv": [0, 0, 0.99456, 1.25], "texture": "#0"},
				"west": {"uv": [0, 0, 0.99456, 1.25], "texture": "#0"},
				"up": {"uv": [0, 0, 0.99456, 5], "rotation": 90, "texture": "#0"}
			}
		},
		{
			"name": "hexadecagon",
			"from": [13.51828, 16.75, 8.02557],
			"to": [14.31393, 18, 12.02557],
			"rotation": {"angle": -22.5, "axis": "y", "origin": [7.95, 16.97916, 7.675]},
			"faces": {
				"north": {"uv": [0, 0, 0.99456, 1.25], "texture": "#0"},
				"south": {"uv": [0, 0, 0.99456, 1.25], "texture": "#0"},
				"up": {"uv": [0, 0, 0.99456, 5], "texture": "#0"}
			}
		},
		{
			"name": "hexadecagon",
			"from": [12.16461, 16.75, 10.12977],
			"to": [12.96026, 18, 14.12977],
			"rotation": {"angle": 0, "axis": "y", "origin": [7.95, 16.97916, 7.675]},
			"faces": {
				"north": {"uv": [0, 0, 0.99456, 1.25], "texture": "#0"},
				"south": {"uv": [0, 0, 0.99456, 1.25], "texture": "#0"},
				"up": {"uv": [0, 0, 0.99456, 5], "texture": "#0"}
			}
		},
		{
			"name": "hexadecagon",
			"from": [10.10874, 16.75, 11.55578],
			"to": [10.90439, 18, 15.55578],
			"rotation": {"angle": 22.5, "axis": "y", "origin": [7.95, 16.97916, 7.675]},
			"faces": {
				"north": {"uv": [0, 0, 0.99456, 1.25], "texture": "#0"},
				"south": {"uv": [0, 0, 0.99456, 1.25], "texture": "#0"},
				"up": {"uv": [0, 0, 5, 0.99456], "rotation": 90, "texture": "#0"}
			}
		},
		{
			"name": "hexadecagon",
			"from": [7.66366, 16.75, 12.08649],
			"to": [8.45931, 18, 16.08649],
			"rotation": {"angle": 45, "axis": "y", "origin": [7.95, 16.97916, 7.675]},
			"faces": {
				"north": {"uv": [0, 0, 0.99456, 1.25], "texture": "#0"},
				"south": {"uv": [0, 0, 0.99456, 1.25], "texture": "#0"},
				"up": {"uv": [0, 0, 5, 0.99456], "rotation": 90, "texture": "#0"}
			}
		},
		{
			"name": "hexadecagon",
			"from": [11.9161, 16.75, 9.62775],
			"to": [15.9161, 18, 10.42339],
			"rotation": {"angle": -22.5, "axis": "y", "origin": [7.95, 16.97916, 7.675]},
			"faces": {
				"east": {"uv": [0, 0, 0.99456, 1.25], "texture": "#0"},
				"west": {"uv": [0, 0, 0.99456, 1.25], "texture": "#0"},
				"up": {"uv": [0, 0, 5, 0.99456], "texture": "#0"}
			}
		},
		{
			"name": "hexadecagon",
			"from": [7.63913, 16.75, 5.60429],
			"to": [8.43478, 18, 9.60429],
			"rotation": {"angle": 0, "axis": "y", "origin": [7.95, 16.97916, 7.675]},
			"faces": {
				"north": {"uv": [0, 0, 0.99456, 1.25], "texture": "#0"},
				"south": {"uv": [0, 0, 0.99456, 1.25], "texture": "#0"}
			}
		},
		{
			"name": "hexadecagon",
			"from": [7.60545, 16.75, 5.5764],
			"to": [8.4011, 18, 9.5764],
			"rotation": {"angle": -22.5, "axis": "y", "origin": [7.95, 16.97916, 7.675]},
			"faces": {
				"north": {"uv": [0, 0, 0.99456, 1.25], "texture": "#0"},
				"south": {"uv": [0, 0, 0.99456, 1.25], "texture": "#0"}
			}
		},
		{
			"name": "hexadecagon",
			"from": [6.06149, 16.75, 7.28866],
			"to": [10.06149, 18, 8.08431],
			"rotation": {"angle": 45, "axis": "y", "origin": [7.95, 16.97916, 7.675]},
			"faces": {
				"east": {"uv": [0, 0, 0.99456, 1.25], "texture": "#0"},
				"west": {"uv": [0, 0, 0.99456, 1.25], "texture": "#0"},
				"up": {"uv": [0, 0, 0.99456, 5], "rotation": 90, "texture": "#0"}
			}
		},
		{
			"name": "hexadecagon",
			"from": [6.05739, 16.75, 7.24512],
			"to": [10.05739, 18, 8.04077],
			"rotation": {"angle": 22.5, "axis": "y", "origin": [7.95, 16.97916, 7.675]},
			"faces": {
				"east": {"uv": [0, 0, 0.99456, 1.25], "texture": "#0"},
				"west": {"uv": [0, 0, 0.99456, 1.25], "texture": "#0"},
				"up": {"uv": [0, 0, 0.99456, 5], "rotation": 90, "texture": "#0"}
			}
		},
		{
			"name": "hexadecagon",
			"from": [6.03695, 16.75, 7.20647],
			"to": [10.03695, 18, 8.00211],
			"rotation": {"angle": 0, "axis": "y", "origin": [7.95, 16.97916, 7.675]},
			"faces": {
				"east": {"uv": [0, 0, 0.99456, 1.25], "texture": "#0"},
				"west": {"uv": [0, 0, 0.99456, 1.25], "texture": "#0"},
				"up": {"uv": [0, 0, 0.99456, 5], "rotation": 90, "texture": "#0"}
			}
		},
		{
			"name": "hexadecagon",
			"from": [6.00327, 16.75, 7.17857],
			"to": [10.00327, 18, 7.97422],
			"rotation": {"angle": -22.5, "axis": "y", "origin": [7.95, 16.97916, 7.675]},
			"faces": {
				"east": {"uv": [0, 0, 0.99456, 1.25], "texture": "#0"},
				"west": {"uv": [0, 0, 0.99456, 1.25], "texture": "#0"},
				"up": {"uv": [0, 0, 5, 0.99456], "texture": "#0"}
			}
		},
		{
			"name": "hexadecagon",
			"from": [7.66366, 16.75, 5.68649],
			"to": [8.45931, 18, 9.68649],
			"rotation": {"angle": 45, "axis": "y", "origin": [7.95, 16.97916, 7.675]},
			"faces": {
				"north": {"uv": [0, 0, 0.99456, 1.25], "texture": "#0"},
				"south": {"uv": [0, 0, 0.99456, 1.25], "texture": "#0"},
				"up": {"uv": [0, 0, 5, 0.99456], "rotation": 90, "texture": "#0"}
			}
		},
		{
			"name": "hexadecagon",
			"from": [7.65957, 16.75, 5.64295],
			"to": [8.45522, 18, 9.64295],
			"rotation": {"angle": 22.5, "axis": "y", "origin": [7.95, 16.97916, 7.675]},
			"faces": {
				"north": {"uv": [0, 0, 0.99456, 1.25], "texture": "#0"},
				"south": {"uv": [0, 0, 0.99456, 1.25], "texture": "#0"}
			}
		},
		{
			"name": "hexadecagon",
			"from": [10.56244, 16.75, 2.68098],
			"to": [14.56244, 18, 3.47663],
			"rotation": {"angle": 0, "axis": "y", "origin": [7.95, 16.97916, 7.675]},
			"faces": {
				"east": {"uv": [0, 0, 0.99456, 1.25], "texture": "#0"},
				"west": {"uv": [0, 0, 0.99456, 1.25], "texture": "#0"},
				"up": {"uv": [0, 0, 0.99456, 5], "rotation": 90, "texture": "#0"}
			}
		},
		{
			"name": "hexadecagon",
			"from": [11.97022, 16.75, 4.79595],
			"to": [15.97022, 18, 5.5916],
			"rotation": {"angle": 22.5, "axis": "y", "origin": [7.95, 16.97916, 7.675]},
			"faces": {
				"east": {"uv": [0, 0, 0.99456, 1.25], "texture": "#0"},
				"west": {"uv": [0, 0, 0.99456, 1.25], "texture": "#0"},
				"up": {"uv": [0, 0, 0.99456, 5], "rotation": 90, "texture": "#0"}
			}
		},
		{
			"name": "hexadecagon",
			"from": [12.46149, 16.75, 7.28866],
			"to": [16.46149, 18, 8.08431],
			"rotation": {"angle": 45, "axis": "y", "origin": [7.95, 16.97916, 7.675]},
			"faces": {
				"east": {"uv": [0, 0, 0.99456, 1.25], "texture": "#0"},
				"west": {"uv": [0, 0, 0.99456, 1.25], "texture": "#0"},
				"up": {"uv": [0, 0, 0.99456, 5], "rotation": 90, "texture": "#0"}
			}
		},
		{
			"name": "hexadecagon",
			"from": [10.05462, 16.75, -0.33643],
			"to": [10.85027, 18, 3.66357],
			"rotation": {"angle": -22.5, "axis": "y", "origin": [7.95, 16.97916, 7.675]},
			"faces": {
				"north": {"uv": [0, 0, 0.99456, 1.25], "texture": "#0"},
				"south": {"uv": [0, 0, 0.99456, 1.25], "texture": "#0"},
				"up": {"uv": [0, 0, 0.99456, 5], "texture": "#0"}
			}
		},
		{
			"name": "hexadecagon",
			"from": [12.16461, 16.75, 1.07881],
			"to": [12.96026, 18, 5.07881],
			"rotation": {"angle": 0, "axis": "y", "origin": [7.95, 16.97916, 7.675]},
			"faces": {
				"north": {"uv": [0, 0, 0.99456, 1.25], "texture": "#0"},
				"south": {"uv": [0, 0, 0.99456, 1.25], "texture": "#0"},
				"up": {"uv": [0, 0, 0.99456, 5], "texture": "#0"}
			}
		},
		{
			"name": "hexadecagon",
			"from": [13.5724, 16.75, 3.19377],
			"to": [14.36805, 18, 7.19377],
			"rotation": {"angle": 22.5, "axis": "y", "origin": [7.95, 16.97916, 7.675]},
			"faces": {
				"north": {"uv": [0, 0, 0.99456, 1.25], "texture": "#0"},
				"south": {"uv": [0, 0, 0.99456, 1.25], "texture": "#0"},
				"up": {"uv": [0, 0, 5, 0.99456], "rotation": 90, "texture": "#0"}
			}
		},
		{
			"name": "hexadecagon",
			"from": [14.06366, 16.75, 5.68649],
			"to": [14.85931, 18, 9.68649],
			"rotation": {"angle": 45, "axis": "y", "origin": [7.95, 16.97916, 7.675]},
			"faces": {
				"north": {"uv": [0, 0, 0.99456, 1.25], "texture": "#0"},
				"south": {"uv": [0, 0, 0.99456, 1.25], "texture": "#0"},
				"up": {"uv": [0, 0, 5, 0.99456], "rotation": 90, "texture": "#0"}
			}
		},
		{
			"name": "hexadecagon",
			"from": [8.45245, 16.75, 1.26574],
			"to": [12.45245, 18, 2.06139],
			"rotation": {"angle": -22.5, "axis": "y", "origin": [7.95, 16.97916, 7.675]},
			"faces": {
				"east": {"uv": [0, 0, 0.99456, 1.25], "texture": "#0"},
				"west": {"uv": [0, 0, 0.99456, 1.25], "texture": "#0"},
				"up": {"uv": [0, 0, 5, 0.99456], "texture": "#0"}
			}
		},
		{
			"from": [16.86149, 14.25, 4.48649],
			"to": [17.66149, 16.9166, 10.08649],
			"rotation": {"angle": 45, "axis": "y", "origin": [7.95, 16.97916, 7.675]},
			"faces": {
				"north": {"uv": [0, 0, 1, 2.6666], "texture": "#0"},
				"east": {"uv": [0, 0, 7, 2.6666], "texture": "#0"},
				"west": {"uv": [0, 0, 7, 2.6666], "texture": "#0"},
				"down": {"uv": [0, 0, 1, 7], "texture": "#0"}
			}
		},
		{
			"from": [5.66149, 14.25, 16.48649],
			"to": [10.46149, 16.9166, 17.28649],
			"rotation": {"angle": 45, "axis": "y", "origin": [7.95, 16.97916, 7.675]},
			"faces": {
				"north": {"uv": [0, 0, 6, 2.6666], "texture": "#0"},
				"south": {"uv": [0, 0, 6, 2.6666], "texture": "#0"},
				"down": {"uv": [0, 0, 6, 1], "texture": "#0"}
			}
		},
		{
			"from": [5.66149, 14.25, 4.48649],
			"to": [16.86149, 16.9166, 5.28649],
			"rotation": {"angle": 45, "axis": "y", "origin": [7.95, 16.97916, 7.675]},
			"faces": {
				"north": {"uv": [0, 0, 14, 2.6666], "texture": "#0"},
				"south": {"uv": [0, 0, 14, 2.6666], "texture": "#0"},
				"down": {"uv": [0, 0, 14, 1], "texture": "#0"}
			}
		},
		{
			"from": [4.86149, 14.25, 4.48649],
			"to": [5.66149, 16.9166, 17.28649],
			"rotation": {"angle": 45, "axis": "y", "origin": [7.95, 16.97916, 7.675]},
			"faces": {
				"north": {"uv": [0, 0, 1, 2.6666], "texture": "#0"},
				"east": {"uv": [0, 0, 16, 2.6666], "texture": "#0"},
				"south": {"uv": [0, 0, 1, 2.6666], "texture": "#0"},
				"west": {"uv": [0, 0, 16, 2.6666], "texture": "#0"},
				"down": {"uv": [0, 0, 1, 16], "texture": "#0"}
			}
		},
		{
			"from": [10.46149, 14.25, 10.88649],
			"to": [11.26149, 16.9166, 17.28649],
			"rotation": {"angle": 45, "axis": "y", "origin": [7.95, 16.97916, 7.675]},
			"faces": {
				"east": {"uv": [0, 0, 8, 2.6666], "texture": "#0"},
				"south": {"uv": [0, 0, 1, 2.6666], "texture": "#0"},
				"west": {"uv": [0, 0, 8, 2.6666], "texture": "#0"},
				"down": {"uv": [0, 0, 1, 8], "texture": "#0"}
			}
		},
		{
			"from": [10.46149, 14.25, 10.08649],
			"to": [17.66149, 16.9166, 10.88649],
			"rotation": {"angle": 45, "axis": "y", "origin": [7.95, 16.97916, 7.675]},
			"faces": {
				"north": {"uv": [0, 0, 9, 2.6666], "texture": "#0"},
				"east": {"uv": [0, 0, 1, 2.6666], "texture": "#0"},
				"south": {"uv": [0, 0, 9, 2.6666], "texture": "#0"},
				"west": {"uv": [0, 0, 1, 2.6666], "texture": "#0"},
				"down": {"uv": [0, 0, 9, 1], "texture": "#0"}
			}
		},
		{
			"from": [4.86149, 15.9166, 4.48649],
			"to": [17.66149, 16.9166, 10.88649],
			"rotation": {"angle": 45, "axis": "y", "origin": [7.95, 16.97916, 7.675]},
			"faces": {
				"up": {"uv": [0, 0, 16, 8], "texture": "#0"},
				"down": {"uv": [0, 0, 16, 8], "texture": "#0"}
			}
		},
		{
			"from": [4.86149, 15.9166, 10.88649],
			"to": [11.26149, 16.9166, 17.28649],
			"rotation": {"angle": 45, "axis": "y", "origin": [7.95, 16.97916, 7.675]},
			"faces": {
				"up": {"uv": [0, 0, 8, 8], "texture": "#0"},
				"down": {"uv": [0, 0, 8, 8], "texture": "#0"}
			}
		},
		{
			"name": "hexadecagon",
			"from": [7.50272, 19, 5.5],
			"to": [8.49728, 20.25, 10.5],
			"rotation": {"angle": 45, "axis": "y", "origin": [8, 19.5, 8]},
			"faces": {
				"north": {"uv": [0, 0, 0.99456, 1.25], "texture": "#0", "cullface": "up"},
				"south": {"uv": [0, 0, 0.99456, 1.25], "texture": "#0", "cullface": "up"},
				"up": {"uv": [0, 0, 0.99456, 5], "texture": "#0", "cullface": "up"}
			}
		},
		{
			"name": "hexadecagon",
			"from": [7.50272, 19, 5.5],
			"to": [8.49728, 20.25, 10.5],
			"rotation": {"angle": 22.5, "axis": "y", "origin": [8, 19.5, 8]},
			"faces": {
				"north": {"uv": [0, 0, 0.99456, 1.25], "texture": "#0", "cullface": "up"},
				"south": {"uv": [0, 0, 0.99456, 1.25], "texture": "#0", "cullface": "up"},
				"up": {"uv": [0, 0, 0.99456, 5], "texture": "#0", "cullface": "up"}
			}
		},
		{
			"name": "hexadecagon",
			"from": [7.50272, 19, 5.5],
			"to": [8.49728, 20.25, 10.5],
			"rotation": {"angle": 0, "axis": "y", "origin": [8, 19.5, 8]},
			"faces": {
				"north": {"uv": [0, 0, 0.99456, 1.25], "texture": "#0", "cullface": "up"},
				"south": {"uv": [0, 0, 0.99456, 1.25], "texture": "#0", "cullface": "up"},
				"up": {"uv": [0, 0, 0.99456, 5], "texture": "#0", "cullface": "up"}
			}
		},
		{
			"name": "hexadecagon",
			"from": [7.50272, 19, 5.5],
			"to": [8.49728, 20.25, 10.5],
			"rotation": {"angle": -22.5, "axis": "y", "origin": [8, 19.5, 8]},
			"faces": {
				"north": {"uv": [0, 0, 0.99456, 1.25], "texture": "#0", "cullface": "up"},
				"south": {"uv": [0, 0, 0.99456, 1.25], "texture": "#0", "cullface": "up"},
				"up": {"uv": [0, 0, 0.99456, 5], "texture": "#0", "cullface": "up"}
			}
		},
		{
			"name": "hexadecagon",
			"from": [7.50272, 19, 5.5],
			"to": [8.49728, 20.25, 10.5],
			"rotation": {"angle": -45, "axis": "y", "origin": [8, 19.5, 8]},
			"faces": {
				"north": {"uv": [0, 0, 0.99456, 1.25], "texture": "#0", "cullface": "up"},
				"south": {"uv": [0, 0, 0.99456, 1.25], "texture": "#0", "cullface": "up"},
				"up": {"uv": [0, 0, 0.99456, 5], "texture": "#0", "cullface": "up"}
			}
		},
		{
			"name": "hexadecagon",
			"from": [5.5, 19, 7.50272],
			"to": [10.5, 20.25, 8.49728],
			"rotation": {"angle": 22.5, "axis": "y", "origin": [8, 19.5, 8]},
			"faces": {
				"east": {"uv": [0, 0, 0.99456, 1.25], "texture": "#0", "cullface": "up"},
				"west": {"uv": [0, 0, 0.99456, 1.25], "texture": "#0", "cullface": "up"},
				"up": {"uv": [0, 0, 5, 0.99456], "texture": "#0", "cullface": "up"}
			}
		},
		{
			"name": "hexadecagon",
			"from": [5.5, 19, 7.50272],
			"to": [10.5, 20.25, 8.49728],
			"rotation": {"angle": 0, "axis": "y", "origin": [8, 19.5, 8]},
			"faces": {
				"east": {"uv": [0, 0, 0.99456, 1.25], "texture": "#0", "cullface": "up"},
				"west": {"uv": [0, 0, 0.99456, 1.25], "texture": "#0", "cullface": "up"},
				"up": {"uv": [0, 0, 5, 0.99456], "texture": "#0", "cullface": "up"}
			}
		},
		{
			"name": "hexadecagon",
			"from": [5.5, 19, 7.50272],
			"to": [10.5, 20.25, 8.49728],
			"rotation": {"angle": -22.5, "axis": "y", "origin": [8, 19.5, 8]},
			"faces": {
				"east": {"uv": [0, 0, 0.99456, 1.25], "texture": "#0", "cullface": "up"},
				"west": {"uv": [0, 0, 0.99456, 1.25], "texture": "#0", "cullface": "up"},
				"up": {"uv": [0, 0, 5, 0.99456], "texture": "#0", "cullface": "up"}
			}
		},
		{
			"name": "hexadecagon",
			"from": [7.35353, 17.25, 4.75],
			"to": [8.64647, 18.5, 11.25],
			"rotation": {"angle": -45, "axis": "y", "origin": [8, 17.5, 8]},
			"faces": {
				"north": {"uv": [0, 0, 1.29293, 1.5], "texture": "#0", "cullface": "up"},
				"south": {"uv": [0, 0, 1.29293, 1.5], "texture": "#0", "cullface": "up"},
				"down": {"uv": [0, 0, 1.29293, 6.5], "texture": "#0", "cullface": "up"}
			}
		},
		{
			"name": "hexadecagon",
			"from": [7.35353, 17.25, 4.75],
			"to": [8.64647, 18.5, 11.25],
			"rotation": {"angle": -22.5, "axis": "y", "origin": [8, 17.5, 8]},
			"faces": {
				"north": {"uv": [0, 0, 1.29293, 1.5], "texture": "#0", "cullface": "up"},
				"south": {"uv": [0, 0, 1.29293, 1.5], "texture": "#0", "cullface": "up"},
				"down": {"uv": [0, 0, 1.29293, 6.5], "texture": "#0", "cullface": "up"}
			}
		},
		{
			"name": "hexadecagon",
			"from": [7.35353, 17.25, 4.75],
			"to": [8.64647, 18.5, 11.25],
			"rotation": {"angle": 0, "axis": "y", "origin": [8, 17.5, 8]},
			"faces": {
				"north": {"uv": [0, 0, 1.29293, 1.5], "texture": "#0", "cullface": "up"},
				"south": {"uv": [0, 0, 1.29293, 1.5], "texture": "#0", "cullface": "up"},
				"down": {"uv": [0, 0, 1.29293, 6.5], "texture": "#0", "cullface": "up"}
			}
		},
		{
			"name": "hexadecagon",
			"from": [7.35353, 17.25, 4.75],
			"to": [8.64647, 18.5, 11.25],
			"rotation": {"angle": 22.5, "axis": "y", "origin": [8, 17.5, 8]},
			"faces": {
				"north": {"uv": [0, 0, 1.29293, 1.5], "texture": "#0", "cullface": "up"},
				"south": {"uv": [0, 0, 1.29293, 1.5], "texture": "#0", "cullface": "up"},
				"down": {"uv": [0, 0, 1.29293, 6.5], "texture": "#0", "cullface": "up"}
			}
		},
		{
			"name": "hexadecagon",
			"from": [7.35353, 17.25, 4.75],
			"to": [8.64647, 18.5, 11.25],
			"rotation": {"angle": 45, "axis": "y", "origin": [8, 17.5, 8]},
			"faces": {
				"north": {"uv": [0, 0, 1.29293, 1.5], "texture": "#0", "cullface": "up"},
				"south": {"uv": [0, 0, 1.29293, 1.5], "texture": "#0", "cullface": "up"},
				"down": {"uv": [0, 0, 1.29293, 6.5], "texture": "#0", "cullface": "up"}
			}
		},
		{
			"name": "hexadecagon",
			"from": [4.75, 17.25, 7.35353],
			"to": [11.25, 18.5, 8.64647],
			"rotation": {"angle": -22.5, "axis": "y", "origin": [8, 17.5, 8]},
			"faces": {
				"east": {"uv": [0, 0, 1.29293, 1.5], "texture": "#0", "cullface": "up"},
				"west": {"uv": [0, 0, 1.29293, 1.5], "texture": "#0", "cullface": "up"},
				"down": {"uv": [0, 0, 6.5, 1.29293], "texture": "#0", "cullface": "up"}
			}
		},
		{
			"name": "hexadecagon",
			"from": [4.75, 17.25, 7.35353],
			"to": [11.25, 18.5, 8.64647],
			"rotation": {"angle": 0, "axis": "y", "origin": [8, 17.5, 8]},
			"faces": {
				"east": {"uv": [0, 0, 1.29293, 1.5], "texture": "#0", "cullface": "up"},
				"west": {"uv": [0, 0, 1.29293, 1.5], "texture": "#0", "cullface": "up"},
				"down": {"uv": [0, 0, 6.5, 1.29293], "texture": "#0", "cullface": "up"}
			}
		},
		{
			"name": "hexadecagon",
			"from": [4.75, 17.25, 7.35353],
			"to": [11.25, 18.5, 8.64647],
			"rotation": {"angle": 22.5, "axis": "y", "origin": [8, 17.5, 8]},
			"faces": {
				"east": {"uv": [0, 0, 1.29293, 1.5], "texture": "#0", "cullface": "up"},
				"west": {"uv": [0, 0, 1.29293, 1.5], "texture": "#0", "cullface": "up"},
				"down": {"uv": [0, 0, 6.5, 1.29293], "texture": "#0", "cullface": "up"}
			}
		},
		{
			"name": "hexadecagon",
			"from": [7.25408, 18.5, 4.25],
			"to": [8.74592, 19, 11.75],
			"rotation": {"angle": -45, "axis": "y", "origin": [8, 19, 8]},
			"faces": {
				"north": {"uv": [0, 0, 1.49184, 0.5], "texture": "#0", "cullface": "up"},
				"south": {"uv": [0, 0, 1.49184, 0.5], "texture": "#0", "cullface": "up"},
				"up": {"uv": [0, 0, 1.49184, 7.5], "texture": "#0", "cullface": "up"},
				"down": {"uv": [0, 0, 1.49184, 7.5], "texture": "#0", "cullface": "up"}
			}
		},
		{
			"name": "hexadecagon",
			"from": [7.25408, 18.5, 4.25],
			"to": [8.74592, 19, 11.75],
			"rotation": {"angle": -22.5, "axis": "y", "origin": [8, 19, 8]},
			"faces": {
				"north": {"uv": [0, 0, 1.49184, 0.5], "texture": "#0", "cullface": "up"},
				"south": {"uv": [0, 0, 1.49184, 0.5], "texture": "#0", "cullface": "up"},
				"up": {"uv": [0, 0, 1.49184, 7.5], "texture": "#0", "cullface": "up"},
				"down": {"uv": [0, 0, 1.49184, 7.5], "texture": "#0", "cullface": "up"}
			}
		},
		{
			"name": "hexadecagon",
			"from": [7.25408, 18.5, 4.25],
			"to": [8.74592, 19, 11.75],
			"rotation": {"angle": 0, "axis": "y", "origin": [8, 19, 8]},
			"faces": {
				"north": {"uv": [0, 0, 1.49184, 0.5], "texture": "#0", "cullface": "up"},
				"south": {"uv": [0, 0, 1.49184, 0.5], "texture": "#0", "cullface": "up"},
				"up": {"uv": [0, 0, 1.49184, 7.5], "texture": "#0", "cullface": "up"},
				"down": {"uv": [0, 0, 1.49184, 7.5], "texture": "#0", "cullface": "up"}
			}
		},
		{
			"name": "hexadecagon",
			"from": [7.25408, 18.5, 4.25],
			"to": [8.74592, 19, 11.75],
			"rotation": {"angle": 22.5, "axis": "y", "origin": [8, 19, 8]},
			"faces": {
				"north": {"uv": [0, 0, 1.49184, 0.5], "texture": "#0", "cullface": "up"},
				"south": {"uv": [0, 0, 1.49184, 0.5], "texture": "#0", "cullface": "up"},
				"up": {"uv": [0, 0, 1.49184, 7.5], "texture": "#0", "cullface": "up"},
				"down": {"uv": [0, 0, 1.49184, 7.5], "texture": "#0", "cullface": "up"}
			}
		},
		{
			"name": "hexadecagon",
			"from": [7.25408, 18.5, 4.25],
			"to": [8.74592, 19, 11.75],
			"rotation": {"angle": 45, "axis": "y", "origin": [8, 19, 8]},
			"faces": {
				"north": {"uv": [0, 0, 1.49184, 0.5], "texture": "#0", "cullface": "up"},
				"south": {"uv": [0, 0, 1.49184, 0.5], "texture": "#0", "cullface": "up"},
				"up": {"uv": [0, 0, 1.49184, 7.5], "texture": "#0", "cullface": "up"},
				"down": {"uv": [0, 0, 1.49184, 7.5], "texture": "#0", "cullface": "up"}
			}
		},
		{
			"name": "hexadecagon",
			"from": [4.25, 18.5, 7.25408],
			"to": [11.75, 19, 8.74592],
			"rotation": {"angle": -22.5, "axis": "y", "origin": [8, 19, 8]},
			"faces": {
				"east": {"uv": [0, 0, 1.49184, 0.5], "texture": "#0", "cullface": "up"},
				"west": {"uv": [0, 0, 1.49184, 0.5], "texture": "#0", "cullface": "up"},
				"up": {"uv": [0, 0, 7.5, 1.49184], "texture": "#0", "cullface": "up"},
				"down": {"uv": [0, 0, 7.5, 1.49184], "texture": "#0", "cullface": "up"}
			}
		},
		{
			"name": "hexadecagon",
			"from": [4.25, 18.5, 7.25408],
			"to": [11.75, 19, 8.74592],
			"rotation": {"angle": 0, "axis": "y", "origin": [8, 19, 8]},
			"faces": {
				"east": {"uv": [0, 0, 1.49184, 0.5], "texture": "#0", "cullface": "up"},
				"west": {"uv": [0, 0, 1.49184, 0.5], "texture": "#0", "cullface": "up"},
				"up": {"uv": [0, 0, 7.5, 1.49184], "texture": "#0", "cullface": "up"},
				"down": {"uv": [0, 0, 7.5, 1.49184], "texture": "#0", "cullface": "up"}
			}
		},
		{
			"name": "hexadecagon",
			"from": [4.25, 18.5, 7.25408],
			"to": [11.75, 19, 8.74592],
			"rotation": {"angle": 22.5, "axis": "y", "origin": [8, 19, 8]},
			"faces": {
				"east": {"uv": [0, 0, 1.49184, 0.5], "texture": "#0", "cullface": "up"},
				"west": {"uv": [0, 0, 1.49184, 0.5], "texture": "#0", "cullface": "up"},
				"up": {"uv": [0, 0, 7.5, 1.49184], "texture": "#0", "cullface": "up"},
				"down": {"uv": [0, 0, 7.5, 1.49184], "texture": "#0", "cullface": "up"}
			}
		}
	],
	"display": {
		"thirdperson_righthand": {
			"rotation": [75, 45, 0],
			"translation": [0, 2.5, 0],
			"scale": [0.375, 0.375, 0.375]
		},
		"thirdperson_lefthand": {
			"rotation": [75, 45, 0],
			"translation": [0, 2.5, 0],
			"scale": [0.375, 0.375, 0.375]
		},
		"firstperson_righthand": {
			"rotation": [0, 45, 0],
			"scale": [0.4, 0.4, 0.4]
		},
		"firstperson_lefthand": {
			"rotation": [0, 225, 0],
			"scale": [0.4, 0.4, 0.4]
		},
		"ground": {
			"translation": [0, 3, 0],
			"scale": [0.25, 0.25, 0.25]
		},
		"gui": {
			"rotation": [30, 225, 0],
			"scale": [0.625, 0.625, 0.625]
		},
		"fixed": {
			"scale": [0.5, 0.5, 0.5]
		}
	},
	"groups": [
		{
			"name": "little_nob",
			"origin": [8, 8, 8],
			"color": 0,
			"children": [
				{
					"name": "Little Nob",
					"origin": [8, 8, 8],
					"color": 0,
					"children": [
						{
							"name": "hexadecagon",
							"origin": [8, 8, 8],
							"color": 0,
							"children": [0, 1, 2, 3, 4, 5, 6, 7]
						},
						{
							"name": "hexadecagon",
							"origin": [8, 8, 8],
							"color": 0,
							"children": [8, 9, 10, 11, 12, 13, 14, 15]
						},
						{
							"name": "hexadecagon",
							"origin": [8, 8, 8],
							"color": 0,
							"children": [16, 17, 18, 19, 20, 21, 22, 23]
						}
					]
				}
			]
		},
		{
			"name": "flat triple brick",
			"origin": [8, 8, 8],
			"color": 0,
			"children": [
				{
					"name": "hexadecagon",
					"origin": [8, 8, 8],
					"color": 0,
					"children": [24, 25, 26, 27, 28, 29, 30, 31]
				},
				{
					"name": "hexadecagon",
					"origin": [8, 8, 8],
					"color": 0,
					"children": [32, 33, 34, 35, 36, 37, 38, 39]
				},
				{
					"name": "hexadecagon",
					"origin": [8, 8, 8],
					"color": 0,
					"children": [40, 41, 42, 43, 44, 45, 46, 47]
				},
				{
					"name": "group",
					"origin": [16, 0, 16],
					"color": 0,
					"children": [48, 49, 50, 51, 52, 53, 54, 55]
				}
			]
		},
		{
			"name": "flat triple brick",
			"origin": [8, 8, 8],
			"color": 0,
			"children": [
				{
					"name": "hexadecagon",
					"origin": [8, 8, 8],
					"color": 0,
					"children": [56, 57, 58, 59, 60, 61, 62, 63]
				},
				{
					"name": "hexadecagon",
					"origin": [8, 8, 8],
					"color": 0,
					"children": [64, 65, 66, 67, 68, 69, 70, 71]
				},
				{
					"name": "hexadecagon",
					"origin": [8, 8, 8],
					"color": 0,
					"children": [72, 73, 74, 75, 76, 77, 78, 79]
				},
				{
					"name": "group",
					"origin": [16, 0, 16],
					"color": 0,
					"children": [80, 81, 82, 83, 84, 85, 86, 87]
				}
			]
		},
		{
			"name": "flat triple brick",
			"origin": [8, 8, 8],
			"color": 0,
			"children": [
				{
					"name": "hexadecagon",
					"origin": [8, 8, 8],
					"color": 0,
					"children": [88, 89, 90, 91, 92, 93, 94, 95]
				},
				{
					"name": "hexadecagon",
					"origin": [8, 8, 8],
					"color": 0,
					"children": [96, 97, 98, 99, 100, 101, 102, 103]
				},
				{
					"name": "hexadecagon",
					"origin": [8, 8, 8],
					"color": 0,
					"children": [104, 105, 106, 107, 108, 109, 110, 111]
				},
				{
					"name": "group",
					"origin": [16, 0, 16],
					"color": 0,
					"children": [112, 113, 114, 115, 116, 117, 118, 119]
				}
			]
		},
		{
			"name": "flat triple brick",
			"origin": [8, 8, 8],
			"color": 0,
			"children": [
				{
					"name": "hexadecagon",
					"origin": [8, 8, 8],
					"color": 0,
					"children": [120, 121, 122, 123, 124, 125, 126, 127]
				},
				{
					"name": "hexadecagon",
					"origin": [8, 8, 8],
					"color": 0,
					"children": [128, 129, 130, 131, 132, 133, 134, 135]
				},
				{
					"name": "hexadecagon",
					"origin": [8, 8, 8],
					"color": 0,
					"children": [136, 137, 138, 139, 140, 141, 142, 143]
				},
				{
					"name": "group",
					"origin": [16, 0, 16],
					"color": 0,
					"children": [144, 145, 146, 147, 148, 149, 150, 151]
				}
			]
		},
		{
			"name": "flat triple brick",
			"origin": [8, 8, 8],
			"color": 0,
			"children": [
				{
					"name": "hexadecagon",
					"origin": [8, 8, 8],
					"color": 0,
					"children": [152, 153, 154, 155, 156, 157, 158, 159]
				},
				{
					"name": "hexadecagon",
					"origin": [8, 8, 8],
					"color": 0,
					"children": [160, 161, 162, 163, 164, 165, 166, 167]
				},
				{
					"name": "hexadecagon",
					"origin": [8, 8, 8],
					"color": 0,
					"children": [168, 169, 170, 171, 172, 173, 174, 175]
				},
				{
					"name": "group",
					"origin": [16, 0, 16],
					"color": 0,
					"children": [176, 177, 178, 179, 180, 181, 182, 183]
				}
			]
		},
		{
			"name": "little_nob",
			"origin": [8, 8, 8],
			"color": 0,
			"children": [
				{
					"name": "Little Nob",
					"origin": [8, 8, 8],
					"color": 0,
					"children": [
						{
							"name": "hexadecagon",
							"origin": [8, 8, 8],
							"color": 0,
							"children": [184, 185, 186, 187, 188, 189, 190, 191]
						},
						{
							"name": "hexadecagon",
							"origin": [8, 8, 8],
							"color": 0,
							"children": [192, 193, 194, 195, 196, 197, 198, 199]
						},
						{
							"name": "hexadecagon",
							"origin": [8, 8, 8],
							"color": 0,
							"children": [200, 201, 202, 203, 204, 205, 206, 207]
						}
					]
				}
			]
		}
	]
}