{
	"credit": "AlexTestria | https://alex-bauerndistel.de",
	"textures": {
		"1": "brickcraft/material/plastics/shader_support/plastic03",
		"3": "brickcraft/material/plastics/shader_support/plastic34",
		"4": "brickcraft/material/plastics/shader_support/plastic35",
		"particle": "brickcraft/material/plastics/shader_support/plastic33"
	},
	"elements": [
		{
			"name": "hexadecagon",
			"from": [3.25272, 14.75, 1.25],
			"to": [4.24728, 16, 6.25],
			"rotation": {"angle": 45, "axis": "y", "origin": [3.75, 15.25, 3.75]},
			"faces": {
				"north": {"uv": [0, 0, 0.99456, 1.25], "texture": "#1"},
				"south": {"uv": [0, 0, 0.99456, 1.25], "texture": "#1"},
				"up": {"uv": [0, 0, 0.99456, 5], "texture": "#1", "cullface": "up"}
			}
		},
		{
			"name": "hexadecagon",
			"from": [3.25272, 14.75, 1.25],
			"to": [4.24728, 16, 6.25],
			"rotation": {"angle": 22.5, "axis": "y", "origin": [3.75, 15.25, 3.75]},
			"faces": {
				"north": {"uv": [0, 0, 0.99456, 1.25], "texture": "#1"},
				"south": {"uv": [0, 0, 0.99456, 1.25], "texture": "#1"},
				"up": {"uv": [0, 0, 0.99456, 5], "texture": "#1", "cullface": "up"}
			}
		},
		{
			"name": "hexadecagon",
			"from": [3.25272, 14.75, 1.25],
			"to": [4.24728, 16, 6.25],
			"rotation": {"angle": 0, "axis": "y", "origin": [3.75, 15.25, 3.75]},
			"faces": {
				"north": {"uv": [0, 0, 0.99456, 1.25], "texture": "#1"},
				"south": {"uv": [0, 0, 0.99456, 1.25], "texture": "#1"},
				"up": {"uv": [0, 0, 0.99456, 5], "texture": "#1", "cullface": "up"}
			}
		},
		{
			"name": "hexadecagon",
			"from": [3.25272, 14.75, 1.25],
			"to": [4.24728, 16, 6.25],
			"rotation": {"angle": -22.5, "axis": "y", "origin": [3.75, 15.25, 3.75]},
			"faces": {
				"north": {"uv": [0, 0, 0.99456, 1.25], "texture": "#1"},
				"south": {"uv": [0, 0, 0.99456, 1.25], "texture": "#1"},
				"up": {"uv": [0, 0, 0.99456, 5], "texture": "#1", "cullface": "up"}
			}
		},
		{
			"name": "hexadecagon",
			"from": [3.25272, 14.75, 1.25],
			"to": [4.24728, 16, 6.25],
			"rotation": {"angle": -45, "axis": "y", "origin": [3.75, 15.25, 3.75]},
			"faces": {
				"north": {"uv": [0, 0, 0.99456, 1.25], "texture": "#1"},
				"south": {"uv": [0, 0, 0.99456, 1.25], "texture": "#1"},
				"up": {"uv": [0, 0, 0.99456, 5], "texture": "#1", "cullface": "up"}
			}
		},
		{
			"name": "hexadecagon",
			"from": [1.25, 14.75, 3.25272],
			"to": [6.25, 16, 4.24728],
			"rotation": {"angle": 22.5, "axis": "y", "origin": [3.75, 15.25, 3.75]},
			"faces": {
				"east": {"uv": [0, 0, 0.99456, 1.25], "texture": "#1"},
				"west": {"uv": [0, 0, 0.99456, 1.25], "texture": "#1"},
				"up": {"uv": [0, 0, 5, 0.99456], "texture": "#1", "cullface": "up"}
			}
		},
		{
			"name": "hexadecagon",
			"from": [1.25, 14.75, 3.25272],
			"to": [6.25, 16, 4.24728],
			"rotation": {"angle": 0, "axis": "y", "origin": [3.75, 15.25, 3.75]},
			"faces": {
				"east": {"uv": [0, 0, 0.99456, 1.25], "texture": "#1"},
				"west": {"uv": [0, 0, 0.99456, 1.25], "texture": "#1"},
				"up": {"uv": [0, 0, 5, 0.99456], "texture": "#1", "cullface": "up"}
			}
		},
		{
			"name": "hexadecagon",
			"from": [1.25, 14.75, 3.25272],
			"to": [6.25, 16, 4.24728],
			"rotation": {"angle": -22.5, "axis": "y", "origin": [3.75, 15.25, 3.75]},
			"faces": {
				"east": {"uv": [0, 0, 0.99456, 1.25], "texture": "#1"},
				"west": {"uv": [0, 0, 0.99456, 1.25], "texture": "#1"},
				"up": {"uv": [0, 0, 5, 0.99456], "texture": "#1", "cullface": "up"}
			}
		},
		{
			"name": "hexadecagon",
			"from": [3.10353, 13, 0.5],
			"to": [4.39647, 14.25, 7],
			"rotation": {"angle": -45, "axis": "y", "origin": [3.75, 13.25, 3.75]},
			"faces": {
				"north": {"uv": [0, 0, 1.29293, 1.5], "texture": "#1"},
				"south": {"uv": [0, 0, 1.29293, 1.5], "texture": "#1"},
				"down": {"uv": [0, 0, 1.29293, 6.5], "texture": "#1"}
			}
		},
		{
			"name": "hexadecagon",
			"from": [3.10353, 13, 0.5],
			"to": [4.39647, 14.25, 7],
			"rotation": {"angle": -22.5, "axis": "y", "origin": [3.75, 13.25, 3.75]},
			"faces": {
				"north": {"uv": [0, 0, 1.29293, 1.5], "texture": "#1"},
				"south": {"uv": [0, 0, 1.29293, 1.5], "texture": "#1"},
				"down": {"uv": [0, 0, 1.29293, 6.5], "texture": "#1"}
			}
		},
		{
			"name": "hexadecagon",
			"from": [3.10353, 13, 0.5],
			"to": [4.39647, 14.25, 7],
			"rotation": {"angle": 0, "axis": "y", "origin": [3.75, 13.25, 3.75]},
			"faces": {
				"north": {"uv": [0, 0, 1.29293, 1.5], "texture": "#1"},
				"south": {"uv": [0, 0, 1.29293, 1.5], "texture": "#1"},
				"down": {"uv": [0, 0, 1.29293, 6.5], "texture": "#1"}
			}
		},
		{
			"name": "hexadecagon",
			"from": [3.10353, 13, 0.5],
			"to": [4.39647, 14.25, 7],
			"rotation": {"angle": 22.5, "axis": "y", "origin": [3.75, 13.25, 3.75]},
			"faces": {
				"north": {"uv": [0, 0, 1.29293, 1.5], "texture": "#1"},
				"south": {"uv": [0, 0, 1.29293, 1.5], "texture": "#1"},
				"down": {"uv": [0, 0, 1.29293, 6.5], "texture": "#1"}
			}
		},
		{
			"name": "hexadecagon",
			"from": [3.10353, 13, 0.5],
			"to": [4.39647, 14.25, 7],
			"rotation": {"angle": 45, "axis": "y", "origin": [3.75, 13.25, 3.75]},
			"faces": {
				"north": {"uv": [0, 0, 1.29293, 1.5], "texture": "#1"},
				"south": {"uv": [0, 0, 1.29293, 1.5], "texture": "#1"},
				"down": {"uv": [0, 0, 1.29293, 6.5], "texture": "#1"}
			}
		},
		{
			"name": "hexadecagon",
			"from": [0.5, 13, 3.10353],
			"to": [7, 14.25, 4.39647],
			"rotation": {"angle": -22.5, "axis": "y", "origin": [3.75, 13.25, 3.75]},
			"faces": {
				"east": {"uv": [0, 0, 1.29293, 1.5], "texture": "#1"},
				"west": {"uv": [0, 0, 1.29293, 1.5], "texture": "#1"},
				"down": {"uv": [0, 0, 6.5, 1.29293], "texture": "#1"}
			}
		},
		{
			"name": "hexadecagon",
			"from": [0.5, 13, 3.10353],
			"to": [7, 14.25, 4.39647],
			"rotation": {"angle": 0, "axis": "y", "origin": [3.75, 13.25, 3.75]},
			"faces": {
				"east": {"uv": [0, 0, 1.29293, 1.5], "texture": "#1"},
				"west": {"uv": [0, 0, 1.29293, 1.5], "texture": "#1"},
				"down": {"uv": [0, 0, 6.5, 1.29293], "texture": "#1"}
			}
		},
		{
			"name": "hexadecagon",
			"from": [0.5, 13, 3.10353],
			"to": [7, 14.25, 4.39647],
			"rotation": {"angle": 22.5, "axis": "y", "origin": [3.75, 13.25, 3.75]},
			"faces": {
				"east": {"uv": [0, 0, 1.29293, 1.5], "texture": "#1"},
				"west": {"uv": [0, 0, 1.29293, 1.5], "texture": "#1"},
				"down": {"uv": [0, 0, 6.5, 1.29293], "texture": "#1"}
			}
		},
		{
			"name": "hexadecagon",
			"from": [3.00408, 14.25, 0],
			"to": [4.49592, 14.75, 7.5],
			"rotation": {"angle": -45, "axis": "y", "origin": [3.75, 14.75, 3.75]},
			"faces": {
				"north": {"uv": [0, 0, 1.49184, 0.5], "texture": "#1"},
				"south": {"uv": [0, 0, 1.49184, 0.5], "texture": "#1"},
				"up": {"uv": [0, 0, 1.49184, 7.5], "texture": "#1"},
				"down": {"uv": [0, 0, 1.49184, 7.5], "texture": "#1"}
			}
		},
		{
			"name": "hexadecagon",
			"from": [3.00408, 14.25, 0],
			"to": [4.49592, 14.75, 7.5],
			"rotation": {"angle": -22.5, "axis": "y", "origin": [3.75, 14.75, 3.75]},
			"faces": {
				"north": {"uv": [0, 0, 1.49184, 0.5], "texture": "#1"},
				"south": {"uv": [0, 0, 1.49184, 0.5], "texture": "#1"},
				"up": {"uv": [0, 0, 1.49184, 7.5], "texture": "#1"},
				"down": {"uv": [0, 0, 1.49184, 7.5], "texture": "#1"}
			}
		},
		{
			"name": "hexadecagon",
			"from": [3.00408, 14.25, 0],
			"to": [4.49592, 14.75, 7.5],
			"rotation": {"angle": 0, "axis": "y", "origin": [3.75, 14.75, 3.75]},
			"faces": {
				"north": {"uv": [0, 0, 1.49184, 0.5], "texture": "#1"},
				"south": {"uv": [0, 0, 1.49184, 0.5], "texture": "#1"},
				"up": {"uv": [0, 0, 1.49184, 7.5], "texture": "#1"},
				"down": {"uv": [0, 0, 1.49184, 7.5], "texture": "#1"}
			}
		},
		{
			"name": "hexadecagon",
			"from": [3.00408, 14.25, 0],
			"to": [4.49592, 14.75, 7.5],
			"rotation": {"angle": 22.5, "axis": "y", "origin": [3.75, 14.75, 3.75]},
			"faces": {
				"north": {"uv": [0, 0, 1.49184, 0.5], "texture": "#1"},
				"south": {"uv": [0, 0, 1.49184, 0.5], "texture": "#1"},
				"up": {"uv": [0, 0, 1.49184, 7.5], "texture": "#1"},
				"down": {"uv": [0, 0, 1.49184, 7.5], "texture": "#1"}
			}
		},
		{
			"name": "hexadecagon",
			"from": [3.00408, 14.25, 0],
			"to": [4.49592, 14.75, 7.5],
			"rotation": {"angle": 45, "axis": "y", "origin": [3.75, 14.75, 3.75]},
			"faces": {
				"north": {"uv": [0, 0, 1.49184, 0.5], "texture": "#1"},
				"south": {"uv": [0, 0, 1.49184, 0.5], "texture": "#1"},
				"up": {"uv": [0, 0, 1.49184, 7.5], "texture": "#1"},
				"down": {"uv": [0, 0, 1.49184, 7.5], "texture": "#1"}
			}
		},
		{
			"name": "hexadecagon",
			"from": [0, 14.25, 3.00408],
			"to": [7.5, 14.75, 4.49592],
			"rotation": {"angle": -22.5, "axis": "y", "origin": [3.75, 14.75, 3.75]},
			"faces": {
				"east": {"uv": [0, 0, 1.49184, 0.5], "texture": "#1"},
				"west": {"uv": [0, 0, 1.49184, 0.5], "texture": "#1"},
				"up": {"uv": [0, 0, 7.5, 1.49184], "texture": "#1"},
				"down": {"uv": [0, 0, 7.5, 1.49184], "texture": "#1"}
			}
		},
		{
			"name": "hexadecagon",
			"from": [0, 14.25, 3.00408],
			"to": [7.5, 14.75, 4.49592],
			"rotation": {"angle": 0, "axis": "y", "origin": [3.75, 14.75, 3.75]},
			"faces": {
				"east": {"uv": [0, 0, 1.49184, 0.5], "texture": "#1"},
				"west": {"uv": [0, 0, 1.49184, 0.5], "texture": "#1"},
				"up": {"uv": [0, 0, 7.5, 1.49184], "texture": "#1"},
				"down": {"uv": [0, 0, 7.5, 1.49184], "texture": "#1"}
			}
		},
		{
			"name": "hexadecagon",
			"from": [0, 14.25, 3.00408],
			"to": [7.5, 14.75, 4.49592],
			"rotation": {"angle": 22.5, "axis": "y", "origin": [3.75, 14.75, 3.75]},
			"faces": {
				"east": {"uv": [0, 0, 1.49184, 0.5], "texture": "#1"},
				"west": {"uv": [0, 0, 1.49184, 0.5], "texture": "#1"},
				"up": {"uv": [0, 0, 7.5, 1.49184], "texture": "#1"},
				"down": {"uv": [0, 0, 7.5, 1.49184], "texture": "#1"}
			}
		},
		{
			"name": "hexadecagon",
			"from": [3.25272, 12, 1.25],
			"to": [4.24728, 13.25, 6.25],
			"rotation": {"angle": 45, "axis": "y", "origin": [3.75, 12.5, 3.75]},
			"faces": {
				"north": {"uv": [0, 0, 0.99456, 1.25], "texture": "#4"},
				"south": {"uv": [0, 0, 0.99456, 1.25], "texture": "#4"}
			}
		},
		{
			"name": "hexadecagon",
			"from": [3.25272, 12, 1.25],
			"to": [4.24728, 13.25, 6.25],
			"rotation": {"angle": 22.5, "axis": "y", "origin": [3.75, 12.5, 3.75]},
			"faces": {
				"north": {"uv": [0, 0, 0.99456, 1.25], "texture": "#4"},
				"south": {"uv": [0, 0, 0.99456, 1.25], "texture": "#4"}
			}
		},
		{
			"name": "hexadecagon",
			"from": [3.25272, 12, 1.25],
			"to": [4.24728, 13.25, 6.25],
			"rotation": {"angle": 0, "axis": "y", "origin": [3.75, 12.5, 3.75]},
			"faces": {
				"north": {"uv": [0, 0, 0.99456, 1.25], "texture": "#4"},
				"south": {"uv": [0, 0, 0.99456, 1.25], "texture": "#4"}
			}
		},
		{
			"name": "hexadecagon",
			"from": [3.25272, 12, 1.25],
			"to": [4.24728, 13.25, 6.25],
			"rotation": {"angle": -22.5, "axis": "y", "origin": [3.75, 12.5, 3.75]},
			"faces": {
				"north": {"uv": [0, 0, 0.99456, 1.25], "texture": "#4"},
				"south": {"uv": [0, 0, 0.99456, 1.25], "texture": "#4"}
			}
		},
		{
			"name": "hexadecagon",
			"from": [3.25272, 12, 1.25],
			"to": [4.24728, 13.25, 6.25],
			"rotation": {"angle": -45, "axis": "y", "origin": [3.75, 12.5, 3.75]},
			"faces": {
				"north": {"uv": [0, 0, 0.99456, 1.25], "texture": "#4"},
				"south": {"uv": [0, 0, 0.99456, 1.25], "texture": "#4"}
			}
		},
		{
			"name": "hexadecagon",
			"from": [1.25, 12, 3.25272],
			"to": [6.25, 13.25, 4.24728],
			"rotation": {"angle": 22.5, "axis": "y", "origin": [3.75, 12.5, 3.75]},
			"faces": {
				"east": {"uv": [0, 0, 0.99456, 1.25], "texture": "#4"},
				"west": {"uv": [0, 0, 0.99456, 1.25], "texture": "#4"}
			}
		},
		{
			"name": "hexadecagon",
			"from": [1.25, 12, 3.25272],
			"to": [6.25, 13.25, 4.24728],
			"rotation": {"angle": 0, "axis": "y", "origin": [3.75, 12.5, 3.75]},
			"faces": {
				"east": {"uv": [0, 0, 0.99456, 1.25], "texture": "#4"},
				"west": {"uv": [0, 0, 0.99456, 1.25], "texture": "#4"}
			}
		},
		{
			"name": "hexadecagon",
			"from": [1.25, 12, 3.25272],
			"to": [6.25, 13.25, 4.24728],
			"rotation": {"angle": -22.5, "axis": "y", "origin": [3.75, 12.5, 3.75]},
			"faces": {
				"east": {"uv": [0, 0, 0.99456, 1.25], "texture": "#4"},
				"west": {"uv": [0, 0, 0.99456, 1.25], "texture": "#4"}
			}
		},
		{
			"name": "hexadecagon",
			"from": [3.10353, 10.25, 0.5],
			"to": [4.39647, 11.5, 7],
			"rotation": {"angle": -45, "axis": "y", "origin": [3.75, 10.5, 3.75]},
			"faces": {
				"north": {"uv": [0, 0, 1.29293, 1.5], "texture": "#4"},
				"south": {"uv": [0, 0, 1.29293, 1.5], "texture": "#4"},
				"down": {"uv": [0, 0, 1.29293, 6.5], "texture": "#4"}
			}
		},
		{
			"name": "hexadecagon",
			"from": [3.10353, 10.25, 0.5],
			"to": [4.39647, 11.5, 7],
			"rotation": {"angle": -22.5, "axis": "y", "origin": [3.75, 10.5, 3.75]},
			"faces": {
				"north": {"uv": [0, 0, 1.29293, 1.5], "texture": "#4"},
				"south": {"uv": [0, 0, 1.29293, 1.5], "texture": "#4"},
				"down": {"uv": [0, 0, 1.29293, 6.5], "texture": "#4"}
			}
		},
		{
			"name": "hexadecagon",
			"from": [3.10353, 10.25, 0.5],
			"to": [4.39647, 11.5, 7],
			"rotation": {"angle": 0, "axis": "y", "origin": [3.75, 10.5, 3.75]},
			"faces": {
				"north": {"uv": [0, 0, 1.29293, 1.5], "texture": "#4"},
				"south": {"uv": [0, 0, 1.29293, 1.5], "texture": "#4"},
				"down": {"uv": [0, 0, 1.29293, 6.5], "texture": "#4"}
			}
		},
		{
			"name": "hexadecagon",
			"from": [3.10353, 10.25, 0.5],
			"to": [4.39647, 11.5, 7],
			"rotation": {"angle": 22.5, "axis": "y", "origin": [3.75, 10.5, 3.75]},
			"faces": {
				"north": {"uv": [0, 0, 1.29293, 1.5], "texture": "#4"},
				"south": {"uv": [0, 0, 1.29293, 1.5], "texture": "#4"},
				"down": {"uv": [0, 0, 1.29293, 6.5], "texture": "#4"}
			}
		},
		{
			"name": "hexadecagon",
			"from": [3.10353, 10.25, 0.5],
			"to": [4.39647, 11.5, 7],
			"rotation": {"angle": 45, "axis": "y", "origin": [3.75, 10.5, 3.75]},
			"faces": {
				"north": {"uv": [0, 0, 1.29293, 1.5], "texture": "#4"},
				"south": {"uv": [0, 0, 1.29293, 1.5], "texture": "#4"},
				"down": {"uv": [0, 0, 1.29293, 6.5], "texture": "#4"}
			}
		},
		{
			"name": "hexadecagon",
			"from": [0.5, 10.25, 3.10353],
			"to": [7, 11.5, 4.39647],
			"rotation": {"angle": -22.5, "axis": "y", "origin": [3.75, 10.5, 3.75]},
			"faces": {
				"east": {"uv": [0, 0, 1.29293, 1.5], "texture": "#4"},
				"west": {"uv": [0, 0, 1.29293, 1.5], "texture": "#4"},
				"down": {"uv": [0, 0, 6.5, 1.29293], "texture": "#4"}
			}
		},
		{
			"name": "hexadecagon",
			"from": [0.5, 10.25, 3.10353],
			"to": [7, 11.5, 4.39647],
			"rotation": {"angle": 0, "axis": "y", "origin": [3.75, 10.5, 3.75]},
			"faces": {
				"east": {"uv": [0, 0, 1.29293, 1.5], "texture": "#4"},
				"west": {"uv": [0, 0, 1.29293, 1.5], "texture": "#4"},
				"down": {"uv": [0, 0, 6.5, 1.29293], "texture": "#4"}
			}
		},
		{
			"name": "hexadecagon",
			"from": [0.5, 10.25, 3.10353],
			"to": [7, 11.5, 4.39647],
			"rotation": {"angle": 22.5, "axis": "y", "origin": [3.75, 10.5, 3.75]},
			"faces": {
				"east": {"uv": [0, 0, 1.29293, 1.5], "texture": "#4"},
				"west": {"uv": [0, 0, 1.29293, 1.5], "texture": "#4"},
				"down": {"uv": [0, 0, 6.5, 1.29293], "texture": "#4"}
			}
		},
		{
			"name": "hexadecagon",
			"from": [3.00408, 11.5, 0],
			"to": [4.49592, 12, 7.5],
			"rotation": {"angle": -45, "axis": "y", "origin": [3.75, 12, 3.75]},
			"faces": {
				"north": {"uv": [0, 0, 1.49184, 0.5], "texture": "#4"},
				"south": {"uv": [0, 0, 1.49184, 0.5], "texture": "#4"},
				"up": {"uv": [0, 0, 1.49184, 7.5], "texture": "#4"},
				"down": {"uv": [0, 0, 1.49184, 7.5], "texture": "#4"}
			}
		},
		{
			"name": "hexadecagon",
			"from": [3.00408, 11.5, 0],
			"to": [4.49592, 12, 7.5],
			"rotation": {"angle": -22.5, "axis": "y", "origin": [3.75, 12, 3.75]},
			"faces": {
				"north": {"uv": [0, 0, 1.49184, 0.5], "texture": "#4"},
				"south": {"uv": [0, 0, 1.49184, 0.5], "texture": "#4"},
				"up": {"uv": [0, 0, 1.49184, 7.5], "texture": "#4"},
				"down": {"uv": [0, 0, 1.49184, 7.5], "texture": "#4"}
			}
		},
		{
			"name": "hexadecagon",
			"from": [3.00408, 11.5, 0],
			"to": [4.49592, 12, 7.5],
			"rotation": {"angle": 0, "axis": "y", "origin": [3.75, 12, 3.75]},
			"faces": {
				"north": {"uv": [0, 0, 1.49184, 0.5], "texture": "#4"},
				"south": {"uv": [0, 0, 1.49184, 0.5], "texture": "#4"},
				"up": {"uv": [0, 0, 1.49184, 7.5], "texture": "#4"},
				"down": {"uv": [0, 0, 1.49184, 7.5], "texture": "#4"}
			}
		},
		{
			"name": "hexadecagon",
			"from": [3.00408, 11.5, 0],
			"to": [4.49592, 12, 7.5],
			"rotation": {"angle": 22.5, "axis": "y", "origin": [3.75, 12, 3.75]},
			"faces": {
				"north": {"uv": [0, 0, 1.49184, 0.5], "texture": "#4"},
				"south": {"uv": [0, 0, 1.49184, 0.5], "texture": "#4"},
				"up": {"uv": [0, 0, 1.49184, 7.5], "texture": "#4"},
				"down": {"uv": [0, 0, 1.49184, 7.5], "texture": "#4"}
			}
		},
		{
			"name": "hexadecagon",
			"from": [3.00408, 11.5, 0],
			"to": [4.49592, 12, 7.5],
			"rotation": {"angle": 45, "axis": "y", "origin": [3.75, 12, 3.75]},
			"faces": {
				"north": {"uv": [0, 0, 1.49184, 0.5], "texture": "#4"},
				"south": {"uv": [0, 0, 1.49184, 0.5], "texture": "#4"},
				"up": {"uv": [0, 0, 1.49184, 7.5], "texture": "#4"},
				"down": {"uv": [0, 0, 1.49184, 7.5], "texture": "#4"}
			}
		},
		{
			"name": "hexadecagon",
			"from": [0, 11.5, 3.00408],
			"to": [7.5, 12, 4.49592],
			"rotation": {"angle": -22.5, "axis": "y", "origin": [3.75, 12, 3.75]},
			"faces": {
				"east": {"uv": [0, 0, 1.49184, 0.5], "texture": "#4"},
				"west": {"uv": [0, 0, 1.49184, 0.5], "texture": "#4"},
				"up": {"uv": [0, 0, 7.5, 1.49184], "texture": "#4"},
				"down": {"uv": [0, 0, 7.5, 1.49184], "texture": "#4"}
			}
		},
		{
			"name": "hexadecagon",
			"from": [0, 11.5, 3.00408],
			"to": [7.5, 12, 4.49592],
			"rotation": {"angle": 0, "axis": "y", "origin": [3.75, 12, 3.75]},
			"faces": {
				"east": {"uv": [0, 0, 1.49184, 0.5], "texture": "#4"},
				"west": {"uv": [0, 0, 1.49184, 0.5], "texture": "#4"},
				"up": {"uv": [0, 0, 7.5, 1.49184], "texture": "#4"},
				"down": {"uv": [0, 0, 7.5, 1.49184], "texture": "#4"}
			}
		},
		{
			"name": "hexadecagon",
			"from": [0, 11.5, 3.00408],
			"to": [7.5, 12, 4.49592],
			"rotation": {"angle": 22.5, "axis": "y", "origin": [3.75, 12, 3.75]},
			"faces": {
				"east": {"uv": [0, 0, 1.49184, 0.5], "texture": "#4"},
				"west": {"uv": [0, 0, 1.49184, 0.5], "texture": "#4"},
				"up": {"uv": [0, 0, 7.5, 1.49184], "texture": "#4"},
				"down": {"uv": [0, 0, 7.5, 1.49184], "texture": "#4"}
			}
		},
		{
			"name": "hexadecagon",
			"from": [3.00408, 1.25, 0],
			"to": [4.49592, 9.5, 0.5],
			"rotation": {"angle": -45, "axis": "y", "origin": [3.75, 8, 3.75]},
			"faces": {
				"north": {"uv": [0, 0, 1.49184, 8.25], "texture": "#particle"},
				"up": {"uv": [0, 0, 1.49184, 0.5], "texture": "#particle"},
				"down": {"uv": [0, 0, 1.49184, 0.5], "texture": "#particle"}
			}
		},
		{
			"name": "hexadecagon",
			"from": [3.00408, 1.25, 0],
			"to": [4.49592, 9.5, 0.5],
			"rotation": {"angle": -22.5, "axis": "y", "origin": [3.75, 8, 3.75]},
			"faces": {
				"north": {"uv": [0, 0, 1.49184, 8.25], "texture": "#particle"},
				"up": {"uv": [0, 0, 1.49184, 0.5], "texture": "#particle"},
				"down": {"uv": [0, 0, 1.49184, 0.5], "texture": "#particle"}
			}
		},
		{
			"name": "hexadecagon",
			"from": [3.00408, 1.25, 0],
			"to": [4.49592, 9.5, 0.5],
			"rotation": {"angle": 0, "axis": "y", "origin": [3.75, 8, 3.75]},
			"faces": {
				"north": {"uv": [0, 0, 1.49184, 8.25], "texture": "#particle"},
				"up": {"uv": [0, 0, 1.49184, 0.5], "texture": "#particle"},
				"down": {"uv": [0, 0, 1.49184, 0.5], "texture": "#particle"}
			}
		},
		{
			"name": "hexadecagon",
			"from": [3.00408, 1.25, 0],
			"to": [4.49592, 9.5, 0.5],
			"rotation": {"angle": 22.5, "axis": "y", "origin": [3.75, 8, 3.75]},
			"faces": {
				"north": {"uv": [0, 0, 1.49184, 8.25], "texture": "#particle"},
				"up": {"uv": [0, 0, 1.49184, 0.5], "texture": "#particle"},
				"down": {"uv": [0, 0, 1.49184, 0.5], "texture": "#particle"}
			}
		},
		{
			"name": "hexadecagon",
			"from": [3.00408, 1.25, 0],
			"to": [4.49592, 9.5, 0.5],
			"rotation": {"angle": 45, "axis": "y", "origin": [3.75, 8, 3.75]},
			"faces": {
				"north": {"uv": [0, 0, 1.49184, 8.25], "texture": "#particle"},
				"up": {"uv": [0, 0, 1.49184, 0.5], "texture": "#particle"},
				"down": {"uv": [0, 0, 1.49184, 0.5], "texture": "#particle"}
			}
		},
		{
			"name": "hexadecagon",
			"from": [3.00408, 1.25, 7],
			"to": [4.49592, 9.5, 7.5],
			"rotation": {"angle": -45, "axis": "y", "origin": [3.75, 8, 3.75]},
			"faces": {
				"south": {"uv": [0, 0, 1.49184, 8.25], "texture": "#particle"},
				"up": {"uv": [0, 0, 1.49184, 0.5], "texture": "#particle"},
				"down": {"uv": [0, 0, 1.49184, 0.5], "texture": "#particle"}
			}
		},
		{
			"name": "hexadecagon",
			"from": [3.00408, 1.25, 7],
			"to": [4.49592, 9.5, 7.5],
			"rotation": {"angle": -22.5, "axis": "y", "origin": [3.75, 8, 3.75]},
			"faces": {
				"south": {"uv": [0, 0, 1.49184, 8.25], "texture": "#particle"},
				"up": {"uv": [0, 0, 1.49184, 0.5], "texture": "#particle"},
				"down": {"uv": [0, 0, 1.49184, 0.5], "texture": "#particle"}
			}
		},
		{
			"name": "hexadecagon",
			"from": [3.00408, 1.25, 7],
			"to": [4.49592, 9.5, 7.5],
			"rotation": {"angle": 0, "axis": "y", "origin": [3.75, 8, 3.75]},
			"faces": {
				"south": {"uv": [0, 0, 1.49184, 8.25], "texture": "#particle"},
				"up": {"uv": [0, 0, 1.49184, 0.5], "texture": "#particle"},
				"down": {"uv": [0, 0, 1.49184, 0.5], "texture": "#particle"}
			}
		},
		{
			"name": "hexadecagon",
			"from": [3.00408, 1.25, 7],
			"to": [4.49592, 9.5, 7.5],
			"rotation": {"angle": 22.5, "axis": "y", "origin": [3.75, 8, 3.75]},
			"faces": {
				"south": {"uv": [0, 0, 1.49184, 8.25], "texture": "#particle"},
				"up": {"uv": [0, 0, 1.49184, 0.5], "texture": "#particle"},
				"down": {"uv": [0, 0, 1.49184, 0.5], "texture": "#particle"}
			}
		},
		{
			"name": "hexadecagon",
			"from": [3.00408, 1.25, 7],
			"to": [4.49592, 9.5, 7.5],
			"rotation": {"angle": 45, "axis": "y", "origin": [3.75, 8, 3.75]},
			"faces": {
				"south": {"uv": [0, 0, 1.49184, 8.25], "texture": "#particle"},
				"up": {"uv": [0, 0, 1.49184, 0.5], "texture": "#particle"},
				"down": {"uv": [0, 0, 1.49184, 0.5], "texture": "#particle"}
			}
		},
		{
			"name": "hexadecagon",
			"from": [0, 1.25, 3.00408],
			"to": [0.5, 9.5, 4.49592],
			"rotation": {"angle": -22.5, "axis": "y", "origin": [3.75, 8, 3.75]},
			"faces": {
				"west": {"uv": [0, 0, 1.49184, 8.25], "texture": "#particle"},
				"up": {"uv": [0, 0, 0.5, 1.49184], "texture": "#particle"},
				"down": {"uv": [0, 0, 0.5, 1.49184], "texture": "#particle"}
			}
		},
		{
			"name": "hexadecagon",
			"from": [0, 1.25, 3.00408],
			"to": [0.5, 9.5, 4.49592],
			"rotation": {"angle": 0, "axis": "y", "origin": [3.75, 8, 3.75]},
			"faces": {
				"west": {"uv": [0, 0, 1.49184, 8.25], "texture": "#particle"},
				"up": {"uv": [0, 0, 0.5, 1.49184], "texture": "#particle"},
				"down": {"uv": [0, 0, 0.5, 1.49184], "texture": "#particle"}
			}
		},
		{
			"name": "hexadecagon",
			"from": [0, 1.25, 3.00408],
			"to": [0.5, 9.5, 4.49592],
			"rotation": {"angle": 22.5, "axis": "y", "origin": [3.75, 8, 3.75]},
			"faces": {
				"west": {"uv": [0, 0, 1.49184, 8.25], "texture": "#particle"},
				"up": {"uv": [0, 0, 0.5, 1.49184], "texture": "#particle"},
				"down": {"uv": [0, 0, 0.5, 1.49184], "texture": "#particle"}
			}
		},
		{
			"name": "hexadecagon",
			"from": [7, 1.25, 3.00408],
			"to": [7.5, 9.5, 4.49592],
			"rotation": {"angle": -22.5, "axis": "y", "origin": [3.75, 8, 3.75]},
			"faces": {
				"east": {"uv": [0, 0, 1.49184, 8.25], "texture": "#particle"},
				"up": {"uv": [0, 0, 0.5, 1.49184], "texture": "#particle"},
				"down": {"uv": [0, 0, 0.5, 1.49184], "texture": "#particle"}
			}
		},
		{
			"name": "hexadecagon",
			"from": [7, 1.25, 3.00408],
			"to": [7.5, 9.5, 4.49592],
			"rotation": {"angle": 0, "axis": "y", "origin": [3.75, 8, 3.75]},
			"faces": {
				"east": {"uv": [0, 0, 1.49184, 8.25], "texture": "#particle"},
				"up": {"uv": [0, 0, 0.5, 1.49184], "texture": "#particle"},
				"down": {"uv": [0, 0, 0.5, 1.49184], "texture": "#particle"}
			}
		},
		{
			"name": "hexadecagon",
			"from": [7, 1.25, 3.00408],
			"to": [7.5, 9.5, 4.49592],
			"rotation": {"angle": 22.5, "axis": "y", "origin": [3.75, 8, 3.75]},
			"faces": {
				"east": {"uv": [0, 0, 1.49184, 8.25], "texture": "#particle"},
				"up": {"uv": [0, 0, 0.5, 1.49184], "texture": "#particle"},
				"down": {"uv": [0, 0, 0.5, 1.49184], "texture": "#particle"}
			}
		},
		{
			"name": "hexadecagon",
			"from": [3.25272, 8.75, 1.25],
			"to": [4.24728, 10.75, 2],
			"rotation": {"angle": -45, "axis": "y", "origin": [3.75, 10.25, 3.75]},
			"faces": {
				"north": {"uv": [0, 0, 0.99456, 2], "texture": "#particle"},
				"south": {"uv": [0, 0, 0.99456, 2], "texture": "#particle"},
				"down": {"uv": [0, 0, 0.99456, 0.75], "texture": "#particle"}
			}
		},
		{
			"name": "hexadecagon",
			"from": [3.25272, 8.75, 1.25],
			"to": [4.24728, 10.75, 2],
			"rotation": {"angle": -22.5, "axis": "y", "origin": [3.75, 10.25, 3.75]},
			"faces": {
				"north": {"uv": [0, 0, 0.99456, 2], "texture": "#particle"},
				"south": {"uv": [0, 0, 0.99456, 2], "texture": "#particle"},
				"down": {"uv": [0, 0, 0.99456, 0.75], "texture": "#particle"}
			}
		},
		{
			"name": "hexadecagon",
			"from": [3.25272, 8.75, 1.25],
			"to": [4.24728, 10.75, 2],
			"rotation": {"angle": 0, "axis": "y", "origin": [3.75, 10.25, 3.75]},
			"faces": {
				"north": {"uv": [0, 0, 0.99456, 2], "texture": "#particle"},
				"south": {"uv": [0, 0, 0.99456, 2], "texture": "#particle"},
				"down": {"uv": [0, 0, 0.99456, 0.75], "texture": "#particle"}
			}
		},
		{
			"name": "hexadecagon",
			"from": [3.25272, 8.75, 1.25],
			"to": [4.24728, 10.75, 2],
			"rotation": {"angle": 22.5, "axis": "y", "origin": [3.75, 10.25, 3.75]},
			"faces": {
				"north": {"uv": [0, 0, 0.99456, 2], "texture": "#particle"},
				"south": {"uv": [0, 0, 0.99456, 2], "texture": "#particle"},
				"down": {"uv": [0, 0, 0.99456, 0.75], "texture": "#particle"}
			}
		},
		{
			"name": "hexadecagon",
			"from": [3.25272, 8.75, 1.25],
			"to": [4.24728, 10.75, 2],
			"rotation": {"angle": 45, "axis": "y", "origin": [3.75, 10.25, 3.75]},
			"faces": {
				"north": {"uv": [0, 0, 0.99456, 2], "texture": "#particle"},
				"south": {"uv": [0, 0, 0.99456, 2], "texture": "#particle"},
				"down": {"uv": [0, 0, 0.99456, 0.75], "texture": "#particle"}
			}
		},
		{
			"name": "hexadecagon",
			"from": [3.25272, 8.75, 5.5],
			"to": [4.24728, 10.75, 6.25],
			"rotation": {"angle": -45, "axis": "y", "origin": [3.75, 10.25, 3.75]},
			"faces": {
				"north": {"uv": [0, 0, 0.99456, 2], "texture": "#particle"},
				"south": {"uv": [0, 0, 0.99456, 2], "texture": "#particle"},
				"down": {"uv": [0, 0, 0.99456, 0.75], "texture": "#particle"}
			}
		},
		{
			"name": "hexadecagon",
			"from": [3.25272, 8.75, 5.5],
			"to": [4.24728, 10.75, 6.25],
			"rotation": {"angle": -22.5, "axis": "y", "origin": [3.75, 10.25, 3.75]},
			"faces": {
				"north": {"uv": [0, 0, 0.99456, 2], "texture": "#particle"},
				"south": {"uv": [0, 0, 0.99456, 2], "texture": "#particle"},
				"down": {"uv": [0, 0, 0.99456, 0.75], "texture": "#particle"}
			}
		},
		{
			"name": "hexadecagon",
			"from": [3.25272, 8.75, 5.5],
			"to": [4.24728, 10.75, 6.25],
			"rotation": {"angle": 0, "axis": "y", "origin": [3.75, 10.25, 3.75]},
			"faces": {
				"north": {"uv": [0, 0, 0.99456, 2], "texture": "#particle"},
				"south": {"uv": [0, 0, 0.99456, 2], "texture": "#particle"},
				"down": {"uv": [0, 0, 0.99456, 0.75], "texture": "#particle"}
			}
		},
		{
			"name": "hexadecagon",
			"from": [3.25272, 8.75, 5.5],
			"to": [4.24728, 10.75, 6.25],
			"rotation": {"angle": 22.5, "axis": "y", "origin": [3.75, 10.25, 3.75]},
			"faces": {
				"north": {"uv": [0, 0, 0.99456, 2], "texture": "#particle"},
				"south": {"uv": [0, 0, 0.99456, 2], "texture": "#particle"},
				"down": {"uv": [0, 0, 0.99456, 0.75], "texture": "#particle"}
			}
		},
		{
			"name": "hexadecagon",
			"from": [3.25272, 8.75, 5.5],
			"to": [4.24728, 10.75, 6.25],
			"rotation": {"angle": 45, "axis": "y", "origin": [3.75, 10.25, 3.75]},
			"faces": {
				"north": {"uv": [0, 0, 0.99456, 2], "texture": "#particle"},
				"south": {"uv": [0, 0, 0.99456, 2], "texture": "#particle"},
				"down": {"uv": [0, 0, 0.99456, 0.75], "texture": "#particle"}
			}
		},
		{
			"name": "hexadecagon",
			"from": [1.25, 8.75, 3.25272],
			"to": [2, 10.75, 4.24728],
			"rotation": {"angle": -22.5, "axis": "y", "origin": [3.75, 10.25, 3.75]},
			"faces": {
				"east": {"uv": [0, 0, 0.99456, 2], "texture": "#particle"},
				"west": {"uv": [0, 0, 0.99456, 2], "texture": "#particle"},
				"down": {"uv": [0, 0, 0.75, 0.99456], "texture": "#particle"}
			}
		},
		{
			"name": "hexadecagon",
			"from": [1.25, 8.75, 3.25272],
			"to": [2, 10.75, 4.24728],
			"rotation": {"angle": 0, "axis": "y", "origin": [3.75, 10.25, 3.75]},
			"faces": {
				"east": {"uv": [0, 0, 0.99456, 2], "texture": "#particle"},
				"west": {"uv": [0, 0, 0.99456, 2], "texture": "#particle"},
				"down": {"uv": [0, 0, 0.75, 0.99456], "texture": "#particle"}
			}
		},
		{
			"name": "hexadecagon",
			"from": [1.25, 8.75, 3.25272],
			"to": [2, 10.75, 4.24728],
			"rotation": {"angle": 22.5, "axis": "y", "origin": [3.75, 10.25, 3.75]},
			"faces": {
				"east": {"uv": [0, 0, 0.99456, 2], "texture": "#particle"},
				"west": {"uv": [0, 0, 0.99456, 2], "texture": "#particle"},
				"down": {"uv": [0, 0, 0.75, 0.99456], "texture": "#particle"}
			}
		},
		{
			"name": "hexadecagon",
			"from": [5.5, 8.75, 3.25272],
			"to": [6.25, 10.75, 4.24728],
			"rotation": {"angle": -22.5, "axis": "y", "origin": [3.75, 10.25, 3.75]},
			"faces": {
				"east": {"uv": [0, 0, 0.99456, 2], "texture": "#particle"},
				"west": {"uv": [0, 0, 0.99456, 2], "texture": "#particle"},
				"down": {"uv": [0, 0, 0.75, 0.99456], "texture": "#particle"}
			}
		},
		{
			"name": "hexadecagon",
			"from": [5.5, 8.75, 3.25272],
			"to": [6.25, 10.75, 4.24728],
			"rotation": {"angle": 0, "axis": "y", "origin": [3.75, 10.25, 3.75]},
			"faces": {
				"east": {"uv": [0, 0, 0.99456, 2], "texture": "#particle"},
				"west": {"uv": [0, 0, 0.99456, 2], "texture": "#particle"},
				"down": {"uv": [0, 0, 0.75, 0.99456], "texture": "#particle"}
			}
		},
		{
			"name": "hexadecagon",
			"from": [5.5, 8.75, 3.25272],
			"to": [6.25, 10.75, 4.24728],
			"rotation": {"angle": 22.5, "axis": "y", "origin": [3.75, 10.25, 3.75]},
			"faces": {
				"east": {"uv": [0, 0, 0.99456, 2], "texture": "#particle"},
				"west": {"uv": [0, 0, 0.99456, 2], "texture": "#particle"},
				"down": {"uv": [0, 0, 0.75, 0.99456], "texture": "#particle"}
			}
		},
		{
			"name": "hexadecagon",
			"from": [3.10353, 0, 0.5],
			"to": [4.39647, 9.5, 1.25],
			"rotation": {"angle": 0, "axis": "y", "origin": [3.75, 4.75, 3.75]},
			"faces": {
				"north": {"uv": [0, 0, 1.29293, 9.5], "texture": "#particle"},
				"south": {"uv": [0, 0, 1.29293, 9.5], "texture": "#particle"},
				"up": {"uv": [0, 0, 1.29293, 0.75], "texture": "#particle"},
				"down": {"uv": [0, 0, 1.29293, 0.75], "texture": "#particle", "cullface": "down"}
			}
		},
		{
			"name": "hexadecagon",
			"from": [3.10353, 0, 6.25],
			"to": [4.39647, 9.5, 7],
			"rotation": {"angle": 0, "axis": "y", "origin": [3.75, 4.75, 3.75]},
			"faces": {
				"north": {"uv": [0, 0, 1.29293, 9.5], "texture": "#particle"},
				"south": {"uv": [0, 0, 1.29293, 9.5], "texture": "#particle"},
				"up": {"uv": [0, 0, 1.29293, 0.75], "texture": "#particle"},
				"down": {"uv": [0, 0, 1.29293, 0.75], "texture": "#particle", "cullface": "down"}
			}
		},
		{
			"name": "hexadecagon",
			"from": [3.10353, 0, 6.25],
			"to": [4.39647, 9.5, 7],
			"rotation": {"angle": 22.5, "axis": "y", "origin": [3.75, 4.75, 3.75]},
			"faces": {
				"north": {"uv": [0, 0, 1.29293, 9.5], "texture": "#particle"},
				"south": {"uv": [0, 0, 1.29293, 9.5], "texture": "#particle"},
				"up": {"uv": [0, 0, 1.29293, 0.75], "texture": "#particle"},
				"down": {"uv": [0, 0, 1.29293, 0.75], "texture": "#particle", "cullface": "down"}
			}
		},
		{
			"name": "hexadecagon",
			"from": [3.10353, 0, 0.5],
			"to": [4.39647, 9.5, 1.25],
			"rotation": {"angle": 22.5, "axis": "y", "origin": [3.75, 4.75, 3.75]},
			"faces": {
				"north": {"uv": [0, 0, 1.29293, 9.5], "texture": "#particle"},
				"south": {"uv": [0, 0, 1.29293, 9.5], "texture": "#particle"},
				"up": {"uv": [0, 0, 1.29293, 0.75], "texture": "#particle"},
				"down": {"uv": [0, 0, 1.29293, 0.75], "texture": "#particle", "cullface": "down"}
			}
		},
		{
			"name": "hexadecagon",
			"from": [3.10353, 0, 6.25],
			"to": [4.39647, 9.5, 7],
			"rotation": {"angle": 45, "axis": "y", "origin": [3.75, 4.75, 3.75]},
			"faces": {
				"north": {"uv": [0, 0, 1.29293, 9.5], "texture": "#particle"},
				"south": {"uv": [0, 0, 1.29293, 9.5], "texture": "#particle"},
				"up": {"uv": [0, 0, 1.29293, 0.75], "texture": "#particle"},
				"down": {"uv": [0, 0, 1.29293, 0.75], "texture": "#particle", "cullface": "down"}
			}
		},
		{
			"name": "hexadecagon",
			"from": [3.10353, 0, 0.5],
			"to": [4.39647, 9.5, 1.25],
			"rotation": {"angle": 45, "axis": "y", "origin": [3.75, 4.75, 3.75]},
			"faces": {
				"north": {"uv": [0, 0, 1.29293, 9.5], "texture": "#particle"},
				"south": {"uv": [0, 0, 1.29293, 9.5], "texture": "#particle"},
				"up": {"uv": [0, 0, 1.29293, 0.75], "texture": "#particle"},
				"down": {"uv": [0, 0, 1.29293, 0.75], "texture": "#particle", "cullface": "down"}
			}
		},
		{
			"name": "hexadecagon",
			"from": [6.25, 0, 3.10353],
			"to": [7, 9.5, 4.39647],
			"rotation": {"angle": -22.5, "axis": "y", "origin": [3.75, 4.75, 3.75]},
			"faces": {
				"east": {"uv": [0, 0, 1.29293, 9.5], "texture": "#particle"},
				"west": {"uv": [0, 0, 1.29293, 9.5], "texture": "#particle"},
				"up": {"uv": [0, 0, 1.29293, 0.75], "rotation": 270, "texture": "#particle"},
				"down": {"uv": [0, 0, 1.29293, 0.75], "rotation": 90, "texture": "#particle", "cullface": "down"}
			}
		},
		{
			"name": "hexadecagon",
			"from": [0.5, 0, 3.10353],
			"to": [1.25, 9.5, 4.39647],
			"rotation": {"angle": -22.5, "axis": "y", "origin": [3.75, 4.75, 3.75]},
			"faces": {
				"east": {"uv": [0, 0, 1.29293, 9.5], "texture": "#particle"},
				"west": {"uv": [0, 0, 1.29293, 9.5], "texture": "#particle"},
				"up": {"uv": [0, 0, 1.29293, 0.75], "rotation": 270, "texture": "#particle"},
				"down": {"uv": [0, 0, 1.29293, 0.75], "rotation": 90, "texture": "#particle", "cullface": "down"}
			}
		},
		{
			"name": "hexadecagon",
			"from": [6.25, 0, 3.10353],
			"to": [7, 9.5, 4.39647],
			"rotation": {"angle": 0, "axis": "y", "origin": [3.75, 4.75, 3.75]},
			"faces": {
				"east": {"uv": [0, 0, 1.29293, 9.5], "texture": "#particle"},
				"west": {"uv": [0, 0, 1.29293, 9.5], "texture": "#particle"},
				"up": {"uv": [0, 0, 1.29293, 0.75], "rotation": 270, "texture": "#particle"},
				"down": {"uv": [0, 0, 1.29293, 0.75], "rotation": 90, "texture": "#particle", "cullface": "down"}
			}
		},
		{
			"name": "hexadecagon",
			"from": [0.5, 0, 3.10353],
			"to": [1.25, 9.5, 4.39647],
			"rotation": {"angle": 0, "axis": "y", "origin": [3.75, 4.75, 3.75]},
			"faces": {
				"east": {"uv": [0, 0, 1.29293, 9.5], "texture": "#particle"},
				"west": {"uv": [0, 0, 1.29293, 9.5], "texture": "#particle"},
				"up": {"uv": [0, 0, 1.29293, 0.75], "rotation": 270, "texture": "#particle"},
				"down": {"uv": [0, 0, 1.29293, 0.75], "rotation": 90, "texture": "#particle", "cullface": "down"}
			}
		},
		{
			"name": "hexadecagon",
			"from": [6.25, 0, 3.10353],
			"to": [7, 9.5, 4.39647],
			"rotation": {"angle": 22.5, "axis": "y", "origin": [3.75, 4.75, 3.75]},
			"faces": {
				"east": {"uv": [0, 0, 1.29293, 9.5], "texture": "#particle"},
				"west": {"uv": [0, 0, 1.29293, 9.5], "texture": "#particle"},
				"up": {"uv": [0, 0, 1.29293, 0.75], "rotation": 270, "texture": "#particle"},
				"down": {"uv": [0, 0, 1.29293, 0.75], "rotation": 90, "texture": "#particle", "cullface": "down"}
			}
		},
		{
			"name": "hexadecagon",
			"from": [0.5, 0, 3.10353],
			"to": [1.25, 9.5, 4.39647],
			"rotation": {"angle": 22.5, "axis": "y", "origin": [3.75, 4.75, 3.75]},
			"faces": {
				"east": {"uv": [0, 0, 1.29293, 9.5], "texture": "#particle"},
				"west": {"uv": [0, 0, 1.29293, 9.5], "texture": "#particle"},
				"up": {"uv": [0, 0, 1.29293, 0.75], "rotation": 270, "texture": "#particle"},
				"down": {"uv": [0, 0, 1.29293, 0.75], "rotation": 90, "texture": "#particle", "cullface": "down"}
			}
		},
		{
			"name": "hexadecagon",
			"from": [6.25, 0, 3.10353],
			"to": [7, 9.5, 4.39647],
			"rotation": {"angle": 45, "axis": "y", "origin": [3.75, 4.75, 3.75]},
			"faces": {
				"east": {"uv": [0, 0, 1.29293, 9.5], "texture": "#particle"},
				"west": {"uv": [0, 0, 1.29293, 9.5], "texture": "#particle"},
				"up": {"uv": [0, 0, 1.29293, 0.75], "rotation": 270, "texture": "#particle"},
				"down": {"uv": [0, 0, 1.29293, 0.75], "rotation": 90, "texture": "#particle", "cullface": "down"}
			}
		},
		{
			"name": "hexadecagon",
			"from": [0.5, 0, 3.10353],
			"to": [1.25, 9.5, 4.39647],
			"rotation": {"angle": 45, "axis": "y", "origin": [3.75, 4.75, 3.75]},
			"faces": {
				"east": {"uv": [0, 0, 1.29293, 9.5], "texture": "#particle"},
				"west": {"uv": [0, 0, 1.29293, 9.5], "texture": "#particle"},
				"up": {"uv": [0, 0, 1.29293, 0.75], "rotation": 270, "texture": "#particle"},
				"down": {"uv": [0, 0, 1.29293, 0.75], "rotation": 90, "texture": "#particle", "cullface": "down"}
			}
		},
		{
			"name": "hexadecagon",
			"from": [3.10353, 0, 0.5],
			"to": [4.39647, 9.5, 1.25],
			"rotation": {"angle": -22.5, "axis": "y", "origin": [3.75, 4.75, 3.75]},
			"faces": {
				"north": {"uv": [0, 0, 1.29293, 9.5], "texture": "#particle"},
				"south": {"uv": [0, 0, 1.29293, 9.5], "texture": "#particle"},
				"up": {"uv": [0, 0, 1.29293, 0.75], "rotation": 180, "texture": "#particle"},
				"down": {"uv": [0, 0, 1.29293, 0.75], "rotation": 180, "texture": "#particle", "cullface": "down"}
			}
		},
		{
			"name": "hexadecagon",
			"from": [3.10353, 0, 6.25],
			"to": [4.39647, 9.5, 7],
			"rotation": {"angle": -22.5, "axis": "y", "origin": [3.75, 4.75, 3.75]},
			"faces": {
				"north": {"uv": [0, 0, 1.29293, 9.5], "texture": "#particle"},
				"south": {"uv": [0, 0, 1.29293, 9.5], "texture": "#particle"},
				"up": {"uv": [0, 0, 1.29293, 0.75], "rotation": 180, "texture": "#particle"},
				"down": {"uv": [0, 0, 1.29293, 0.75], "rotation": 180, "texture": "#particle", "cullface": "down"}
			}
		},
		{
			"name": "hexadecagon",
			"from": [11.75272, 14.75, 9.75],
			"to": [12.74728, 16, 14.75],
			"rotation": {"angle": 45, "axis": "y", "origin": [12.25, 15.25, 12.25]},
			"faces": {
				"north": {"uv": [0, 0, 0.99456, 1.25], "texture": "#4"},
				"south": {"uv": [0, 0, 0.99456, 1.25], "texture": "#4"},
				"up": {"uv": [0.99456, 5, 0, 0], "texture": "#4", "cullface": "up"}
			}
		},
		{
			"name": "hexadecagon",
			"from": [11.75272, 14.75, 9.75],
			"to": [12.74728, 16, 14.75],
			"rotation": {"angle": 22.5, "axis": "y", "origin": [12.25, 15.25, 12.25]},
			"faces": {
				"north": {"uv": [0, 0, 0.99456, 1.25], "texture": "#4"},
				"south": {"uv": [0, 0, 0.99456, 1.25], "texture": "#4"},
				"up": {"uv": [0.99456, 5, 0, 0], "texture": "#4", "cullface": "up"}
			}
		},
		{
			"name": "hexadecagon",
			"from": [11.75272, 14.75, 9.75],
			"to": [12.74728, 16, 14.75],
			"rotation": {"angle": 0, "axis": "y", "origin": [12.25, 15.25, 12.25]},
			"faces": {
				"north": {"uv": [0, 0, 0.99456, 1.25], "texture": "#4"},
				"south": {"uv": [0, 0, 0.99456, 1.25], "texture": "#4"},
				"up": {"uv": [0.99456, 5, 0, 0], "texture": "#4", "cullface": "up"}
			}
		},
		{
			"name": "hexadecagon",
			"from": [11.75272, 14.75, 9.75],
			"to": [12.74728, 16, 14.75],
			"rotation": {"angle": -22.5, "axis": "y", "origin": [12.25, 15.25, 12.25]},
			"faces": {
				"north": {"uv": [0, 0, 0.99456, 1.25], "texture": "#4"},
				"south": {"uv": [0, 0, 0.99456, 1.25], "texture": "#4"},
				"up": {"uv": [0.99456, 5, 0, 0], "texture": "#4", "cullface": "up"}
			}
		},
		{
			"name": "hexadecagon",
			"from": [11.75272, 14.75, 9.75],
			"to": [12.74728, 16, 14.75],
			"rotation": {"angle": -45, "axis": "y", "origin": [12.25, 15.25, 12.25]},
			"faces": {
				"north": {"uv": [0, 0, 0.99456, 1.25], "texture": "#4"},
				"south": {"uv": [0, 0, 0.99456, 1.25], "texture": "#4"},
				"up": {"uv": [0.99456, 5, 0, 0], "texture": "#4", "cullface": "up"}
			}
		},
		{
			"name": "hexadecagon",
			"from": [9.75, 14.75, 11.75272],
			"to": [14.75, 16, 12.74728],
			"rotation": {"angle": 22.5, "axis": "y", "origin": [12.25, 15.25, 12.25]},
			"faces": {
				"east": {"uv": [0, 0, 0.99456, 1.25], "texture": "#4"},
				"west": {"uv": [0, 0, 0.99456, 1.25], "texture": "#4"},
				"up": {"uv": [5, 0.99456, 0, 0], "texture": "#4", "cullface": "up"}
			}
		},
		{
			"name": "hexadecagon",
			"from": [9.75, 14.75, 11.75272],
			"to": [14.75, 16, 12.74728],
			"rotation": {"angle": 0, "axis": "y", "origin": [12.25, 15.25, 12.25]},
			"faces": {
				"east": {"uv": [0, 0, 0.99456, 1.25], "texture": "#4"},
				"west": {"uv": [0, 0, 0.99456, 1.25], "texture": "#4"},
				"up": {"uv": [5, 0.99456, 0, 0], "texture": "#4", "cullface": "up"}
			}
		},
		{
			"name": "hexadecagon",
			"from": [9.75, 14.75, 11.75272],
			"to": [14.75, 16, 12.74728],
			"rotation": {"angle": -22.5, "axis": "y", "origin": [12.25, 15.25, 12.25]},
			"faces": {
				"east": {"uv": [0, 0, 0.99456, 1.25], "texture": "#4"},
				"west": {"uv": [0, 0, 0.99456, 1.25], "texture": "#4"},
				"up": {"uv": [5, 0.99456, 0, 0], "texture": "#4", "cullface": "up"}
			}
		},
		{
			"name": "hexadecagon",
			"from": [11.60353, 13, 9],
			"to": [12.89647, 14.25, 15.5],
			"rotation": {"angle": -45, "axis": "y", "origin": [12.25, 13.25, 12.25]},
			"faces": {
				"north": {"uv": [0, 0, 1.29293, 1.5], "texture": "#4"},
				"south": {"uv": [0, 0, 1.29293, 1.5], "texture": "#4"},
				"down": {"uv": [1.29293, 6.5, 0, 0], "texture": "#4"}
			}
		},
		{
			"name": "hexadecagon",
			"from": [11.60353, 13, 9],
			"to": [12.89647, 14.25, 15.5],
			"rotation": {"angle": -22.5, "axis": "y", "origin": [12.25, 13.25, 12.25]},
			"faces": {
				"north": {"uv": [0, 0, 1.29293, 1.5], "texture": "#4"},
				"south": {"uv": [0, 0, 1.29293, 1.5], "texture": "#4"},
				"down": {"uv": [1.29293, 6.5, 0, 0], "texture": "#4"}
			}
		},
		{
			"name": "hexadecagon",
			"from": [11.60353, 13, 9],
			"to": [12.89647, 14.25, 15.5],
			"rotation": {"angle": 0, "axis": "y", "origin": [12.25, 13.25, 12.25]},
			"faces": {
				"north": {"uv": [0, 0, 1.29293, 1.5], "texture": "#4"},
				"south": {"uv": [0, 0, 1.29293, 1.5], "texture": "#4"},
				"down": {"uv": [1.29293, 6.5, 0, 0], "texture": "#4"}
			}
		},
		{
			"name": "hexadecagon",
			"from": [11.60353, 13, 9],
			"to": [12.89647, 14.25, 15.5],
			"rotation": {"angle": 22.5, "axis": "y", "origin": [12.25, 13.25, 12.25]},
			"faces": {
				"north": {"uv": [0, 0, 1.29293, 1.5], "texture": "#4"},
				"south": {"uv": [0, 0, 1.29293, 1.5], "texture": "#4"},
				"down": {"uv": [1.29293, 6.5, 0, 0], "texture": "#4"}
			}
		},
		{
			"name": "hexadecagon",
			"from": [11.60353, 13, 9],
			"to": [12.89647, 14.25, 15.5],
			"rotation": {"angle": 45, "axis": "y", "origin": [12.25, 13.25, 12.25]},
			"faces": {
				"north": {"uv": [0, 0, 1.29293, 1.5], "texture": "#4"},
				"south": {"uv": [0, 0, 1.29293, 1.5], "texture": "#4"},
				"down": {"uv": [1.29293, 6.5, 0, 0], "texture": "#4"}
			}
		},
		{
			"name": "hexadecagon",
			"from": [9, 13, 11.60353],
			"to": [15.5, 14.25, 12.89647],
			"rotation": {"angle": -22.5, "axis": "y", "origin": [12.25, 13.25, 12.25]},
			"faces": {
				"east": {"uv": [0, 0, 1.29293, 1.5], "texture": "#4"},
				"west": {"uv": [0, 0, 1.29293, 1.5], "texture": "#4"},
				"down": {"uv": [6.5, 1.29293, 0, 0], "texture": "#4"}
			}
		},
		{
			"name": "hexadecagon",
			"from": [9, 13, 11.60353],
			"to": [15.5, 14.25, 12.89647],
			"rotation": {"angle": 0, "axis": "y", "origin": [12.25, 13.25, 12.25]},
			"faces": {
				"east": {"uv": [0, 0, 1.29293, 1.5], "texture": "#4"},
				"west": {"uv": [0, 0, 1.29293, 1.5], "texture": "#4"},
				"down": {"uv": [6.5, 1.29293, 0, 0], "texture": "#4"}
			}
		},
		{
			"name": "hexadecagon",
			"from": [9, 13, 11.60353],
			"to": [15.5, 14.25, 12.89647],
			"rotation": {"angle": 22.5, "axis": "y", "origin": [12.25, 13.25, 12.25]},
			"faces": {
				"east": {"uv": [0, 0, 1.29293, 1.5], "texture": "#4"},
				"west": {"uv": [0, 0, 1.29293, 1.5], "texture": "#4"},
				"down": {"uv": [6.5, 1.29293, 0, 0], "texture": "#4"}
			}
		},
		{
			"name": "hexadecagon",
			"from": [11.50408, 14.25, 8.5],
			"to": [12.99592, 14.75, 16],
			"rotation": {"angle": -45, "axis": "y", "origin": [12.25, 14.75, 12.25]},
			"faces": {
				"north": {"uv": [0, 0, 1.49184, 0.5], "texture": "#4"},
				"south": {"uv": [0, 0, 1.49184, 0.5], "texture": "#4"},
				"up": {"uv": [1.49184, 7.5, 0, 0], "texture": "#4"},
				"down": {"uv": [1.49184, 7.5, 0, 0], "texture": "#4"}
			}
		},
		{
			"name": "hexadecagon",
			"from": [11.50408, 14.25, 8.5],
			"to": [12.99592, 14.75, 16],
			"rotation": {"angle": -22.5, "axis": "y", "origin": [12.25, 14.75, 12.25]},
			"faces": {
				"north": {"uv": [0, 0, 1.49184, 0.5], "texture": "#4"},
				"south": {"uv": [0, 0, 1.49184, 0.5], "texture": "#4"},
				"up": {"uv": [1.49184, 7.5, 0, 0], "texture": "#4"},
				"down": {"uv": [1.49184, 7.5, 0, 0], "texture": "#4"}
			}
		},
		{
			"name": "hexadecagon",
			"from": [11.50408, 14.25, 8.5],
			"to": [12.99592, 14.75, 16],
			"rotation": {"angle": 0, "axis": "y", "origin": [12.25, 14.75, 12.25]},
			"faces": {
				"north": {"uv": [0, 0, 1.49184, 0.5], "texture": "#4"},
				"south": {"uv": [0, 0, 1.49184, 0.5], "texture": "#4"},
				"up": {"uv": [1.49184, 7.5, 0, 0], "texture": "#4"},
				"down": {"uv": [1.49184, 7.5, 0, 0], "texture": "#4"}
			}
		},
		{
			"name": "hexadecagon",
			"from": [11.50408, 14.25, 8.5],
			"to": [12.99592, 14.75, 16],
			"rotation": {"angle": 22.5, "axis": "y", "origin": [12.25, 14.75, 12.25]},
			"faces": {
				"north": {"uv": [0, 0, 1.49184, 0.5], "texture": "#4"},
				"south": {"uv": [0, 0, 1.49184, 0.5], "texture": "#4"},
				"up": {"uv": [1.49184, 7.5, 0, 0], "texture": "#4"},
				"down": {"uv": [1.49184, 7.5, 0, 0], "texture": "#4"}
			}
		},
		{
			"name": "hexadecagon",
			"from": [11.50408, 14.25, 8.5],
			"to": [12.99592, 14.75, 16],
			"rotation": {"angle": 45, "axis": "y", "origin": [12.25, 14.75, 12.25]},
			"faces": {
				"north": {"uv": [0, 0, 1.49184, 0.5], "texture": "#4"},
				"south": {"uv": [0, 0, 1.49184, 0.5], "texture": "#4"},
				"up": {"uv": [1.49184, 7.5, 0, 0], "texture": "#4"},
				"down": {"uv": [1.49184, 7.5, 0, 0], "texture": "#4"}
			}
		},
		{
			"name": "hexadecagon",
			"from": [8.5, 14.25, 11.50408],
			"to": [16, 14.75, 12.99592],
			"rotation": {"angle": -22.5, "axis": "y", "origin": [12.25, 14.75, 12.25]},
			"faces": {
				"east": {"uv": [0, 0, 1.49184, 0.5], "texture": "#4"},
				"west": {"uv": [0, 0, 1.49184, 0.5], "texture": "#4"},
				"up": {"uv": [7.5, 1.49184, 0, 0], "texture": "#4"},
				"down": {"uv": [7.5, 1.49184, 0, 0], "texture": "#4"}
			}
		},
		{
			"name": "hexadecagon",
			"from": [8.5, 14.25, 11.50408],
			"to": [16, 14.75, 12.99592],
			"rotation": {"angle": 0, "axis": "y", "origin": [12.25, 14.75, 12.25]},
			"faces": {
				"east": {"uv": [0, 0, 1.49184, 0.5], "texture": "#4"},
				"west": {"uv": [0, 0, 1.49184, 0.5], "texture": "#4"},
				"up": {"uv": [7.5, 1.49184, 0, 0], "texture": "#4"},
				"down": {"uv": [7.5, 1.49184, 0, 0], "texture": "#4"}
			}
		},
		{
			"name": "hexadecagon",
			"from": [8.5, 14.25, 11.50408],
			"to": [16, 14.75, 12.99592],
			"rotation": {"angle": 22.5, "axis": "y", "origin": [12.25, 14.75, 12.25]},
			"faces": {
				"east": {"uv": [0, 0, 1.49184, 0.5], "texture": "#4"},
				"west": {"uv": [0, 0, 1.49184, 0.5], "texture": "#4"},
				"up": {"uv": [7.5, 1.49184, 0, 0], "texture": "#4"},
				"down": {"uv": [7.5, 1.49184, 0, 0], "texture": "#4"}
			}
		},
		{
			"name": "hexadecagon",
			"from": [11.75272, 1.75, 9.75],
			"to": [12.74728, 3, 14.75],
			"rotation": {"angle": 45, "axis": "y", "origin": [12.25, 2.25, 12.25]},
			"faces": {
				"north": {"uv": [0, 0, 0.99456, 1.25], "texture": "#3"},
				"south": {"uv": [0, 0, 0.99456, 1.25], "texture": "#3"},
				"up": {"uv": [0.99456, 5, 0, 0], "texture": "#3"}
			}
		},
		{
			"name": "hexadecagon",
			"from": [11.75272, 1.75, 9.75],
			"to": [12.74728, 3, 14.75],
			"rotation": {"angle": 22.5, "axis": "y", "origin": [12.25, 2.25, 12.25]},
			"faces": {
				"north": {"uv": [0, 0, 0.99456, 1.25], "texture": "#3"},
				"south": {"uv": [0, 0, 0.99456, 1.25], "texture": "#3"},
				"up": {"uv": [0.99456, 5, 0, 0], "texture": "#3"}
			}
		},
		{
			"name": "hexadecagon",
			"from": [11.75272, 1.75, 9.75],
			"to": [12.74728, 3, 14.75],
			"rotation": {"angle": 0, "axis": "y", "origin": [12.25, 2.25, 12.25]},
			"faces": {
				"north": {"uv": [0, 0, 0.99456, 1.25], "texture": "#3"},
				"south": {"uv": [0, 0, 0.99456, 1.25], "texture": "#3"},
				"up": {"uv": [0.99456, 5, 0, 0], "texture": "#3"}
			}
		},
		{
			"name": "hexadecagon",
			"from": [11.75272, 1.75, 9.75],
			"to": [12.74728, 3, 14.75],
			"rotation": {"angle": -22.5, "axis": "y", "origin": [12.25, 2.25, 12.25]},
			"faces": {
				"north": {"uv": [0, 0, 0.99456, 1.25], "texture": "#3"},
				"south": {"uv": [0, 0, 0.99456, 1.25], "texture": "#3"},
				"up": {"uv": [0.99456, 5, 0, 0], "texture": "#3"}
			}
		},
		{
			"name": "hexadecagon",
			"from": [11.75272, 1.75, 9.75],
			"to": [12.74728, 3, 14.75],
			"rotation": {"angle": -45, "axis": "y", "origin": [12.25, 2.25, 12.25]},
			"faces": {
				"north": {"uv": [0, 0, 0.99456, 1.25], "texture": "#3"},
				"south": {"uv": [0, 0, 0.99456, 1.25], "texture": "#3"},
				"up": {"uv": [0.99456, 5, 0, 0], "texture": "#3"}
			}
		},
		{
			"name": "hexadecagon",
			"from": [9.75, 1.75, 11.75272],
			"to": [14.75, 3, 12.74728],
			"rotation": {"angle": 22.5, "axis": "y", "origin": [12.25, 2.25, 12.25]},
			"faces": {
				"east": {"uv": [0, 0, 0.99456, 1.25], "texture": "#3"},
				"west": {"uv": [0, 0, 0.99456, 1.25], "texture": "#3"},
				"up": {"uv": [5, 0.99456, 0, 0], "texture": "#3"}
			}
		},
		{
			"name": "hexadecagon",
			"from": [9.75, 1.75, 11.75272],
			"to": [14.75, 3, 12.74728],
			"rotation": {"angle": 0, "axis": "y", "origin": [12.25, 2.25, 12.25]},
			"faces": {
				"east": {"uv": [0, 0, 0.99456, 1.25], "texture": "#3"},
				"west": {"uv": [0, 0, 0.99456, 1.25], "texture": "#3"},
				"up": {"uv": [5, 0.99456, 0, 0], "texture": "#3"}
			}
		},
		{
			"name": "hexadecagon",
			"from": [9.75, 1.75, 11.75272],
			"to": [14.75, 3, 12.74728],
			"rotation": {"angle": -22.5, "axis": "y", "origin": [12.25, 2.25, 12.25]},
			"faces": {
				"east": {"uv": [0, 0, 0.99456, 1.25], "texture": "#3"},
				"west": {"uv": [0, 0, 0.99456, 1.25], "texture": "#3"},
				"up": {"uv": [5, 0.99456, 0, 0], "texture": "#3"}
			}
		},
		{
			"name": "hexadecagon",
			"from": [11.60353, 0, 9],
			"to": [12.89647, 1.25, 15.5],
			"rotation": {"angle": -45, "axis": "y", "origin": [12.25, 0.25, 12.25]},
			"faces": {
				"north": {"uv": [0, 0, 1.29293, 1.5], "texture": "#3"},
				"south": {"uv": [0, 0, 1.29293, 1.5], "texture": "#3"},
				"down": {"uv": [1.29293, 6.5, 0, 0], "texture": "#3", "cullface": "down"}
			}
		},
		{
			"name": "hexadecagon",
			"from": [11.60353, 0, 9],
			"to": [12.89647, 1.25, 15.5],
			"rotation": {"angle": -22.5, "axis": "y", "origin": [12.25, 0.25, 12.25]},
			"faces": {
				"north": {"uv": [0, 0, 1.29293, 1.5], "texture": "#3"},
				"south": {"uv": [0, 0, 1.29293, 1.5], "texture": "#3"},
				"down": {"uv": [1.29293, 6.5, 0, 0], "texture": "#3", "cullface": "down"}
			}
		},
		{
			"name": "hexadecagon",
			"from": [11.60353, 0, 9],
			"to": [12.89647, 1.25, 15.5],
			"rotation": {"angle": 0, "axis": "y", "origin": [12.25, 0.25, 12.25]},
			"faces": {
				"north": {"uv": [0, 0, 1.29293, 1.5], "texture": "#3"},
				"south": {"uv": [0, 0, 1.29293, 1.5], "texture": "#3"},
				"down": {"uv": [1.29293, 6.5, 0, 0], "texture": "#3", "cullface": "down"}
			}
		},
		{
			"name": "hexadecagon",
			"from": [11.60353, 0, 9],
			"to": [12.89647, 1.25, 15.5],
			"rotation": {"angle": 22.5, "axis": "y", "origin": [12.25, 0.25, 12.25]},
			"faces": {
				"north": {"uv": [0, 0, 1.29293, 1.5], "texture": "#3"},
				"south": {"uv": [0, 0, 1.29293, 1.5], "texture": "#3"},
				"down": {"uv": [1.29293, 6.5, 0, 0], "texture": "#3", "cullface": "down"}
			}
		},
		{
			"name": "hexadecagon",
			"from": [11.60353, 0, 9],
			"to": [12.89647, 1.25, 15.5],
			"rotation": {"angle": 45, "axis": "y", "origin": [12.25, 0.25, 12.25]},
			"faces": {
				"north": {"uv": [0, 0, 1.29293, 1.5], "texture": "#3"},
				"south": {"uv": [0, 0, 1.29293, 1.5], "texture": "#3"},
				"down": {"uv": [1.29293, 6.5, 0, 0], "texture": "#3", "cullface": "down"}
			}
		},
		{
			"name": "hexadecagon",
			"from": [9, 0, 11.60353],
			"to": [15.5, 1.25, 12.89647],
			"rotation": {"angle": -22.5, "axis": "y", "origin": [12.25, 0.25, 12.25]},
			"faces": {
				"east": {"uv": [0, 0, 1.29293, 1.5], "texture": "#3"},
				"west": {"uv": [0, 0, 1.29293, 1.5], "texture": "#3"},
				"down": {"uv": [6.5, 1.29293, 0, 0], "texture": "#3", "cullface": "down"}
			}
		},
		{
			"name": "hexadecagon",
			"from": [9, 0, 11.60353],
			"to": [15.5, 1.25, 12.89647],
			"rotation": {"angle": 0, "axis": "y", "origin": [12.25, 0.25, 12.25]},
			"faces": {
				"east": {"uv": [0, 0, 1.29293, 1.5], "texture": "#3"},
				"west": {"uv": [0, 0, 1.29293, 1.5], "texture": "#3"},
				"down": {"uv": [6.5, 1.29293, 0, 0], "texture": "#3", "cullface": "down"}
			}
		},
		{
			"name": "hexadecagon",
			"from": [9, 0, 11.60353],
			"to": [15.5, 1.25, 12.89647],
			"rotation": {"angle": 22.5, "axis": "y", "origin": [12.25, 0.25, 12.25]},
			"faces": {
				"east": {"uv": [0, 0, 1.29293, 1.5], "texture": "#3"},
				"west": {"uv": [0, 0, 1.29293, 1.5], "texture": "#3"},
				"down": {"uv": [6.5, 1.29293, 0, 0], "texture": "#3", "cullface": "down"}
			}
		},
		{
			"name": "hexadecagon",
			"from": [11.50408, 1.25, 8.5],
			"to": [12.99592, 1.75, 16],
			"rotation": {"angle": -45, "axis": "y", "origin": [12.25, 1.75, 12.25]},
			"faces": {
				"north": {"uv": [0, 0, 1.49184, 0.5], "texture": "#3"},
				"south": {"uv": [0, 0, 1.49184, 0.5], "texture": "#3"},
				"up": {"uv": [1.49184, 7.5, 0, 0], "texture": "#3"},
				"down": {"uv": [1.49184, 7.5, 0, 0], "texture": "#3"}
			}
		},
		{
			"name": "hexadecagon",
			"from": [11.50408, 1.25, 8.5],
			"to": [12.99592, 1.75, 16],
			"rotation": {"angle": -22.5, "axis": "y", "origin": [12.25, 1.75, 12.25]},
			"faces": {
				"north": {"uv": [0, 0, 1.49184, 0.5], "texture": "#3"},
				"south": {"uv": [0, 0, 1.49184, 0.5], "texture": "#3"},
				"up": {"uv": [1.49184, 7.5, 0, 0], "texture": "#3"},
				"down": {"uv": [1.49184, 7.5, 0, 0], "texture": "#3"}
			}
		},
		{
			"name": "hexadecagon",
			"from": [11.50408, 1.25, 8.5],
			"to": [12.99592, 1.75, 16],
			"rotation": {"angle": 0, "axis": "y", "origin": [12.25, 1.75, 12.25]},
			"faces": {
				"north": {"uv": [0, 0, 1.49184, 0.5], "texture": "#3"},
				"south": {"uv": [0, 0, 1.49184, 0.5], "texture": "#3"},
				"up": {"uv": [1.49184, 7.5, 0, 0], "texture": "#3"},
				"down": {"uv": [1.49184, 7.5, 0, 0], "texture": "#3"}
			}
		},
		{
			"name": "hexadecagon",
			"from": [11.50408, 1.25, 8.5],
			"to": [12.99592, 1.75, 16],
			"rotation": {"angle": 22.5, "axis": "y", "origin": [12.25, 1.75, 12.25]},
			"faces": {
				"north": {"uv": [0, 0, 1.49184, 0.5], "texture": "#3"},
				"south": {"uv": [0, 0, 1.49184, 0.5], "texture": "#3"},
				"up": {"uv": [1.49184, 7.5, 0, 0], "texture": "#3"},
				"down": {"uv": [1.49184, 7.5, 0, 0], "texture": "#3"}
			}
		},
		{
			"name": "hexadecagon",
			"from": [11.50408, 1.25, 8.5],
			"to": [12.99592, 1.75, 16],
			"rotation": {"angle": 45, "axis": "y", "origin": [12.25, 1.75, 12.25]},
			"faces": {
				"north": {"uv": [0, 0, 1.49184, 0.5], "texture": "#3"},
				"south": {"uv": [0, 0, 1.49184, 0.5], "texture": "#3"},
				"up": {"uv": [1.49184, 7.5, 0, 0], "texture": "#3"},
				"down": {"uv": [1.49184, 7.5, 0, 0], "texture": "#3"}
			}
		},
		{
			"name": "hexadecagon",
			"from": [8.5, 1.25, 11.50408],
			"to": [16, 1.75, 12.99592],
			"rotation": {"angle": -22.5, "axis": "y", "origin": [12.25, 1.75, 12.25]},
			"faces": {
				"east": {"uv": [0, 0, 1.49184, 0.5], "texture": "#3"},
				"west": {"uv": [0, 0, 1.49184, 0.5], "texture": "#3"},
				"up": {"uv": [7.5, 1.49184, 0, 0], "texture": "#3"},
				"down": {"uv": [7.5, 1.49184, 0, 0], "texture": "#3"}
			}
		},
		{
			"name": "hexadecagon",
			"from": [8.5, 1.25, 11.50408],
			"to": [16, 1.75, 12.99592],
			"rotation": {"angle": 0, "axis": "y", "origin": [12.25, 1.75, 12.25]},
			"faces": {
				"east": {"uv": [0, 0, 1.49184, 0.5], "texture": "#3"},
				"west": {"uv": [0, 0, 1.49184, 0.5], "texture": "#3"},
				"up": {"uv": [7.5, 1.49184, 0, 0], "texture": "#3"},
				"down": {"uv": [7.5, 1.49184, 0, 0], "texture": "#3"}
			}
		},
		{
			"name": "hexadecagon",
			"from": [8.5, 1.25, 11.50408],
			"to": [16, 1.75, 12.99592],
			"rotation": {"angle": 22.5, "axis": "y", "origin": [12.25, 1.75, 12.25]},
			"faces": {
				"east": {"uv": [0, 0, 1.49184, 0.5], "texture": "#3"},
				"west": {"uv": [0, 0, 1.49184, 0.5], "texture": "#3"},
				"up": {"uv": [7.5, 1.49184, 0, 0], "texture": "#3"},
				"down": {"uv": [7.5, 1.49184, 0, 0], "texture": "#3"}
			}
		},
		{
			"name": "hexadecagon",
			"from": [11.50408, 3.75, 15.5],
			"to": [12.99592, 12, 16],
			"rotation": {"angle": -45, "axis": "y", "origin": [12.25, 10.5, 12.25]},
			"faces": {
				"south": {"uv": [0, 0, 1.49184, 8.25], "texture": "#particle"},
				"up": {"uv": [1.49184, 0.5, 2.98369, 1], "texture": "#particle"},
				"down": {"uv": [1.49184, 0.5, 2.98369, 1], "texture": "#particle"}
			}
		},
		{
			"name": "hexadecagon",
			"from": [11.50408, 3.75, 15.5],
			"to": [12.99592, 12, 16],
			"rotation": {"angle": -22.5, "axis": "y", "origin": [12.25, 10.5, 12.25]},
			"faces": {
				"south": {"uv": [0, 0, 1.49184, 8.25], "texture": "#particle"},
				"up": {"uv": [1.49184, 0.5, 2.98369, 1], "texture": "#particle"},
				"down": {"uv": [1.49184, 0.5, 2.98369, 1], "texture": "#particle"}
			}
		},
		{
			"name": "hexadecagon",
			"from": [11.50408, 3.75, 15.5],
			"to": [12.99592, 12, 16],
			"rotation": {"angle": 0, "axis": "y", "origin": [12.25, 10.5, 12.25]},
			"faces": {
				"south": {"uv": [0, 0, 1.49184, 8.25], "texture": "#particle"},
				"up": {"uv": [1.49184, 0.5, 2.98369, 1], "texture": "#particle"},
				"down": {"uv": [1.49184, 0.5, 2.98369, 1], "texture": "#particle"}
			}
		},
		{
			"name": "hexadecagon",
			"from": [11.50408, 3.75, 15.5],
			"to": [12.99592, 12, 16],
			"rotation": {"angle": 22.5, "axis": "y", "origin": [12.25, 10.5, 12.25]},
			"faces": {
				"south": {"uv": [0, 0, 1.49184, 8.25], "texture": "#particle"},
				"up": {"uv": [1.49184, 0.5, 2.98369, 1], "texture": "#particle"},
				"down": {"uv": [1.49184, 0.5, 2.98369, 1], "texture": "#particle"}
			}
		},
		{
			"name": "hexadecagon",
			"from": [11.50408, 3.75, 15.5],
			"to": [12.99592, 12, 16],
			"rotation": {"angle": 45, "axis": "y", "origin": [12.25, 10.5, 12.25]},
			"faces": {
				"south": {"uv": [0, 0, 1.49184, 8.25], "texture": "#particle"},
				"up": {"uv": [1.49184, 0.5, 2.98369, 1], "texture": "#particle"},
				"down": {"uv": [1.49184, 0.5, 2.98369, 1], "texture": "#particle"}
			}
		},
		{
			"name": "hexadecagon",
			"from": [11.50408, 3.75, 8.5],
			"to": [12.99592, 12, 9],
			"rotation": {"angle": -45, "axis": "y", "origin": [12.25, 10.5, 12.25]},
			"faces": {
				"north": {"uv": [0, 0, 1.49184, 8.25], "texture": "#particle"},
				"up": {"uv": [1.49184, 0.5, 2.98369, 1], "texture": "#particle"},
				"down": {"uv": [1.49184, 0.5, 2.98369, 1], "texture": "#particle"}
			}
		},
		{
			"name": "hexadecagon",
			"from": [11.50408, 3.75, 8.5],
			"to": [12.99592, 12, 9],
			"rotation": {"angle": -22.5, "axis": "y", "origin": [12.25, 10.5, 12.25]},
			"faces": {
				"north": {"uv": [0, 0, 1.49184, 8.25], "texture": "#particle"},
				"up": {"uv": [1.49184, 0.5, 2.98369, 1], "texture": "#particle"},
				"down": {"uv": [1.49184, 0.5, 2.98369, 1], "texture": "#particle"}
			}
		},
		{
			"name": "hexadecagon",
			"from": [11.50408, 3.75, 8.5],
			"to": [12.99592, 12, 9],
			"rotation": {"angle": 0, "axis": "y", "origin": [12.25, 10.5, 12.25]},
			"faces": {
				"north": {"uv": [0, 0, 1.49184, 8.25], "texture": "#particle"},
				"up": {"uv": [1.49184, 0.5, 2.98369, 1], "texture": "#particle"},
				"down": {"uv": [1.49184, 0.5, 2.98369, 1], "texture": "#particle"}
			}
		},
		{
			"name": "hexadecagon",
			"from": [11.50408, 3.75, 8.5],
			"to": [12.99592, 12, 9],
			"rotation": {"angle": 22.5, "axis": "y", "origin": [12.25, 10.5, 12.25]},
			"faces": {
				"north": {"uv": [0, 0, 1.49184, 8.25], "texture": "#particle"},
				"up": {"uv": [1.49184, 0.5, 2.98369, 1], "texture": "#particle"},
				"down": {"uv": [1.49184, 0.5, 2.98369, 1], "texture": "#particle"}
			}
		},
		{
			"name": "hexadecagon",
			"from": [11.50408, 3.75, 8.5],
			"to": [12.99592, 12, 9],
			"rotation": {"angle": 45, "axis": "y", "origin": [12.25, 10.5, 12.25]},
			"faces": {
				"north": {"uv": [0, 0, 1.49184, 8.25], "texture": "#particle"},
				"up": {"uv": [1.49184, 0.5, 2.98369, 1], "texture": "#particle"},
				"down": {"uv": [1.49184, 0.5, 2.98369, 1], "texture": "#particle"}
			}
		},
		{
			"name": "hexadecagon",
			"from": [15.5, 3.75, 11.50408],
			"to": [16, 12, 12.99592],
			"rotation": {"angle": -22.5, "axis": "y", "origin": [12.25, 10.5, 12.25]},
			"faces": {
				"east": {"uv": [0, 0, 1.49184, 8.25], "texture": "#particle"},
				"up": {"uv": [0.5, 1.49184, 1, 2.98369], "texture": "#particle"},
				"down": {"uv": [0.5, 1.49184, 1, 2.98369], "texture": "#particle"}
			}
		},
		{
			"name": "hexadecagon",
			"from": [15.5, 3.75, 11.50408],
			"to": [16, 12, 12.99592],
			"rotation": {"angle": 0, "axis": "y", "origin": [12.25, 10.5, 12.25]},
			"faces": {
				"east": {"uv": [0, 0, 1.49184, 8.25], "texture": "#particle"},
				"up": {"uv": [0.5, 1.49184, 1, 2.98369], "texture": "#particle"},
				"down": {"uv": [0.5, 1.49184, 1, 2.98369], "texture": "#particle"}
			}
		},
		{
			"name": "hexadecagon",
			"from": [15.5, 3.75, 11.50408],
			"to": [16, 12, 12.99592],
			"rotation": {"angle": 22.5, "axis": "y", "origin": [12.25, 10.5, 12.25]},
			"faces": {
				"east": {"uv": [0, 0, 1.49184, 8.25], "texture": "#particle"},
				"up": {"uv": [0.5, 1.49184, 1, 2.98369], "texture": "#particle"},
				"down": {"uv": [0.5, 1.49184, 1, 2.98369], "texture": "#particle"}
			}
		},
		{
			"name": "hexadecagon",
			"from": [8.5, 3.75, 11.50408],
			"to": [9, 12, 12.99592],
			"rotation": {"angle": -22.5, "axis": "y", "origin": [12.25, 10.5, 12.25]},
			"faces": {
				"west": {"uv": [0, 0, 1.49184, 8.25], "texture": "#particle"},
				"up": {"uv": [0.5, 1.49184, 1, 2.98369], "texture": "#particle"},
				"down": {"uv": [0.5, 1.49184, 1, 2.98369], "texture": "#particle"}
			}
		},
		{
			"name": "hexadecagon",
			"from": [8.5, 3.75, 11.50408],
			"to": [9, 12, 12.99592],
			"rotation": {"angle": 0, "axis": "y", "origin": [12.25, 10.5, 12.25]},
			"faces": {
				"west": {"uv": [0, 0, 1.49184, 8.25], "texture": "#particle"},
				"up": {"uv": [0.5, 1.49184, 1, 2.98369], "texture": "#particle"},
				"down": {"uv": [0.5, 1.49184, 1, 2.98369], "texture": "#particle"}
			}
		},
		{
			"name": "hexadecagon",
			"from": [8.5, 3.75, 11.50408],
			"to": [9, 12, 12.99592],
			"rotation": {"angle": 22.5, "axis": "y", "origin": [12.25, 10.5, 12.25]},
			"faces": {
				"west": {"uv": [0, 0, 1.49184, 8.25], "texture": "#particle"},
				"up": {"uv": [0.5, 1.49184, 1, 2.98369], "texture": "#particle"},
				"down": {"uv": [0.5, 1.49184, 1, 2.98369], "texture": "#particle"}
			}
		},
		{
			"name": "hexadecagon",
			"from": [11.75272, 11.25, 14],
			"to": [12.74728, 13.25, 14.75],
			"rotation": {"angle": -45, "axis": "y", "origin": [12.25, 12.75, 12.25]},
			"faces": {
				"south": {"uv": [0, 0, 0.99456, 2], "texture": "#particle"}
			}
		},
		{
			"name": "hexadecagon",
			"from": [11.75272, 11.25, 14],
			"to": [12.74728, 13.25, 14.75],
			"rotation": {"angle": -22.5, "axis": "y", "origin": [12.25, 12.75, 12.25]},
			"faces": {
				"south": {"uv": [0, 0, 0.99456, 2], "texture": "#particle"}
			}
		},
		{
			"name": "hexadecagon",
			"from": [11.75272, 11.25, 14],
			"to": [12.74728, 13.25, 14.75],
			"rotation": {"angle": 0, "axis": "y", "origin": [12.25, 12.75, 12.25]},
			"faces": {
				"south": {"uv": [0, 0, 0.99456, 2], "texture": "#particle"}
			}
		},
		{
			"name": "hexadecagon",
			"from": [11.75272, 11.25, 14],
			"to": [12.74728, 13.25, 14.75],
			"rotation": {"angle": 22.5, "axis": "y", "origin": [12.25, 12.75, 12.25]},
			"faces": {
				"south": {"uv": [0, 0, 0.99456, 2], "texture": "#particle"}
			}
		},
		{
			"name": "hexadecagon",
			"from": [11.75272, 11.25, 14],
			"to": [12.74728, 13.25, 14.75],
			"rotation": {"angle": 45, "axis": "y", "origin": [12.25, 12.75, 12.25]},
			"faces": {
				"south": {"uv": [0, 0, 0.99456, 2], "texture": "#particle"}
			}
		},
		{
			"name": "hexadecagon",
			"from": [11.75272, 11.25, 9.75],
			"to": [12.74728, 13.25, 10.5],
			"rotation": {"angle": -45, "axis": "y", "origin": [12.25, 12.75, 12.25]},
			"faces": {
				"north": {"uv": [0, 0, 0.99456, 2], "texture": "#particle"}
			}
		},
		{
			"name": "hexadecagon",
			"from": [11.75272, 11.25, 9.75],
			"to": [12.74728, 13.25, 10.5],
			"rotation": {"angle": -22.5, "axis": "y", "origin": [12.25, 12.75, 12.25]},
			"faces": {
				"north": {"uv": [0, 0, 0.99456, 2], "texture": "#particle"}
			}
		},
		{
			"name": "hexadecagon",
			"from": [11.75272, 11.25, 9.75],
			"to": [12.74728, 13.25, 10.5],
			"rotation": {"angle": 0, "axis": "y", "origin": [12.25, 12.75, 12.25]},
			"faces": {
				"north": {"uv": [0, 0, 0.99456, 2], "texture": "#particle"}
			}
		},
		{
			"name": "hexadecagon",
			"from": [11.75272, 11.25, 9.75],
			"to": [12.74728, 13.25, 10.5],
			"rotation": {"angle": 22.5, "axis": "y", "origin": [12.25, 12.75, 12.25]},
			"faces": {
				"north": {"uv": [0, 0, 0.99456, 2], "texture": "#particle"}
			}
		},
		{
			"name": "hexadecagon",
			"from": [11.75272, 11.25, 9.75],
			"to": [12.74728, 13.25, 10.5],
			"rotation": {"angle": 45, "axis": "y", "origin": [12.25, 12.75, 12.25]},
			"faces": {
				"north": {"uv": [0, 0, 0.99456, 2], "texture": "#particle"}
			}
		},
		{
			"name": "hexadecagon",
			"from": [14, 11.25, 11.75272],
			"to": [14.75, 13.25, 12.74728],
			"rotation": {"angle": -22.5, "axis": "y", "origin": [12.25, 12.75, 12.25]},
			"faces": {
				"east": {"uv": [0, 0, 0.99456, 2], "texture": "#particle"}
			}
		},
		{
			"name": "hexadecagon",
			"from": [14, 11.25, 11.75272],
			"to": [14.75, 13.25, 12.74728],
			"rotation": {"angle": 0, "axis": "y", "origin": [12.25, 12.75, 12.25]},
			"faces": {
				"east": {"uv": [0, 0, 0.99456, 2], "texture": "#particle"}
			}
		},
		{
			"name": "hexadecagon",
			"from": [14, 11.25, 11.75272],
			"to": [14.75, 13.25, 12.74728],
			"rotation": {"angle": 22.5, "axis": "y", "origin": [12.25, 12.75, 12.25]},
			"faces": {
				"east": {"uv": [0, 0, 0.99456, 2], "texture": "#particle"}
			}
		},
		{
			"name": "hexadecagon",
			"from": [9.75, 11.25, 11.75272],
			"to": [10.5, 13.25, 12.74728],
			"rotation": {"angle": -22.5, "axis": "y", "origin": [12.25, 12.75, 12.25]},
			"faces": {
				"west": {"uv": [0, 0, 0.99456, 2], "texture": "#particle"}
			}
		},
		{
			"name": "hexadecagon",
			"from": [9.75, 11.25, 11.75272],
			"to": [10.5, 13.25, 12.74728],
			"rotation": {"angle": 0, "axis": "y", "origin": [12.25, 12.75, 12.25]},
			"faces": {
				"west": {"uv": [0, 0, 0.99456, 2], "texture": "#particle"}
			}
		},
		{
			"name": "hexadecagon",
			"from": [9.75, 11.25, 11.75272],
			"to": [10.5, 13.25, 12.74728],
			"rotation": {"angle": 22.5, "axis": "y", "origin": [12.25, 12.75, 12.25]},
			"faces": {
				"west": {"uv": [0, 0, 0.99456, 2], "texture": "#particle"}
			}
		},
		{
			"name": "hexadecagon",
			"from": [11.60353, 2.5, 14.75],
			"to": [12.89647, 12, 15.5],
			"rotation": {"angle": 0, "axis": "y", "origin": [12.25, 7.25, 12.25]},
			"faces": {
				"south": {"uv": [0, 0, 1.29293, 9.5], "texture": "#particle"},
				"up": {"uv": [1.29293, 0.75, 2.58586, 1.5], "texture": "#particle"},
				"down": {"uv": [1.29293, 0.75, 2.58586, 1.5], "texture": "#particle"}
			}
		},
		{
			"name": "hexadecagon",
			"from": [11.60353, 2.5, 9],
			"to": [12.89647, 12, 9.75],
			"rotation": {"angle": 0, "axis": "y", "origin": [12.25, 7.25, 12.25]},
			"faces": {
				"north": {"uv": [0, 0, 1.29293, 9.5], "texture": "#particle"},
				"up": {"uv": [1.29293, 0.75, 2.58586, 1.5], "texture": "#particle"},
				"down": {"uv": [1.29293, 0.75, 2.58586, 1.5], "texture": "#particle"}
			}
		},
		{
			"name": "hexadecagon",
			"from": [11.60353, 2.5, 9],
			"to": [12.89647, 12, 9.75],
			"rotation": {"angle": 22.5, "axis": "y", "origin": [12.25, 7.25, 12.25]},
			"faces": {
				"north": {"uv": [0, 0, 1.29293, 9.5], "texture": "#particle"},
				"up": {"uv": [1.29293, 0.75, 2.58586, 1.5], "texture": "#particle"},
				"down": {"uv": [1.29293, 0.75, 2.58586, 1.5], "texture": "#particle"}
			}
		},
		{
			"name": "hexadecagon",
			"from": [11.60353, 2.5, 14.75],
			"to": [12.89647, 12, 15.5],
			"rotation": {"angle": 22.5, "axis": "y", "origin": [12.25, 7.25, 12.25]},
			"faces": {
				"south": {"uv": [0, 0, 1.29293, 9.5], "texture": "#particle"},
				"up": {"uv": [1.29293, 0.75, 2.58586, 1.5], "texture": "#particle"},
				"down": {"uv": [1.29293, 0.75, 2.58586, 1.5], "texture": "#particle"}
			}
		},
		{
			"name": "hexadecagon",
			"from": [11.60353, 2.5, 9],
			"to": [12.89647, 12, 9.75],
			"rotation": {"angle": 45, "axis": "y", "origin": [12.25, 7.25, 12.25]},
			"faces": {
				"north": {"uv": [0, 0, 1.29293, 9.5], "texture": "#particle"},
				"up": {"uv": [1.29293, 0.75, 2.58586, 1.5], "texture": "#particle"},
				"down": {"uv": [1.29293, 0.75, 2.58586, 1.5], "texture": "#particle"}
			}
		},
		{
			"name": "hexadecagon",
			"from": [11.60353, 2.5, 14.75],
			"to": [12.89647, 12, 15.5],
			"rotation": {"angle": 45, "axis": "y", "origin": [12.25, 7.25, 12.25]},
			"faces": {
				"south": {"uv": [0, 0, 1.29293, 9.5], "texture": "#particle"},
				"up": {"uv": [1.29293, 0.75, 2.58586, 1.5], "texture": "#particle"},
				"down": {"uv": [1.29293, 0.75, 2.58586, 1.5], "texture": "#particle"}
			}
		},
		{
			"name": "hexadecagon",
			"from": [9, 2.5, 11.60353],
			"to": [9.75, 12, 12.89647],
			"rotation": {"angle": -22.5, "axis": "y", "origin": [12.25, 7.25, 12.25]},
			"faces": {
				"west": {"uv": [0, 0, 1.29293, 9.5], "texture": "#particle"},
				"up": {"uv": [1.29293, 0.75, 2.58586, 1.5], "rotation": 270, "texture": "#particle"},
				"down": {"uv": [1.29293, 0.75, 2.58586, 1.5], "rotation": 90, "texture": "#particle"}
			}
		},
		{
			"name": "hexadecagon",
			"from": [14.75, 2.5, 11.60353],
			"to": [15.5, 12, 12.89647],
			"rotation": {"angle": -22.5, "axis": "y", "origin": [12.25, 7.25, 12.25]},
			"faces": {
				"east": {"uv": [0, 0, 1.29293, 9.5], "texture": "#particle"},
				"up": {"uv": [1.29293, 0.75, 2.58586, 1.5], "rotation": 270, "texture": "#particle"},
				"down": {"uv": [1.29293, 0.75, 2.58586, 1.5], "rotation": 90, "texture": "#particle"}
			}
		},
		{
			"name": "hexadecagon",
			"from": [9, 2.5, 11.60353],
			"to": [9.75, 12, 12.89647],
			"rotation": {"angle": 0, "axis": "y", "origin": [12.25, 7.25, 12.25]},
			"faces": {
				"west": {"uv": [0, 0, 1.29293, 9.5], "texture": "#particle"},
				"up": {"uv": [1.29293, 0.75, 2.58586, 1.5], "rotation": 270, "texture": "#particle"},
				"down": {"uv": [1.29293, 0.75, 2.58586, 1.5], "rotation": 90, "texture": "#particle"}
			}
		},
		{
			"name": "hexadecagon",
			"from": [14.75, 2.5, 11.60353],
			"to": [15.5, 12, 12.89647],
			"rotation": {"angle": 0, "axis": "y", "origin": [12.25, 7.25, 12.25]},
			"faces": {
				"east": {"uv": [0, 0, 1.29293, 9.5], "texture": "#particle"},
				"up": {"uv": [1.29293, 0.75, 2.58586, 1.5], "rotation": 270, "texture": "#particle"},
				"down": {"uv": [1.29293, 0.75, 2.58586, 1.5], "rotation": 90, "texture": "#particle"}
			}
		},
		{
			"name": "hexadecagon",
			"from": [9, 2.5, 11.60353],
			"to": [9.75, 12, 12.89647],
			"rotation": {"angle": 22.5, "axis": "y", "origin": [12.25, 7.25, 12.25]},
			"faces": {
				"west": {"uv": [0, 0, 1.29293, 9.5], "texture": "#particle"},
				"up": {"uv": [1.29293, 0.75, 2.58586, 1.5], "rotation": 270, "texture": "#particle"},
				"down": {"uv": [1.29293, 0.75, 2.58586, 1.5], "rotation": 90, "texture": "#particle"}
			}
		},
		{
			"name": "hexadecagon",
			"from": [14.75, 2.5, 11.60353],
			"to": [15.5, 12, 12.89647],
			"rotation": {"angle": 22.5, "axis": "y", "origin": [12.25, 7.25, 12.25]},
			"faces": {
				"east": {"uv": [0, 0, 1.29293, 9.5], "texture": "#particle"},
				"up": {"uv": [1.29293, 0.75, 2.58586, 1.5], "rotation": 270, "texture": "#particle"},
				"down": {"uv": [1.29293, 0.75, 2.58586, 1.5], "rotation": 90, "texture": "#particle"}
			}
		},
		{
			"name": "hexadecagon",
			"from": [9, 2.5, 11.60353],
			"to": [9.75, 12, 12.89647],
			"rotation": {"angle": 45, "axis": "y", "origin": [12.25, 7.25, 12.25]},
			"faces": {
				"west": {"uv": [0, 0, 1.29293, 9.5], "texture": "#particle"},
				"up": {"uv": [1.29293, 0.75, 2.58586, 1.5], "rotation": 270, "texture": "#particle"},
				"down": {"uv": [1.29293, 0.75, 2.58586, 1.5], "rotation": 90, "texture": "#particle"}
			}
		},
		{
			"name": "hexadecagon",
			"from": [14.75, 2.5, 11.60353],
			"to": [15.5, 12, 12.89647],
			"rotation": {"angle": 45, "axis": "y", "origin": [12.25, 7.25, 12.25]},
			"faces": {
				"east": {"uv": [0, 0, 1.29293, 9.5], "texture": "#particle"},
				"up": {"uv": [1.29293, 0.75, 2.58586, 1.5], "rotation": 270, "texture": "#particle"},
				"down": {"uv": [1.29293, 0.75, 2.58586, 1.5], "rotation": 90, "texture": "#particle"}
			}
		},
		{
			"name": "hexadecagon",
			"from": [11.60353, 2.5, 14.75],
			"to": [12.89647, 12, 15.5],
			"rotation": {"angle": -22.5, "axis": "y", "origin": [12.25, 7.25, 12.25]},
			"faces": {
				"south": {"uv": [0, 0, 1.29293, 9.5], "texture": "#particle"},
				"up": {"uv": [1.29293, 0.75, 2.58586, 1.5], "rotation": 180, "texture": "#particle"},
				"down": {"uv": [1.29293, 0.75, 2.58586, 1.5], "rotation": 180, "texture": "#particle"}
			}
		},
		{
			"name": "hexadecagon",
			"from": [11.60353, 2.5, 9],
			"to": [12.89647, 12, 9.75],
			"rotation": {"angle": -22.5, "axis": "y", "origin": [12.25, 7.25, 12.25]},
			"faces": {
				"north": {"uv": [0, 0, 1.29293, 9.5], "texture": "#particle"},
				"up": {"uv": [1.29293, 0.75, 2.58586, 1.5], "rotation": 180, "texture": "#particle"},
				"down": {"uv": [1.29293, 0.75, 2.58586, 1.5], "rotation": 180, "texture": "#particle"}
			}
		}
	],
	"display": {
		"thirdperson_righthand": {
			"rotation": [75, 45, 0],
			"translation": [0, 2.5, 0],
			"scale": [0.375, 0.375, 0.375]
		},
		"thirdperson_lefthand": {
			"rotation": [75, 45, 0],
			"translation": [0, 2.5, 0],
			"scale": [0.375, 0.375, 0.375]
		},
		"firstperson_righthand": {
			"translation": [0, 2, 0],
			"scale": [0.4, 0.4, 0.4]
		},
		"firstperson_lefthand": {
			"rotation": [0, 90, 0],
			"translation": [0, 2, 0],
			"scale": [0.4, 0.4, 0.4]
		},
		"ground": {
			"translation": [0, 3, 0],
			"scale": [0.25, 0.25, 0.25]
		},
		"gui": {
			"rotation": [30, 225, 0],
			"scale": [0.625, 0.625, 0.625]
		},
		"fixed": {
			"rotation": [0, 45, 0],
			"translation": [0, 0, -2],
			"scale": [0.5, 0.5, 0.5]
		}
	},
	"groups": [
		{
			"name": "Cane",
			"origin": [8, 8, 8],
			"color": 0,
			"children": [
				{
					"name": "little_nob",
					"origin": [8, 8, 8],
					"color": 0,
					"children": [
						{
							"name": "Little Nob",
							"origin": [8, 8, 8],
							"color": 0,
							"children": [
								{
									"name": "hexadecagon",
									"origin": [8, 8, 8],
									"color": 0,
									"children": [0, 1, 2, 3, 4, 5, 6, 7]
								},
								{
									"name": "hexadecagon",
									"origin": [8, 8, 8],
									"color": 0,
									"children": [8, 9, 10, 11, 12, 13, 14, 15]
								},
								{
									"name": "hexadecagon",
									"origin": [8, 8, 8],
									"color": 0,
									"children": [16, 17, 18, 19, 20, 21, 22, 23]
								}
							]
						}
					]
				},
				{
					"name": "little_nob",
					"origin": [8, 8, 8],
					"color": 0,
					"children": [
						{
							"name": "Little Nob",
							"origin": [8, 8, 8],
							"color": 0,
							"children": [
								{
									"name": "hexadecagon",
									"origin": [8, 8, 8],
									"color": 0,
									"children": [24, 25, 26, 27, 28, 29, 30, 31]
								},
								{
									"name": "hexadecagon",
									"origin": [8, 8, 8],
									"color": 0,
									"children": [32, 33, 34, 35, 36, 37, 38, 39]
								},
								{
									"name": "hexadecagon",
									"origin": [8, 8, 8],
									"color": 0,
									"children": [40, 41, 42, 43, 44, 45, 46, 47]
								}
							]
						}
					]
				},
				{
					"name": "Big Nob",
					"origin": [8, 8, 8],
					"color": 0,
					"children": [
						{
							"name": "hexadecagon",
							"origin": [8, 8, 8],
							"color": 0,
							"children": [48, 49, 50, 51, 52, 53, 54, 55, 56, 57, 58, 59, 60, 61, 62, 63]
						},
						{
							"name": "hexadecagon",
							"origin": [8, 8, 8],
							"color": 0,
							"children": [64, 65, 66, 67, 68, 69, 70, 71, 72, 73, 74, 75, 76, 77, 78, 79]
						},
						{
							"name": "hexadecagon",
							"origin": [8, 8, 8],
							"color": 0,
							"children": [80, 81, 82, 83, 84, 85, 86, 87, 88, 89, 90, 91, 92, 93, 94, 95]
						}
					]
				}
			]
		},
		{
			"name": "Cane",
			"origin": [8, 8, 8],
			"color": 0,
			"children": [
				{
					"name": "little_nob",
					"origin": [8, 8, 8],
					"color": 0,
					"children": [
						{
							"name": "Little Nob",
							"origin": [8, 8, 8],
							"color": 0,
							"children": [
								{
									"name": "hexadecagon",
									"origin": [8, 8, 8],
									"color": 0,
									"children": [96, 97, 98, 99, 100, 101, 102, 103]
								},
								{
									"name": "hexadecagon",
									"origin": [8, 8, 8],
									"color": 0,
									"children": [104, 105, 106, 107, 108, 109, 110, 111]
								},
								{
									"name": "hexadecagon",
									"origin": [8, 8, 8],
									"color": 0,
									"children": [112, 113, 114, 115, 116, 117, 118, 119]
								}
							]
						}
					]
				},
				{
					"name": "little_nob",
					"origin": [8, 8, 8],
					"color": 0,
					"children": [
						{
							"name": "Little Nob",
							"origin": [8, 8, 8],
							"color": 0,
							"children": [
								{
									"name": "hexadecagon",
									"origin": [8, 8, 8],
									"color": 0,
									"children": [120, 121, 122, 123, 124, 125, 126, 127]
								},
								{
									"name": "hexadecagon",
									"origin": [8, 8, 8],
									"color": 0,
									"children": [128, 129, 130, 131, 132, 133, 134, 135]
								},
								{
									"name": "hexadecagon",
									"origin": [8, 8, 8],
									"color": 0,
									"children": [136, 137, 138, 139, 140, 141, 142, 143]
								}
							]
						}
					]
				},
				{
					"name": "Big Nob",
					"origin": [8, 8, 8],
					"color": 0,
					"children": [
						{
							"name": "hexadecagon",
							"origin": [8, 8, 8],
							"color": 0,
							"children": [144, 145, 146, 147, 148, 149, 150, 151, 152, 153, 154, 155, 156, 157, 158, 159]
						},
						{
							"name": "hexadecagon",
							"origin": [8, 8, 8],
							"color": 0,
							"children": [160, 161, 162, 163, 164, 165, 166, 167, 168, 169, 170, 171, 172, 173, 174, 175]
						},
						{
							"name": "hexadecagon",
							"origin": [8, 8, 8],
							"color": 0,
							"children": [176, 177, 178, 179, 180, 181, 182, 183, 184, 185, 186, 187, 188, 189, 190, 191]
						}
					]
				}
			]
		}
	]
}