{
	"credit": "AlexTestria | https://alex-bauerndistel.de",
	"textures": {
		"2": "brickcraft/material/plastics/shader_support/plastic03",
		"3": "brickcraft/material/plastics/shader_support/plastic04",
		"particle": "brickcraft/material/plastics/shader_support/plastic04"
	},
	"elements": [
		{
			"from": [4.95933, 20.05238, 7.5],
			"to": [5.95933, 28.05238, 8.5],
			"rotation": {"angle": 22.5, "axis": "z", "origin": [8, 23, 8]},
			"faces": {
				"north": {"uv": [0, 0, 1, 8], "texture": "#3"},
				"east": {"uv": [0, 0, 1, 8], "texture": "#3"},
				"south": {"uv": [0, 0, 1, 8], "texture": "#3"},
				"west": {"uv": [0, 0, 1, 8], "texture": "#3"},
				"up": {"uv": [0, 0, 1, 1], "texture": "#3"}
			}
		},
		{
			"from": [7.5, 20.05238, 4.95933],
			"to": [8.5, 28.05238, 5.95933],
			"rotation": {"angle": -22.5, "axis": "x", "origin": [8, 23, 8]},
			"faces": {
				"north": {"uv": [0, 0, 1, 8], "texture": "#3"},
				"east": {"uv": [0, 0, 1, 8], "texture": "#3"},
				"south": {"uv": [0, 0, 1, 8], "texture": "#3"},
				"west": {"uv": [0, 0, 1, 8], "texture": "#3"},
				"up": {"uv": [0, 0, 1, 1], "texture": "#3"}
			}
		},
		{
			"from": [10.04067, 20.05238, 7.5],
			"to": [11.04067, 28.05238, 8.5],
			"rotation": {"angle": -22.5, "axis": "z", "origin": [8, 23, 8]},
			"faces": {
				"north": {"uv": [0, 0, 1, 8], "texture": "#3"},
				"east": {"uv": [0, 0, 1, 8], "texture": "#3"},
				"south": {"uv": [0, 0, 1, 8], "texture": "#3"},
				"west": {"uv": [0, 0, 1, 8], "texture": "#3"},
				"up": {"uv": [0, 0, 1, 1], "texture": "#3"}
			}
		},
		{
			"from": [7.5, 20.05238, 10.04067],
			"to": [8.5, 28.05238, 11.04067],
			"rotation": {"angle": 22.5, "axis": "x", "origin": [8, 23, 8]},
			"faces": {
				"north": {"uv": [0, 0, 1, 8], "texture": "#3"},
				"east": {"uv": [0, 0, 1, 8], "texture": "#3"},
				"south": {"uv": [0, 0, 1, 8], "texture": "#3"},
				"west": {"uv": [0, 0, 1, 8], "texture": "#3"},
				"up": {"uv": [0, 0, 1, 1], "texture": "#3"}
			}
		},
		{
			"name": "hexadecagon",
			"from": [7.50272, 2.25, 5.5],
			"to": [8.49728, 5, 10.5],
			"rotation": {"angle": 45, "axis": "y", "origin": [8, 2.75, 8]},
			"faces": {
				"north": {"uv": [0, 0, 0.99456, 2.75], "texture": "#3"},
				"south": {"uv": [0, 0, 0.99456, 2.75], "texture": "#3"},
				"up": {"uv": [0, 0, 0.99456, 5], "texture": "#3"},
				"down": {"uv": [0, 0, 0.99456, 5], "texture": "#3"}
			}
		},
		{
			"name": "hexadecagon",
			"from": [7.50272, 2.25, 5.5],
			"to": [8.49728, 5, 10.5],
			"rotation": {"angle": 22.5, "axis": "y", "origin": [8, 2.75, 8]},
			"faces": {
				"north": {"uv": [0, 0, 0.99456, 2.75], "texture": "#3"},
				"south": {"uv": [0, 0, 0.99456, 2.75], "texture": "#3"},
				"up": {"uv": [0, 0, 0.99456, 5], "texture": "#3"},
				"down": {"uv": [0, 0, 0.99456, 5], "texture": "#3"}
			}
		},
		{
			"name": "hexadecagon",
			"from": [7.50272, 2.25, 5.5],
			"to": [8.49728, 5, 10.5],
			"rotation": {"angle": 0, "axis": "y", "origin": [8, 2.75, 8]},
			"faces": {
				"north": {"uv": [0, 0, 0.99456, 2.75], "texture": "#3"},
				"south": {"uv": [0, 0, 0.99456, 2.75], "texture": "#3"},
				"up": {"uv": [0, 0, 0.99456, 5], "texture": "#3"},
				"down": {"uv": [0, 0, 0.99456, 5], "texture": "#3"}
			}
		},
		{
			"name": "hexadecagon",
			"from": [7.50272, 2.25, 5.5],
			"to": [8.49728, 5, 10.5],
			"rotation": {"angle": -22.5, "axis": "y", "origin": [8, 2.75, 8]},
			"faces": {
				"north": {"uv": [0, 0, 0.99456, 2.75], "texture": "#3"},
				"south": {"uv": [0, 0, 0.99456, 2.75], "texture": "#3"},
				"up": {"uv": [0, 0, 0.99456, 5], "texture": "#3"},
				"down": {"uv": [0, 0, 0.99456, 5], "texture": "#3"}
			}
		},
		{
			"name": "hexadecagon",
			"from": [7.50272, 2.25, 5.5],
			"to": [8.49728, 5, 10.5],
			"rotation": {"angle": -45, "axis": "y", "origin": [8, 2.75, 8]},
			"faces": {
				"north": {"uv": [0, 0, 0.99456, 2.75], "texture": "#3"},
				"south": {"uv": [0, 0, 0.99456, 2.75], "texture": "#3"},
				"up": {"uv": [0, 0, 0.99456, 5], "texture": "#3"},
				"down": {"uv": [0, 0, 0.99456, 5], "texture": "#3"}
			}
		},
		{
			"name": "hexadecagon",
			"from": [5.5, 2.25, 7.50272],
			"to": [10.5, 5, 8.49728],
			"rotation": {"angle": 22.5, "axis": "y", "origin": [8, 2.75, 8]},
			"faces": {
				"east": {"uv": [0, 0, 0.99456, 2.75], "texture": "#3"},
				"west": {"uv": [0, 0, 0.99456, 2.75], "texture": "#3"},
				"up": {"uv": [0, 0, 5, 0.99456], "texture": "#3"},
				"down": {"uv": [0, 0, 5, 0.99456], "texture": "#3"}
			}
		},
		{
			"name": "hexadecagon",
			"from": [5.5, 2.25, 7.50272],
			"to": [10.5, 5, 8.49728],
			"rotation": {"angle": 0, "axis": "y", "origin": [8, 2.75, 8]},
			"faces": {
				"east": {"uv": [0, 0, 0.99456, 2.75], "texture": "#3"},
				"west": {"uv": [0, 0, 0.99456, 2.75], "texture": "#3"},
				"up": {"uv": [0, 0, 5, 0.99456], "texture": "#3"},
				"down": {"uv": [0, 0, 5, 0.99456], "texture": "#3"}
			}
		},
		{
			"name": "hexadecagon",
			"from": [5.5, 2.25, 7.50272],
			"to": [10.5, 5, 8.49728],
			"rotation": {"angle": -22.5, "axis": "y", "origin": [8, 2.75, 8]},
			"faces": {
				"east": {"uv": [0, 0, 0.99456, 2.75], "texture": "#3"},
				"west": {"uv": [0, 0, 0.99456, 2.75], "texture": "#3"},
				"up": {"uv": [0, 0, 5, 0.99456], "texture": "#3"},
				"down": {"uv": [0, 0, 5, 0.99456], "texture": "#3"}
			}
		},
		{
			"from": [4.26642, 3.83939, 7.5],
			"to": [5.26642, 11.83939, 8.5],
			"rotation": {"angle": 22.5, "axis": "z", "origin": [8, 6.5, 8]},
			"faces": {
				"north": {"uv": [0, 0, 1, 8], "texture": "#3"},
				"east": {"uv": [0, 0, 1, 8], "texture": "#3"},
				"south": {"uv": [0, 0, 1, 8], "texture": "#3"},
				"west": {"uv": [0, 0, 1, 8], "texture": "#3"},
				"up": {"uv": [0, 0, 1, 1], "texture": "#3"}
			}
		},
		{
			"from": [7.5, 3.83939, 4.26642],
			"to": [8.5, 11.83939, 5.26642],
			"rotation": {"angle": -22.5, "axis": "x", "origin": [8, 6.5, 8]},
			"faces": {
				"north": {"uv": [0, 0, 1, 8], "texture": "#3"},
				"east": {"uv": [0, 0, 1, 8], "texture": "#3"},
				"south": {"uv": [0, 0, 1, 8], "texture": "#3"},
				"west": {"uv": [0, 0, 1, 8], "texture": "#3"},
				"up": {"uv": [0, 0, 1, 1], "texture": "#3"}
			}
		},
		{
			"from": [9.7568, 2.74999, 7.5],
			"to": [10.7568, 10.74999, 8.5],
			"rotation": {"angle": -22.5, "axis": "z", "origin": [10.25, 3.5, 8]},
			"faces": {
				"north": {"uv": [0, 0, 1, 8], "texture": "#3"},
				"east": {"uv": [0, 0, 1, 8], "texture": "#3"},
				"south": {"uv": [0, 0, 1, 8], "texture": "#3"},
				"west": {"uv": [0, 0, 1, 8], "texture": "#3"},
				"up": {"uv": [0, 0, 1, 1], "texture": "#3"}
			}
		},
		{
			"from": [7.5, 3.83939, 10.73358],
			"to": [8.5, 11.83939, 11.73358],
			"rotation": {"angle": 22.5, "axis": "x", "origin": [8, 6.5, 8]},
			"faces": {
				"north": {"uv": [0, 0, 1, 8], "texture": "#3"},
				"east": {"uv": [0, 0, 1, 8], "texture": "#3"},
				"south": {"uv": [0, 0, 1, 8], "texture": "#3"},
				"west": {"uv": [0, 0, 1, 8], "texture": "#3"},
				"up": {"uv": [0, 0, 1, 1], "texture": "#3"}
			}
		},
		{
			"name": "hexadecagon",
			"from": [7.50272, 6.25, 5.5],
			"to": [8.49728, 9, 10.5],
			"rotation": {"angle": 45, "axis": "y", "origin": [8, 6.75, 8]},
			"faces": {
				"north": {"uv": [0, 0, 0.99456, 2.75], "texture": "#3"},
				"south": {"uv": [0, 0, 0.99456, 2.75], "texture": "#3"},
				"up": {"uv": [0, 0, 0.99456, 5], "texture": "#3"},
				"down": {"uv": [0, 0, 0.99456, 5], "texture": "#3"}
			}
		},
		{
			"name": "hexadecagon",
			"from": [7.50272, 6.25, 5.5],
			"to": [8.49728, 9, 10.5],
			"rotation": {"angle": 22.5, "axis": "y", "origin": [8, 6.75, 8]},
			"faces": {
				"north": {"uv": [0, 0, 0.99456, 2.75], "texture": "#3"},
				"south": {"uv": [0, 0, 0.99456, 2.75], "texture": "#3"},
				"up": {"uv": [0, 0, 0.99456, 5], "texture": "#3"},
				"down": {"uv": [0, 0, 0.99456, 5], "texture": "#3"}
			}
		},
		{
			"name": "hexadecagon",
			"from": [7.50272, 6.25, 5.5],
			"to": [8.49728, 9, 10.5],
			"rotation": {"angle": 0, "axis": "y", "origin": [8, 6.75, 8]},
			"faces": {
				"north": {"uv": [0, 0, 0.99456, 2.75], "texture": "#3"},
				"south": {"uv": [0, 0, 0.99456, 2.75], "texture": "#3"},
				"up": {"uv": [0, 0, 0.99456, 5], "texture": "#3"},
				"down": {"uv": [0, 0, 0.99456, 5], "texture": "#3"}
			}
		},
		{
			"name": "hexadecagon",
			"from": [7.50272, 6.25, 5.5],
			"to": [8.49728, 9, 10.5],
			"rotation": {"angle": -22.5, "axis": "y", "origin": [8, 6.75, 8]},
			"faces": {
				"north": {"uv": [0, 0, 0.99456, 2.75], "texture": "#3"},
				"south": {"uv": [0, 0, 0.99456, 2.75], "texture": "#3"},
				"up": {"uv": [0, 0, 0.99456, 5], "texture": "#3"},
				"down": {"uv": [0, 0, 0.99456, 5], "texture": "#3"}
			}
		},
		{
			"name": "hexadecagon",
			"from": [7.50272, 6.25, 5.5],
			"to": [8.49728, 9, 10.5],
			"rotation": {"angle": -45, "axis": "y", "origin": [8, 6.75, 8]},
			"faces": {
				"north": {"uv": [0, 0, 0.99456, 2.75], "texture": "#3"},
				"south": {"uv": [0, 0, 0.99456, 2.75], "texture": "#3"},
				"up": {"uv": [0, 0, 0.99456, 5], "texture": "#3"},
				"down": {"uv": [0, 0, 0.99456, 5], "texture": "#3"}
			}
		},
		{
			"name": "hexadecagon",
			"from": [5.5, 6.25, 7.50272],
			"to": [10.5, 9, 8.49728],
			"rotation": {"angle": 22.5, "axis": "y", "origin": [8, 6.75, 8]},
			"faces": {
				"east": {"uv": [0, 0, 0.99456, 2.75], "texture": "#3"},
				"west": {"uv": [0, 0, 0.99456, 2.75], "texture": "#3"},
				"up": {"uv": [0, 0, 5, 0.99456], "texture": "#3"},
				"down": {"uv": [0, 0, 5, 0.99456], "texture": "#3"}
			}
		},
		{
			"name": "hexadecagon",
			"from": [5.5, 6.25, 7.50272],
			"to": [10.5, 9, 8.49728],
			"rotation": {"angle": 0, "axis": "y", "origin": [8, 6.75, 8]},
			"faces": {
				"east": {"uv": [0, 0, 0.99456, 2.75], "texture": "#3"},
				"west": {"uv": [0, 0, 0.99456, 2.75], "texture": "#3"},
				"up": {"uv": [0, 0, 5, 0.99456], "texture": "#3"},
				"down": {"uv": [0, 0, 5, 0.99456], "texture": "#3"}
			}
		},
		{
			"name": "hexadecagon",
			"from": [5.5, 6.25, 7.50272],
			"to": [10.5, 9, 8.49728],
			"rotation": {"angle": -22.5, "axis": "y", "origin": [8, 6.75, 8]},
			"faces": {
				"east": {"uv": [0, 0, 0.99456, 2.75], "texture": "#3"},
				"west": {"uv": [0, 0, 0.99456, 2.75], "texture": "#3"},
				"up": {"uv": [0, 0, 5, 0.99456], "texture": "#3"},
				"down": {"uv": [0, 0, 5, 0.99456], "texture": "#3"}
			}
		},
		{
			"from": [4.26642, 7.83939, 7.5],
			"to": [5.26642, 15.83939, 8.5],
			"rotation": {"angle": 22.5, "axis": "z", "origin": [8, 10.5, 8]},
			"faces": {
				"north": {"uv": [0, 0, 1, 8], "texture": "#3"},
				"east": {"uv": [0, 0, 1, 8], "texture": "#3"},
				"south": {"uv": [0, 0, 1, 8], "texture": "#3"},
				"west": {"uv": [0, 0, 1, 8], "texture": "#3"},
				"up": {"uv": [0, 0, 1, 1], "texture": "#3"}
			}
		},
		{
			"from": [7.5, 7.83939, 4.26642],
			"to": [8.5, 15.83939, 5.26642],
			"rotation": {"angle": -22.5, "axis": "x", "origin": [8, 10.5, 8]},
			"faces": {
				"north": {"uv": [0, 0, 1, 8], "texture": "#3"},
				"east": {"uv": [0, 0, 1, 8], "texture": "#3"},
				"south": {"uv": [0, 0, 1, 8], "texture": "#3"},
				"west": {"uv": [0, 0, 1, 8], "texture": "#3"},
				"up": {"uv": [0, 0, 1, 1], "texture": "#3"}
			}
		},
		{
			"from": [10.73358, 7.83939, 7.5],
			"to": [11.73358, 15.83939, 8.5],
			"rotation": {"angle": -22.5, "axis": "z", "origin": [8, 10.5, 8]},
			"faces": {
				"north": {"uv": [0, 0, 1, 8], "texture": "#3"},
				"east": {"uv": [0, 0, 1, 8], "texture": "#3"},
				"south": {"uv": [0, 0, 1, 8], "texture": "#3"},
				"west": {"uv": [0, 0, 1, 8], "texture": "#3"},
				"up": {"uv": [0, 0, 1, 1], "texture": "#3"}
			}
		},
		{
			"from": [7.5, 7.83939, 10.73358],
			"to": [8.5, 15.83939, 11.73358],
			"rotation": {"angle": 22.5, "axis": "x", "origin": [8, 10.5, 8]},
			"faces": {
				"north": {"uv": [0, 0, 1, 8], "texture": "#3"},
				"east": {"uv": [0, 0, 1, 8], "texture": "#3"},
				"south": {"uv": [0, 0, 1, 8], "texture": "#3"},
				"west": {"uv": [0, 0, 1, 8], "texture": "#3"},
				"up": {"uv": [0, 0, 1, 1], "texture": "#3"}
			}
		},
		{
			"name": "hexadecagon",
			"from": [7.50272, 10.25, 5.5],
			"to": [8.49728, 13, 10.5],
			"rotation": {"angle": 45, "axis": "y", "origin": [8, 10.75, 8]},
			"faces": {
				"north": {"uv": [0, 0, 0.99456, 2.75], "texture": "#3"},
				"south": {"uv": [0, 0, 0.99456, 2.75], "texture": "#3"},
				"up": {"uv": [0, 0, 0.99456, 5], "texture": "#3"},
				"down": {"uv": [0, 0, 0.99456, 5], "texture": "#3"}
			}
		},
		{
			"name": "hexadecagon",
			"from": [7.50272, 10.25, 5.5],
			"to": [8.49728, 13, 10.5],
			"rotation": {"angle": 22.5, "axis": "y", "origin": [8, 10.75, 8]},
			"faces": {
				"north": {"uv": [0, 0, 0.99456, 2.75], "texture": "#3"},
				"south": {"uv": [0, 0, 0.99456, 2.75], "texture": "#3"},
				"up": {"uv": [0, 0, 0.99456, 5], "texture": "#3"},
				"down": {"uv": [0, 0, 0.99456, 5], "texture": "#3"}
			}
		},
		{
			"name": "hexadecagon",
			"from": [7.50272, 10.25, 5.5],
			"to": [8.49728, 13, 10.5],
			"rotation": {"angle": 0, "axis": "y", "origin": [8, 10.75, 8]},
			"faces": {
				"north": {"uv": [0, 0, 0.99456, 2.75], "texture": "#3"},
				"south": {"uv": [0, 0, 0.99456, 2.75], "texture": "#3"},
				"up": {"uv": [0, 0, 0.99456, 5], "texture": "#3"},
				"down": {"uv": [0, 0, 0.99456, 5], "texture": "#3"}
			}
		},
		{
			"name": "hexadecagon",
			"from": [7.50272, 10.25, 5.5],
			"to": [8.49728, 13, 10.5],
			"rotation": {"angle": -22.5, "axis": "y", "origin": [8, 10.75, 8]},
			"faces": {
				"north": {"uv": [0, 0, 0.99456, 2.75], "texture": "#3"},
				"south": {"uv": [0, 0, 0.99456, 2.75], "texture": "#3"},
				"up": {"uv": [0, 0, 0.99456, 5], "texture": "#3"},
				"down": {"uv": [0, 0, 0.99456, 5], "texture": "#3"}
			}
		},
		{
			"name": "hexadecagon",
			"from": [7.50272, 10.25, 5.5],
			"to": [8.49728, 13, 10.5],
			"rotation": {"angle": -45, "axis": "y", "origin": [8, 10.75, 8]},
			"faces": {
				"north": {"uv": [0, 0, 0.99456, 2.75], "texture": "#3"},
				"south": {"uv": [0, 0, 0.99456, 2.75], "texture": "#3"},
				"up": {"uv": [0, 0, 0.99456, 5], "texture": "#3"},
				"down": {"uv": [0, 0, 0.99456, 5], "texture": "#3"}
			}
		},
		{
			"name": "hexadecagon",
			"from": [5.5, 10.25, 7.50272],
			"to": [10.5, 13, 8.49728],
			"rotation": {"angle": 22.5, "axis": "y", "origin": [8, 10.75, 8]},
			"faces": {
				"east": {"uv": [0, 0, 0.99456, 2.75], "texture": "#3"},
				"west": {"uv": [0, 0, 0.99456, 2.75], "texture": "#3"},
				"up": {"uv": [0, 0, 5, 0.99456], "texture": "#3"},
				"down": {"uv": [0, 0, 5, 0.99456], "texture": "#3"}
			}
		},
		{
			"name": "hexadecagon",
			"from": [5.5, 10.25, 7.50272],
			"to": [10.5, 13, 8.49728],
			"rotation": {"angle": 0, "axis": "y", "origin": [8, 10.75, 8]},
			"faces": {
				"east": {"uv": [0, 0, 0.99456, 2.75], "texture": "#3"},
				"west": {"uv": [0, 0, 0.99456, 2.75], "texture": "#3"},
				"up": {"uv": [0, 0, 5, 0.99456], "texture": "#3"},
				"down": {"uv": [0, 0, 5, 0.99456], "texture": "#3"}
			}
		},
		{
			"name": "hexadecagon",
			"from": [5.5, 10.25, 7.50272],
			"to": [10.5, 13, 8.49728],
			"rotation": {"angle": -22.5, "axis": "y", "origin": [8, 10.75, 8]},
			"faces": {
				"east": {"uv": [0, 0, 0.99456, 2.75], "texture": "#3"},
				"west": {"uv": [0, 0, 0.99456, 2.75], "texture": "#3"},
				"up": {"uv": [0, 0, 5, 0.99456], "texture": "#3"},
				"down": {"uv": [0, 0, 5, 0.99456], "texture": "#3"}
			}
		},
		{
			"from": [4.26642, 11.83939, 7.5],
			"to": [5.26642, 19.83939, 8.5],
			"rotation": {"angle": 22.5, "axis": "z", "origin": [8, 14.5, 8]},
			"faces": {
				"north": {"uv": [0, 0, 1, 8], "texture": "#3"},
				"east": {"uv": [0, 0, 1, 8], "texture": "#3"},
				"south": {"uv": [0, 0, 1, 8], "texture": "#3"},
				"west": {"uv": [0, 0, 1, 8], "texture": "#3"},
				"up": {"uv": [0, 0, 1, 1], "texture": "#3"}
			}
		},
		{
			"from": [7.5, 11.83939, 4.26642],
			"to": [8.5, 19.83939, 5.26642],
			"rotation": {"angle": -22.5, "axis": "x", "origin": [8, 14.5, 8]},
			"faces": {
				"north": {"uv": [0, 0, 1, 8], "texture": "#3"},
				"east": {"uv": [0, 0, 1, 8], "texture": "#3"},
				"south": {"uv": [0, 0, 1, 8], "texture": "#3"},
				"west": {"uv": [0, 0, 1, 8], "texture": "#3"},
				"up": {"uv": [0, 0, 1, 1], "texture": "#3"}
			}
		},
		{
			"from": [10.73358, 11.83939, 7.5],
			"to": [11.73358, 19.83939, 8.5],
			"rotation": {"angle": -22.5, "axis": "z", "origin": [8, 14.5, 8]},
			"faces": {
				"north": {"uv": [0, 0, 1, 8], "texture": "#3"},
				"east": {"uv": [0, 0, 1, 8], "texture": "#3"},
				"south": {"uv": [0, 0, 1, 8], "texture": "#3"},
				"west": {"uv": [0, 0, 1, 8], "texture": "#3"},
				"up": {"uv": [0, 0, 1, 1], "texture": "#3"}
			}
		},
		{
			"from": [7.5, 11.83939, 10.73358],
			"to": [8.5, 19.83939, 11.73358],
			"rotation": {"angle": 22.5, "axis": "x", "origin": [8, 14.5, 8]},
			"faces": {
				"north": {"uv": [0, 0, 1, 8], "texture": "#3"},
				"east": {"uv": [0, 0, 1, 8], "texture": "#3"},
				"south": {"uv": [0, 0, 1, 8], "texture": "#3"},
				"west": {"uv": [0, 0, 1, 8], "texture": "#3"},
				"up": {"uv": [0, 0, 1, 1], "texture": "#3"}
			}
		},
		{
			"name": "hexadecagon",
			"from": [7.50272, 14.25, 5.5],
			"to": [8.49728, 17, 10.5],
			"rotation": {"angle": 45, "axis": "y", "origin": [8, 14.75, 8]},
			"faces": {
				"north": {"uv": [0, 0, 0.99456, 2.75], "texture": "#3"},
				"south": {"uv": [0, 0, 0.99456, 2.75], "texture": "#3"},
				"up": {"uv": [0, 0, 0.99456, 5], "texture": "#3"},
				"down": {"uv": [0, 0, 0.99456, 5], "texture": "#3"}
			}
		},
		{
			"name": "hexadecagon",
			"from": [7.50272, 14.25, 5.5],
			"to": [8.49728, 17, 10.5],
			"rotation": {"angle": 22.5, "axis": "y", "origin": [8, 14.75, 8]},
			"faces": {
				"north": {"uv": [0, 0, 0.99456, 2.75], "texture": "#3"},
				"south": {"uv": [0, 0, 0.99456, 2.75], "texture": "#3"},
				"up": {"uv": [0, 0, 0.99456, 5], "texture": "#3"},
				"down": {"uv": [0, 0, 0.99456, 5], "texture": "#3"}
			}
		},
		{
			"name": "hexadecagon",
			"from": [7.50272, 14.25, 5.5],
			"to": [8.49728, 17, 10.5],
			"rotation": {"angle": 0, "axis": "y", "origin": [8, 14.75, 8]},
			"faces": {
				"north": {"uv": [0, 0, 0.99456, 2.75], "texture": "#3"},
				"south": {"uv": [0, 0, 0.99456, 2.75], "texture": "#3"},
				"up": {"uv": [0, 0, 0.99456, 5], "texture": "#3"},
				"down": {"uv": [0, 0, 0.99456, 5], "texture": "#3"}
			}
		},
		{
			"name": "hexadecagon",
			"from": [7.50272, 14.25, 5.5],
			"to": [8.49728, 17, 10.5],
			"rotation": {"angle": -22.5, "axis": "y", "origin": [8, 14.75, 8]},
			"faces": {
				"north": {"uv": [0, 0, 0.99456, 2.75], "texture": "#3"},
				"south": {"uv": [0, 0, 0.99456, 2.75], "texture": "#3"},
				"up": {"uv": [0, 0, 0.99456, 5], "texture": "#3"},
				"down": {"uv": [0, 0, 0.99456, 5], "texture": "#3"}
			}
		},
		{
			"name": "hexadecagon",
			"from": [7.50272, 14.25, 5.5],
			"to": [8.49728, 17, 10.5],
			"rotation": {"angle": -45, "axis": "y", "origin": [8, 14.75, 8]},
			"faces": {
				"north": {"uv": [0, 0, 0.99456, 2.75], "texture": "#3"},
				"south": {"uv": [0, 0, 0.99456, 2.75], "texture": "#3"},
				"up": {"uv": [0, 0, 0.99456, 5], "texture": "#3"},
				"down": {"uv": [0, 0, 0.99456, 5], "texture": "#3"}
			}
		},
		{
			"name": "hexadecagon",
			"from": [5.5, 14.25, 7.50272],
			"to": [10.5, 17, 8.49728],
			"rotation": {"angle": 22.5, "axis": "y", "origin": [8, 14.75, 8]},
			"faces": {
				"east": {"uv": [0, 0, 0.99456, 2.75], "texture": "#3"},
				"west": {"uv": [0, 0, 0.99456, 2.75], "texture": "#3"},
				"up": {"uv": [0, 0, 5, 0.99456], "texture": "#3"},
				"down": {"uv": [0, 0, 5, 0.99456], "texture": "#3"}
			}
		},
		{
			"name": "hexadecagon",
			"from": [5.5, 14.25, 7.50272],
			"to": [10.5, 17, 8.49728],
			"rotation": {"angle": 0, "axis": "y", "origin": [8, 14.75, 8]},
			"faces": {
				"east": {"uv": [0, 0, 0.99456, 2.75], "texture": "#3"},
				"west": {"uv": [0, 0, 0.99456, 2.75], "texture": "#3"},
				"up": {"uv": [0, 0, 5, 0.99456], "texture": "#3"},
				"down": {"uv": [0, 0, 5, 0.99456], "texture": "#3"}
			}
		},
		{
			"name": "hexadecagon",
			"from": [5.5, 14.25, 7.50272],
			"to": [10.5, 17, 8.49728],
			"rotation": {"angle": -22.5, "axis": "y", "origin": [8, 14.75, 8]},
			"faces": {
				"east": {"uv": [0, 0, 0.99456, 2.75], "texture": "#3"},
				"west": {"uv": [0, 0, 0.99456, 2.75], "texture": "#3"},
				"up": {"uv": [0, 0, 5, 0.99456], "texture": "#3"},
				"down": {"uv": [0, 0, 5, 0.99456], "texture": "#3"}
			}
		},
		{
			"from": [4.26642, 15.83939, 7.5],
			"to": [5.26642, 23.83939, 8.5],
			"rotation": {"angle": 22.5, "axis": "z", "origin": [8, 18.5, 8]},
			"faces": {
				"north": {"uv": [0, 0, 1, 8], "texture": "#3"},
				"east": {"uv": [0, 0, 1, 8], "texture": "#3"},
				"south": {"uv": [0, 0, 1, 8], "texture": "#3"},
				"west": {"uv": [0, 0, 1, 8], "texture": "#3"},
				"up": {"uv": [0, 0, 1, 1], "texture": "#3"}
			}
		},
		{
			"from": [7.5, 15.83939, 4.26642],
			"to": [8.5, 23.83939, 5.26642],
			"rotation": {"angle": -22.5, "axis": "x", "origin": [8, 18.5, 8]},
			"faces": {
				"north": {"uv": [0, 0, 1, 8], "texture": "#3"},
				"east": {"uv": [0, 0, 1, 8], "texture": "#3"},
				"south": {"uv": [0, 0, 1, 8], "texture": "#3"},
				"west": {"uv": [0, 0, 1, 8], "texture": "#3"},
				"up": {"uv": [0, 0, 1, 1], "texture": "#3"}
			}
		},
		{
			"from": [10.73358, 15.83939, 7.5],
			"to": [11.73358, 23.83939, 8.5],
			"rotation": {"angle": -22.5, "axis": "z", "origin": [8, 18.5, 8]},
			"faces": {
				"north": {"uv": [0, 0, 1, 8], "texture": "#3"},
				"east": {"uv": [0, 0, 1, 8], "texture": "#3"},
				"south": {"uv": [0, 0, 1, 8], "texture": "#3"},
				"west": {"uv": [0, 0, 1, 8], "texture": "#3"},
				"up": {"uv": [0, 0, 1, 1], "texture": "#3"}
			}
		},
		{
			"from": [7.5, 15.83939, 10.73358],
			"to": [8.5, 23.83939, 11.73358],
			"rotation": {"angle": 22.5, "axis": "x", "origin": [8, 18.5, 8]},
			"faces": {
				"north": {"uv": [0, 0, 1, 8], "texture": "#3"},
				"east": {"uv": [0, 0, 1, 8], "texture": "#3"},
				"south": {"uv": [0, 0, 1, 8], "texture": "#3"},
				"west": {"uv": [0, 0, 1, 8], "texture": "#3"},
				"up": {"uv": [0, 0, 1, 1], "texture": "#3"}
			}
		},
		{
			"name": "hexadecagon",
			"from": [7.50272, 0, 5.5],
			"to": [8.49728, 1.5, 10.5],
			"rotation": {"angle": 45, "axis": "y", "origin": [8, 0.5, 8]},
			"faces": {
				"north": {"uv": [0, 0, 0.99456, 1.5], "texture": "#2"},
				"south": {"uv": [0, 0, 0.99456, 1.5], "texture": "#2"},
				"up": {"uv": [0, 0, 0.99456, 5], "texture": "#2"}
			}
		},
		{
			"name": "hexadecagon",
			"from": [7.50272, 0, 5.5],
			"to": [8.49728, 1.5, 10.5],
			"rotation": {"angle": 22.5, "axis": "y", "origin": [8, 0.5, 8]},
			"faces": {
				"north": {"uv": [0, 0, 0.99456, 1.5], "texture": "#2"},
				"south": {"uv": [0, 0, 0.99456, 1.5], "texture": "#2"},
				"up": {"uv": [0, 0, 0.99456, 5], "texture": "#2"}
			}
		},
		{
			"name": "hexadecagon",
			"from": [7.50272, 0, 5.5],
			"to": [8.49728, 1.5, 10.5],
			"rotation": {"angle": 0, "axis": "y", "origin": [8, 0.5, 8]},
			"faces": {
				"north": {"uv": [0, 0, 0.99456, 1.5], "texture": "#2"},
				"south": {"uv": [0, 0, 0.99456, 1.5], "texture": "#2"},
				"up": {"uv": [0, 0, 0.99456, 5], "texture": "#2"}
			}
		},
		{
			"name": "hexadecagon",
			"from": [7.50272, 0, 5.5],
			"to": [8.49728, 1.5, 10.5],
			"rotation": {"angle": -22.5, "axis": "y", "origin": [8, 0.5, 8]},
			"faces": {
				"north": {"uv": [0, 0, 0.99456, 1.5], "texture": "#2"},
				"south": {"uv": [0, 0, 0.99456, 1.5], "texture": "#2"},
				"up": {"uv": [0, 0, 0.99456, 5], "texture": "#2"}
			}
		},
		{
			"name": "hexadecagon",
			"from": [7.50272, 0, 5.5],
			"to": [8.49728, 1.5, 10.5],
			"rotation": {"angle": -45, "axis": "y", "origin": [8, 0.5, 8]},
			"faces": {
				"north": {"uv": [0, 0, 0.99456, 1.5], "texture": "#2"},
				"south": {"uv": [0, 0, 0.99456, 1.5], "texture": "#2"},
				"up": {"uv": [0, 0, 0.99456, 5], "texture": "#2"}
			}
		},
		{
			"name": "hexadecagon",
			"from": [5.5, 0, 7.50272],
			"to": [10.5, 1.5, 8.49728],
			"rotation": {"angle": 22.5, "axis": "y", "origin": [8, 0.5, 8]},
			"faces": {
				"east": {"uv": [0, 0, 0.99456, 1.5], "texture": "#2"},
				"west": {"uv": [0, 0, 0.99456, 1.5], "texture": "#2"},
				"up": {"uv": [0, 0, 5, 0.99456], "texture": "#2"}
			}
		},
		{
			"name": "hexadecagon",
			"from": [5.5, 0, 7.50272],
			"to": [10.5, 1.5, 8.49728],
			"rotation": {"angle": 0, "axis": "y", "origin": [8, 0.5, 8]},
			"faces": {
				"east": {"uv": [0, 0, 0.99456, 1.5], "texture": "#2"},
				"west": {"uv": [0, 0, 0.99456, 1.5], "texture": "#2"},
				"up": {"uv": [0, 0, 5, 0.99456], "texture": "#2"}
			}
		},
		{
			"name": "hexadecagon",
			"from": [5.5, 0, 7.50272],
			"to": [10.5, 1.5, 8.49728],
			"rotation": {"angle": -22.5, "axis": "y", "origin": [8, 0.5, 8]},
			"faces": {
				"east": {"uv": [0, 0, 0.99456, 1.5], "texture": "#2"},
				"west": {"uv": [0, 0, 0.99456, 1.5], "texture": "#2"},
				"up": {"uv": [0, 0, 5, 0.99456], "texture": "#2"}
			}
		},
		{
			"name": "hexadecagon",
			"from": [7.6519, 0, 6.25],
			"to": [8.3481, 20.25, 9.75],
			"rotation": {"angle": -45, "axis": "y", "origin": [8, 5, 8]},
			"faces": {
				"north": {"uv": [0, 0, 0.69619, 8.25], "texture": "#3"},
				"south": {"uv": [0, 0, 0.69619, 8.25], "texture": "#3"},
				"up": {"uv": [0, 0, 0.69619, 3.5], "texture": "#3"}
			}
		},
		{
			"name": "hexadecagon",
			"from": [7.6519, 0, 6.25],
			"to": [8.3481, 20.25, 9.75],
			"rotation": {"angle": -22.5, "axis": "y", "origin": [8, 5, 8]},
			"faces": {
				"north": {"uv": [0, 0, 0.69619, 8.25], "texture": "#3"},
				"south": {"uv": [0, 0, 0.69619, 8.25], "texture": "#3"},
				"up": {"uv": [0, 0, 0.69619, 3.5], "texture": "#3"}
			}
		},
		{
			"name": "hexadecagon",
			"from": [7.6519, 0, 6.25],
			"to": [8.3481, 20.25, 9.75],
			"rotation": {"angle": 0, "axis": "y", "origin": [8, 5, 8]},
			"faces": {
				"north": {"uv": [0, 0, 0.69619, 8.25], "texture": "#3"},
				"south": {"uv": [0, 0, 0.69619, 8.25], "texture": "#3"},
				"up": {"uv": [0, 0, 0.69619, 3.5], "texture": "#3"}
			}
		},
		{
			"name": "hexadecagon",
			"from": [7.6519, 0, 6.25],
			"to": [8.3481, 20.25, 9.75],
			"rotation": {"angle": 22.5, "axis": "y", "origin": [8, 5, 8]},
			"faces": {
				"north": {"uv": [0, 0, 0.69619, 8.25], "texture": "#3"},
				"south": {"uv": [0, 0, 0.69619, 8.25], "texture": "#3"},
				"up": {"uv": [0, 0, 0.69619, 3.5], "texture": "#3"}
			}
		},
		{
			"name": "hexadecagon",
			"from": [7.6519, 0, 6.25],
			"to": [8.3481, 20.25, 9.75],
			"rotation": {"angle": 45, "axis": "y", "origin": [8, 5, 8]},
			"faces": {
				"north": {"uv": [0, 0, 0.69619, 8.25], "texture": "#3"},
				"south": {"uv": [0, 0, 0.69619, 8.25], "texture": "#3"},
				"up": {"uv": [0, 0, 0.69619, 3.5], "texture": "#3"}
			}
		},
		{
			"name": "hexadecagon",
			"from": [6.25, 0, 7.6519],
			"to": [9.75, 20.25, 8.3481],
			"rotation": {"angle": -22.5, "axis": "y", "origin": [8, 5, 8]},
			"faces": {
				"east": {"uv": [0, 0, 0.69619, 8.25], "texture": "#3"},
				"west": {"uv": [0, 0, 0.69619, 8.25], "texture": "#3"},
				"up": {"uv": [0, 0, 3.5, 0.69619], "texture": "#3"}
			}
		},
		{
			"name": "hexadecagon",
			"from": [6.25, 0, 7.6519],
			"to": [9.75, 20.25, 8.3481],
			"rotation": {"angle": 0, "axis": "y", "origin": [8, 5, 8]},
			"faces": {
				"east": {"uv": [0, 0, 0.69619, 8.25], "texture": "#3"},
				"west": {"uv": [0, 0, 0.69619, 8.25], "texture": "#3"},
				"up": {"uv": [0, 0, 3.5, 0.69619], "texture": "#3"}
			}
		},
		{
			"name": "hexadecagon",
			"from": [6.25, 0, 7.6519],
			"to": [9.75, 20.25, 8.3481],
			"rotation": {"angle": 22.5, "axis": "y", "origin": [8, 5, 8]},
			"faces": {
				"east": {"uv": [0, 0, 0.69619, 8.25], "texture": "#3"},
				"west": {"uv": [0, 0, 0.69619, 8.25], "texture": "#3"},
				"up": {"uv": [0, 0, 3.5, 0.69619], "texture": "#3"}
			}
		}
	],
	"display": {
		"thirdperson_righthand": {
			"rotation": [75, 45, 0],
			"translation": [0, 2.5, 0],
			"scale": [0.375, 0.375, 0.375]
		},
		"thirdperson_lefthand": {
			"rotation": [75, 45, 0],
			"translation": [0, 2.5, 0],
			"scale": [0.375, 0.375, 0.375]
		},
		"firstperson_righthand": {
			"rotation": [0, 45, 0],
			"translation": [0, -1.5, 0],
			"scale": [0.4, 0.4, 0.4]
		},
		"firstperson_lefthand": {
			"rotation": [0, 45, 0],
			"translation": [0, -1.5, 0],
			"scale": [0.4, 0.4, 0.4]
		},
		"ground": {
			"translation": [0, 3, 0],
			"scale": [0.25, 0.25, 0.25]
		},
		"gui": {
			"rotation": [30, 225, 0],
			"translation": [0, -3, 0],
			"scale": [0.6, 0.6, 0.6]
		},
		"fixed": {
			"translation": [0, -3.25, 0],
			"scale": [0.5, 0.5, 0.5]
		}
	},
	"groups": [
		{
			"name": "little_nob",
			"origin": [8, 8, 8],
			"color": 0,
			"children": [
				{
					"name": "Little Nob",
					"origin": [8, 8, 8],
					"color": 0,
					"children": [
						{
							"name": "hexadecagon",
							"origin": [8, 8, 8],
							"color": 0,
							"children": [0, 1, 2, 3]
						},
						{
							"name": "group",
							"origin": [8, 6.5, 8],
							"color": 0,
							"children": [4, 5, 6, 7, 8, 9, 10, 11, 12, 13, 14, 15]
						},
						{
							"name": "group",
							"origin": [8, 6.5, 8],
							"color": 0,
							"children": [16, 17, 18, 19, 20, 21, 22, 23, 24, 25, 26, 27]
						},
						{
							"name": "group",
							"origin": [8, 6.5, 8],
							"color": 0,
							"children": [28, 29, 30, 31, 32, 33, 34, 35, 36, 37, 38, 39]
						},
						{
							"name": "group",
							"origin": [8, 6.5, 8],
							"color": 0,
							"children": [40, 41, 42, 43, 44, 45, 46, 47, 48, 49, 50, 51]
						},
						{
							"name": "hexadecagon",
							"origin": [8, 8, 8],
							"color": 0,
							"children": [52, 53, 54, 55, 56, 57, 58, 59]
						},
						{
							"name": "hexadecagon",
							"origin": [8, 8, 8],
							"color": 0,
							"children": [60, 61, 62, 63, 64, 65, 66, 67]
						}
					]
				}
			]
		}
	]
}