{
	"credit": "AlexTestria | https://alex-bauerndistel.de",
	"textures": {
		"1": "brickcraft/material/plastics/shader_support/plastic45",
		"3": "brickcraft/material/plastics/shader_support/plastic46",
		"5": "brickcraft/material/plastics/shader_support/plastic62",
		"particle": "brickcraft/material/plastics/shader_support/plastic45"
	},
	"elements": [
		{
			"from": [13.3334, 15, 0],
			"to": [16, 16, 16],
			"rotation": {"angle": 0, "axis": "y", "origin": [16, 16, 16]},
			"faces": {
				"north": {"uv": [0, 0, 2.6666, 1], "texture": "#1", "cullface": "north"},
				"east": {"uv": [0, 0, 16, 1], "texture": "#1", "cullface": "east"},
				"south": {"uv": [0, 0, 2.6666, 1], "texture": "#1", "cullface": "south"},
				"up": {"uv": [0, 0, 2.6666, 16], "rotation": 180, "texture": "#1", "cullface": "up"},
				"down": {"uv": [0, 0, 2.6666, 16], "rotation": 180, "texture": "#1", "cullface": "east"}
			}
		},
		{
			"from": [13.3334, 8, 0],
			"to": [16, 15, 1],
			"rotation": {"angle": 0, "axis": "y", "origin": [16, 16, 16]},
			"faces": {
				"north": {"uv": [0, 0, 2.6666, 7], "texture": "#1", "cullface": "north"},
				"east": {"uv": [0, 0, 1, 7], "texture": "#1", "cullface": "east"},
				"south": {"uv": [0, 0, 2.6666, 7], "texture": "#1", "cullface": "east"},
				"down": {"uv": [0, 0, 2.6666, 1], "rotation": 180, "texture": "#1"}
			}
		},
		{
			"from": [13.3334, 1, 15],
			"to": [16, 15, 16],
			"rotation": {"angle": 0, "axis": "y", "origin": [16, 16, 16]},
			"faces": {
				"north": {"uv": [0, 0, 2.6666, 14], "texture": "#1", "cullface": "east"},
				"east": {"uv": [0, 0, 1, 14], "texture": "#1", "cullface": "east"},
				"south": {"uv": [0, 0, 2.6666, 14], "texture": "#1", "cullface": "south"}
			}
		},
		{
			"from": [13.3334, 0, 8],
			"to": [16, 1, 16],
			"rotation": {"angle": 0, "axis": "y", "origin": [16, 16, 16]},
			"faces": {
				"north": {"uv": [0, 0, 2.6666, 1], "texture": "#1"},
				"east": {"uv": [0, 0, 8, 1], "texture": "#1", "cullface": "east"},
				"south": {"uv": [0, 0, 2.6666, 1], "texture": "#1", "cullface": "south"},
				"up": {"uv": [0, 0, 2.6666, 8], "rotation": 180, "texture": "#1", "cullface": "east"},
				"down": {"uv": [0, 0, 2.6666, 8], "rotation": 180, "texture": "#1", "cullface": "down"}
			}
		},
		{
			"from": [13.3334, 1, 8],
			"to": [16, 9, 9],
			"rotation": {"angle": 0, "axis": "y", "origin": [16, 16, 16]},
			"faces": {
				"north": {"uv": [0, 0, 2.6666, 8], "texture": "#1"},
				"east": {"uv": [0, 0, 1, 8], "texture": "#1", "cullface": "east"},
				"south": {"uv": [0, 0, 2.6666, 8], "texture": "#1", "cullface": "east"},
				"up": {"uv": [0, 0, 2.6666, 1], "rotation": 180, "texture": "#1", "cullface": "east"}
			}
		},
		{
			"from": [13.3334, 8, 1],
			"to": [16, 9, 8],
			"rotation": {"angle": 0, "axis": "y", "origin": [16, 16, 16]},
			"faces": {
				"east": {"uv": [0, 0, 7, 1], "texture": "#1", "cullface": "east"},
				"up": {"uv": [0, 0, 2.6666, 7], "rotation": 180, "texture": "#1", "cullface": "east"},
				"down": {"uv": [0, 0, 2.6666, 7], "rotation": 180, "texture": "#1"}
			}
		},
		{
			"from": [13.3334, 8, 0],
			"to": [13.5834, 16, 16],
			"rotation": {"angle": 0, "axis": "y", "origin": [8, 16, 8]},
			"faces": {
				"east": {"uv": [0, 0, 16, 8], "texture": "#1", "cullface": "east"},
				"west": {"uv": [0, 0, 16, 8], "texture": "#1"}
			}
		},
		{
			"from": [13.3334, 0, 8],
			"to": [13.5834, 8, 16],
			"rotation": {"angle": 0, "axis": "y", "origin": [16, 16, 16]},
			"faces": {
				"east": {"uv": [0, 0, 8, 8], "texture": "#1", "cullface": "east"},
				"west": {"uv": [0, 0, 8, 8], "texture": "#1"}
			}
		},
		{
			"from": [9.9909, 12.96125, 0],
			"to": [12.01029, 15.46375, 8],
			"rotation": {"angle": 0, "axis": "z", "origin": [11.31418, 13.14689, 4]},
			"faces": {
				"north": {"uv": [0, 0, 2.01939, 2.5025], "texture": "#3", "cullface": "north"},
				"south": {"uv": [0, 0, 2.01939, 2.5025], "texture": "#3"}
			}
		},
		{
			"from": [12.01029, 8, 0],
			"to": [13.2084, 16, 8],
			"rotation": {"angle": 0, "axis": "z", "origin": [11.31418, 13.14689, 4]},
			"faces": {
				"north": {"uv": [0, 0, 1.19811, 8], "texture": "#3", "cullface": "north"},
				"south": {"uv": [0, 0, 1.19811, 8], "texture": "#3"},
				"up": {"uv": [0, 0, 1.19811, 8], "texture": "#3", "cullface": "up"},
				"down": {"uv": [0, 0, 1.19811, 8], "texture": "#3"}
			}
		},
		{
			"from": [13.2084, 8, 0],
			"to": [13.3334, 16, 8],
			"rotation": {"angle": 0, "axis": "z", "origin": [11.31418, 13.14689, 4]},
			"faces": {
				"north": {"uv": [0, 0, 0.125, 8], "texture": "#5", "cullface": "north"},
				"south": {"uv": [0, 0, 0.125, 8], "texture": "#5"},
				"up": {"uv": [0, 0, 0.125, 8], "texture": "#5", "cullface": "up"},
				"down": {"uv": [0, 0, 0.125, 8], "texture": "#5"}
			}
		},
		{
			"from": [11.0634, 10.74475, 0],
			"to": [12.01029, 12.96125, 8],
			"rotation": {"angle": 0, "axis": "z", "origin": [11.31418, 13.14689, 4]},
			"faces": {
				"north": {"uv": [0, 0, 0.94689, 2.2165], "texture": "#3", "cullface": "north"},
				"south": {"uv": [0, 0, 0.94689, 2.2165], "texture": "#3"}
			}
		},
		{
			"from": [9.98767, 8.12539, 0],
			"to": [11.05988, 16.20421, 8],
			"rotation": {"angle": 22.5, "axis": "z", "origin": [11.31418, 13.14689, 4]},
			"faces": {
				"north": {"uv": [0, 0, 1.07221, 8.07882], "texture": "#3", "cullface": "north"},
				"south": {"uv": [0, 0, 1.07221, 8.07882], "texture": "#3"},
				"west": {"uv": [0, 0, 8, 8.07882], "texture": "#3"}
			}
		},
		{
			"from": [8.9184, 15.46375, 0],
			"to": [12.01029, 16, 8],
			"rotation": {"angle": 0, "axis": "z", "origin": [11.31418, 13.14689, 4]},
			"faces": {
				"north": {"uv": [0, 0, 3.09189, 0.53625], "texture": "#3", "cullface": "north"},
				"south": {"uv": [0, 0, 3.09189, 0.53625], "texture": "#3"},
				"west": {"uv": [0, 0, 8, 0.53625], "texture": "#3"},
				"up": {"uv": [0, 0, 3.09189, 8], "texture": "#3", "cullface": "up"}
			}
		},
		{
			"name": "octagon",
			"from": [12.125, 9.12925, 10.72625],
			"to": [13.375, 11.20031, 15.72625],
			"rotation": {"angle": -22.5, "axis": "x", "origin": [12.75, 8, 8]},
			"faces": {
				"north": {"uv": [0, 0, 2.07107, 1.25], "rotation": 90, "texture": "#1"},
				"south": {"uv": [0, 0, 2.07107, 1.25], "rotation": 270, "texture": "#1"},
				"west": {"uv": [0, 0, 2.07107, 5], "rotation": 270, "texture": "#1"}
			}
		},
		{
			"name": "octagon",
			"from": [12.125, 12.19072, 7.66478],
			"to": [13.375, 14.26178, 12.66478],
			"rotation": {"angle": 22.5, "axis": "x", "origin": [12.75, 8, 8]},
			"faces": {
				"north": {"uv": [0, 0, 2.07107, 1.25], "rotation": 90, "texture": "#1"},
				"south": {"uv": [0, 0, 2.07107, 1.25], "rotation": 270, "texture": "#1"},
				"west": {"uv": [0, 0, 2.07107, 5], "rotation": 270, "texture": "#1"}
			}
		},
		{
			"name": "octagon",
			"from": [12.125, 7.66478, 12.19072],
			"to": [13.375, 12.66478, 14.26178],
			"rotation": {"angle": -22.5, "axis": "x", "origin": [12.75, 8, 8]},
			"faces": {
				"west": {"uv": [0, 0, 5, 2.07107], "rotation": 270, "texture": "#1"},
				"up": {"uv": [0, 0, 2.07107, 1.25], "rotation": 270, "texture": "#1"},
				"down": {"uv": [0, 0, 2.07107, 1.25], "rotation": 270, "texture": "#1"}
			}
		},
		{
			"name": "octagon",
			"from": [12.125, 10.72625, 9.12925],
			"to": [13.375, 15.72625, 11.20031],
			"rotation": {"angle": 22.5, "axis": "x", "origin": [12.75, 8, 8]},
			"faces": {
				"west": {"uv": [0, 0, 5, 2.07107], "rotation": 270, "texture": "#1"},
				"up": {"uv": [0, 0, 2.07107, 1.25], "rotation": 270, "texture": "#1"},
				"down": {"uv": [0, 0, 2.07107, 1.25], "rotation": 270, "texture": "#1"}
			}
		},
		{
			"name": "octagon",
			"from": [12.125, 1.73822, 7.66478],
			"to": [13.375, 3.80928, 12.66478],
			"rotation": {"angle": -22.5, "axis": "x", "origin": [12.75, 8, 8]},
			"faces": {
				"north": {"uv": [0, 0, 2.07107, 1.25], "rotation": 90, "texture": "#1"},
				"south": {"uv": [0, 0, 2.07107, 1.25], "rotation": 270, "texture": "#1"},
				"west": {"uv": [0, 0, 2.07107, 5], "rotation": 270, "texture": "#1"}
			}
		},
		{
			"name": "octagon",
			"from": [12.125, 4.79969, 10.72625],
			"to": [13.375, 6.87075, 15.72625],
			"rotation": {"angle": 22.5, "axis": "x", "origin": [12.75, 8, 8]},
			"faces": {
				"north": {"uv": [0, 0, 2.07107, 1.25], "rotation": 90, "texture": "#1"},
				"south": {"uv": [0, 0, 2.07107, 1.25], "rotation": 270, "texture": "#1"},
				"west": {"uv": [0, 0, 2.07107, 5], "rotation": 270, "texture": "#1"}
			}
		},
		{
			"name": "octagon",
			"from": [12.125, 0.27375, 9.12925],
			"to": [13.375, 5.27375, 11.20031],
			"rotation": {"angle": -22.5, "axis": "x", "origin": [12.75, 8, 8]},
			"faces": {
				"west": {"uv": [0, 0, 5, 2.07107], "rotation": 270, "texture": "#1"},
				"up": {"uv": [0, 0, 2.07107, 1.25], "rotation": 270, "texture": "#1"},
				"down": {"uv": [0, 0, 2.07107, 1.25], "rotation": 270, "texture": "#1"}
			}
		},
		{
			"name": "octagon",
			"from": [12.125, 3.33522, 12.19072],
			"to": [13.375, 8.33522, 14.26178],
			"rotation": {"angle": 22.5, "axis": "x", "origin": [12.75, 8, 8]},
			"faces": {
				"west": {"uv": [0, 0, 5, 2.07107], "rotation": 270, "texture": "#1"},
				"up": {"uv": [0, 0, 2.07107, 1.25], "rotation": 270, "texture": "#1"},
				"down": {"uv": [0, 0, 2.07107, 1.25], "rotation": 270, "texture": "#1"}
			}
		}
	],
	"display": {
		"thirdperson_righthand": {
			"rotation": [75, 45, 0],
			"translation": [0, 2.5, 0],
			"scale": [0.375, 0.375, 0.375]
		},
		"thirdperson_lefthand": {
			"rotation": [75, 45, 0],
			"translation": [0, 2.5, 0],
			"scale": [-0.375, 0.375, 0.375]
		},
		"firstperson_righthand": {
			"rotation": [0, 45, 0],
			"scale": [0.4, 0.4, 0.4]
		},
		"firstperson_lefthand": {
			"rotation": [0, 225, 0],
			"scale": [0.4, 0.4, 0.4]
		},
		"ground": {
			"translation": [0, 3, 0],
			"scale": [0.25, 0.25, 0.25]
		},
		"gui": {
			"rotation": [30, 135, 0],
			"scale": [0.625, 0.625, 0.625]
		},
		"head": {
			"rotation": [0, -90, -90],
			"translation": [0, 15, 0.25]
		},
		"fixed": {
			"scale": [0.5, 0.5, 0.5]
		}
	},
	"groups": [
		{
			"name": "vine",
			"origin": [8, 8, 8],
			"color": 0,
			"children": [0, 1, 2, 3, 4, 5, 6, 7]
		},
		{
			"name": "flat_angleled_nob",
			"origin": [8, 8, 8],
			"color": 0,
			"children": [
				{
					"name": "group",
					"origin": [6.27203, 3.54444, 7.9848],
					"color": 0,
					"children": [8, 9, 10, 11, 12, 13]
				}
			]
		},
		{
			"name": "studs",
			"origin": [8, 8, 8],
			"color": 0,
			"children": [
				{
					"name": "octagon",
					"origin": [8, 8, 8],
					"color": 0,
					"children": [14, 15, 16, 17]
				},
				{
					"name": "octagon",
					"origin": [8, 8, 8],
					"color": 0,
					"children": [18, 19, 20, 21]
				}
			]
		}
	]
}