{
	"credit": "AlexTestria | https://alex-bauerndistel.de",
	"textures": {
		"1": "brickcraft/material/plastics/shader_support/plastic45",
		"3": "brickcraft/material/plastics/shader_support/plastic46",
		"5": "brickcraft/material/plastics/shader_support/plastic62",
		"particle": "brickcraft/material/plastics/shader_support/plastic45"
	},
	"elements": [
		{
			"from": [0, 13.3334, 0],
			"to": [1, 15.925, 16],
			"rotation": {"angle": 0, "axis": "y", "origin": [0, 16, 16]},
			"faces": {
				"north": {"uv": [0, 0, 2.5916, 1], "rotation": 90, "texture": "#1", "cullface": "north"},
				"east": {"uv": [0, 0, 2.5916, 16], "rotation": 90, "texture": "#1", "cullface": "up"},
				"south": {"uv": [0, 0, 2.5916, 1], "rotation": 270, "texture": "#1", "cullface": "south"},
				"west": {"uv": [0, 0, 2.5916, 16], "rotation": 90, "texture": "#1", "cullface": "west"}
			}
		},
		{
			"from": [1, 13.3334, 0],
			"to": [8, 15.925, 1],
			"rotation": {"angle": 0, "axis": "y", "origin": [0, 16, 16]},
			"faces": {
				"north": {"uv": [0, 0, 2.5916, 7], "rotation": 90, "texture": "#1", "cullface": "north"},
				"east": {"uv": [0, 0, 2.5916, 1], "rotation": 90, "texture": "#1"},
				"south": {"uv": [0, 0, 2.5916, 7], "rotation": 270, "texture": "#1", "cullface": "up"}
			}
		},
		{
			"from": [1, 13.3334, 15],
			"to": [15, 15.925, 16],
			"rotation": {"angle": 0, "axis": "y", "origin": [0, 16, 16]},
			"faces": {
				"north": {"uv": [0, 0, 2.5916, 14], "rotation": 90, "texture": "#1", "cullface": "up"},
				"south": {"uv": [0, 0, 2.5916, 14], "rotation": 270, "texture": "#1", "cullface": "south"}
			}
		},
		{
			"from": [15, 13.3334, 8],
			"to": [16, 15.925, 16],
			"rotation": {"angle": 0, "axis": "y", "origin": [0, 16, 16]},
			"faces": {
				"north": {"uv": [0, 0, 2.5916, 1], "rotation": 90, "texture": "#1"},
				"east": {"uv": [0, 0, 2.5916, 8], "rotation": 90, "texture": "#1", "cullface": "east"},
				"south": {"uv": [0, 0, 2.5916, 1], "rotation": 270, "texture": "#1", "cullface": "south"},
				"west": {"uv": [0, 0, 2.5916, 8], "rotation": 90, "texture": "#1", "cullface": "up"}
			}
		},
		{
			"from": [7, 13.3334, 8],
			"to": [15, 15.925, 9],
			"rotation": {"angle": 0, "axis": "y", "origin": [0, 16, 16]},
			"faces": {
				"north": {"uv": [0, 0, 2.5916, 8], "rotation": 90, "texture": "#1"},
				"south": {"uv": [0, 0, 2.5916, 8], "rotation": 270, "texture": "#1", "cullface": "east"},
				"west": {"uv": [0, 0, 2.5916, 1], "rotation": 90, "texture": "#1", "cullface": "up"}
			}
		},
		{
			"from": [1, 15.925, 15],
			"to": [15, 16, 16],
			"rotation": {"angle": 0, "axis": "y", "origin": [0, 16, 16]},
			"faces": {
				"north": {"uv": [0, 0, 0.075, 14], "rotation": 90, "texture": "#3", "cullface": "up"},
				"south": {"uv": [0, 0, 0.075, 14], "rotation": 270, "texture": "#3", "cullface": "south"},
				"up": {"uv": [0, 0, 1, 14], "rotation": 270, "texture": "#3", "cullface": "up"}
			}
		},
		{
			"from": [0, 15.925, 0],
			"to": [1, 16, 16],
			"rotation": {"angle": 0, "axis": "y", "origin": [0, 16, 16]},
			"faces": {
				"north": {"uv": [0, 0, 0.075, 1], "rotation": 90, "texture": "#3", "cullface": "north"},
				"east": {"uv": [0, 0, 0.075, 16], "rotation": 90, "texture": "#3", "cullface": "up"},
				"south": {"uv": [0, 0, 0.075, 1], "rotation": 270, "texture": "#3", "cullface": "south"},
				"west": {"uv": [0, 0, 0.075, 16], "rotation": 90, "texture": "#3", "cullface": "west"},
				"up": {"uv": [0, 0, 16, 1], "rotation": 270, "texture": "#3", "cullface": "up"}
			}
		},
		{
			"from": [15, 15.925, 8],
			"to": [16, 16, 16],
			"rotation": {"angle": 0, "axis": "y", "origin": [0, 16, 16]},
			"faces": {
				"north": {"uv": [0, 0, 0.075, 1], "rotation": 90, "texture": "#3"},
				"east": {"uv": [0, 0, 0.075, 8], "rotation": 90, "texture": "#3", "cullface": "east"},
				"south": {"uv": [0, 0, 0.075, 1], "rotation": 270, "texture": "#3", "cullface": "south"},
				"west": {"uv": [0, 0, 0.075, 8], "rotation": 90, "texture": "#3", "cullface": "up"},
				"up": {"uv": [0, 0, 8, 1], "rotation": 270, "texture": "#3", "cullface": "up"}
			}
		},
		{
			"from": [7, 15.925, 8],
			"to": [15, 16, 9],
			"rotation": {"angle": 0, "axis": "y", "origin": [0, 16, 16]},
			"faces": {
				"north": {"uv": [0, 0, 0.075, 8], "rotation": 90, "texture": "#3"},
				"south": {"uv": [0, 0, 0.075, 8], "rotation": 270, "texture": "#3", "cullface": "east"},
				"west": {"uv": [0, 0, 0.075, 1], "rotation": 90, "texture": "#3", "cullface": "up"},
				"up": {"uv": [0, 0, 1, 8], "rotation": 270, "texture": "#3", "cullface": "up"}
			}
		},
		{
			"from": [7, 13.3334, 1],
			"to": [8, 15.925, 8],
			"rotation": {"angle": 0, "axis": "y", "origin": [0, 16, 16]},
			"faces": {
				"east": {"uv": [0, 0, 2.5916, 7], "rotation": 90, "texture": "#1"},
				"west": {"uv": [0, 0, 2.5916, 7], "rotation": 90, "texture": "#1", "cullface": "up"}
			}
		},
		{
			"from": [7, 15.925, 1],
			"to": [8, 16, 8],
			"rotation": {"angle": 0, "axis": "y", "origin": [0, 16, 16]},
			"faces": {
				"east": {"uv": [0, 0, 0.075, 7], "rotation": 90, "texture": "#3"},
				"west": {"uv": [0, 0, 0.075, 7], "rotation": 90, "texture": "#3", "cullface": "up"},
				"up": {"uv": [0, 0, 7, 1], "rotation": 270, "texture": "#3", "cullface": "up"}
			}
		},
		{
			"from": [1, 15.925, 0],
			"to": [8, 16, 1],
			"rotation": {"angle": 0, "axis": "y", "origin": [0, 16, 16]},
			"faces": {
				"north": {"uv": [0, 0, 0.075, 7], "rotation": 90, "texture": "#3", "cullface": "north"},
				"east": {"uv": [0, 0, 0.075, 1], "rotation": 90, "texture": "#3"},
				"south": {"uv": [0, 0, 0.075, 7], "rotation": 270, "texture": "#3", "cullface": "up"},
				"up": {"uv": [0, 0, 1, 7], "rotation": 270, "texture": "#3", "cullface": "up"}
			}
		},
		{
			"from": [0, 13.3334, 0],
			"to": [8, 13.5834, 16],
			"rotation": {"angle": 0, "axis": "y", "origin": [8, 8, 8]},
			"faces": {
				"up": {"uv": [0, 0, 16, 8], "rotation": 270, "texture": "#1", "cullface": "up"},
				"down": {"uv": [0, 0, 16, 8], "rotation": 270, "texture": "#1"}
			}
		},
		{
			"from": [8, 13.3334, 8],
			"to": [16, 13.5834, 16],
			"rotation": {"angle": 0, "axis": "y", "origin": [0, 16, 16]},
			"faces": {
				"up": {"uv": [0, 0, 8, 8], "rotation": 270, "texture": "#1", "cullface": "up"},
				"down": {"uv": [0, 0, 8, 8], "rotation": 270, "texture": "#1"}
			}
		},
		{
			"name": "hexadecagon",
			"from": [9.5, 12.25, 11.50272],
			"to": [14.5, 13.5, 12.49728],
			"rotation": {"angle": 45, "axis": "y", "origin": [12, 13, 12]},
			"faces": {
				"east": {"uv": [0, 0, 1.25, 0.99456], "rotation": 90, "texture": "#1"},
				"west": {"uv": [0, 0, 1.25, 0.99456], "rotation": 90, "texture": "#1"},
				"down": {"uv": [0, 0, 0.99456, 5], "rotation": 270, "texture": "#1"}
			}
		},
		{
			"name": "hexadecagon",
			"from": [9.5, 12.25, 11.50272],
			"to": [14.5, 13.5, 12.49728],
			"rotation": {"angle": 22.5, "axis": "y", "origin": [12, 13, 12]},
			"faces": {
				"east": {"uv": [0, 0, 1.25, 0.99456], "rotation": 90, "texture": "#1"},
				"west": {"uv": [0, 0, 1.25, 0.99456], "rotation": 90, "texture": "#1"},
				"down": {"uv": [0, 0, 0.99456, 5], "rotation": 270, "texture": "#1"}
			}
		},
		{
			"name": "hexadecagon",
			"from": [9.5, 12.25, 11.50272],
			"to": [14.5, 13.5, 12.49728],
			"rotation": {"angle": 0, "axis": "y", "origin": [12, 13, 12]},
			"faces": {
				"east": {"uv": [0, 0, 1.25, 0.99456], "rotation": 90, "texture": "#1"},
				"west": {"uv": [0, 0, 1.25, 0.99456], "rotation": 90, "texture": "#1"},
				"down": {"uv": [0, 0, 0.99456, 5], "rotation": 270, "texture": "#1"}
			}
		},
		{
			"name": "hexadecagon",
			"from": [9.5, 12.25, 11.50272],
			"to": [14.5, 13.5, 12.49728],
			"rotation": {"angle": -22.5, "axis": "y", "origin": [12, 13, 12]},
			"faces": {
				"east": {"uv": [0, 0, 1.25, 0.99456], "rotation": 90, "texture": "#1"},
				"west": {"uv": [0, 0, 1.25, 0.99456], "rotation": 90, "texture": "#1"},
				"down": {"uv": [0, 0, 0.99456, 5], "rotation": 270, "texture": "#1"}
			}
		},
		{
			"name": "hexadecagon",
			"from": [9.5, 12.25, 11.50272],
			"to": [14.5, 13.5, 12.49728],
			"rotation": {"angle": -45, "axis": "y", "origin": [12, 13, 12]},
			"faces": {
				"east": {"uv": [0, 0, 1.25, 0.99456], "rotation": 90, "texture": "#1"},
				"west": {"uv": [0, 0, 1.25, 0.99456], "rotation": 90, "texture": "#1"},
				"down": {"uv": [0, 0, 0.99456, 5], "rotation": 270, "texture": "#1"}
			}
		},
		{
			"name": "hexadecagon",
			"from": [11.50272, 12.25, 9.5],
			"to": [12.49728, 13.5, 14.5],
			"rotation": {"angle": 22.5, "axis": "y", "origin": [12, 13, 12]},
			"faces": {
				"north": {"uv": [0, 0, 1.25, 0.99456], "rotation": 90, "texture": "#1"},
				"south": {"uv": [0, 0, 1.25, 0.99456], "rotation": 270, "texture": "#1"},
				"down": {"uv": [0, 0, 5, 0.99456], "rotation": 270, "texture": "#1"}
			}
		},
		{
			"name": "hexadecagon",
			"from": [11.50272, 12.25, 9.5],
			"to": [12.49728, 13.5, 14.5],
			"rotation": {"angle": 0, "axis": "y", "origin": [12, 13, 12]},
			"faces": {
				"north": {"uv": [0, 0, 1.25, 0.99456], "rotation": 90, "texture": "#1"},
				"south": {"uv": [0, 0, 1.25, 0.99456], "rotation": 270, "texture": "#1"},
				"down": {"uv": [0, 0, 5, 0.99456], "rotation": 270, "texture": "#1"}
			}
		},
		{
			"name": "hexadecagon",
			"from": [11.50272, 12.25, 9.5],
			"to": [12.49728, 13.5, 14.5],
			"rotation": {"angle": -22.5, "axis": "y", "origin": [12, 13, 12]},
			"faces": {
				"north": {"uv": [0, 0, 1.25, 0.99456], "rotation": 90, "texture": "#1"},
				"south": {"uv": [0, 0, 1.25, 0.99456], "rotation": 270, "texture": "#1"},
				"down": {"uv": [0, 0, 5, 0.99456], "rotation": 270, "texture": "#1"}
			}
		},
		{
			"name": "hexadecagon",
			"from": [1.5, 12.25, 11.50272],
			"to": [6.5, 13.5, 12.49728],
			"rotation": {"angle": -45, "axis": "y", "origin": [4, 13, 12]},
			"faces": {
				"east": {"uv": [0, 0, 1.25, 0.99456], "rotation": 90, "texture": "#1"},
				"west": {"uv": [0, 0, 1.25, 0.99456], "rotation": 90, "texture": "#1"},
				"down": {"uv": [0, 0, 0.99456, 5], "rotation": 270, "texture": "#1"}
			}
		},
		{
			"name": "hexadecagon",
			"from": [1.5, 12.25, 11.50272],
			"to": [6.5, 13.5, 12.49728],
			"rotation": {"angle": -22.5, "axis": "y", "origin": [4, 13, 12]},
			"faces": {
				"east": {"uv": [0, 0, 1.25, 0.99456], "rotation": 90, "texture": "#1"},
				"west": {"uv": [0, 0, 1.25, 0.99456], "rotation": 90, "texture": "#1"},
				"down": {"uv": [0, 0, 0.99456, 5], "rotation": 270, "texture": "#1"}
			}
		},
		{
			"name": "hexadecagon",
			"from": [1.5, 12.25, 11.50272],
			"to": [6.5, 13.5, 12.49728],
			"rotation": {"angle": 0, "axis": "y", "origin": [4, 13, 12]},
			"faces": {
				"east": {"uv": [0, 0, 1.25, 0.99456], "rotation": 90, "texture": "#1"},
				"west": {"uv": [0, 0, 1.25, 0.99456], "rotation": 90, "texture": "#1"},
				"down": {"uv": [0, 0, 0.99456, 5], "rotation": 270, "texture": "#1"}
			}
		},
		{
			"name": "hexadecagon",
			"from": [1.5, 12.25, 11.50272],
			"to": [6.5, 13.5, 12.49728],
			"rotation": {"angle": 22.5, "axis": "y", "origin": [4, 13, 12]},
			"faces": {
				"east": {"uv": [0, 0, 1.25, 0.99456], "rotation": 90, "texture": "#1"},
				"west": {"uv": [0, 0, 1.25, 0.99456], "rotation": 90, "texture": "#1"},
				"down": {"uv": [0, 0, 0.99456, 5], "rotation": 270, "texture": "#1"}
			}
		},
		{
			"name": "hexadecagon",
			"from": [1.5, 12.25, 11.50272],
			"to": [6.5, 13.5, 12.49728],
			"rotation": {"angle": 45, "axis": "y", "origin": [4, 13, 12]},
			"faces": {
				"east": {"uv": [0, 0, 1.25, 0.99456], "rotation": 90, "texture": "#1"},
				"west": {"uv": [0, 0, 1.25, 0.99456], "rotation": 90, "texture": "#1"},
				"down": {"uv": [0, 0, 0.99456, 5], "rotation": 270, "texture": "#1"}
			}
		},
		{
			"name": "hexadecagon",
			"from": [3.50272, 12.25, 9.5],
			"to": [4.49728, 13.5, 14.5],
			"rotation": {"angle": -22.5, "axis": "y", "origin": [4, 13, 12]},
			"faces": {
				"north": {"uv": [0, 0, 1.25, 0.99456], "rotation": 90, "texture": "#1"},
				"south": {"uv": [0, 0, 1.25, 0.99456], "rotation": 270, "texture": "#1"},
				"down": {"uv": [0, 0, 5, 0.99456], "rotation": 270, "texture": "#1"}
			}
		},
		{
			"name": "hexadecagon",
			"from": [3.50272, 12.25, 9.5],
			"to": [4.49728, 13.5, 14.5],
			"rotation": {"angle": 0, "axis": "y", "origin": [4, 13, 12]},
			"faces": {
				"north": {"uv": [0, 0, 1.25, 0.99456], "rotation": 90, "texture": "#1"},
				"south": {"uv": [0, 0, 1.25, 0.99456], "rotation": 270, "texture": "#1"},
				"down": {"uv": [0, 0, 5, 0.99456], "rotation": 270, "texture": "#1"}
			}
		},
		{
			"name": "hexadecagon",
			"from": [3.50272, 12.25, 9.5],
			"to": [4.49728, 13.5, 14.5],
			"rotation": {"angle": 22.5, "axis": "y", "origin": [4, 13, 12]},
			"faces": {
				"north": {"uv": [0, 0, 1.25, 0.99456], "rotation": 90, "texture": "#1"},
				"south": {"uv": [0, 0, 1.25, 0.99456], "rotation": 270, "texture": "#1"},
				"down": {"uv": [0, 0, 5, 0.99456], "rotation": 270, "texture": "#1"}
			}
		},
		{
			"name": "octagon",
			"from": [3.37868, 13.5, 6.5],
			"to": [4.62132, 15.25, 9.5],
			"rotation": {"angle": 0, "axis": "x", "origin": [4, 14, 8]},
			"faces": {
				"north": {"uv": [0, 0, 1.75, 1.24264], "rotation": 90, "texture": "#1", "cullface": "up"},
				"south": {"uv": [0, 0, 1.75, 1.24264], "rotation": 270, "texture": "#1", "cullface": "up"},
				"up": {"uv": [0, 0, 3, 1.24264], "rotation": 270, "texture": "#1", "cullface": "up"}
			}
		},
		{
			"name": "octagon",
			"from": [2.5, 13.5, 7.37868],
			"to": [5.5, 15.25, 8.62132],
			"rotation": {"angle": -45, "axis": "y", "origin": [4, 14, 8]},
			"faces": {
				"east": {"uv": [0, 0, 1.75, 1.24264], "rotation": 90, "texture": "#1", "cullface": "up"},
				"west": {"uv": [0, 0, 1.75, 1.24264], "rotation": 90, "texture": "#1", "cullface": "up"},
				"up": {"uv": [0, 0, 1.24264, 3], "rotation": 270, "texture": "#1", "cullface": "up"}
			}
		},
		{
			"name": "octagon",
			"from": [2.5, 13.5, 7.37868],
			"to": [5.5, 15.25, 8.62132],
			"rotation": {"angle": 0, "axis": "x", "origin": [4, 14, 8]},
			"faces": {
				"east": {"uv": [0, 0, 1.75, 1.24264], "rotation": 90, "texture": "#1", "cullface": "up"},
				"west": {"uv": [0, 0, 1.75, 1.24264], "rotation": 90, "texture": "#1", "cullface": "up"},
				"up": {"uv": [0, 0, 1.24264, 3], "rotation": 270, "texture": "#1", "cullface": "up"}
			}
		},
		{
			"name": "octagon",
			"from": [3.37868, 13.5, 6.5],
			"to": [4.62132, 15.25, 9.5],
			"rotation": {"angle": -45, "axis": "y", "origin": [4, 14, 8]},
			"faces": {
				"north": {"uv": [0, 0, 1.75, 1.24264], "rotation": 90, "texture": "#1", "cullface": "up"},
				"south": {"uv": [0, 0, 1.75, 1.24264], "rotation": 270, "texture": "#1", "cullface": "up"},
				"up": {"uv": [0, 0, 3, 1.24264], "rotation": 270, "texture": "#1", "cullface": "up"}
			}
		},
		{
			"name": "octagon",
			"from": [7.37868, 13.5, 10.5],
			"to": [8.62132, 15.25, 13.5],
			"rotation": {"angle": 0, "axis": "x", "origin": [8, 14, 12]},
			"faces": {
				"north": {"uv": [0, 0, 1.75, 1.24264], "rotation": 90, "texture": "#1", "cullface": "up"},
				"south": {"uv": [0, 0, 1.75, 1.24264], "rotation": 270, "texture": "#1", "cullface": "up"},
				"up": {"uv": [0, 0, 3, 1.24264], "rotation": 270, "texture": "#1", "cullface": "up"}
			}
		},
		{
			"name": "octagon",
			"from": [6.5, 13.5, 11.37868],
			"to": [9.5, 15.25, 12.62132],
			"rotation": {"angle": -45, "axis": "y", "origin": [8, 14, 12]},
			"faces": {
				"east": {"uv": [0, 0, 1.75, 1.24264], "rotation": 90, "texture": "#1", "cullface": "up"},
				"west": {"uv": [0, 0, 1.75, 1.24264], "rotation": 90, "texture": "#1", "cullface": "up"},
				"up": {"uv": [0, 0, 1.24264, 3], "rotation": 270, "texture": "#1", "cullface": "up"}
			}
		},
		{
			"name": "octagon",
			"from": [6.5, 13.5, 11.37868],
			"to": [9.5, 15.25, 12.62132],
			"rotation": {"angle": 0, "axis": "x", "origin": [8, 14, 12]},
			"faces": {
				"east": {"uv": [0, 0, 1.75, 1.24264], "rotation": 90, "texture": "#1", "cullface": "up"},
				"west": {"uv": [0, 0, 1.75, 1.24264], "rotation": 90, "texture": "#1", "cullface": "up"},
				"up": {"uv": [0, 0, 1.24264, 3], "rotation": 270, "texture": "#1", "cullface": "up"}
			}
		},
		{
			"name": "octagon",
			"from": [7.37868, 13.5, 10.5],
			"to": [8.62132, 15.25, 13.5],
			"rotation": {"angle": -45, "axis": "y", "origin": [8, 14, 12]},
			"faces": {
				"north": {"uv": [0, 0, 1.75, 1.24264], "rotation": 90, "texture": "#1", "cullface": "up"},
				"south": {"uv": [0, 0, 1.75, 1.24264], "rotation": 270, "texture": "#1", "cullface": "up"},
				"up": {"uv": [0, 0, 3, 1.24264], "rotation": 270, "texture": "#1", "cullface": "up"}
			}
		},
		{
			"from": [0.53625, 9.9909, 0],
			"to": [3.03875, 12.01029, 8],
			"rotation": {"angle": 0, "axis": "z", "origin": [2.85311, 11.31418, 4]},
			"faces": {
				"north": {"uv": [0, 0, 2.01939, 2.5025], "rotation": 90, "texture": "#3", "cullface": "north"},
				"south": {"uv": [0, 0, 2.01939, 2.5025], "rotation": 270, "texture": "#3"}
			}
		},
		{
			"from": [0, 12.01029, 0],
			"to": [8, 13.2084, 8],
			"rotation": {"angle": 0, "axis": "z", "origin": [2.85311, 11.31418, 4]},
			"faces": {
				"north": {"uv": [0, 0, 1.19811, 8], "rotation": 90, "texture": "#3", "cullface": "north"},
				"east": {"uv": [0, 0, 1.19811, 8], "rotation": 270, "texture": "#3"},
				"south": {"uv": [0, 0, 1.19811, 8], "rotation": 270, "texture": "#3"},
				"west": {"uv": [0, 0, 1.19811, 8], "rotation": 270, "texture": "#3", "cullface": "west"}
			}
		},
		{
			"from": [0, 13.2084, 0],
			"to": [8, 13.3334, 8],
			"rotation": {"angle": 0, "axis": "z", "origin": [2.85311, 11.31418, 4]},
			"faces": {
				"north": {"uv": [0, 0, 0.125, 8], "rotation": 90, "texture": "#5", "cullface": "north"},
				"east": {"uv": [0, 0, 0.125, 8], "rotation": 270, "texture": "#5"},
				"south": {"uv": [0, 0, 0.125, 8], "rotation": 270, "texture": "#5"},
				"west": {"uv": [0, 0, 0.125, 8], "rotation": 270, "texture": "#5", "cullface": "west"}
			}
		},
		{
			"from": [3.03875, 11.0634, 0],
			"to": [5.25525, 12.01029, 8],
			"rotation": {"angle": 0, "axis": "z", "origin": [2.85311, 11.31418, 4]},
			"faces": {
				"north": {"uv": [0, 0, 0.94689, 2.2165], "rotation": 90, "texture": "#3", "cullface": "north"},
				"south": {"uv": [0, 0, 0.94689, 2.2165], "rotation": 270, "texture": "#3"}
			}
		},
		{
			"from": [-0.20421, 9.98767, 0],
			"to": [7.87461, 11.05988, 8],
			"rotation": {"angle": 22.5, "axis": "z", "origin": [2.85311, 11.31418, 4]},
			"faces": {
				"north": {"uv": [0, 0, 1.07221, 8.07882], "rotation": 90, "texture": "#3", "cullface": "north"},
				"south": {"uv": [0, 0, 1.07221, 8.07882], "rotation": 270, "texture": "#3"},
				"down": {"uv": [0, 0, 8, 8.07882], "rotation": 270, "texture": "#3"}
			}
		},
		{
			"from": [0, 8.9184, 0],
			"to": [0.53625, 12.01029, 8],
			"rotation": {"angle": 0, "axis": "z", "origin": [2.85311, 11.31418, 4]},
			"faces": {
				"north": {"uv": [0, 0, 3.09189, 0.53625], "rotation": 90, "texture": "#3", "cullface": "north"},
				"south": {"uv": [0, 0, 3.09189, 0.53625], "rotation": 270, "texture": "#3"},
				"west": {"uv": [0, 0, 3.09189, 8], "rotation": 270, "texture": "#3", "cullface": "west"},
				"down": {"uv": [0, 0, 8, 0.53625], "rotation": 270, "texture": "#3"}
			}
		}
	],
	"display": {
		"thirdperson_righthand": {
			"rotation": [75, 78, 0],
			"translation": [-0.5, 2.75, 2],
			"scale": [0.55, 0.55, 0.55]
		},
		"thirdperson_lefthand": {
			"rotation": [75, -78, 0],
			"translation": [0.25, 2.75, 2],
			"scale": [0.55, 0.55, 0.55]
		},
		"firstperson_righthand": {
			"rotation": [0, 90, -10],
			"translation": [1.13, 3.7, 0.63],
			"scale": [0.68, 0.68, 0.68]
		},
		"firstperson_lefthand": {
			"rotation": [0, -60, 10],
			"translation": [1.13, 3.7, 0.63],
			"scale": [0.68, 0.68, 0.68]
		},
		"ground": {
			"translation": [0, 2, 0],
			"scale": [0.5, 0.5, 0.5]
		},
		"gui": {
			"rotation": [30, 124, 0],
			"translation": [0, 3.75, 0]
		},
		"head": {
			"rotation": [0, 180, 0],
			"translation": [0, 15, 0.25]
		},
		"fixed": {
			"rotation": [0, 157, 0],
			"translation": [0, 3.5, 0]
		}
	},
	"groups": [
		{
			"name": "vine",
			"origin": [8, 8, 8],
			"color": 0,
			"children": [0, 1, 2, 3, 4, 5, 6, 7, 8, 9, 10, 11, 12, 13,
				{
					"name": "Noppen",
					"origin": [8, 8, 8],
					"color": 0,
					"children": [
						{
							"name": "hexadecagon",
							"origin": [8, 8, 8],
							"color": 0,
							"children": [14, 15, 16, 17, 18, 19, 20, 21]
						},
						{
							"name": "hexadecagon",
							"origin": [8, 8, 8],
							"color": 0,
							"children": [22, 23, 24, 25, 26, 27, 28, 29]
						},
						{
							"name": "octagon",
							"origin": [8, 8, 8],
							"color": 0,
							"children": [30, 31, 32, 33]
						},
						{
							"name": "octagon",
							"origin": [8, 8, 8],
							"color": 0,
							"children": [34, 35, 36, 37]
						}
					]
				}
			]
		},
		{
			"name": "flat_angleled_nob",
			"origin": [8, 8, 8],
			"color": 0,
			"children": [
				{
					"name": "group",
					"origin": [6.27203, 3.54444, 7.9848],
					"color": 0,
					"children": [38, 39, 40, 41, 42, 43]
				}
			]
		}
	]
}