{
	"credit": "AlexTestria | https://alex-bauerndistel.de",
	"textures": {
		"1": "brickcraft/material/plastics/shader_support/plastic45",
		"3": "brickcraft/material/plastics/shader_support/plastic46",
		"5": "brickcraft/material/plastics/shader_support/plastic62",
		"particle": "brickcraft/material/plastics/shader_support/plastic45"
	},
	"elements": [
		{
			"from": [13.3334, 15, 0],
			"to": [15.925, 16, 16],
			"rotation": {"angle": 0, "axis": "y", "origin": [16, 16, 16]},
			"faces": {
				"north": {"uv": [0, 0, 2.5916, 1], "texture": "#1", "cullface": "north"},
				"south": {"uv": [0, 0, 2.5916, 1], "texture": "#1", "cullface": "south"},
				"up": {"uv": [0, 0, 2.5916, 16], "rotation": 180, "texture": "#1", "cullface": "up"},
				"down": {"uv": [0, 0, 2.5916, 16], "rotation": 180, "texture": "#1", "cullface": "east"}
			}
		},
		{
			"from": [13.3334, 8, 0],
			"to": [15.925, 15, 1],
			"rotation": {"angle": 0, "axis": "y", "origin": [16, 16, 16]},
			"faces": {
				"north": {"uv": [0, 0, 2.5916, 7], "texture": "#1", "cullface": "north"},
				"south": {"uv": [0, 0, 2.5916, 7], "texture": "#1", "cullface": "east"},
				"down": {"uv": [0, 0, 2.5916, 1], "rotation": 180, "texture": "#1"}
			}
		},
		{
			"from": [13.3334, 1, 15],
			"to": [15.925, 15, 16],
			"rotation": {"angle": 0, "axis": "y", "origin": [16, 16, 16]},
			"faces": {
				"north": {"uv": [0, 0, 2.5916, 14], "texture": "#1", "cullface": "east"},
				"south": {"uv": [0, 0, 2.5916, 14], "texture": "#1", "cullface": "south"}
			}
		},
		{
			"from": [13.3334, 0, 8],
			"to": [15.925, 1, 16],
			"rotation": {"angle": 0, "axis": "y", "origin": [16, 16, 16]},
			"faces": {
				"north": {"uv": [0, 0, 2.5916, 1], "texture": "#1"},
				"south": {"uv": [0, 0, 2.5916, 1], "texture": "#1", "cullface": "south"},
				"up": {"uv": [0, 0, 2.5916, 8], "rotation": 180, "texture": "#1", "cullface": "east"},
				"down": {"uv": [0, 0, 2.5916, 8], "rotation": 180, "texture": "#1", "cullface": "down"}
			}
		},
		{
			"from": [13.3334, 1, 8],
			"to": [15.925, 9, 9],
			"rotation": {"angle": 0, "axis": "y", "origin": [16, 16, 16]},
			"faces": {
				"north": {"uv": [0, 0, 2.5916, 8], "texture": "#1"},
				"south": {"uv": [0, 0, 2.5916, 8], "texture": "#1", "cullface": "east"},
				"up": {"uv": [0, 0, 2.5916, 1], "rotation": 180, "texture": "#1", "cullface": "east"}
			}
		},
		{
			"from": [15.925, 1, 15],
			"to": [16, 15, 16],
			"rotation": {"angle": 0, "axis": "y", "origin": [16, 16, 16]},
			"faces": {
				"north": {"uv": [0, 0, 0.075, 14], "texture": "#3", "cullface": "east"},
				"east": {"uv": [0, 0, 1, 14], "texture": "#3", "cullface": "east"},
				"south": {"uv": [0, 0, 0.075, 14], "texture": "#3", "cullface": "south"}
			}
		},
		{
			"from": [15.925, 15, 0],
			"to": [16, 16, 16],
			"rotation": {"angle": 0, "axis": "y", "origin": [16, 16, 16]},
			"faces": {
				"north": {"uv": [0, 0, 0.075, 1], "texture": "#3", "cullface": "north"},
				"east": {"uv": [0, 0, 16, 1], "texture": "#3", "cullface": "east"},
				"south": {"uv": [0, 0, 0.075, 1], "texture": "#3", "cullface": "south"},
				"up": {"uv": [0, 0, 0.075, 16], "rotation": 180, "texture": "#3", "cullface": "up"},
				"down": {"uv": [0, 0, 0.075, 16], "rotation": 180, "texture": "#3", "cullface": "east"}
			}
		},
		{
			"from": [15.925, 0, 8],
			"to": [16, 1, 16],
			"rotation": {"angle": 0, "axis": "y", "origin": [16, 16, 16]},
			"faces": {
				"north": {"uv": [0, 0, 0.075, 1], "texture": "#3"},
				"east": {"uv": [0, 0, 8, 1], "texture": "#3", "cullface": "east"},
				"south": {"uv": [0, 0, 0.075, 1], "texture": "#3", "cullface": "south"},
				"up": {"uv": [0, 0, 0.075, 8], "rotation": 180, "texture": "#3", "cullface": "east"},
				"down": {"uv": [0, 0, 0.075, 8], "rotation": 180, "texture": "#3", "cullface": "down"}
			}
		},
		{
			"from": [15.925, 1, 8],
			"to": [16, 9, 9],
			"rotation": {"angle": 0, "axis": "y", "origin": [16, 16, 16]},
			"faces": {
				"north": {"uv": [0, 0, 0.075, 8], "texture": "#3"},
				"east": {"uv": [0, 0, 1, 8], "texture": "#3", "cullface": "east"},
				"south": {"uv": [0, 0, 0.075, 8], "texture": "#3", "cullface": "east"},
				"up": {"uv": [0, 0, 0.075, 1], "rotation": 180, "texture": "#3", "cullface": "east"}
			}
		},
		{
			"from": [13.3334, 8, 1],
			"to": [15.925, 9, 8],
			"rotation": {"angle": 0, "axis": "y", "origin": [16, 16, 16]},
			"faces": {
				"up": {"uv": [0, 0, 2.5916, 7], "rotation": 180, "texture": "#1", "cullface": "east"},
				"down": {"uv": [0, 0, 2.5916, 7], "rotation": 180, "texture": "#1"}
			}
		},
		{
			"from": [15.925, 8, 1],
			"to": [16, 9, 8],
			"rotation": {"angle": 0, "axis": "y", "origin": [16, 16, 16]},
			"faces": {
				"east": {"uv": [0, 0, 7, 1], "texture": "#3", "cullface": "east"},
				"up": {"uv": [0, 0, 0.075, 7], "rotation": 180, "texture": "#3", "cullface": "east"},
				"down": {"uv": [0, 0, 0.075, 7], "rotation": 180, "texture": "#3"}
			}
		},
		{
			"from": [15.925, 8, 0],
			"to": [16, 15, 1],
			"rotation": {"angle": 0, "axis": "y", "origin": [16, 16, 16]},
			"faces": {
				"north": {"uv": [0, 0, 0.075, 7], "texture": "#3", "cullface": "north"},
				"east": {"uv": [0, 0, 1, 7], "texture": "#3", "cullface": "east"},
				"south": {"uv": [0, 0, 0.075, 7], "texture": "#3", "cullface": "east"},
				"down": {"uv": [0, 0, 0.075, 1], "rotation": 180, "texture": "#3"}
			}
		},
		{
			"from": [13.3334, 8, 0],
			"to": [13.5834, 16, 16],
			"rotation": {"angle": 0, "axis": "y", "origin": [8, 16, 8]},
			"faces": {
				"east": {"uv": [0, 0, 16, 8], "texture": "#1", "cullface": "east"},
				"west": {"uv": [0, 0, 16, 8], "texture": "#1"}
			}
		},
		{
			"from": [0, 8, 13.3334],
			"to": [8, 16, 13.5834],
			"rotation": {"angle": 0, "axis": "y", "origin": [8, 16, 8]},
			"faces": {
				"north": {"uv": [0, 0, 16, 8], "texture": "#1"},
				"south": {"uv": [0, 0, 16, 8], "texture": "#1", "cullface": "south"}
			}
		},
		{
			"from": [0, 9, 13.3334],
			"to": [1, 15, 15.925],
			"rotation": {"angle": 0, "axis": "y", "origin": [0, 16, 16]},
			"faces": {
				"east": {"uv": [0, 0, 2.5916, 14], "texture": "#1", "cullface": "south"},
				"west": {"uv": [0, 0, 2.5916, 14], "texture": "#1", "cullface": "west"}
			}
		},
		{
			"from": [0, 8, 13.3334],
			"to": [8, 9, 15.925],
			"rotation": {"angle": 0, "axis": "y", "origin": [0, 16, 16]},
			"faces": {
				"east": {"uv": [0, 0, 2.5916, 1], "texture": "#1"},
				"west": {"uv": [0, 0, 2.5916, 1], "texture": "#1", "cullface": "west"},
				"up": {"uv": [0, 0, 2.5916, 8], "rotation": 270, "texture": "#1", "cullface": "south"},
				"down": {"uv": [0, 0, 2.5916, 8], "rotation": 90, "texture": "#1"}
			}
		},
		{
			"from": [0, 15, 13.3334],
			"to": [8, 16, 15.925],
			"rotation": {"angle": 0, "axis": "y", "origin": [0, 16, 16]},
			"faces": {
				"east": {"uv": [0, 0, 2.5916, 1], "texture": "#1"},
				"west": {"uv": [0, 0, 2.5916, 1], "texture": "#1", "cullface": "west"},
				"up": {"uv": [0, 0, 2.5916, 16], "rotation": 270, "texture": "#1", "cullface": "up"},
				"down": {"uv": [0, 0, 2.5916, 16], "rotation": 90, "texture": "#1", "cullface": "south"}
			}
		},
		{
			"from": [0, 15, 15.925],
			"to": [8, 16, 16],
			"rotation": {"angle": 0, "axis": "y", "origin": [0, 16, 16]},
			"faces": {
				"east": {"uv": [0, 0, 0.075, 1], "texture": "#3"},
				"south": {"uv": [0, 0, 16, 1], "texture": "#3", "cullface": "south"},
				"west": {"uv": [0, 0, 0.075, 1], "texture": "#3", "cullface": "west"},
				"up": {"uv": [0, 0, 0.075, 16], "rotation": 270, "texture": "#3", "cullface": "up"},
				"down": {"uv": [0, 0, 0.075, 16], "rotation": 90, "texture": "#3", "cullface": "east"}
			}
		},
		{
			"from": [0, 9, 15.925],
			"to": [1, 15, 16],
			"rotation": {"angle": 0, "axis": "y", "origin": [0, 16, 16]},
			"faces": {
				"east": {"uv": [0, 0, 0.075, 14], "texture": "#3", "cullface": "east"},
				"south": {"uv": [0, 0, 1, 14], "texture": "#3", "cullface": "south"},
				"west": {"uv": [0, 0, 0.075, 14], "texture": "#3", "cullface": "west"}
			}
		},
		{
			"from": [7, 9, 13.3334],
			"to": [8, 15, 15.925],
			"rotation": {"angle": 0, "axis": "y", "origin": [0, 16, 16]},
			"faces": {
				"east": {"uv": [0, 0, 2.5916, 8], "texture": "#1"},
				"west": {"uv": [0, 0, 2.5916, 8], "texture": "#1", "cullface": "south"},
				"up": {"uv": [0, 0, 2.5916, 1], "rotation": 270, "texture": "#1", "cullface": "east"}
			}
		},
		{
			"from": [7, 9, 15.925],
			"to": [8, 15, 16],
			"rotation": {"angle": 0, "axis": "y", "origin": [0, 16, 16]},
			"faces": {
				"east": {"uv": [0, 0, 0.075, 8], "texture": "#3"},
				"south": {"uv": [0, 0, 1, 8], "texture": "#3", "cullface": "south"},
				"west": {"uv": [0, 0, 0.075, 8], "texture": "#3", "cullface": "east"},
				"up": {"uv": [0, 0, 0.075, 1], "rotation": 270, "texture": "#3", "cullface": "east"}
			}
		},
		{
			"from": [0, 8, 15.925],
			"to": [8, 9, 16],
			"rotation": {"angle": 0, "axis": "y", "origin": [0, 16, 16]},
			"faces": {
				"east": {"uv": [0, 0, 0.075, 1], "texture": "#3"},
				"south": {"uv": [0, 0, 8, 1], "texture": "#3", "cullface": "south"},
				"west": {"uv": [0, 0, 0.075, 1], "texture": "#3", "cullface": "west"},
				"up": {"uv": [0, 0, 0.075, 8], "rotation": 270, "texture": "#3", "cullface": "east"},
				"down": {"uv": [0, 0, 0.075, 8], "rotation": 90, "texture": "#3"}
			}
		},
		{
			"from": [13.3334, 0, 8],
			"to": [13.5834, 8, 16],
			"rotation": {"angle": 0, "axis": "y", "origin": [16, 16, 16]},
			"faces": {
				"east": {"uv": [0, 0, 8, 8], "texture": "#1", "cullface": "east"},
				"west": {"uv": [0, 0, 8, 8], "texture": "#1"}
			}
		},
		{
			"name": "hexadecagon",
			"from": [12.25, 1.5, 11.50272],
			"to": [13.5, 6.5, 12.49728],
			"rotation": {"angle": 45, "axis": "x", "origin": [13, 4, 12]},
			"faces": {
				"west": {"uv": [0, 0, 0.99456, 5], "texture": "#1"},
				"up": {"uv": [0, 0, 1.25, 0.99456], "rotation": 180, "texture": "#1"},
				"down": {"uv": [0, 0, 1.25, 0.99456], "rotation": 180, "texture": "#1"}
			}
		},
		{
			"name": "hexadecagon",
			"from": [12.25, 1.5, 11.50272],
			"to": [13.5, 6.5, 12.49728],
			"rotation": {"angle": 22.5, "axis": "x", "origin": [13, 4, 12]},
			"faces": {
				"west": {"uv": [0, 0, 0.99456, 5], "texture": "#1"},
				"up": {"uv": [0, 0, 1.25, 0.99456], "rotation": 180, "texture": "#1"},
				"down": {"uv": [0, 0, 1.25, 0.99456], "rotation": 180, "texture": "#1"}
			}
		},
		{
			"name": "hexadecagon",
			"from": [12.25, 1.5, 11.50272],
			"to": [13.5, 6.5, 12.49728],
			"rotation": {"angle": 0, "axis": "y", "origin": [13, 4, 12]},
			"faces": {
				"west": {"uv": [0, 0, 0.99456, 5], "texture": "#1"},
				"up": {"uv": [0, 0, 1.25, 0.99456], "rotation": 180, "texture": "#1"},
				"down": {"uv": [0, 0, 1.25, 0.99456], "rotation": 180, "texture": "#1"}
			}
		},
		{
			"name": "hexadecagon",
			"from": [12.25, 1.5, 11.50272],
			"to": [13.5, 6.5, 12.49728],
			"rotation": {"angle": -22.5, "axis": "x", "origin": [13, 4, 12]},
			"faces": {
				"west": {"uv": [0, 0, 0.99456, 5], "texture": "#1"},
				"up": {"uv": [0, 0, 1.25, 0.99456], "rotation": 180, "texture": "#1"},
				"down": {"uv": [0, 0, 1.25, 0.99456], "rotation": 180, "texture": "#1"}
			}
		},
		{
			"name": "hexadecagon",
			"from": [12.25, 1.5, 11.50272],
			"to": [13.5, 6.5, 12.49728],
			"rotation": {"angle": -45, "axis": "x", "origin": [13, 4, 12]},
			"faces": {
				"west": {"uv": [0, 0, 0.99456, 5], "texture": "#1"},
				"up": {"uv": [0, 0, 1.25, 0.99456], "rotation": 180, "texture": "#1"},
				"down": {"uv": [0, 0, 1.25, 0.99456], "rotation": 180, "texture": "#1"}
			}
		},
		{
			"name": "hexadecagon",
			"from": [12.25, 3.50272, 9.5],
			"to": [13.5, 4.49728, 14.5],
			"rotation": {"angle": 22.5, "axis": "x", "origin": [13, 4, 12]},
			"faces": {
				"north": {"uv": [0, 0, 1.25, 0.99456], "texture": "#1"},
				"south": {"uv": [0, 0, 1.25, 0.99456], "texture": "#1"},
				"west": {"uv": [0, 0, 5, 0.99456], "texture": "#1"}
			}
		},
		{
			"name": "hexadecagon",
			"from": [12.25, 3.50272, 9.5],
			"to": [13.5, 4.49728, 14.5],
			"rotation": {"angle": 0, "axis": "y", "origin": [13, 4, 12]},
			"faces": {
				"north": {"uv": [0, 0, 1.25, 0.99456], "texture": "#1"},
				"south": {"uv": [0, 0, 1.25, 0.99456], "texture": "#1"},
				"west": {"uv": [0, 0, 5, 0.99456], "texture": "#1"}
			}
		},
		{
			"name": "hexadecagon",
			"from": [12.25, 3.50272, 9.5],
			"to": [13.5, 4.49728, 14.5],
			"rotation": {"angle": -22.5, "axis": "x", "origin": [13, 4, 12]},
			"faces": {
				"north": {"uv": [0, 0, 1.25, 0.99456], "texture": "#1"},
				"south": {"uv": [0, 0, 1.25, 0.99456], "texture": "#1"},
				"west": {"uv": [0, 0, 5, 0.99456], "texture": "#1"}
			}
		},
		{
			"name": "hexadecagon",
			"from": [12.25, 9.5, 11.50272],
			"to": [13.5, 14.5, 12.49728],
			"rotation": {"angle": -45, "axis": "x", "origin": [13, 12, 12]},
			"faces": {
				"west": {"uv": [0, 0, 0.99456, 5], "texture": "#1"},
				"up": {"uv": [0, 0, 1.25, 0.99456], "rotation": 180, "texture": "#1"},
				"down": {"uv": [0, 0, 1.25, 0.99456], "rotation": 180, "texture": "#1"}
			}
		},
		{
			"name": "hexadecagon",
			"from": [12.25, 9.5, 11.50272],
			"to": [13.5, 14.5, 12.49728],
			"rotation": {"angle": -22.5, "axis": "x", "origin": [13, 12, 12]},
			"faces": {
				"west": {"uv": [0, 0, 0.99456, 5], "texture": "#1"},
				"up": {"uv": [0, 0, 1.25, 0.99456], "rotation": 180, "texture": "#1"},
				"down": {"uv": [0, 0, 1.25, 0.99456], "rotation": 180, "texture": "#1"}
			}
		},
		{
			"name": "hexadecagon",
			"from": [12.25, 9.5, 11.50272],
			"to": [13.5, 14.5, 12.49728],
			"rotation": {"angle": 0, "axis": "y", "origin": [13, 12, 12]},
			"faces": {
				"west": {"uv": [0, 0, 0.99456, 5], "texture": "#1"},
				"up": {"uv": [0, 0, 1.25, 0.99456], "rotation": 180, "texture": "#1"},
				"down": {"uv": [0, 0, 1.25, 0.99456], "rotation": 180, "texture": "#1"}
			}
		},
		{
			"name": "hexadecagon",
			"from": [12.25, 9.5, 11.50272],
			"to": [13.5, 14.5, 12.49728],
			"rotation": {"angle": 22.5, "axis": "x", "origin": [13, 12, 12]},
			"faces": {
				"west": {"uv": [0, 0, 0.99456, 5], "texture": "#1"},
				"up": {"uv": [0, 0, 1.25, 0.99456], "rotation": 180, "texture": "#1"},
				"down": {"uv": [0, 0, 1.25, 0.99456], "rotation": 180, "texture": "#1"}
			}
		},
		{
			"name": "hexadecagon",
			"from": [12.25, 9.5, 11.50272],
			"to": [13.5, 14.5, 12.49728],
			"rotation": {"angle": 45, "axis": "x", "origin": [13, 12, 12]},
			"faces": {
				"west": {"uv": [0, 0, 0.99456, 5], "texture": "#1"},
				"up": {"uv": [0, 0, 1.25, 0.99456], "rotation": 180, "texture": "#1"},
				"down": {"uv": [0, 0, 1.25, 0.99456], "rotation": 180, "texture": "#1"}
			}
		},
		{
			"name": "hexadecagon",
			"from": [12.25, 11.50272, 9.5],
			"to": [13.5, 12.49728, 14.5],
			"rotation": {"angle": -22.5, "axis": "x", "origin": [13, 12, 12]},
			"faces": {
				"north": {"uv": [0, 0, 1.25, 0.99456], "texture": "#1"},
				"south": {"uv": [0, 0, 1.25, 0.99456], "texture": "#1"},
				"west": {"uv": [0, 0, 5, 0.99456], "texture": "#1"}
			}
		},
		{
			"name": "hexadecagon",
			"from": [12.25, 11.50272, 9.5],
			"to": [13.5, 12.49728, 14.5],
			"rotation": {"angle": 0, "axis": "y", "origin": [13, 12, 12]},
			"faces": {
				"north": {"uv": [0, 0, 1.25, 0.99456], "texture": "#1"},
				"south": {"uv": [0, 0, 1.25, 0.99456], "texture": "#1"},
				"west": {"uv": [0, 0, 5, 0.99456], "texture": "#1"}
			}
		},
		{
			"name": "hexadecagon",
			"from": [12.25, 11.50272, 9.5],
			"to": [13.5, 12.49728, 14.5],
			"rotation": {"angle": 22.5, "axis": "x", "origin": [13, 12, 12]},
			"faces": {
				"north": {"uv": [0, 0, 1.25, 0.99456], "texture": "#1"},
				"south": {"uv": [0, 0, 1.25, 0.99456], "texture": "#1"},
				"west": {"uv": [0, 0, 5, 0.99456], "texture": "#1"}
			}
		},
		{
			"name": "hexadecagon",
			"from": [3.50272, 9.5, 12.25],
			"to": [4.49728, 14.5, 13.5],
			"rotation": {"angle": -45, "axis": "z", "origin": [4, 12, 13]},
			"faces": {
				"north": {"uv": [0, 0, 0.99456, 5], "texture": "#1"},
				"up": {"uv": [0, 0, 1.25, 0.99456], "rotation": 270, "texture": "#1"},
				"down": {"uv": [0, 0, 1.25, 0.99456], "rotation": 90, "texture": "#1"}
			}
		},
		{
			"name": "hexadecagon",
			"from": [3.50272, 9.5, 12.25],
			"to": [4.49728, 14.5, 13.5],
			"rotation": {"angle": -22.5, "axis": "z", "origin": [4, 12, 13]},
			"faces": {
				"north": {"uv": [0, 0, 0.99456, 5], "texture": "#1"},
				"up": {"uv": [0, 0, 1.25, 0.99456], "rotation": 270, "texture": "#1"},
				"down": {"uv": [0, 0, 1.25, 0.99456], "rotation": 90, "texture": "#1"}
			}
		},
		{
			"name": "hexadecagon",
			"from": [3.50272, 9.5, 12.25],
			"to": [4.49728, 14.5, 13.5],
			"rotation": {"angle": 0, "axis": "y", "origin": [4, 12, 13]},
			"faces": {
				"north": {"uv": [0, 0, 0.99456, 5], "texture": "#1"},
				"up": {"uv": [0, 0, 1.25, 0.99456], "rotation": 270, "texture": "#1"},
				"down": {"uv": [0, 0, 1.25, 0.99456], "rotation": 90, "texture": "#1"}
			}
		},
		{
			"name": "hexadecagon",
			"from": [3.50272, 9.5, 12.25],
			"to": [4.49728, 14.5, 13.5],
			"rotation": {"angle": 22.5, "axis": "z", "origin": [4, 12, 13]},
			"faces": {
				"north": {"uv": [0, 0, 0.99456, 5], "texture": "#1"},
				"up": {"uv": [0, 0, 1.25, 0.99456], "rotation": 270, "texture": "#1"},
				"down": {"uv": [0, 0, 1.25, 0.99456], "rotation": 90, "texture": "#1"}
			}
		},
		{
			"name": "hexadecagon",
			"from": [3.50272, 9.5, 12.25],
			"to": [4.49728, 14.5, 13.5],
			"rotation": {"angle": 45, "axis": "z", "origin": [4, 12, 13]},
			"faces": {
				"north": {"uv": [0, 0, 0.99456, 5], "texture": "#1"},
				"up": {"uv": [0, 0, 1.25, 0.99456], "rotation": 270, "texture": "#1"},
				"down": {"uv": [0, 0, 1.25, 0.99456], "rotation": 90, "texture": "#1"}
			}
		},
		{
			"name": "hexadecagon",
			"from": [1.5, 11.50272, 12.25],
			"to": [6.5, 12.49728, 13.5],
			"rotation": {"angle": -22.5, "axis": "z", "origin": [4, 12, 13]},
			"faces": {
				"north": {"uv": [0, 0, 5, 0.99456], "texture": "#1"},
				"east": {"uv": [0, 0, 1.25, 0.99456], "texture": "#1"},
				"west": {"uv": [0, 0, 1.25, 0.99456], "texture": "#1"}
			}
		},
		{
			"name": "hexadecagon",
			"from": [1.5, 11.50272, 12.25],
			"to": [6.5, 12.49728, 13.5],
			"rotation": {"angle": 0, "axis": "y", "origin": [4, 12, 13]},
			"faces": {
				"north": {"uv": [0, 0, 5, 0.99456], "texture": "#1"},
				"east": {"uv": [0, 0, 1.25, 0.99456], "texture": "#1"},
				"west": {"uv": [0, 0, 1.25, 0.99456], "texture": "#1"}
			}
		},
		{
			"name": "hexadecagon",
			"from": [1.5, 11.50272, 12.25],
			"to": [6.5, 12.49728, 13.5],
			"rotation": {"angle": 22.5, "axis": "z", "origin": [4, 12, 13]},
			"faces": {
				"north": {"uv": [0, 0, 5, 0.99456], "texture": "#1"},
				"east": {"uv": [0, 0, 1.25, 0.99456], "texture": "#1"},
				"west": {"uv": [0, 0, 1.25, 0.99456], "texture": "#1"}
			}
		},
		{
			"name": "octagon",
			"from": [13.5, 11.37868, 6.5],
			"to": [15.25, 12.62132, 9.5],
			"rotation": {"angle": 0, "axis": "x", "origin": [14, 12, 8]},
			"faces": {
				"north": {"uv": [0, 0, 1.75, 1.24264], "texture": "#1", "cullface": "east"},
				"east": {"uv": [0, 0, 3, 1.24264], "texture": "#1", "cullface": "east"},
				"south": {"uv": [0, 0, 1.75, 1.24264], "texture": "#1", "cullface": "east"}
			}
		},
		{
			"name": "octagon",
			"from": [13.5, 10.5, 7.37868],
			"to": [15.25, 13.5, 8.62132],
			"rotation": {"angle": -45, "axis": "x", "origin": [14, 12, 8]},
			"faces": {
				"east": {"uv": [0, 0, 1.24264, 3], "texture": "#1", "cullface": "east"},
				"up": {"uv": [0, 0, 1.75, 1.24264], "rotation": 180, "texture": "#1", "cullface": "east"},
				"down": {"uv": [0, 0, 1.75, 1.24264], "rotation": 180, "texture": "#1", "cullface": "east"}
			}
		},
		{
			"name": "octagon",
			"from": [13.5, 10.5, 7.37868],
			"to": [15.25, 13.5, 8.62132],
			"rotation": {"angle": 0, "axis": "x", "origin": [14, 12, 8]},
			"faces": {
				"east": {"uv": [0, 0, 1.24264, 3], "texture": "#1", "cullface": "east"},
				"up": {"uv": [0, 0, 1.75, 1.24264], "rotation": 180, "texture": "#1", "cullface": "east"},
				"down": {"uv": [0, 0, 1.75, 1.24264], "rotation": 180, "texture": "#1", "cullface": "east"}
			}
		},
		{
			"name": "octagon",
			"from": [13.5, 11.37868, 6.5],
			"to": [15.25, 12.62132, 9.5],
			"rotation": {"angle": -45, "axis": "x", "origin": [14, 12, 8]},
			"faces": {
				"north": {"uv": [0, 0, 1.75, 1.24264], "texture": "#1", "cullface": "east"},
				"east": {"uv": [0, 0, 3, 1.24264], "texture": "#1", "cullface": "east"},
				"south": {"uv": [0, 0, 1.75, 1.24264], "texture": "#1", "cullface": "east"}
			}
		},
		{
			"name": "octagon",
			"from": [13.5, 7.37868, 10.5],
			"to": [15.25, 8.62132, 13.5],
			"rotation": {"angle": 0, "axis": "x", "origin": [14, 8, 12]},
			"faces": {
				"north": {"uv": [0, 0, 1.75, 1.24264], "texture": "#1", "cullface": "east"},
				"east": {"uv": [0, 0, 3, 1.24264], "texture": "#1", "cullface": "east"},
				"south": {"uv": [0, 0, 1.75, 1.24264], "texture": "#1", "cullface": "east"}
			}
		},
		{
			"name": "octagon",
			"from": [13.5, 6.5, 11.37868],
			"to": [15.25, 9.5, 12.62132],
			"rotation": {"angle": -45, "axis": "x", "origin": [14, 8, 12]},
			"faces": {
				"east": {"uv": [0, 0, 1.24264, 3], "texture": "#1", "cullface": "east"},
				"up": {"uv": [0, 0, 1.75, 1.24264], "rotation": 180, "texture": "#1", "cullface": "east"},
				"down": {"uv": [0, 0, 1.75, 1.24264], "rotation": 180, "texture": "#1", "cullface": "east"}
			}
		},
		{
			"name": "octagon",
			"from": [13.5, 6.5, 11.37868],
			"to": [15.25, 9.5, 12.62132],
			"rotation": {"angle": 0, "axis": "x", "origin": [14, 8, 12]},
			"faces": {
				"east": {"uv": [0, 0, 1.24264, 3], "texture": "#1", "cullface": "east"},
				"up": {"uv": [0, 0, 1.75, 1.24264], "rotation": 180, "texture": "#1", "cullface": "east"},
				"down": {"uv": [0, 0, 1.75, 1.24264], "rotation": 180, "texture": "#1", "cullface": "east"}
			}
		},
		{
			"name": "octagon",
			"from": [13.5, 7.37868, 10.5],
			"to": [15.25, 8.62132, 13.5],
			"rotation": {"angle": -45, "axis": "x", "origin": [14, 8, 12]},
			"faces": {
				"north": {"uv": [0, 0, 1.75, 1.24264], "texture": "#1", "cullface": "east"},
				"east": {"uv": [0, 0, 3, 1.24264], "texture": "#1", "cullface": "east"},
				"south": {"uv": [0, 0, 1.75, 1.24264], "texture": "#1", "cullface": "east"}
			}
		},
		{
			"from": [9.9909, 12.96125, 0],
			"to": [12.01029, 15.46375, 8],
			"rotation": {"angle": 0, "axis": "z", "origin": [11.31418, 13.14689, 4]},
			"faces": {
				"north": {"uv": [0, 0, 2.01939, 2.5025], "texture": "#3", "cullface": "north"},
				"south": {"uv": [0, 0, 2.01939, 2.5025], "texture": "#3"}
			}
		},
		{
			"from": [12.01029, 8, 0],
			"to": [13.2084, 16, 8],
			"rotation": {"angle": 0, "axis": "z", "origin": [11.31418, 13.14689, 4]},
			"faces": {
				"north": {"uv": [0, 0, 1.19811, 8], "texture": "#3", "cullface": "north"},
				"south": {"uv": [0, 0, 1.19811, 8], "texture": "#3"},
				"up": {"uv": [0, 0, 1.19811, 8], "texture": "#3", "cullface": "up"},
				"down": {"uv": [0, 0, 1.19811, 8], "texture": "#3"}
			}
		},
		{
			"from": [13.2084, 8, 0],
			"to": [13.3334, 16, 8],
			"rotation": {"angle": 0, "axis": "z", "origin": [11.31418, 13.14689, 4]},
			"faces": {
				"north": {"uv": [0, 0, 0.125, 8], "texture": "#5", "cullface": "north"},
				"south": {"uv": [0, 0, 0.125, 8], "texture": "#5"},
				"up": {"uv": [0, 0, 0.125, 8], "texture": "#5", "cullface": "up"},
				"down": {"uv": [0, 0, 0.125, 8], "texture": "#5"}
			}
		},
		{
			"from": [11.0634, 10.74475, 0],
			"to": [12.01029, 12.96125, 8],
			"rotation": {"angle": 0, "axis": "z", "origin": [11.31418, 13.14689, 4]},
			"faces": {
				"north": {"uv": [0, 0, 0.94689, 2.2165], "texture": "#3", "cullface": "north"},
				"south": {"uv": [0, 0, 0.94689, 2.2165], "texture": "#3"}
			}
		},
		{
			"from": [9.98767, 8.12539, 0],
			"to": [11.05988, 16.20421, 8],
			"rotation": {"angle": 22.5, "axis": "z", "origin": [11.31418, 13.14689, 4]},
			"faces": {
				"north": {"uv": [0, 0, 1.07221, 8.07882], "texture": "#3", "cullface": "north"},
				"south": {"uv": [0, 0, 1.07221, 8.07882], "texture": "#3"},
				"west": {"uv": [0, 0, 8, 8.07882], "texture": "#3"}
			}
		},
		{
			"from": [8.9184, 15.46375, 0],
			"to": [12.01029, 16, 8],
			"rotation": {"angle": 0, "axis": "z", "origin": [11.31418, 13.14689, 4]},
			"faces": {
				"north": {"uv": [0, 0, 3.09189, 0.53625], "texture": "#3", "cullface": "north"},
				"south": {"uv": [0, 0, 3.09189, 0.53625], "texture": "#3"},
				"west": {"uv": [0, 0, 8, 0.53625], "texture": "#3"},
				"up": {"uv": [0, 0, 3.09189, 8], "texture": "#3", "cullface": "up"}
			}
		},
		{
			"from": [0.075, 0, 0],
			"to": [2.6666, 1, 16],
			"faces": {
				"north": {"uv": [2.5916, 0, 0, 1], "rotation": 180, "texture": "#1", "cullface": "north"},
				"south": {"uv": [2.5916, 0, 0, 1], "rotation": 180, "texture": "#1", "cullface": "south"},
				"up": {"uv": [2.5916, 0, 0, 16], "rotation": 180, "texture": "#1", "cullface": "west"},
				"down": {"uv": [2.5916, 0, 0, 16], "rotation": 180, "texture": "#1", "cullface": "down"}
			}
		},
		{
			"from": [0.075, 1, 15],
			"to": [2.6666, 8, 16],
			"faces": {
				"north": {"uv": [2.5916, 0, 0, 7], "rotation": 180, "texture": "#1", "cullface": "west"},
				"south": {"uv": [2.5916, 0, 0, 7], "rotation": 180, "texture": "#1", "cullface": "south"},
				"up": {"uv": [2.5916, 0, 0, 1], "rotation": 180, "texture": "#1"}
			}
		},
		{
			"from": [0.075, 1, 0],
			"to": [2.6666, 15, 1],
			"faces": {
				"north": {"uv": [2.5916, 0, 0, 14], "rotation": 180, "texture": "#1", "cullface": "north"},
				"south": {"uv": [2.5916, 0, 0, 14], "rotation": 180, "texture": "#1", "cullface": "west"}
			}
		},
		{
			"from": [0.075, 15, 0],
			"to": [2.6666, 16, 8],
			"faces": {
				"north": {"uv": [2.5916, 0, 0, 1], "rotation": 180, "texture": "#1", "cullface": "north"},
				"south": {"uv": [2.5916, 0, 0, 1], "rotation": 180, "texture": "#1"},
				"up": {"uv": [2.5916, 0, 0, 8], "rotation": 180, "texture": "#1", "cullface": "up"},
				"down": {"uv": [2.5916, 0, 0, 8], "rotation": 180, "texture": "#1", "cullface": "west"}
			}
		},
		{
			"from": [0.075, 7, 7],
			"to": [2.6666, 15, 8],
			"faces": {
				"north": {"uv": [2.5916, 0, 0, 8], "rotation": 180, "texture": "#1", "cullface": "west"},
				"south": {"uv": [2.5916, 0, 0, 8], "rotation": 180, "texture": "#1"},
				"down": {"uv": [2.5916, 0, 0, 1], "rotation": 180, "texture": "#1", "cullface": "east"}
			}
		},
		{
			"from": [0, 1, 0],
			"to": [0.075, 15, 1],
			"faces": {
				"north": {"uv": [0.075, 0, 0, 14], "rotation": 180, "texture": "#3", "cullface": "north"},
				"south": {"uv": [0.075, 0, 0, 14], "rotation": 180, "texture": "#3", "cullface": "west"},
				"west": {"uv": [1, 0, 0, 14], "rotation": 180, "texture": "#3", "cullface": "west"}
			}
		},
		{
			"from": [0, 0, 0],
			"to": [0.075, 1, 16],
			"faces": {
				"north": {"uv": [0.075, 0, 0, 1], "rotation": 180, "texture": "#3", "cullface": "north"},
				"south": {"uv": [0.075, 0, 0, 1], "rotation": 180, "texture": "#3", "cullface": "south"},
				"west": {"uv": [16, 0, 0, 1], "rotation": 180, "texture": "#3", "cullface": "west"},
				"up": {"uv": [0.075, 0, 0, 16], "rotation": 180, "texture": "#3", "cullface": "west"},
				"down": {"uv": [0.075, 0, 0, 16], "rotation": 180, "texture": "#3", "cullface": "down"}
			}
		},
		{
			"from": [0, 15, 0],
			"to": [0.075, 16, 8],
			"faces": {
				"north": {"uv": [0.075, 0, 0, 1], "rotation": 180, "texture": "#3", "cullface": "north"},
				"south": {"uv": [0.075, 0, 0, 1], "rotation": 180, "texture": "#3"},
				"west": {"uv": [8, 0, 0, 1], "rotation": 180, "texture": "#3", "cullface": "west"},
				"up": {"uv": [0.075, 0, 0, 8], "rotation": 180, "texture": "#3", "cullface": "up"},
				"down": {"uv": [0.075, 0, 0, 8], "rotation": 180, "texture": "#3", "cullface": "west"}
			}
		},
		{
			"from": [0, 7, 7],
			"to": [0.075, 15, 8],
			"faces": {
				"north": {"uv": [0.075, 0, 0, 8], "rotation": 180, "texture": "#3", "cullface": "west"},
				"south": {"uv": [0.075, 0, 0, 8], "rotation": 180, "texture": "#3"},
				"west": {"uv": [1, 0, 0, 8], "rotation": 180, "texture": "#3", "cullface": "west"},
				"down": {"uv": [0.075, 0, 0, 1], "rotation": 180, "texture": "#3", "cullface": "east"}
			}
		},
		{
			"from": [0.075, 7, 8],
			"to": [2.6666, 8, 15],
			"faces": {
				"up": {"uv": [2.5916, 0, 0, 7], "rotation": 180, "texture": "#1"},
				"down": {"uv": [2.5916, 0, 0, 7], "rotation": 180, "texture": "#1", "cullface": "west"}
			}
		},
		{
			"from": [0, 7, 8],
			"to": [0.075, 8, 15],
			"faces": {
				"west": {"uv": [7, 0, 0, 1], "rotation": 180, "texture": "#3", "cullface": "west"},
				"up": {"uv": [0.075, 0, 0, 7], "rotation": 180, "texture": "#3"},
				"down": {"uv": [0.075, 0, 0, 7], "rotation": 180, "texture": "#3", "cullface": "west"}
			}
		},
		{
			"from": [0, 1, 15],
			"to": [0.075, 8, 16],
			"faces": {
				"north": {"uv": [0.075, 0, 0, 7], "rotation": 180, "texture": "#3", "cullface": "west"},
				"south": {"uv": [0.075, 0, 0, 7], "rotation": 180, "texture": "#3", "cullface": "south"},
				"west": {"uv": [1, 0, 0, 7], "rotation": 180, "texture": "#3", "cullface": "west"},
				"up": {"uv": [0.075, 0, 0, 1], "rotation": 180, "texture": "#3"}
			}
		},
		{
			"from": [2.4166, 0, 0],
			"to": [2.6666, 8, 16],
			"rotation": {"angle": 0, "axis": "y", "origin": [8, 0, 8]},
			"faces": {
				"east": {"uv": [16, 0, 0, 8], "rotation": 180, "texture": "#1"},
				"west": {"uv": [16, 0, 0, 8], "rotation": 180, "texture": "#1", "cullface": "west"}
			}
		},
		{
			"from": [2.4166, 8, 0],
			"to": [2.6666, 16, 8],
			"faces": {
				"east": {"uv": [8, 0, 0, 8], "rotation": 180, "texture": "#1"},
				"west": {"uv": [8, 0, 0, 8], "rotation": 180, "texture": "#1", "cullface": "west"}
			}
		},
		{
			"name": "hexadecagon",
			"from": [2.5, 9.5, 3.50272],
			"to": [3.75, 14.5, 4.49728],
			"rotation": {"angle": 45, "axis": "x", "origin": [3, 12, 4]},
			"faces": {
				"east": {"uv": [0.99456, 0, 0, 5], "rotation": 180, "texture": "#1"},
				"up": {"uv": [1.25, 0, 0, 0.99456], "rotation": 180, "texture": "#1"},
				"down": {"uv": [1.25, 0, 0, 0.99456], "rotation": 180, "texture": "#1"}
			}
		},
		{
			"name": "hexadecagon",
			"from": [2.5, 9.5, 3.50272],
			"to": [3.75, 14.5, 4.49728],
			"rotation": {"angle": 22.5, "axis": "x", "origin": [3, 12, 4]},
			"faces": {
				"east": {"uv": [0.99456, 0, 0, 5], "rotation": 180, "texture": "#1"},
				"up": {"uv": [1.25, 0, 0, 0.99456], "rotation": 180, "texture": "#1"},
				"down": {"uv": [1.25, 0, 0, 0.99456], "rotation": 180, "texture": "#1"}
			}
		},
		{
			"name": "hexadecagon",
			"from": [2.5, 9.5, 3.50272],
			"to": [3.75, 14.5, 4.49728],
			"rotation": {"angle": 0, "axis": "y", "origin": [3, 12, 4]},
			"faces": {
				"east": {"uv": [0.99456, 0, 0, 5], "rotation": 180, "texture": "#1"},
				"up": {"uv": [1.25, 0, 0, 0.99456], "rotation": 180, "texture": "#1"},
				"down": {"uv": [1.25, 0, 0, 0.99456], "rotation": 180, "texture": "#1"}
			}
		},
		{
			"name": "hexadecagon",
			"from": [2.5, 9.5, 3.50272],
			"to": [3.75, 14.5, 4.49728],
			"rotation": {"angle": -22.5, "axis": "x", "origin": [3, 12, 4]},
			"faces": {
				"east": {"uv": [0.99456, 0, 0, 5], "rotation": 180, "texture": "#1"},
				"up": {"uv": [1.25, 0, 0, 0.99456], "rotation": 180, "texture": "#1"},
				"down": {"uv": [1.25, 0, 0, 0.99456], "rotation": 180, "texture": "#1"}
			}
		},
		{
			"name": "hexadecagon",
			"from": [2.5, 9.5, 3.50272],
			"to": [3.75, 14.5, 4.49728],
			"rotation": {"angle": -45, "axis": "x", "origin": [3, 12, 4]},
			"faces": {
				"east": {"uv": [0.99456, 0, 0, 5], "rotation": 180, "texture": "#1"},
				"up": {"uv": [1.25, 0, 0, 0.99456], "rotation": 180, "texture": "#1"},
				"down": {"uv": [1.25, 0, 0, 0.99456], "rotation": 180, "texture": "#1"}
			}
		},
		{
			"name": "hexadecagon",
			"from": [2.5, 11.50272, 1.5],
			"to": [3.75, 12.49728, 6.5],
			"rotation": {"angle": 22.5, "axis": "x", "origin": [3, 12, 4]},
			"faces": {
				"north": {"uv": [1.25, 0, 0, 0.99456], "rotation": 180, "texture": "#1"},
				"east": {"uv": [5, 0, 0, 0.99456], "rotation": 180, "texture": "#1"},
				"south": {"uv": [1.25, 0, 0, 0.99456], "rotation": 180, "texture": "#1"}
			}
		},
		{
			"name": "hexadecagon",
			"from": [2.5, 11.50272, 1.5],
			"to": [3.75, 12.49728, 6.5],
			"rotation": {"angle": 0, "axis": "y", "origin": [3, 12, 4]},
			"faces": {
				"north": {"uv": [1.25, 0, 0, 0.99456], "rotation": 180, "texture": "#1"},
				"east": {"uv": [5, 0, 0, 0.99456], "rotation": 180, "texture": "#1"},
				"south": {"uv": [1.25, 0, 0, 0.99456], "rotation": 180, "texture": "#1"}
			}
		},
		{
			"name": "hexadecagon",
			"from": [2.5, 11.50272, 1.5],
			"to": [3.75, 12.49728, 6.5],
			"rotation": {"angle": -22.5, "axis": "x", "origin": [3, 12, 4]},
			"faces": {
				"north": {"uv": [1.25, 0, 0, 0.99456], "rotation": 180, "texture": "#1"},
				"east": {"uv": [5, 0, 0, 0.99456], "rotation": 180, "texture": "#1"},
				"south": {"uv": [1.25, 0, 0, 0.99456], "rotation": 180, "texture": "#1"}
			}
		},
		{
			"name": "hexadecagon",
			"from": [2.5, 1.5, 3.50272],
			"to": [3.75, 6.5, 4.49728],
			"rotation": {"angle": -45, "axis": "x", "origin": [3, 4, 4]},
			"faces": {
				"east": {"uv": [0.99456, 0, 0, 5], "rotation": 180, "texture": "#1"},
				"up": {"uv": [1.25, 0, 0, 0.99456], "rotation": 180, "texture": "#1"},
				"down": {"uv": [1.25, 0, 0, 0.99456], "rotation": 180, "texture": "#1"}
			}
		},
		{
			"name": "hexadecagon",
			"from": [2.5, 1.5, 3.50272],
			"to": [3.75, 6.5, 4.49728],
			"rotation": {"angle": -22.5, "axis": "x", "origin": [3, 4, 4]},
			"faces": {
				"east": {"uv": [0.99456, 0, 0, 5], "rotation": 180, "texture": "#1"},
				"up": {"uv": [1.25, 0, 0, 0.99456], "rotation": 180, "texture": "#1"},
				"down": {"uv": [1.25, 0, 0, 0.99456], "rotation": 180, "texture": "#1"}
			}
		},
		{
			"name": "hexadecagon",
			"from": [2.5, 1.5, 3.50272],
			"to": [3.75, 6.5, 4.49728],
			"rotation": {"angle": 0, "axis": "y", "origin": [3, 4, 4]},
			"faces": {
				"east": {"uv": [0.99456, 0, 0, 5], "rotation": 180, "texture": "#1"},
				"up": {"uv": [1.25, 0, 0, 0.99456], "rotation": 180, "texture": "#1"},
				"down": {"uv": [1.25, 0, 0, 0.99456], "rotation": 180, "texture": "#1"}
			}
		},
		{
			"name": "hexadecagon",
			"from": [2.5, 1.5, 3.50272],
			"to": [3.75, 6.5, 4.49728],
			"rotation": {"angle": 22.5, "axis": "x", "origin": [3, 4, 4]},
			"faces": {
				"east": {"uv": [0.99456, 0, 0, 5], "rotation": 180, "texture": "#1"},
				"up": {"uv": [1.25, 0, 0, 0.99456], "rotation": 180, "texture": "#1"},
				"down": {"uv": [1.25, 0, 0, 0.99456], "rotation": 180, "texture": "#1"}
			}
		},
		{
			"name": "hexadecagon",
			"from": [2.5, 1.5, 3.50272],
			"to": [3.75, 6.5, 4.49728],
			"rotation": {"angle": 45, "axis": "x", "origin": [3, 4, 4]},
			"faces": {
				"east": {"uv": [0.99456, 0, 0, 5], "rotation": 180, "texture": "#1"},
				"up": {"uv": [1.25, 0, 0, 0.99456], "rotation": 180, "texture": "#1"},
				"down": {"uv": [1.25, 0, 0, 0.99456], "rotation": 180, "texture": "#1"}
			}
		},
		{
			"name": "hexadecagon",
			"from": [2.5, 3.50272, 1.5],
			"to": [3.75, 4.49728, 6.5],
			"rotation": {"angle": -22.5, "axis": "x", "origin": [3, 4, 4]},
			"faces": {
				"north": {"uv": [1.25, 0, 0, 0.99456], "rotation": 180, "texture": "#1"},
				"east": {"uv": [5, 0, 0, 0.99456], "rotation": 180, "texture": "#1"},
				"south": {"uv": [1.25, 0, 0, 0.99456], "rotation": 180, "texture": "#1"}
			}
		},
		{
			"name": "hexadecagon",
			"from": [2.5, 3.50272, 1.5],
			"to": [3.75, 4.49728, 6.5],
			"rotation": {"angle": 0, "axis": "y", "origin": [3, 4, 4]},
			"faces": {
				"north": {"uv": [1.25, 0, 0, 0.99456], "rotation": 180, "texture": "#1"},
				"east": {"uv": [5, 0, 0, 0.99456], "rotation": 180, "texture": "#1"},
				"south": {"uv": [1.25, 0, 0, 0.99456], "rotation": 180, "texture": "#1"}
			}
		},
		{
			"name": "hexadecagon",
			"from": [2.5, 3.50272, 1.5],
			"to": [3.75, 4.49728, 6.5],
			"rotation": {"angle": 22.5, "axis": "x", "origin": [3, 4, 4]},
			"faces": {
				"north": {"uv": [1.25, 0, 0, 0.99456], "rotation": 180, "texture": "#1"},
				"east": {"uv": [5, 0, 0, 0.99456], "rotation": 180, "texture": "#1"},
				"south": {"uv": [1.25, 0, 0, 0.99456], "rotation": 180, "texture": "#1"}
			}
		},
		{
			"name": "octagon",
			"from": [0.75, 3.37868, 6.5],
			"to": [2.5, 4.62132, 9.5],
			"rotation": {"angle": 0, "axis": "x", "origin": [2, 4, 8]},
			"faces": {
				"north": {"uv": [1.75, 0, 0, 1.24264], "rotation": 180, "texture": "#1", "cullface": "west"},
				"south": {"uv": [1.75, 0, 0, 1.24264], "rotation": 180, "texture": "#1", "cullface": "west"},
				"west": {"uv": [3, 0, 0, 1.24264], "rotation": 180, "texture": "#1", "cullface": "west"}
			}
		},
		{
			"name": "octagon",
			"from": [0.75, 2.5, 7.37868],
			"to": [2.5, 5.5, 8.62132],
			"rotation": {"angle": -45, "axis": "x", "origin": [2, 4, 8]},
			"faces": {
				"west": {"uv": [1.24264, 0, 0, 3], "rotation": 180, "texture": "#1", "cullface": "west"},
				"up": {"uv": [1.75, 0, 0, 1.24264], "rotation": 180, "texture": "#1", "cullface": "west"},
				"down": {"uv": [1.75, 0, 0, 1.24264], "rotation": 180, "texture": "#1", "cullface": "west"}
			}
		},
		{
			"name": "octagon",
			"from": [0.75, 2.5, 7.37868],
			"to": [2.5, 5.5, 8.62132],
			"rotation": {"angle": 0, "axis": "x", "origin": [2, 4, 8]},
			"faces": {
				"west": {"uv": [1.24264, 0, 0, 3], "rotation": 180, "texture": "#1", "cullface": "west"},
				"up": {"uv": [1.75, 0, 0, 1.24264], "rotation": 180, "texture": "#1", "cullface": "west"},
				"down": {"uv": [1.75, 0, 0, 1.24264], "rotation": 180, "texture": "#1", "cullface": "west"}
			}
		},
		{
			"name": "octagon",
			"from": [0.75, 3.37868, 6.5],
			"to": [2.5, 4.62132, 9.5],
			"rotation": {"angle": -45, "axis": "x", "origin": [2, 4, 8]},
			"faces": {
				"north": {"uv": [1.75, 0, 0, 1.24264], "rotation": 180, "texture": "#1", "cullface": "west"},
				"south": {"uv": [1.75, 0, 0, 1.24264], "rotation": 180, "texture": "#1", "cullface": "west"},
				"west": {"uv": [3, 0, 0, 1.24264], "rotation": 180, "texture": "#1", "cullface": "west"}
			}
		},
		{
			"name": "octagon",
			"from": [0.75, 7.37868, 2.5],
			"to": [2.5, 8.62132, 5.5],
			"rotation": {"angle": 0, "axis": "x", "origin": [2, 8, 4]},
			"faces": {
				"north": {"uv": [1.75, 0, 0, 1.24264], "rotation": 180, "texture": "#1", "cullface": "west"},
				"south": {"uv": [1.75, 0, 0, 1.24264], "rotation": 180, "texture": "#1", "cullface": "west"},
				"west": {"uv": [3, 0, 0, 1.24264], "rotation": 180, "texture": "#1", "cullface": "west"}
			}
		},
		{
			"name": "octagon",
			"from": [0.75, 6.5, 3.37868],
			"to": [2.5, 9.5, 4.62132],
			"rotation": {"angle": -45, "axis": "x", "origin": [2, 8, 4]},
			"faces": {
				"west": {"uv": [1.24264, 0, 0, 3], "rotation": 180, "texture": "#1", "cullface": "west"},
				"up": {"uv": [1.75, 0, 0, 1.24264], "rotation": 180, "texture": "#1", "cullface": "west"},
				"down": {"uv": [1.75, 0, 0, 1.24264], "rotation": 180, "texture": "#1", "cullface": "west"}
			}
		},
		{
			"name": "octagon",
			"from": [0.75, 6.5, 3.37868],
			"to": [2.5, 9.5, 4.62132],
			"rotation": {"angle": 0, "axis": "x", "origin": [2, 8, 4]},
			"faces": {
				"west": {"uv": [1.24264, 0, 0, 3], "rotation": 180, "texture": "#1", "cullface": "west"},
				"up": {"uv": [1.75, 0, 0, 1.24264], "rotation": 180, "texture": "#1", "cullface": "west"},
				"down": {"uv": [1.75, 0, 0, 1.24264], "rotation": 180, "texture": "#1", "cullface": "west"}
			}
		},
		{
			"name": "octagon",
			"from": [0.75, 7.37868, 2.5],
			"to": [2.5, 8.62132, 5.5],
			"rotation": {"angle": -45, "axis": "x", "origin": [2, 8, 4]},
			"faces": {
				"north": {"uv": [1.75, 0, 0, 1.24264], "rotation": 180, "texture": "#1", "cullface": "west"},
				"south": {"uv": [1.75, 0, 0, 1.24264], "rotation": 180, "texture": "#1", "cullface": "west"},
				"west": {"uv": [3, 0, 0, 1.24264], "rotation": 180, "texture": "#1", "cullface": "west"}
			}
		},
		{
			"from": [3.98971, 0.53625, 8],
			"to": [6.0091, 3.03875, 16],
			"rotation": {"angle": 0, "axis": "z", "origin": [4.68582, 2.85311, 12]},
			"faces": {
				"north": {"uv": [2.01939, 0, 0, 2.5025], "rotation": 180, "texture": "#3"},
				"south": {"uv": [2.01939, 0, 0, 2.5025], "rotation": 180, "texture": "#3", "cullface": "south"}
			}
		},
		{
			"from": [2.7916, 0, 8],
			"to": [3.98971, 8, 16],
			"rotation": {"angle": 0, "axis": "z", "origin": [4.68582, 2.85311, 12]},
			"faces": {
				"north": {"uv": [1.19811, 0, 0, 8], "rotation": 180, "texture": "#3"},
				"south": {"uv": [1.19811, 0, 0, 8], "rotation": 180, "texture": "#3", "cullface": "south"},
				"up": {"uv": [1.19811, 0, 0, 8], "texture": "#3"},
				"down": {"uv": [1.19811, 0, 0, 8], "texture": "#3", "cullface": "down"}
			}
		},
		{
			"from": [2.6666, 0, 8],
			"to": [2.7916, 8, 16],
			"rotation": {"angle": 0, "axis": "z", "origin": [4.68582, 2.85311, 12]},
			"faces": {
				"north": {"uv": [0.125, 0, 0, 8], "rotation": 180, "texture": "#5"},
				"south": {"uv": [0.125, 0, 0, 8], "rotation": 180, "texture": "#5", "cullface": "south"},
				"up": {"uv": [0.125, 0, 0, 8], "texture": "#5"},
				"down": {"uv": [0.125, 0, 0, 8], "texture": "#5", "cullface": "down"}
			}
		},
		{
			"from": [3.98971, 3.03875, 8],
			"to": [4.9366, 5.25525, 16],
			"rotation": {"angle": 0, "axis": "z", "origin": [4.68582, 2.85311, 12]},
			"faces": {
				"north": {"uv": [0.94689, 0, 0, 2.2165], "rotation": 180, "texture": "#3"},
				"south": {"uv": [0.94689, 0, 0, 2.2165], "rotation": 180, "texture": "#3", "cullface": "south"}
			}
		},
		{
			"from": [4.94012, -0.20421, 8],
			"to": [6.01233, 7.87461, 16],
			"rotation": {"angle": 22.5, "axis": "z", "origin": [4.68582, 2.85311, 12]},
			"faces": {
				"north": {"uv": [1.07221, 0, 0, 8.07882], "rotation": 180, "texture": "#3"},
				"east": {"uv": [8, 0, 0, 8.07882], "rotation": 180, "texture": "#3"},
				"south": {"uv": [1.07221, 0, 0, 8.07882], "rotation": 180, "texture": "#3", "cullface": "south"}
			}
		},
		{
			"from": [3.98971, 0, 8],
			"to": [7.0816, 0.53625, 16],
			"rotation": {"angle": 0, "axis": "z", "origin": [4.68582, 2.85311, 12]},
			"faces": {
				"north": {"uv": [3.09189, 0, 0, 0.53625], "rotation": 180, "texture": "#3"},
				"east": {"uv": [8, 0, 0, 0.53625], "rotation": 180, "texture": "#3"},
				"south": {"uv": [3.09189, 0, 0, 0.53625], "rotation": 180, "texture": "#3", "cullface": "south"},
				"down": {"uv": [3.09189, 0, 0, 8], "texture": "#3", "cullface": "down"}
			}
		},
		{
			"name": "hexadecagon",
			"from": [11.50272, 1.5, 2.5],
			"to": [12.49728, 6.5, 3.75],
			"rotation": {"angle": -45, "axis": "z", "origin": [12, 4, 3]},
			"faces": {
				"south": {"uv": [0, 5, 0.99456, 0], "texture": "#1"},
				"up": {"uv": [0, 0.99456, 1.25, 0], "rotation": 90, "texture": "#1"},
				"down": {"uv": [0, 0.99456, 1.25, 0], "rotation": 270, "texture": "#1"}
			}
		},
		{
			"name": "hexadecagon",
			"from": [11.50272, 1.5, 2.5],
			"to": [12.49728, 6.5, 3.75],
			"rotation": {"angle": -22.5, "axis": "z", "origin": [12, 4, 3]},
			"faces": {
				"south": {"uv": [0, 5, 0.99456, 0], "texture": "#1"},
				"up": {"uv": [0, 0.99456, 1.25, 0], "rotation": 90, "texture": "#1"},
				"down": {"uv": [0, 0.99456, 1.25, 0], "rotation": 270, "texture": "#1"}
			}
		},
		{
			"name": "hexadecagon",
			"from": [11.50272, 1.5, 2.5],
			"to": [12.49728, 6.5, 3.75],
			"rotation": {"angle": 0, "axis": "y", "origin": [12, 4, 3]},
			"faces": {
				"south": {"uv": [0, 5, 0.99456, 0], "texture": "#1"},
				"up": {"uv": [0, 0.99456, 1.25, 0], "rotation": 90, "texture": "#1"},
				"down": {"uv": [0, 0.99456, 1.25, 0], "rotation": 270, "texture": "#1"}
			}
		},
		{
			"name": "hexadecagon",
			"from": [11.50272, 1.5, 2.5],
			"to": [12.49728, 6.5, 3.75],
			"rotation": {"angle": 22.5, "axis": "z", "origin": [12, 4, 3]},
			"faces": {
				"south": {"uv": [0, 5, 0.99456, 0], "texture": "#1"},
				"up": {"uv": [0, 0.99456, 1.25, 0], "rotation": 90, "texture": "#1"},
				"down": {"uv": [0, 0.99456, 1.25, 0], "rotation": 270, "texture": "#1"}
			}
		},
		{
			"name": "hexadecagon",
			"from": [11.50272, 1.5, 2.5],
			"to": [12.49728, 6.5, 3.75],
			"rotation": {"angle": 45, "axis": "z", "origin": [12, 4, 3]},
			"faces": {
				"south": {"uv": [0, 5, 0.99456, 0], "texture": "#1"},
				"up": {"uv": [0, 0.99456, 1.25, 0], "rotation": 90, "texture": "#1"},
				"down": {"uv": [0, 0.99456, 1.25, 0], "rotation": 270, "texture": "#1"}
			}
		},
		{
			"name": "hexadecagon",
			"from": [9.5, 3.50272, 2.5],
			"to": [14.5, 4.49728, 3.75],
			"rotation": {"angle": -22.5, "axis": "z", "origin": [12, 4, 3]},
			"faces": {
				"east": {"uv": [0, 0.99456, 1.25, 0], "texture": "#1"},
				"south": {"uv": [0, 0.99456, 5, 0], "texture": "#1"},
				"west": {"uv": [0, 0.99456, 1.25, 0], "texture": "#1"}
			}
		},
		{
			"name": "hexadecagon",
			"from": [9.5, 3.50272, 2.5],
			"to": [14.5, 4.49728, 3.75],
			"rotation": {"angle": 0, "axis": "y", "origin": [12, 4, 3]},
			"faces": {
				"east": {"uv": [0, 0.99456, 1.25, 0], "texture": "#1"},
				"south": {"uv": [0, 0.99456, 5, 0], "texture": "#1"},
				"west": {"uv": [0, 0.99456, 1.25, 0], "texture": "#1"}
			}
		},
		{
			"name": "hexadecagon",
			"from": [9.5, 3.50272, 2.5],
			"to": [14.5, 4.49728, 3.75],
			"rotation": {"angle": 22.5, "axis": "z", "origin": [12, 4, 3]},
			"faces": {
				"east": {"uv": [0, 0.99456, 1.25, 0], "texture": "#1"},
				"south": {"uv": [0, 0.99456, 5, 0], "texture": "#1"},
				"west": {"uv": [0, 0.99456, 1.25, 0], "texture": "#1"}
			}
		},
		{
			"from": [8, 0, 0.075],
			"to": [16, 1, 2.6666],
			"rotation": {"angle": 0, "axis": "y", "origin": [16, 0, 0]},
			"faces": {
				"east": {"uv": [0, 1, 2.5916, 0], "texture": "#1", "cullface": "east"},
				"west": {"uv": [0, 1, 2.5916, 0], "texture": "#1"},
				"up": {"uv": [0, 16, 2.5916, 0], "rotation": 90, "texture": "#1", "cullface": "north"},
				"down": {"uv": [0, 16, 2.5916, 0], "rotation": 270, "texture": "#1", "cullface": "down"}
			}
		},
		{
			"from": [8, 7, 0.075],
			"to": [16, 8, 2.6666],
			"rotation": {"angle": 0, "axis": "y", "origin": [16, 0, 0]},
			"faces": {
				"east": {"uv": [0, 1, 2.5916, 0], "texture": "#1", "cullface": "east"},
				"west": {"uv": [0, 1, 2.5916, 0], "texture": "#1"},
				"up": {"uv": [0, 8, 2.5916, 0], "rotation": 90, "texture": "#1"},
				"down": {"uv": [0, 8, 2.5916, 0], "rotation": 270, "texture": "#1", "cullface": "north"}
			}
		},
		{
			"from": [15, 1, 0],
			"to": [16, 7, 0.075],
			"rotation": {"angle": 0, "axis": "y", "origin": [16, 0, 0]},
			"faces": {
				"north": {"uv": [0, 14, 1, 0], "texture": "#3", "cullface": "north"},
				"east": {"uv": [0, 14, 0.075, 0], "texture": "#3", "cullface": "east"},
				"west": {"uv": [0, 14, 0.075, 0], "texture": "#3", "cullface": "north"}
			}
		},
		{
			"from": [15, 1, 0.075],
			"to": [16, 7, 2.6666],
			"rotation": {"angle": 0, "axis": "y", "origin": [16, 0, 0]},
			"faces": {
				"east": {"uv": [0, 14, 2.5916, 0], "texture": "#1", "cullface": "east"},
				"west": {"uv": [0, 14, 2.5916, 0], "texture": "#1", "cullface": "north"}
			}
		},
		{
			"from": [8, 0, 0],
			"to": [16, 1, 0.075],
			"rotation": {"angle": 0, "axis": "y", "origin": [16, 0, 0]},
			"faces": {
				"north": {"uv": [0, 1, 16, 0], "texture": "#3", "cullface": "north"},
				"east": {"uv": [0, 1, 0.075, 0], "texture": "#3", "cullface": "east"},
				"west": {"uv": [0, 1, 0.075, 0], "texture": "#3"},
				"up": {"uv": [0, 16, 0.075, 0], "rotation": 90, "texture": "#3", "cullface": "north"},
				"down": {"uv": [0, 16, 0.075, 0], "rotation": 270, "texture": "#3", "cullface": "down"}
			}
		},
		{
			"from": [8, 1, 0],
			"to": [9, 7, 0.075],
			"rotation": {"angle": 0, "axis": "y", "origin": [16, 0, 0]},
			"faces": {
				"north": {"uv": [0, 8, 1, 0], "texture": "#3", "cullface": "north"},
				"east": {"uv": [0, 8, 0.075, 0], "texture": "#3", "cullface": "north"},
				"west": {"uv": [0, 8, 0.075, 0], "texture": "#3"},
				"down": {"uv": [0, 1, 0.075, 0], "rotation": 270, "texture": "#3", "cullface": "east"}
			}
		},
		{
			"from": [8, 0, 2.4166],
			"to": [16, 8, 2.6666],
			"rotation": {"angle": 0, "axis": "y", "origin": [8, 8, 8]},
			"faces": {
				"north": {"uv": [0, 8, 16, 0], "texture": "#1", "cullface": "north"},
				"south": {"uv": [0, 8, 16, 0], "texture": "#1"}
			}
		},
		{
			"from": [8, 1, 0.075],
			"to": [9, 7, 2.6666],
			"rotation": {"angle": 0, "axis": "y", "origin": [16, 0, 0]},
			"faces": {
				"east": {"uv": [0, 8, 2.5916, 0], "texture": "#1", "cullface": "north"},
				"west": {"uv": [0, 8, 2.5916, 0], "texture": "#1"},
				"down": {"uv": [0, 1, 2.5916, 0], "rotation": 270, "texture": "#1", "cullface": "east"}
			}
		},
		{
			"from": [8, 7, 0],
			"to": [16, 8, 0.075],
			"rotation": {"angle": 0, "axis": "y", "origin": [16, 0, 0]},
			"faces": {
				"north": {"uv": [0, 1, 8, 0], "texture": "#3", "cullface": "north"},
				"east": {"uv": [0, 1, 0.075, 0], "texture": "#3", "cullface": "east"},
				"west": {"uv": [0, 1, 0.075, 0], "texture": "#3"},
				"up": {"uv": [0, 8, 0.075, 0], "rotation": 90, "texture": "#3"},
				"down": {"uv": [0, 8, 0.075, 0], "rotation": 270, "texture": "#3", "cullface": "north"}
			}
		}
	],
	"display": {
		"thirdperson_righthand": {
			"rotation": [75, 78, 0],
			"translation": [-0.5, 2.75, 2],
			"scale": [0.55, 0.55, 0.55]
		},
		"thirdperson_lefthand": {
			"rotation": [75, -78, 0],
			"translation": [0.25, 2.75, 2],
			"scale": [0.55, 0.55, 0.55]
		},
		"firstperson_righthand": {
			"rotation": [0, 90, -10],
			"translation": [1.13, 3.7, 0.63],
			"scale": [0.68, 0.68, 0.68]
		},
		"firstperson_lefthand": {
			"rotation": [0, -60, 10],
			"translation": [1.13, 3.7, 0.63],
			"scale": [0.68, 0.68, 0.68]
		},
		"ground": {
			"translation": [0, 2, 0],
			"scale": [0.5, 0.5, 0.5]
		},
		"gui": {
			"rotation": [30, 124, 0],
			"translation": [0, 3.75, 0]
		},
		"head": {
			"rotation": [0, 180, 0],
			"translation": [0, 15, 0.25]
		},
		"fixed": {
			"rotation": [0, 157, 0],
			"translation": [0, 3.5, 0]
		}
	},
	"groups": [
		{
			"name": "vine",
			"origin": [8, 8, 8],
			"color": 0,
			"children": [0, 1, 2, 3, 4, 5, 6, 7, 8, 9, 10, 11, 12, 13, 14, 15, 16, 17, 18, 19, 20, 21, 22,
				{
					"name": "Noppen",
					"origin": [8, 8, 8],
					"color": 0,
					"children": [
						{
							"name": "hexadecagon",
							"origin": [8, 8, 8],
							"color": 0,
							"children": [23, 24, 25, 26, 27, 28, 29, 30]
						},
						{
							"name": "hexadecagon",
							"origin": [8, 8, 8],
							"color": 0,
							"children": [31, 32, 33, 34, 35, 36, 37, 38, 39, 40, 41, 42, 43, 44, 45, 46]
						},
						{
							"name": "octagon",
							"origin": [8, 8, 8],
							"color": 0,
							"children": [47, 48, 49, 50]
						},
						{
							"name": "octagon",
							"origin": [8, 8, 8],
							"color": 0,
							"children": [51, 52, 53, 54]
						}
					]
				}
			]
		},
		{
			"name": "flat_angleled_nob",
			"origin": [8, 8, 8],
			"color": 0,
			"children": [
				{
					"name": "group",
					"origin": [6.27203, 3.54444, 7.9848],
					"color": 0,
					"children": [55, 56, 57, 58, 59, 60]
				}
			]
		},
		{
			"name": "vine_2_opposite",
			"origin": [8, 8, 8],
			"color": 0,
			"children": [
				{
					"name": "vine",
					"origin": [8, 8, 8],
					"color": 0,
					"children": [61, 62, 63, 64, 65, 66, 67, 68, 69, 70, 71, 72, 73, 74,
						{
							"name": "Noppen",
							"origin": [8, 8, 8],
							"color": 0,
							"children": [
								{
									"name": "hexadecagon",
									"origin": [8, 8, 8],
									"color": 0,
									"children": [75, 76, 77, 78, 79, 80, 81, 82]
								},
								{
									"name": "hexadecagon",
									"origin": [8, 8, 8],
									"color": 0,
									"children": [83, 84, 85, 86, 87, 88, 89, 90]
								},
								{
									"name": "octagon",
									"origin": [8, 8, 8],
									"color": 0,
									"children": [91, 92, 93, 94]
								},
								{
									"name": "octagon",
									"origin": [8, 8, 8],
									"color": 0,
									"children": [95, 96, 97, 98]
								}
							]
						},
						{
							"name": "flat_angleled_nob",
							"origin": [8, 8, 8],
							"color": 0,
							"children": [
								{
									"name": "group",
									"origin": [6.27203, 3.54444, 7.9848],
									"color": 0,
									"children": [99, 100, 101, 102, 103, 104]
								}
							]
						}
					]
				}
			]
		},
		{
			"name": "little_nob",
			"origin": [4, 12, 13],
			"color": 0,
			"children": [
				{
					"name": "group",
					"origin": [4, 12, 13],
					"color": 0,
					"children": [105, 106, 107, 108, 109, 110, 111, 112]
				},
				{
					"name": "group",
					"origin": [0, 16, 16],
					"color": 0,
					"children": [113, 114, 115, 116, 117, 118, 119, 120, 121]
				}
			]
		}
	]
}