{
	"credit": "AlexTestria | https://alex-bauerndistel.de",
	"textures": {
		"1": "brickcraft/material/plastics/shader_support/plastic45",
		"3": "brickcraft/material/plastics/shader_support/plastic46",
		"5": "brickcraft/material/plastics/shader_support/plastic62",
		"particle": "brickcraft/material/plastics/shader_support/plastic45"
	},
	"elements": [
		{
			"from": [13.3334, 0, 0],
			"to": [15.925, 16, 1],
			"rotation": {"angle": 0, "axis": "y", "origin": [16, 16, 0]},
			"faces": {
				"north": {"uv": [0, 0, 2.5916, 16], "texture": "#1", "cullface": "north"},
				"south": {"uv": [0, 0, 2.5916, 16], "rotation": 180, "texture": "#1", "cullface": "east"},
				"up": {"uv": [0, 0, 2.5916, 1], "texture": "#1", "cullface": "up"},
				"down": {"uv": [0, 0, 2.5916, 1], "rotation": 180, "texture": "#1", "cullface": "down"}
			}
		},
		{
			"from": [13.3334, 0, 1],
			"to": [15.925, 1, 8],
			"rotation": {"angle": 0, "axis": "y", "origin": [16, 16, 0]},
			"faces": {
				"south": {"uv": [0, 0, 2.5916, 1], "rotation": 180, "texture": "#1"},
				"up": {"uv": [0, 0, 2.5916, 7], "texture": "#1", "cullface": "east"},
				"down": {"uv": [0, 0, 2.5916, 7], "rotation": 180, "texture": "#1", "cullface": "down"}
			}
		},
		{
			"from": [13.3334, 15, 1],
			"to": [15.925, 16, 15],
			"rotation": {"angle": 0, "axis": "y", "origin": [16, 16, 0]},
			"faces": {
				"up": {"uv": [0, 0, 2.5916, 14], "texture": "#1", "cullface": "up"},
				"down": {"uv": [0, 0, 2.5916, 14], "rotation": 180, "texture": "#1", "cullface": "east"}
			}
		},
		{
			"from": [13.3334, 8, 15],
			"to": [15.925, 16, 16],
			"rotation": {"angle": 0, "axis": "y", "origin": [16, 16, 0]},
			"faces": {
				"north": {"uv": [0, 0, 2.5916, 8], "texture": "#1", "cullface": "east"},
				"south": {"uv": [0, 0, 2.5916, 8], "rotation": 180, "texture": "#1", "cullface": "south"},
				"up": {"uv": [0, 0, 2.5916, 1], "texture": "#1", "cullface": "up"},
				"down": {"uv": [0, 0, 2.5916, 1], "rotation": 180, "texture": "#1"}
			}
		},
		{
			"from": [13.3334, 8, 7],
			"to": [15.925, 9, 15],
			"rotation": {"angle": 0, "axis": "y", "origin": [16, 16, 0]},
			"faces": {
				"north": {"uv": [0, 0, 2.5916, 1], "texture": "#1", "cullface": "east"},
				"up": {"uv": [0, 0, 2.5916, 8], "texture": "#1", "cullface": "east"},
				"down": {"uv": [0, 0, 2.5916, 8], "rotation": 180, "texture": "#1"}
			}
		},
		{
			"from": [15.925, 15, 1],
			"to": [16, 16, 15],
			"rotation": {"angle": 0, "axis": "y", "origin": [16, 16, 0]},
			"faces": {
				"east": {"uv": [0, 0, 1, 14], "rotation": 90, "texture": "#3", "cullface": "east"},
				"up": {"uv": [0, 0, 0.075, 14], "texture": "#3", "cullface": "up"},
				"down": {"uv": [0, 0, 0.075, 14], "rotation": 180, "texture": "#3", "cullface": "east"}
			}
		},
		{
			"from": [15.925, 0, 0],
			"to": [16, 16, 1],
			"rotation": {"angle": 0, "axis": "y", "origin": [16, 16, 0]},
			"faces": {
				"north": {"uv": [0, 0, 0.075, 16], "texture": "#3", "cullface": "north"},
				"east": {"uv": [0, 0, 16, 1], "rotation": 90, "texture": "#3", "cullface": "east"},
				"south": {"uv": [0, 0, 0.075, 16], "rotation": 180, "texture": "#3", "cullface": "east"},
				"up": {"uv": [0, 0, 0.075, 1], "texture": "#3", "cullface": "up"},
				"down": {"uv": [0, 0, 0.075, 1], "rotation": 180, "texture": "#3", "cullface": "down"}
			}
		},
		{
			"from": [15.925, 8, 15],
			"to": [16, 16, 16],
			"rotation": {"angle": 0, "axis": "y", "origin": [16, 16, 0]},
			"faces": {
				"north": {"uv": [0, 0, 0.075, 8], "texture": "#3", "cullface": "east"},
				"east": {"uv": [0, 0, 8, 1], "rotation": 90, "texture": "#3", "cullface": "east"},
				"south": {"uv": [0, 0, 0.075, 8], "rotation": 180, "texture": "#3", "cullface": "south"},
				"up": {"uv": [0, 0, 0.075, 1], "texture": "#3", "cullface": "up"},
				"down": {"uv": [0, 0, 0.075, 1], "rotation": 180, "texture": "#3"}
			}
		},
		{
			"from": [15.925, 8, 7],
			"to": [16, 9, 15],
			"rotation": {"angle": 0, "axis": "y", "origin": [16, 16, 0]},
			"faces": {
				"north": {"uv": [0, 0, 0.075, 1], "texture": "#3", "cullface": "east"},
				"east": {"uv": [0, 0, 1, 8], "rotation": 90, "texture": "#3", "cullface": "east"},
				"up": {"uv": [0, 0, 0.075, 8], "texture": "#3", "cullface": "east"},
				"down": {"uv": [0, 0, 0.075, 8], "rotation": 180, "texture": "#3"}
			}
		},
		{
			"from": [13.3334, 1, 7],
			"to": [15.925, 8, 8],
			"rotation": {"angle": 0, "axis": "y", "origin": [16, 16, 0]},
			"faces": {
				"north": {"uv": [0, 0, 2.5916, 7], "texture": "#1", "cullface": "east"},
				"south": {"uv": [0, 0, 2.5916, 7], "rotation": 180, "texture": "#1"}
			}
		},
		{
			"from": [15.925, 1, 7],
			"to": [16, 8, 8],
			"rotation": {"angle": 0, "axis": "y", "origin": [16, 16, 0]},
			"faces": {
				"north": {"uv": [0, 0, 0.075, 7], "texture": "#3", "cullface": "east"},
				"east": {"uv": [0, 0, 7, 1], "rotation": 90, "texture": "#3", "cullface": "east"},
				"south": {"uv": [0, 0, 0.075, 7], "rotation": 180, "texture": "#3"}
			}
		},
		{
			"from": [15.925, 0, 1],
			"to": [16, 1, 8],
			"rotation": {"angle": 0, "axis": "y", "origin": [16, 16, 0]},
			"faces": {
				"east": {"uv": [0, 0, 1, 7], "rotation": 90, "texture": "#3", "cullface": "east"},
				"south": {"uv": [0, 0, 0.075, 1], "rotation": 180, "texture": "#3"},
				"up": {"uv": [0, 0, 0.075, 7], "texture": "#3", "cullface": "east"},
				"down": {"uv": [0, 0, 0.075, 7], "rotation": 180, "texture": "#3", "cullface": "down"}
			}
		},
		{
			"from": [13.3334, 0, 0],
			"to": [13.5834, 16, 8],
			"rotation": {"angle": 0, "axis": "y", "origin": [8, 8, 8]},
			"faces": {
				"east": {"uv": [0, 0, 16, 8], "rotation": 90, "texture": "#1", "cullface": "east"},
				"west": {"uv": [0, 0, 16, 8], "rotation": 270, "texture": "#1"}
			}
		},
		{
			"from": [0, 13.3334, 0],
			"to": [8, 13.5834, 8],
			"rotation": {"angle": 0, "axis": "y", "origin": [8, 8, 0]},
			"faces": {
				"up": {"uv": [0, 0, 16, 8], "texture": "#1", "cullface": "up"},
				"down": {"uv": [0, 0, 16, 8], "rotation": 180, "texture": "#1"}
			}
		},
		{
			"from": [0, 13.3334, 1],
			"to": [1, 15.925, 7],
			"rotation": {"angle": 0, "axis": "y", "origin": [0, 16, 0]},
			"faces": {
				"east": {"uv": [0, 0, 2.5916, 14], "rotation": 90, "texture": "#1", "cullface": "up"},
				"west": {"uv": [0, 0, 2.5916, 14], "rotation": 270, "texture": "#1", "cullface": "west"}
			}
		},
		{
			"from": [0, 13.3334, 7],
			"to": [8, 15.925, 8],
			"rotation": {"angle": 0, "axis": "y", "origin": [0, 16, 0]},
			"faces": {
				"north": {"uv": [0, 0, 2.5916, 8], "rotation": 90, "texture": "#1", "cullface": "up"},
				"east": {"uv": [0, 0, 2.5916, 1], "rotation": 90, "texture": "#1"},
				"south": {"uv": [0, 0, 2.5916, 8], "rotation": 90, "texture": "#1"},
				"west": {"uv": [0, 0, 2.5916, 1], "rotation": 270, "texture": "#1", "cullface": "west"}
			}
		},
		{
			"from": [0, 13.3334, 0],
			"to": [8, 15.925, 1],
			"rotation": {"angle": 0, "axis": "y", "origin": [0, 16, 0]},
			"faces": {
				"north": {"uv": [0, 0, 2.5916, 16], "rotation": 90, "texture": "#1", "cullface": "north"},
				"east": {"uv": [0, 0, 2.5916, 1], "rotation": 90, "texture": "#1"},
				"south": {"uv": [0, 0, 2.5916, 16], "rotation": 90, "texture": "#1", "cullface": "up"},
				"west": {"uv": [0, 0, 2.5916, 1], "rotation": 270, "texture": "#1", "cullface": "west"}
			}
		},
		{
			"from": [0, 15.925, 0],
			"to": [8, 16, 1],
			"rotation": {"angle": 0, "axis": "y", "origin": [0, 16, 0]},
			"faces": {
				"north": {"uv": [0, 0, 0.075, 16], "rotation": 90, "texture": "#3", "cullface": "north"},
				"east": {"uv": [0, 0, 0.075, 1], "rotation": 90, "texture": "#3"},
				"south": {"uv": [0, 0, 0.075, 16], "rotation": 90, "texture": "#3", "cullface": "up"},
				"west": {"uv": [0, 0, 0.075, 1], "rotation": 270, "texture": "#3", "cullface": "west"},
				"up": {"uv": [0, 0, 16, 1], "texture": "#3", "cullface": "up"}
			}
		},
		{
			"from": [0, 15.925, 1],
			"to": [1, 16, 7],
			"rotation": {"angle": 0, "axis": "y", "origin": [0, 16, 0]},
			"faces": {
				"east": {"uv": [0, 0, 0.075, 14], "rotation": 90, "texture": "#3", "cullface": "up"},
				"west": {"uv": [0, 0, 0.075, 14], "rotation": 270, "texture": "#3", "cullface": "west"},
				"up": {"uv": [0, 0, 1, 14], "texture": "#3", "cullface": "up"}
			}
		},
		{
			"from": [7, 13.3334, 1],
			"to": [8, 15.925, 7],
			"rotation": {"angle": 0, "axis": "y", "origin": [0, 16, 0]},
			"faces": {
				"north": {"uv": [0, 0, 2.5916, 1], "rotation": 90, "texture": "#1", "cullface": "east"},
				"east": {"uv": [0, 0, 2.5916, 8], "rotation": 90, "texture": "#1"},
				"west": {"uv": [0, 0, 2.5916, 8], "rotation": 270, "texture": "#1", "cullface": "up"}
			}
		},
		{
			"from": [7, 15.925, 1],
			"to": [8, 16, 7],
			"rotation": {"angle": 0, "axis": "y", "origin": [0, 16, 0]},
			"faces": {
				"north": {"uv": [0, 0, 0.075, 1], "rotation": 90, "texture": "#3", "cullface": "east"},
				"east": {"uv": [0, 0, 0.075, 8], "rotation": 90, "texture": "#3"},
				"west": {"uv": [0, 0, 0.075, 8], "rotation": 270, "texture": "#3", "cullface": "up"},
				"up": {"uv": [0, 0, 1, 8], "texture": "#3", "cullface": "up"}
			}
		},
		{
			"from": [0, 15.925, 7],
			"to": [8, 16, 8],
			"rotation": {"angle": 0, "axis": "y", "origin": [0, 16, 0]},
			"faces": {
				"north": {"uv": [0, 0, 0.075, 8], "rotation": 90, "texture": "#3", "cullface": "up"},
				"east": {"uv": [0, 0, 0.075, 1], "rotation": 90, "texture": "#3"},
				"south": {"uv": [0, 0, 0.075, 8], "rotation": 90, "texture": "#3"},
				"west": {"uv": [0, 0, 0.075, 1], "rotation": 270, "texture": "#3", "cullface": "west"},
				"up": {"uv": [0, 0, 8, 1], "texture": "#3", "cullface": "up"}
			}
		},
		{
			"from": [13.3334, 8, 8],
			"to": [13.5834, 16, 16],
			"rotation": {"angle": 0, "axis": "y", "origin": [16, 16, 0]},
			"faces": {
				"east": {"uv": [0, 0, 8, 8], "rotation": 90, "texture": "#1", "cullface": "east"},
				"west": {"uv": [0, 0, 8, 8], "rotation": 270, "texture": "#1"}
			}
		},
		{
			"name": "hexadecagon",
			"from": [12.25, 11.50272, 9.5],
			"to": [13.5, 12.49728, 14.5],
			"rotation": {"angle": 45, "axis": "x", "origin": [13, 12, 12]},
			"faces": {
				"north": {"uv": [0, 0, 1.25, 0.99456], "texture": "#1"},
				"south": {"uv": [0, 0, 1.25, 0.99456], "rotation": 180, "texture": "#1"},
				"west": {"uv": [0, 0, 0.99456, 5], "rotation": 270, "texture": "#1"}
			}
		},
		{
			"name": "hexadecagon",
			"from": [12.25, 11.50272, 9.5],
			"to": [13.5, 12.49728, 14.5],
			"rotation": {"angle": 22.5, "axis": "x", "origin": [13, 12, 12]},
			"faces": {
				"north": {"uv": [0, 0, 1.25, 0.99456], "texture": "#1"},
				"south": {"uv": [0, 0, 1.25, 0.99456], "rotation": 180, "texture": "#1"},
				"west": {"uv": [0, 0, 0.99456, 5], "rotation": 270, "texture": "#1"}
			}
		},
		{
			"name": "hexadecagon",
			"from": [12.25, 11.50272, 9.5],
			"to": [13.5, 12.49728, 14.5],
			"rotation": {"angle": 0, "axis": "y", "origin": [13, 12, 12]},
			"faces": {
				"north": {"uv": [0, 0, 1.25, 0.99456], "texture": "#1"},
				"south": {"uv": [0, 0, 1.25, 0.99456], "rotation": 180, "texture": "#1"},
				"west": {"uv": [0, 0, 0.99456, 5], "rotation": 270, "texture": "#1"}
			}
		},
		{
			"name": "hexadecagon",
			"from": [12.25, 11.50272, 9.5],
			"to": [13.5, 12.49728, 14.5],
			"rotation": {"angle": -22.5, "axis": "x", "origin": [13, 12, 12]},
			"faces": {
				"north": {"uv": [0, 0, 1.25, 0.99456], "texture": "#1"},
				"south": {"uv": [0, 0, 1.25, 0.99456], "rotation": 180, "texture": "#1"},
				"west": {"uv": [0, 0, 0.99456, 5], "rotation": 270, "texture": "#1"}
			}
		},
		{
			"name": "hexadecagon",
			"from": [12.25, 11.50272, 9.5],
			"to": [13.5, 12.49728, 14.5],
			"rotation": {"angle": -45, "axis": "x", "origin": [13, 12, 12]},
			"faces": {
				"north": {"uv": [0, 0, 1.25, 0.99456], "texture": "#1"},
				"south": {"uv": [0, 0, 1.25, 0.99456], "rotation": 180, "texture": "#1"},
				"west": {"uv": [0, 0, 0.99456, 5], "rotation": 270, "texture": "#1"}
			}
		},
		{
			"name": "hexadecagon",
			"from": [12.25, 9.5, 11.50272],
			"to": [13.5, 14.5, 12.49728],
			"rotation": {"angle": 22.5, "axis": "x", "origin": [13, 12, 12]},
			"faces": {
				"west": {"uv": [0, 0, 5, 0.99456], "rotation": 270, "texture": "#1"},
				"up": {"uv": [0, 0, 1.25, 0.99456], "texture": "#1"},
				"down": {"uv": [0, 0, 1.25, 0.99456], "rotation": 180, "texture": "#1"}
			}
		},
		{
			"name": "hexadecagon",
			"from": [12.25, 9.5, 11.50272],
			"to": [13.5, 14.5, 12.49728],
			"rotation": {"angle": 0, "axis": "y", "origin": [13, 12, 12]},
			"faces": {
				"west": {"uv": [0, 0, 5, 0.99456], "rotation": 270, "texture": "#1"},
				"up": {"uv": [0, 0, 1.25, 0.99456], "texture": "#1"},
				"down": {"uv": [0, 0, 1.25, 0.99456], "rotation": 180, "texture": "#1"}
			}
		},
		{
			"name": "hexadecagon",
			"from": [12.25, 9.5, 11.50272],
			"to": [13.5, 14.5, 12.49728],
			"rotation": {"angle": -22.5, "axis": "x", "origin": [13, 12, 12]},
			"faces": {
				"west": {"uv": [0, 0, 5, 0.99456], "rotation": 270, "texture": "#1"},
				"up": {"uv": [0, 0, 1.25, 0.99456], "texture": "#1"},
				"down": {"uv": [0, 0, 1.25, 0.99456], "rotation": 180, "texture": "#1"}
			}
		},
		{
			"name": "hexadecagon",
			"from": [12.25, 11.50272, 1.5],
			"to": [13.5, 12.49728, 6.5],
			"rotation": {"angle": -45, "axis": "x", "origin": [13, 12, 4]},
			"faces": {
				"north": {"uv": [0, 0, 1.25, 0.99456], "texture": "#1"},
				"south": {"uv": [0, 0, 1.25, 0.99456], "rotation": 180, "texture": "#1"},
				"west": {"uv": [0, 0, 0.99456, 5], "rotation": 270, "texture": "#1"}
			}
		},
		{
			"name": "hexadecagon",
			"from": [12.25, 11.50272, 1.5],
			"to": [13.5, 12.49728, 6.5],
			"rotation": {"angle": -22.5, "axis": "x", "origin": [13, 12, 4]},
			"faces": {
				"north": {"uv": [0, 0, 1.25, 0.99456], "texture": "#1"},
				"south": {"uv": [0, 0, 1.25, 0.99456], "rotation": 180, "texture": "#1"},
				"west": {"uv": [0, 0, 0.99456, 5], "rotation": 270, "texture": "#1"}
			}
		},
		{
			"name": "hexadecagon",
			"from": [12.25, 11.50272, 1.5],
			"to": [13.5, 12.49728, 6.5],
			"rotation": {"angle": 0, "axis": "y", "origin": [13, 12, 4]},
			"faces": {
				"north": {"uv": [0, 0, 1.25, 0.99456], "texture": "#1"},
				"south": {"uv": [0, 0, 1.25, 0.99456], "rotation": 180, "texture": "#1"},
				"west": {"uv": [0, 0, 0.99456, 5], "rotation": 270, "texture": "#1"}
			}
		},
		{
			"name": "hexadecagon",
			"from": [12.25, 11.50272, 1.5],
			"to": [13.5, 12.49728, 6.5],
			"rotation": {"angle": 22.5, "axis": "x", "origin": [13, 12, 4]},
			"faces": {
				"north": {"uv": [0, 0, 1.25, 0.99456], "texture": "#1"},
				"south": {"uv": [0, 0, 1.25, 0.99456], "rotation": 180, "texture": "#1"},
				"west": {"uv": [0, 0, 0.99456, 5], "rotation": 270, "texture": "#1"}
			}
		},
		{
			"name": "hexadecagon",
			"from": [12.25, 11.50272, 1.5],
			"to": [13.5, 12.49728, 6.5],
			"rotation": {"angle": 45, "axis": "x", "origin": [13, 12, 4]},
			"faces": {
				"north": {"uv": [0, 0, 1.25, 0.99456], "texture": "#1"},
				"south": {"uv": [0, 0, 1.25, 0.99456], "rotation": 180, "texture": "#1"},
				"west": {"uv": [0, 0, 0.99456, 5], "rotation": 270, "texture": "#1"}
			}
		},
		{
			"name": "hexadecagon",
			"from": [12.25, 9.5, 3.50272],
			"to": [13.5, 14.5, 4.49728],
			"rotation": {"angle": -22.5, "axis": "x", "origin": [13, 12, 4]},
			"faces": {
				"west": {"uv": [0, 0, 5, 0.99456], "rotation": 270, "texture": "#1"},
				"up": {"uv": [0, 0, 1.25, 0.99456], "texture": "#1"},
				"down": {"uv": [0, 0, 1.25, 0.99456], "rotation": 180, "texture": "#1"}
			}
		},
		{
			"name": "hexadecagon",
			"from": [12.25, 9.5, 3.50272],
			"to": [13.5, 14.5, 4.49728],
			"rotation": {"angle": 0, "axis": "y", "origin": [13, 12, 4]},
			"faces": {
				"west": {"uv": [0, 0, 5, 0.99456], "rotation": 270, "texture": "#1"},
				"up": {"uv": [0, 0, 1.25, 0.99456], "texture": "#1"},
				"down": {"uv": [0, 0, 1.25, 0.99456], "rotation": 180, "texture": "#1"}
			}
		},
		{
			"name": "hexadecagon",
			"from": [12.25, 9.5, 3.50272],
			"to": [13.5, 14.5, 4.49728],
			"rotation": {"angle": 22.5, "axis": "x", "origin": [13, 12, 4]},
			"faces": {
				"west": {"uv": [0, 0, 5, 0.99456], "rotation": 270, "texture": "#1"},
				"up": {"uv": [0, 0, 1.25, 0.99456], "texture": "#1"},
				"down": {"uv": [0, 0, 1.25, 0.99456], "rotation": 180, "texture": "#1"}
			}
		},
		{
			"name": "hexadecagon",
			"from": [3.50272, 12.25, 1.5],
			"to": [4.49728, 13.5, 6.5],
			"rotation": {"angle": -45, "axis": "y", "origin": [4, 13, 4]},
			"faces": {
				"north": {"uv": [0, 0, 1.25, 0.99456], "rotation": 90, "texture": "#1"},
				"south": {"uv": [0, 0, 1.25, 0.99456], "rotation": 90, "texture": "#1"},
				"down": {"uv": [0, 0, 0.99456, 5], "rotation": 180, "texture": "#1"}
			}
		},
		{
			"name": "hexadecagon",
			"from": [3.50272, 12.25, 1.5],
			"to": [4.49728, 13.5, 6.5],
			"rotation": {"angle": -22.5, "axis": "y", "origin": [4, 13, 4]},
			"faces": {
				"north": {"uv": [0, 0, 1.25, 0.99456], "rotation": 90, "texture": "#1"},
				"south": {"uv": [0, 0, 1.25, 0.99456], "rotation": 90, "texture": "#1"},
				"down": {"uv": [0, 0, 0.99456, 5], "rotation": 180, "texture": "#1"}
			}
		},
		{
			"name": "hexadecagon",
			"from": [3.50272, 12.25, 1.5],
			"to": [4.49728, 13.5, 6.5],
			"rotation": {"angle": 0, "axis": "y", "origin": [4, 13, 4]},
			"faces": {
				"north": {"uv": [0, 0, 1.25, 0.99456], "rotation": 90, "texture": "#1"},
				"south": {"uv": [0, 0, 1.25, 0.99456], "rotation": 90, "texture": "#1"},
				"down": {"uv": [0, 0, 0.99456, 5], "rotation": 180, "texture": "#1"}
			}
		},
		{
			"name": "hexadecagon",
			"from": [3.50272, 12.25, 1.5],
			"to": [4.49728, 13.5, 6.5],
			"rotation": {"angle": 22.5, "axis": "y", "origin": [4, 13, 4]},
			"faces": {
				"north": {"uv": [0, 0, 1.25, 0.99456], "rotation": 90, "texture": "#1"},
				"south": {"uv": [0, 0, 1.25, 0.99456], "rotation": 90, "texture": "#1"},
				"down": {"uv": [0, 0, 0.99456, 5], "rotation": 180, "texture": "#1"}
			}
		},
		{
			"name": "hexadecagon",
			"from": [3.50272, 12.25, 1.5],
			"to": [4.49728, 13.5, 6.5],
			"rotation": {"angle": 45, "axis": "y", "origin": [4, 13, 4]},
			"faces": {
				"north": {"uv": [0, 0, 1.25, 0.99456], "rotation": 90, "texture": "#1"},
				"south": {"uv": [0, 0, 1.25, 0.99456], "rotation": 90, "texture": "#1"},
				"down": {"uv": [0, 0, 0.99456, 5], "rotation": 180, "texture": "#1"}
			}
		},
		{
			"name": "hexadecagon",
			"from": [1.5, 12.25, 3.50272],
			"to": [6.5, 13.5, 4.49728],
			"rotation": {"angle": -22.5, "axis": "y", "origin": [4, 13, 4]},
			"faces": {
				"east": {"uv": [0, 0, 1.25, 0.99456], "rotation": 90, "texture": "#1"},
				"west": {"uv": [0, 0, 1.25, 0.99456], "rotation": 270, "texture": "#1"},
				"down": {"uv": [0, 0, 5, 0.99456], "rotation": 180, "texture": "#1"}
			}
		},
		{
			"name": "hexadecagon",
			"from": [1.5, 12.25, 3.50272],
			"to": [6.5, 13.5, 4.49728],
			"rotation": {"angle": 0, "axis": "y", "origin": [4, 13, 4]},
			"faces": {
				"east": {"uv": [0, 0, 1.25, 0.99456], "rotation": 90, "texture": "#1"},
				"west": {"uv": [0, 0, 1.25, 0.99456], "rotation": 270, "texture": "#1"},
				"down": {"uv": [0, 0, 5, 0.99456], "rotation": 180, "texture": "#1"}
			}
		},
		{
			"name": "hexadecagon",
			"from": [1.5, 12.25, 3.50272],
			"to": [6.5, 13.5, 4.49728],
			"rotation": {"angle": 22.5, "axis": "y", "origin": [4, 13, 4]},
			"faces": {
				"east": {"uv": [0, 0, 1.25, 0.99456], "rotation": 90, "texture": "#1"},
				"west": {"uv": [0, 0, 1.25, 0.99456], "rotation": 270, "texture": "#1"},
				"down": {"uv": [0, 0, 5, 0.99456], "rotation": 180, "texture": "#1"}
			}
		},
		{
			"name": "octagon",
			"from": [13.5, 6.5, 3.37868],
			"to": [15.25, 9.5, 4.62132],
			"rotation": {"angle": 0, "axis": "x", "origin": [14, 8, 4]},
			"faces": {
				"east": {"uv": [0, 0, 3, 1.24264], "rotation": 90, "texture": "#1", "cullface": "east"},
				"up": {"uv": [0, 0, 1.75, 1.24264], "texture": "#1", "cullface": "east"},
				"down": {"uv": [0, 0, 1.75, 1.24264], "rotation": 180, "texture": "#1", "cullface": "east"}
			}
		},
		{
			"name": "octagon",
			"from": [13.5, 7.37868, 2.5],
			"to": [15.25, 8.62132, 5.5],
			"rotation": {"angle": -45, "axis": "x", "origin": [14, 8, 4]},
			"faces": {
				"north": {"uv": [0, 0, 1.75, 1.24264], "texture": "#1", "cullface": "east"},
				"east": {"uv": [0, 0, 1.24264, 3], "rotation": 90, "texture": "#1", "cullface": "east"},
				"south": {"uv": [0, 0, 1.75, 1.24264], "rotation": 180, "texture": "#1", "cullface": "east"}
			}
		},
		{
			"name": "octagon",
			"from": [13.5, 7.37868, 2.5],
			"to": [15.25, 8.62132, 5.5],
			"rotation": {"angle": 0, "axis": "x", "origin": [14, 8, 4]},
			"faces": {
				"north": {"uv": [0, 0, 1.75, 1.24264], "texture": "#1", "cullface": "east"},
				"east": {"uv": [0, 0, 1.24264, 3], "rotation": 90, "texture": "#1", "cullface": "east"},
				"south": {"uv": [0, 0, 1.75, 1.24264], "rotation": 180, "texture": "#1", "cullface": "east"}
			}
		},
		{
			"name": "octagon",
			"from": [13.5, 6.5, 3.37868],
			"to": [15.25, 9.5, 4.62132],
			"rotation": {"angle": -45, "axis": "x", "origin": [14, 8, 4]},
			"faces": {
				"east": {"uv": [0, 0, 3, 1.24264], "rotation": 90, "texture": "#1", "cullface": "east"},
				"up": {"uv": [0, 0, 1.75, 1.24264], "texture": "#1", "cullface": "east"},
				"down": {"uv": [0, 0, 1.75, 1.24264], "rotation": 180, "texture": "#1", "cullface": "east"}
			}
		},
		{
			"name": "octagon",
			"from": [13.5, 10.5, 7.37868],
			"to": [15.25, 13.5, 8.62132],
			"rotation": {"angle": 0, "axis": "x", "origin": [14, 12, 8]},
			"faces": {
				"east": {"uv": [0, 0, 3, 1.24264], "rotation": 90, "texture": "#1", "cullface": "east"},
				"up": {"uv": [0, 0, 1.75, 1.24264], "texture": "#1", "cullface": "east"},
				"down": {"uv": [0, 0, 1.75, 1.24264], "rotation": 180, "texture": "#1", "cullface": "east"}
			}
		},
		{
			"name": "octagon",
			"from": [13.5, 11.37868, 6.5],
			"to": [15.25, 12.62132, 9.5],
			"rotation": {"angle": -45, "axis": "x", "origin": [14, 12, 8]},
			"faces": {
				"north": {"uv": [0, 0, 1.75, 1.24264], "texture": "#1", "cullface": "east"},
				"east": {"uv": [0, 0, 1.24264, 3], "rotation": 90, "texture": "#1", "cullface": "east"},
				"south": {"uv": [0, 0, 1.75, 1.24264], "rotation": 180, "texture": "#1", "cullface": "east"}
			}
		},
		{
			"name": "octagon",
			"from": [13.5, 11.37868, 6.5],
			"to": [15.25, 12.62132, 9.5],
			"rotation": {"angle": 0, "axis": "x", "origin": [14, 12, 8]},
			"faces": {
				"north": {"uv": [0, 0, 1.75, 1.24264], "texture": "#1", "cullface": "east"},
				"east": {"uv": [0, 0, 1.24264, 3], "rotation": 90, "texture": "#1", "cullface": "east"},
				"south": {"uv": [0, 0, 1.75, 1.24264], "rotation": 180, "texture": "#1", "cullface": "east"}
			}
		},
		{
			"name": "octagon",
			"from": [13.5, 10.5, 7.37868],
			"to": [15.25, 13.5, 8.62132],
			"rotation": {"angle": -45, "axis": "x", "origin": [14, 12, 8]},
			"faces": {
				"east": {"uv": [0, 0, 3, 1.24264], "rotation": 90, "texture": "#1", "cullface": "east"},
				"up": {"uv": [0, 0, 1.75, 1.24264], "texture": "#1", "cullface": "east"},
				"down": {"uv": [0, 0, 1.75, 1.24264], "rotation": 180, "texture": "#1", "cullface": "east"}
			}
		},
		{
			"from": [9.9909, 0, 0.53625],
			"to": [12.01029, 8, 3.03875],
			"rotation": {"angle": 0, "axis": "z", "origin": [11.31418, 4, 2.85311]},
			"faces": {
				"up": {"uv": [0, 0, 2.01939, 2.5025], "texture": "#3"},
				"down": {"uv": [0, 0, 2.01939, 2.5025], "rotation": 180, "texture": "#3", "cullface": "down"}
			}
		},
		{
			"from": [12.01029, 0, 0],
			"to": [13.2084, 8, 8],
			"rotation": {"angle": 0, "axis": "z", "origin": [11.31418, 4, 2.85311]},
			"faces": {
				"north": {"uv": [0, 0, 1.19811, 8], "rotation": 180, "texture": "#3", "cullface": "north"},
				"south": {"uv": [0, 0, 1.19811, 8], "texture": "#3"},
				"up": {"uv": [0, 0, 1.19811, 8], "texture": "#3"},
				"down": {"uv": [0, 0, 1.19811, 8], "rotation": 180, "texture": "#3", "cullface": "down"}
			}
		},
		{
			"from": [13.2084, 0, 0],
			"to": [13.3334, 8, 8],
			"rotation": {"angle": 0, "axis": "z", "origin": [11.31418, 4, 2.85311]},
			"faces": {
				"north": {"uv": [0, 0, 0.125, 8], "rotation": 180, "texture": "#5", "cullface": "north"},
				"south": {"uv": [0, 0, 0.125, 8], "texture": "#5"},
				"up": {"uv": [0, 0, 0.125, 8], "texture": "#5"},
				"down": {"uv": [0, 0, 0.125, 8], "rotation": 180, "texture": "#5", "cullface": "down"}
			}
		},
		{
			"from": [11.0634, 0, 3.03875],
			"to": [12.01029, 8, 5.25525],
			"rotation": {"angle": 0, "axis": "z", "origin": [11.31418, 4, 2.85311]},
			"faces": {
				"up": {"uv": [0, 0, 0.94689, 2.2165], "texture": "#3"},
				"down": {"uv": [0, 0, 0.94689, 2.2165], "rotation": 180, "texture": "#3", "cullface": "down"}
			}
		},
		{
			"from": [9.98767, 0, -0.20421],
			"to": [11.05988, 8, 7.87461],
			"rotation": {"angle": 22.5, "axis": "y", "origin": [11.31418, 4, 2.85311]},
			"faces": {
				"west": {"uv": [0, 0, 8, 8.07882], "rotation": 270, "texture": "#3"},
				"up": {"uv": [0, 0, 1.07221, 8.07882], "texture": "#3"},
				"down": {"uv": [0, 0, 1.07221, 8.07882], "rotation": 180, "texture": "#3", "cullface": "down"}
			}
		},
		{
			"from": [8.9184, 0, 0],
			"to": [12.01029, 8, 0.53625],
			"rotation": {"angle": 0, "axis": "z", "origin": [11.31418, 4, 2.85311]},
			"faces": {
				"north": {"uv": [0, 0, 3.09189, 8], "rotation": 180, "texture": "#3", "cullface": "north"},
				"west": {"uv": [0, 0, 8, 0.53625], "rotation": 270, "texture": "#3"},
				"up": {"uv": [0, 0, 3.09189, 0.53625], "texture": "#3"},
				"down": {"uv": [0, 0, 3.09189, 0.53625], "rotation": 180, "texture": "#3", "cullface": "down"}
			}
		}
	],
	"display": {
		"thirdperson_righthand": {
			"rotation": [75, 78, 0],
			"translation": [-0.5, 2.75, 2],
			"scale": [0.55, 0.55, 0.55]
		},
		"thirdperson_lefthand": {
			"rotation": [75, -78, 0],
			"translation": [0.25, 2.75, 2],
			"scale": [0.55, 0.55, 0.55]
		},
		"firstperson_righthand": {
			"rotation": [0, 90, -10],
			"translation": [1.13, 3.7, 0.63],
			"scale": [0.68, 0.68, 0.68]
		},
		"firstperson_lefthand": {
			"rotation": [0, -60, 10],
			"translation": [1.13, 3.7, 0.63],
			"scale": [0.68, 0.68, 0.68]
		},
		"ground": {
			"translation": [0, 2, 0],
			"scale": [0.5, 0.5, 0.5]
		},
		"gui": {
			"rotation": [30, 124, 0],
			"translation": [0, 3.75, 0]
		},
		"head": {
			"rotation": [0, 180, 0],
			"translation": [0, 15, 0.25]
		},
		"fixed": {
			"rotation": [0, 157, 0],
			"translation": [0, 3.5, 0]
		}
	},
	"groups": [
		{
			"name": "vine",
			"origin": [8, 8, 8],
			"color": 0,
			"children": [0, 1, 2, 3, 4, 5, 6, 7, 8, 9, 10, 11, 12, 13, 14, 15, 16, 17, 18, 19, 20, 21, 22,
				{
					"name": "Noppen",
					"origin": [8, 8, 8],
					"color": 0,
					"children": [
						{
							"name": "hexadecagon",
							"origin": [8, 8, 8],
							"color": 0,
							"children": [23, 24, 25, 26, 27, 28, 29, 30]
						},
						{
							"name": "hexadecagon",
							"origin": [8, 8, 8],
							"color": 0,
							"children": [31, 32, 33, 34, 35, 36, 37, 38, 39, 40, 41, 42, 43, 44, 45, 46]
						},
						{
							"name": "octagon",
							"origin": [8, 8, 8],
							"color": 0,
							"children": [47, 48, 49, 50]
						},
						{
							"name": "octagon",
							"origin": [8, 8, 8],
							"color": 0,
							"children": [51, 52, 53, 54]
						}
					]
				}
			]
		},
		{
			"name": "flat_angleled_nob",
			"origin": [8, 8, 8],
			"color": 0,
			"children": [
				{
					"name": "group",
					"origin": [6.27203, 3.54444, 7.9848],
					"color": 0,
					"children": [55, 56, 57, 58, 59, 60]
				}
			]
		}
	]
}