{
    "credit": "AlexTestria | https://alex-bauerndistel.de",
    "parent": "minecraft:block/.parents/stairs_outer",
    "textures": {
        "0": "minecraft:brickcraft/material/plastics/shader_support/plastic90",
				"1": "minecraft:brickcraft/material/plastics/shader_support/plastic92",
				"2": "minecraft:brickcraft/material/plastics/shader_support/plastic91",
				"3": "minecraft:brickcraft/material/plastics/shader_support/plastic90",
        "4": "minecraft:brickcraft/material/plastics/shader_support/plastic91"
    }
}
