{
	"credit": "AlexTestria | https://alex-bauerndistel.de",
	"parent": "minecraft:block/crop",
	"textures": {
		"2": "brickcraft/material/plastics/shader_support/plastic66",
		"3": "brickcraft/material/plastics/shader_support/plastic65",
		"4": "brickcraft/material/plastics/shader_support/plastic67",
		"particle": "brickcraft/material/plastics/shader_support/plastic66"
	},
	"elements": [
		{
			"from": [0, 0, 0],
			"to": [8, 2.5918, 8],
			"rotation": {"angle": 0, "axis": "y", "origin": [16, -9.075, -8]},
			"faces": {
				"north": {"uv": [0, 0, 8, 2.5918], "texture": "#2", "cullface": "north"},
				"east": {"uv": [0, 0, 8, 2.5918], "texture": "#2"},
				"south": {"uv": [0, 0, 8, 2.5918], "texture": "#2"},
				"west": {"uv": [0, 0, 8, 2.5918], "texture": "#2", "cullface": "west"},
				"up": {"uv": [0, 0, 0, 0], "texture": "#2"},
				"down": {"uv": [0, 0, 8, 8], "texture": "#2", "cullface": "down"}
			}
		},
		{
			"from": [0, 2.5918, 0],
			"to": [8, 2.6668, 8],
			"rotation": {"angle": 0, "axis": "y", "origin": [16, -9.075, -8]},
			"faces": {
				"north": {"uv": [0, 0, 8, 0.075], "texture": "#4", "cullface": "north"},
				"east": {"uv": [0, 0, 8, 0.075], "texture": "#4"},
				"south": {"uv": [0, 0, 8, 0.075], "texture": "#4"},
				"west": {"uv": [0, 0, 8, 0.075], "texture": "#4", "cullface": "west"},
				"up": {"uv": [0, 0, 0, 0], "texture": "#4"},
				"down": {"uv": [0, 0, 0, 0], "texture": "#4"}
			}
		},
		{
			"from": [0, 2.6668, 0],
			"to": [8, 5.2586, 8],
			"rotation": {"angle": 0, "axis": "y", "origin": [16, -6.4082, -8]},
			"faces": {
				"north": {"uv": [0, 0, 8, 2.5918], "texture": "#3", "cullface": "north"},
				"east": {"uv": [0, 0, 8, 2.5918], "texture": "#3"},
				"south": {"uv": [0, 0, 8, 2.5918], "texture": "#3"},
				"west": {"uv": [0, 0, 8, 2.5918], "texture": "#3", "cullface": "west"},
				"up": {"uv": [0, 0, 0, 0], "texture": "#3"},
				"down": {"uv": [0, 0, 0, 0], "texture": "#3"}
			}
		},
		{
			"from": [0, 5.3336, 0],
			"to": [8, 7.9254, 8],
			"rotation": {"angle": 0, "axis": "y", "origin": [16, -3.7414, -8]},
			"faces": {
				"north": {"uv": [0, 0, 8, 2.5918], "texture": "#3", "cullface": "north"},
				"east": {"uv": [0, 0, 8, 2.5918], "texture": "#3"},
				"south": {"uv": [0, 0, 8, 2.5918], "texture": "#3"},
				"west": {"uv": [0, 0, 8, 2.5918], "texture": "#3", "cullface": "west"},
				"up": {"uv": [0, 0, 8, 8], "texture": "#3"},
				"down": {"uv": [0, 0, 0, 0], "texture": "#3"}
			}
		},
		{
			"from": [0, 5.2586, 0],
			"to": [8, 5.3336, 8],
			"rotation": {"angle": 0, "axis": "y", "origin": [16, -6.4082, -8]},
			"faces": {
				"north": {"uv": [0, 0, 8, 0.075], "texture": "#4", "cullface": "north"},
				"east": {"uv": [0, 0, 8, 0.075], "texture": "#4"},
				"south": {"uv": [0, 0, 8, 0.075], "texture": "#4"},
				"west": {"uv": [0, 0, 8, 0.075], "texture": "#4", "cullface": "west"},
				"up": {"uv": [0, 0, 0, 0], "texture": "#4"},
				"down": {"uv": [0, 0, 0, 0], "texture": "#4"}
			}
		},
		{
			"name": "hexadecagon",
			"from": [1.5, 7.9248, 3.50272],
			"to": [6.5, 9.1748, 4.49728],
			"rotation": {"angle": -45, "axis": "y", "origin": [4, 8.4248, 4]},
			"faces": {
				"north": {"uv": [0, 0, 0, 0], "texture": "#3"},
				"east": {"uv": [0, 0, 0.99456, 1.25], "texture": "#3"},
				"south": {"uv": [0, 0, 0, 0], "texture": "#3"},
				"west": {"uv": [0, 0, 0.99456, 1.25], "texture": "#3"},
				"up": {"uv": [0, 0, 5, 0.99456], "texture": "#3"},
				"down": {"uv": [0, 0, 0, 0], "texture": "#3"}
			}
		},
		{
			"name": "hexadecagon",
			"from": [1.5, 7.9248, 3.50272],
			"to": [6.5, 9.1748, 4.49728],
			"rotation": {"angle": -22.5, "axis": "y", "origin": [4, 8.4248, 4]},
			"faces": {
				"north": {"uv": [0, 0, 0, 0], "texture": "#3"},
				"east": {"uv": [0, 0, 0.99456, 1.25], "texture": "#3"},
				"south": {"uv": [0, 0, 0, 0], "texture": "#3"},
				"west": {"uv": [0, 0, 0.99456, 1.25], "texture": "#3"},
				"up": {"uv": [0, 0, 0, 0], "texture": "#3"},
				"down": {"uv": [0, 0, 0, 0], "texture": "#3"}
			}
		},
		{
			"name": "hexadecagon",
			"from": [1.5, 7.9248, 3.50272],
			"to": [6.5, 9.1748, 4.49728],
			"rotation": {"angle": 0, "axis": "y", "origin": [4, 8.4248, 4]},
			"faces": {
				"north": {"uv": [0, 0, 0, 0], "texture": "#3"},
				"east": {"uv": [0, 0, 0.99456, 1.25], "texture": "#3"},
				"south": {"uv": [0, 0, 0, 0], "texture": "#3"},
				"west": {"uv": [0, 0, 0.99456, 1.25], "texture": "#3"},
				"up": {"uv": [0, 0, 0, 0], "texture": "#3"},
				"down": {"uv": [0, 0, 0, 0], "texture": "#3"}
			}
		},
		{
			"name": "hexadecagon",
			"from": [1.5, 7.9248, 3.50272],
			"to": [6.5, 9.1748, 4.49728],
			"rotation": {"angle": 22.5, "axis": "y", "origin": [4, 8.4248, 4]},
			"faces": {
				"north": {"uv": [0, 0, 0, 0], "texture": "#3"},
				"east": {"uv": [0, 0, 0.99456, 1.25], "texture": "#3"},
				"south": {"uv": [0, 0, 0, 0], "texture": "#3"},
				"west": {"uv": [0, 0, 0.99456, 1.25], "texture": "#3"},
				"up": {"uv": [0, 0, 0, 0], "texture": "#3"},
				"down": {"uv": [0, 0, 0, 0], "texture": "#3"}
			}
		},
		{
			"name": "hexadecagon",
			"from": [3.50272, 7.9248, 1.5],
			"to": [4.49728, 9.1748, 6.5],
			"rotation": {"angle": -22.5, "axis": "y", "origin": [4, 8.4248, 4]},
			"faces": {
				"north": {"uv": [0, 0, 0.99456, 1.25], "texture": "#3"},
				"east": {"uv": [0, 0, 0, 0], "texture": "#3"},
				"south": {"uv": [0, 0, 0.99456, 1.25], "texture": "#3"},
				"west": {"uv": [0, 0, 0, 0], "texture": "#3"},
				"up": {"uv": [0, 0, 0, 0], "texture": "#3"},
				"down": {"uv": [0, 0, 0, 0], "texture": "#3"}
			}
		},
		{
			"name": "hexadecagon",
			"from": [1.5, 7.9248, 3.50272],
			"to": [6.5, 9.1748, 4.49728],
			"rotation": {"angle": 45, "axis": "y", "origin": [4, 8.4248, 4]},
			"faces": {
				"north": {"uv": [0, 0, 0, 0], "texture": "#3"},
				"east": {"uv": [0, 0, 0.99456, 1.25], "texture": "#3"},
				"south": {"uv": [0, 0, 0, 0], "texture": "#3"},
				"west": {"uv": [0, 0, 0.99456, 1.25], "texture": "#3"},
				"up": {"uv": [0, 0, 5, 0.99456], "texture": "#3"},
				"down": {"uv": [0, 0, 0, 0], "texture": "#3"}
			}
		},
		{
			"name": "hexadecagon",
			"from": [3.50272, 7.9248, 1.5],
			"to": [4.49728, 9.1748, 6.5],
			"rotation": {"angle": 0, "axis": "y", "origin": [4, 8.4248, 4]},
			"faces": {
				"north": {"uv": [0, 0, 0.99456, 1.25], "texture": "#3"},
				"east": {"uv": [0, 0, 0, 0], "texture": "#3"},
				"south": {"uv": [0, 0, 0.99456, 1.25], "texture": "#3"},
				"west": {"uv": [0, 0, 0, 0], "texture": "#3"},
				"up": {"uv": [0, 0, 0, 0], "texture": "#3"},
				"down": {"uv": [0, 0, 0, 0], "texture": "#3"}
			}
		},
		{
			"name": "hexadecagon",
			"from": [3.50272, 7.9248, 1.5],
			"to": [4.49728, 9.1748, 6.5],
			"rotation": {"angle": 22.5, "axis": "y", "origin": [4, 8.4248, 4]},
			"faces": {
				"north": {"uv": [0, 0, 0.99456, 1.25], "texture": "#3"},
				"east": {"uv": [0, 0, 0, 0], "texture": "#3"},
				"south": {"uv": [0, 0, 0.99456, 1.25], "texture": "#3"},
				"west": {"uv": [0, 0, 0, 0], "texture": "#3"},
				"up": {"uv": [0, 0, 0, 0], "texture": "#3"},
				"down": {"uv": [0, 0, 0, 0], "texture": "#3"}
			}
		},
		{
			"from": [8, -2.5918, 8],
			"to": [16, 0, 16],
			"rotation": {"angle": 0, "axis": "y", "origin": [24, -11.6668, 0]},
			"faces": {
				"north": {"uv": [0, 0, 8, 2.5918], "texture": "#2"},
				"east": {"uv": [0, 0, 8, 2.5918], "texture": "#2"},
				"south": {"uv": [0, 0, 8, 2.5918], "texture": "#2"},
				"west": {"uv": [0, 0, 8, 2.5918], "texture": "#2"},
				"up": {"uv": [0, 0, 0, 0], "texture": "#2"},
				"down": {"uv": [0, 0, 8, 8], "texture": "#2", "cullface": "down"}
			}
		},
		{
			"from": [8, 0, 8],
			"to": [16, 0.075, 16],
			"rotation": {"angle": 0, "axis": "y", "origin": [24, -11.6668, 0]},
			"faces": {
				"north": {"uv": [0, 0, 8, 0.075], "texture": "#4", "cullface": "north"},
				"east": {"uv": [0, 0, 8, 0.075], "texture": "#4", "cullface": "east"},
				"south": {"uv": [0, 0, 8, 0.075], "texture": "#4", "cullface": "south"},
				"west": {"uv": [0, 0, 8, 0.075], "texture": "#4", "cullface": "west"},
				"up": {"uv": [0, 0, 0, 0], "texture": "#4"},
				"down": {"uv": [0, 0, 0, 0], "texture": "#4"}
			}
		},
		{
			"from": [8, 2.6668, 8],
			"to": [16, 2.7418, 16],
			"rotation": {"angle": 0, "axis": "y", "origin": [24, -9, 0]},
			"faces": {
				"north": {"uv": [0, 0, 8, 0.075], "texture": "#4", "cullface": "north"},
				"east": {"uv": [0, 0, 8, 0.075], "texture": "#4", "cullface": "east"},
				"south": {"uv": [0, 0, 8, 0.075], "texture": "#4", "cullface": "south"},
				"west": {"uv": [0, 0, 8, 0.075], "texture": "#4", "cullface": "west"},
				"up": {"uv": [0, 0, 0, 0], "texture": "#4"},
				"down": {"uv": [0, 0, 0, 0], "texture": "#4"}
			}
		},
		{
			"from": [8, 0.075, 8],
			"to": [16, 2.6668, 16],
			"rotation": {"angle": 0, "axis": "y", "origin": [24, -9, 0]},
			"faces": {
				"north": {"uv": [0, 0, 8, 2.5918], "texture": "#3"},
				"east": {"uv": [0, 0, 8, 2.5918], "texture": "#3", "cullface": "east"},
				"south": {"uv": [0, 0, 8, 2.5918], "texture": "#3", "cullface": "south"},
				"west": {"uv": [0, 0, 8, 2.5918], "texture": "#3"},
				"up": {"uv": [0, 0, 0, 0], "texture": "#3"},
				"down": {"uv": [0, 0, 0, 0], "texture": "#3"}
			}
		},
		{
			"from": [8, 2.7418, 8],
			"to": [16, 5.3336, 16],
			"rotation": {"angle": 0, "axis": "y", "origin": [24, -6.3332, 0]},
			"faces": {
				"north": {"uv": [0, 0, 8, 2.5918], "texture": "#3"},
				"east": {"uv": [0, 0, 8, 2.5918], "texture": "#3", "cullface": "east"},
				"south": {"uv": [0, 0, 8, 2.5918], "texture": "#3", "cullface": "south"},
				"west": {"uv": [0, 0, 8, 2.5918], "texture": "#3"},
				"up": {"uv": [0, 0, 8, 8], "texture": "#3"},
				"down": {"uv": [0, 0, 0, 0], "texture": "#3"}
			}
		},
		{
			"name": "hexadecagon",
			"from": [9.5, 5.333, 11.50272],
			"to": [14.5, 6.583, 12.49728],
			"rotation": {"angle": -45, "axis": "y", "origin": [12, 5.833, 12]},
			"faces": {
				"north": {"uv": [0, 0, 0, 0], "texture": "#3"},
				"east": {"uv": [0, 0, 0.99456, 1.25], "texture": "#3"},
				"south": {"uv": [0, 0, 0, 0], "texture": "#3"},
				"west": {"uv": [0, 0, 0.99456, 1.25], "texture": "#3"},
				"up": {"uv": [0, 0, 5, 0.99456], "texture": "#3"},
				"down": {"uv": [0, 0, 0, 0], "texture": "#3"}
			}
		},
		{
			"name": "hexadecagon",
			"from": [9.5, 5.333, 11.50272],
			"to": [14.5, 6.583, 12.49728],
			"rotation": {"angle": 0, "axis": "y", "origin": [12, 5.833, 12]},
			"faces": {
				"north": {"uv": [0, 0, 0, 0], "texture": "#3"},
				"east": {"uv": [0, 0, 0.99456, 1.25], "texture": "#3"},
				"south": {"uv": [0, 0, 0, 0], "texture": "#3"},
				"west": {"uv": [0, 0, 0.99456, 1.25], "texture": "#3"},
				"up": {"uv": [0, 0, 0, 0], "texture": "#3"},
				"down": {"uv": [0, 0, 0, 0], "texture": "#3"}
			}
		},
		{
			"name": "hexadecagon",
			"from": [9.5, 5.333, 11.50272],
			"to": [14.5, 6.583, 12.49728],
			"rotation": {"angle": -22.5, "axis": "y", "origin": [12, 5.833, 12]},
			"faces": {
				"north": {"uv": [0, 0, 0, 0], "texture": "#3"},
				"east": {"uv": [0, 0, 0.99456, 1.25], "texture": "#3"},
				"south": {"uv": [0, 0, 0, 0], "texture": "#3"},
				"west": {"uv": [0, 0, 0.99456, 1.25], "texture": "#3"},
				"up": {"uv": [0, 0, 0, 0], "texture": "#3"},
				"down": {"uv": [0, 0, 0, 0], "texture": "#3"}
			}
		},
		{
			"name": "hexadecagon",
			"from": [9.5, 5.333, 11.50272],
			"to": [14.5, 6.583, 12.49728],
			"rotation": {"angle": 22.5, "axis": "y", "origin": [12, 5.833, 12]},
			"faces": {
				"north": {"uv": [0, 0, 0, 0], "texture": "#3"},
				"east": {"uv": [0, 0, 0.99456, 1.25], "texture": "#3"},
				"south": {"uv": [0, 0, 0, 0], "texture": "#3"},
				"west": {"uv": [0, 0, 0.99456, 1.25], "texture": "#3"},
				"up": {"uv": [0, 0, 0, 0], "texture": "#3"},
				"down": {"uv": [0, 0, 0, 0], "texture": "#3"}
			}
		},
		{
			"name": "hexadecagon",
			"from": [11.50272, 5.333, 9.5],
			"to": [12.49728, 6.583, 14.5],
			"rotation": {"angle": -22.5, "axis": "y", "origin": [12, 5.833, 12]},
			"faces": {
				"north": {"uv": [0, 0, 0.99456, 1.25], "texture": "#3"},
				"east": {"uv": [0, 0, 0, 0], "texture": "#3"},
				"south": {"uv": [0, 0, 0.99456, 1.25], "texture": "#3"},
				"west": {"uv": [0, 0, 0, 0], "texture": "#3"},
				"up": {"uv": [0, 0, 0, 0], "texture": "#3"},
				"down": {"uv": [0, 0, 0, 0], "texture": "#3"}
			}
		},
		{
			"name": "hexadecagon",
			"from": [11.50272, 5.333, 9.5],
			"to": [12.49728, 6.583, 14.5],
			"rotation": {"angle": 0, "axis": "y", "origin": [12, 5.833, 12]},
			"faces": {
				"north": {"uv": [0, 0, 0.99456, 1.25], "texture": "#3"},
				"east": {"uv": [0, 0, 0, 0], "texture": "#3"},
				"south": {"uv": [0, 0, 0.99456, 1.25], "texture": "#3"},
				"west": {"uv": [0, 0, 0, 0], "texture": "#3"},
				"up": {"uv": [0, 0, 0, 0], "texture": "#3"},
				"down": {"uv": [0, 0, 0, 0], "texture": "#3"}
			}
		},
		{
			"name": "hexadecagon",
			"from": [11.50272, 5.333, 9.5],
			"to": [12.49728, 6.583, 14.5],
			"rotation": {"angle": 22.5, "axis": "y", "origin": [12, 5.833, 12]},
			"faces": {
				"north": {"uv": [0, 0, 0.99456, 1.25], "texture": "#3"},
				"east": {"uv": [0, 0, 0, 0], "texture": "#3"},
				"south": {"uv": [0, 0, 0.99456, 1.25], "texture": "#3"},
				"west": {"uv": [0, 0, 0, 0], "texture": "#3"},
				"up": {"uv": [0, 0, 0, 0], "texture": "#3"},
				"down": {"uv": [0, 0, 0, 0], "texture": "#3"}
			}
		},
		{
			"name": "hexadecagon",
			"from": [9.5, 5.333, 11.50272],
			"to": [14.5, 6.583, 12.49728],
			"rotation": {"angle": 45, "axis": "y", "origin": [12, 5.833, 12]},
			"faces": {
				"north": {"uv": [0, 0, 0, 0], "texture": "#3"},
				"east": {"uv": [0, 0, 0.99456, 1.25], "texture": "#3"},
				"south": {"uv": [0, 0, 0, 0], "texture": "#3"},
				"west": {"uv": [0, 0, 0.99456, 1.25], "texture": "#3"},
				"up": {"uv": [0, 0, 5, 0.99456], "texture": "#3"},
				"down": {"uv": [0, 0, 0, 0], "texture": "#3"}
			}
		},
		{
			"name": "hexadecagon",
			"from": [3.50272, 10, 1.5],
			"to": [4.49728, 11.25, 6.5],
			"rotation": {"angle": 45, "axis": "y", "origin": [4, 10.5, 4]},
			"faces": {
				"north": {"uv": [0, 0, 0.99456, 1.25], "texture": "#3"},
				"east": {"uv": [0, 0, 0, 0], "texture": "#3"},
				"south": {"uv": [0, 0, 0.99456, 1.25], "texture": "#3"},
				"west": {"uv": [0, 0, 0, 0], "texture": "#3"},
				"up": {"uv": [0, 0, 0.99456, 5], "texture": "#3"},
				"down": {"uv": [0, 0, 0, 0], "texture": "#3"}
			}
		},
		{
			"name": "hexadecagon",
			"from": [3.50272, 10, 1.5],
			"to": [4.49728, 11.25, 6.5],
			"rotation": {"angle": 22.5, "axis": "y", "origin": [4, 10.5, 4]},
			"faces": {
				"north": {"uv": [0, 0, 0.99456, 1.25], "texture": "#3"},
				"east": {"uv": [0, 0, 0, 0], "texture": "#3"},
				"south": {"uv": [0, 0, 0.99456, 1.25], "texture": "#3"},
				"west": {"uv": [0, 0, 0, 0], "texture": "#3"},
				"up": {"uv": [0, 0, 0.99456, 5], "texture": "#3"},
				"down": {"uv": [0, 0, 0, 0], "texture": "#3"}
			}
		},
		{
			"name": "hexadecagon",
			"from": [3.50272, 10, 1.5],
			"to": [4.49728, 11.25, 6.5],
			"rotation": {"angle": 0, "axis": "y", "origin": [4, 10.5, 4]},
			"faces": {
				"north": {"uv": [0, 0, 0.99456, 1.25], "texture": "#3"},
				"east": {"uv": [0, 0, 0, 0], "texture": "#3"},
				"south": {"uv": [0, 0, 0.99456, 1.25], "texture": "#3"},
				"west": {"uv": [0, 0, 0, 0], "texture": "#3"},
				"up": {"uv": [0, 0, 0.99456, 5], "texture": "#3"},
				"down": {"uv": [0, 0, 0, 0], "texture": "#3"}
			}
		},
		{
			"name": "hexadecagon",
			"from": [3.50272, 10, 1.5],
			"to": [4.49728, 11.25, 6.5],
			"rotation": {"angle": -22.5, "axis": "y", "origin": [4, 10.5, 4]},
			"faces": {
				"north": {"uv": [0, 0, 0.99456, 1.25], "texture": "#3"},
				"east": {"uv": [0, 0, 0, 0], "texture": "#3"},
				"south": {"uv": [0, 0, 0.99456, 1.25], "texture": "#3"},
				"west": {"uv": [0, 0, 0, 0], "texture": "#3"},
				"up": {"uv": [0, 0, 0.99456, 5], "texture": "#3"},
				"down": {"uv": [0, 0, 0, 0], "texture": "#3"}
			}
		},
		{
			"name": "hexadecagon",
			"from": [3.50272, 10, 1.5],
			"to": [4.49728, 11.25, 6.5],
			"rotation": {"angle": -45, "axis": "y", "origin": [4, 10.5, 4]},
			"faces": {
				"north": {"uv": [0, 0, 0.99456, 1.25], "texture": "#3"},
				"east": {"uv": [0, 0, 0, 0], "texture": "#3"},
				"south": {"uv": [0, 0, 0.99456, 1.25], "texture": "#3"},
				"west": {"uv": [0, 0, 0, 0], "texture": "#3"},
				"up": {"uv": [0, 0, 0.99456, 5], "texture": "#3"},
				"down": {"uv": [0, 0, 0, 0], "texture": "#3"}
			}
		},
		{
			"name": "hexadecagon",
			"from": [1.5, 10, 3.50272],
			"to": [6.5, 11.25, 4.49728],
			"rotation": {"angle": 22.5, "axis": "y", "origin": [4, 10.5, 4]},
			"faces": {
				"north": {"uv": [0, 0, 0, 0], "texture": "#3"},
				"east": {"uv": [0, 0, 0.99456, 1.25], "texture": "#3"},
				"south": {"uv": [0, 0, 0, 0], "texture": "#3"},
				"west": {"uv": [0, 0, 0.99456, 1.25], "texture": "#3"},
				"up": {"uv": [0, 0, 5, 0.99456], "texture": "#3"},
				"down": {"uv": [0, 0, 0, 0], "texture": "#3"}
			}
		},
		{
			"name": "hexadecagon",
			"from": [1.5, 10, 3.50272],
			"to": [6.5, 11.25, 4.49728],
			"rotation": {"angle": 0, "axis": "y", "origin": [4, 10.5, 4]},
			"faces": {
				"north": {"uv": [0, 0, 0, 0], "texture": "#3"},
				"east": {"uv": [0, 0, 0.99456, 1.25], "texture": "#3"},
				"south": {"uv": [0, 0, 0, 0], "texture": "#3"},
				"west": {"uv": [0, 0, 0.99456, 1.25], "texture": "#3"},
				"up": {"uv": [0, 0, 5, 0.99456], "texture": "#3"},
				"down": {"uv": [0, 0, 0, 0], "texture": "#3"}
			}
		},
		{
			"name": "hexadecagon",
			"from": [1.5, 10, 3.50272],
			"to": [6.5, 11.25, 4.49728],
			"rotation": {"angle": -22.5, "axis": "y", "origin": [4, 10.5, 4]},
			"faces": {
				"north": {"uv": [0, 0, 0, 0], "texture": "#3"},
				"east": {"uv": [0, 0, 0.99456, 1.25], "texture": "#3"},
				"south": {"uv": [0, 0, 0, 0], "texture": "#3"},
				"west": {"uv": [0, 0, 0.99456, 1.25], "texture": "#3"},
				"up": {"uv": [0, 0, 5, 0.99456], "texture": "#3"},
				"down": {"uv": [0, 0, 0, 0], "texture": "#3"}
			}
		},
		{
			"name": "hexadecagon",
			"from": [3.35353, 8.25, 0.75],
			"to": [4.64647, 9.5, 7.25],
			"rotation": {"angle": -45, "axis": "y", "origin": [4, 8.5, 4]},
			"faces": {
				"north": {"uv": [0, 0, 1.29293, 1.5], "texture": "#3"},
				"east": {"uv": [0, 0, 0, 0], "texture": "#3"},
				"south": {"uv": [0, 0, 1.29293, 1.5], "texture": "#3"},
				"west": {"uv": [0, 0, 0, 0], "texture": "#3"},
				"up": {"uv": [0, 0, 0, 0], "texture": "#3"},
				"down": {"uv": [0, 0, 1.29293, 6.5], "texture": "#3"}
			}
		},
		{
			"name": "hexadecagon",
			"from": [3.35353, 8.25, 0.75],
			"to": [4.64647, 9.5, 7.25],
			"rotation": {"angle": -22.5, "axis": "y", "origin": [4, 8.5, 4]},
			"faces": {
				"north": {"uv": [0, 0, 1.29293, 1.5], "texture": "#3"},
				"east": {"uv": [0, 0, 0, 0], "texture": "#3"},
				"south": {"uv": [0, 0, 1.29293, 1.5], "texture": "#3"},
				"west": {"uv": [0, 0, 0, 0], "texture": "#3"},
				"up": {"uv": [0, 0, 0, 0], "texture": "#3"},
				"down": {"uv": [0, 0, 1.29293, 6.5], "texture": "#3"}
			}
		},
		{
			"name": "hexadecagon",
			"from": [3.35353, 8.25, 0.75],
			"to": [4.64647, 9.5, 7.25],
			"rotation": {"angle": 0, "axis": "y", "origin": [4, 8.5, 4]},
			"faces": {
				"north": {"uv": [0, 0, 1.29293, 1.5], "texture": "#3"},
				"east": {"uv": [0, 0, 0, 0], "texture": "#3"},
				"south": {"uv": [0, 0, 1.29293, 1.5], "texture": "#3"},
				"west": {"uv": [0, 0, 0, 0], "texture": "#3"},
				"up": {"uv": [0, 0, 0, 0], "texture": "#3"},
				"down": {"uv": [0, 0, 1.29293, 6.5], "texture": "#3"}
			}
		},
		{
			"name": "hexadecagon",
			"from": [3.35353, 8.25, 0.75],
			"to": [4.64647, 9.5, 7.25],
			"rotation": {"angle": 22.5, "axis": "y", "origin": [4, 8.5, 4]},
			"faces": {
				"north": {"uv": [0, 0, 1.29293, 1.5], "texture": "#3"},
				"east": {"uv": [0, 0, 0, 0], "texture": "#3"},
				"south": {"uv": [0, 0, 1.29293, 1.5], "texture": "#3"},
				"west": {"uv": [0, 0, 0, 0], "texture": "#3"},
				"up": {"uv": [0, 0, 0, 0], "texture": "#3"},
				"down": {"uv": [0, 0, 1.29293, 6.5], "texture": "#3"}
			}
		},
		{
			"name": "hexadecagon",
			"from": [3.35353, 8.25, 0.75],
			"to": [4.64647, 9.5, 7.25],
			"rotation": {"angle": 45, "axis": "y", "origin": [4, 8.5, 4]},
			"faces": {
				"north": {"uv": [0, 0, 1.29293, 1.5], "texture": "#3"},
				"east": {"uv": [0, 0, 0, 0], "texture": "#3"},
				"south": {"uv": [0, 0, 1.29293, 1.5], "texture": "#3"},
				"west": {"uv": [0, 0, 0, 0], "texture": "#3"},
				"up": {"uv": [0, 0, 0, 0], "texture": "#3"},
				"down": {"uv": [0, 0, 1.29293, 6.5], "texture": "#3"}
			}
		},
		{
			"name": "hexadecagon",
			"from": [0.75, 8.25, 3.35353],
			"to": [7.25, 9.5, 4.64647],
			"rotation": {"angle": -22.5, "axis": "y", "origin": [4, 8.5, 4]},
			"faces": {
				"north": {"uv": [0, 0, 0, 0], "texture": "#3"},
				"east": {"uv": [0, 0, 1.29293, 1.5], "texture": "#3"},
				"south": {"uv": [0, 0, 0, 0], "texture": "#3"},
				"west": {"uv": [0, 0, 1.29293, 1.5], "texture": "#3"},
				"up": {"uv": [0, 0, 0, 0], "texture": "#3"},
				"down": {"uv": [0, 0, 6.5, 1.29293], "texture": "#3"}
			}
		},
		{
			"name": "hexadecagon",
			"from": [0.75, 8.25, 3.35353],
			"to": [7.25, 9.5, 4.64647],
			"rotation": {"angle": 0, "axis": "y", "origin": [4, 8.5, 4]},
			"faces": {
				"north": {"uv": [0, 0, 0, 0], "texture": "#3"},
				"east": {"uv": [0, 0, 1.29293, 1.5], "texture": "#3"},
				"south": {"uv": [0, 0, 0, 0], "texture": "#3"},
				"west": {"uv": [0, 0, 1.29293, 1.5], "texture": "#3"},
				"up": {"uv": [0, 0, 0, 0], "texture": "#3"},
				"down": {"uv": [0, 0, 6.5, 1.29293], "texture": "#3"}
			}
		},
		{
			"name": "hexadecagon",
			"from": [0.75, 8.25, 3.35353],
			"to": [7.25, 9.5, 4.64647],
			"rotation": {"angle": 22.5, "axis": "y", "origin": [4, 8.5, 4]},
			"faces": {
				"north": {"uv": [0, 0, 0, 0], "texture": "#3"},
				"east": {"uv": [0, 0, 1.29293, 1.5], "texture": "#3"},
				"south": {"uv": [0, 0, 0, 0], "texture": "#3"},
				"west": {"uv": [0, 0, 1.29293, 1.5], "texture": "#3"},
				"up": {"uv": [0, 0, 0, 0], "texture": "#3"},
				"down": {"uv": [0, 0, 6.5, 1.29293], "texture": "#3"}
			}
		},
		{
			"name": "hexadecagon",
			"from": [3.25408, 9.5, 0.25],
			"to": [4.74592, 10, 7.75],
			"rotation": {"angle": -45, "axis": "y", "origin": [4, 10, 4]},
			"faces": {
				"north": {"uv": [0, 0, 1.49184, 0.5], "texture": "#3"},
				"east": {"uv": [0, 0, 0, 0], "texture": "#3"},
				"south": {"uv": [0, 0, 1.49184, 0.5], "texture": "#3"},
				"west": {"uv": [0, 0, 0, 0], "texture": "#3"},
				"up": {"uv": [0, 0, 1.49184, 7.5], "texture": "#3"},
				"down": {"uv": [0, 0, 1.49184, 7.5], "texture": "#3"}
			}
		},
		{
			"name": "hexadecagon",
			"from": [3.25408, 9.5, 0.25],
			"to": [4.74592, 10, 7.75],
			"rotation": {"angle": -22.5, "axis": "y", "origin": [4, 10, 4]},
			"faces": {
				"north": {"uv": [0, 0, 1.49184, 0.5], "texture": "#3"},
				"east": {"uv": [0, 0, 0, 0], "texture": "#3"},
				"south": {"uv": [0, 0, 1.49184, 0.5], "texture": "#3"},
				"west": {"uv": [0, 0, 0, 0], "texture": "#3"},
				"up": {"uv": [0, 0, 1.49184, 7.5], "texture": "#3"},
				"down": {"uv": [0, 0, 1.49184, 7.5], "texture": "#3"}
			}
		},
		{
			"name": "hexadecagon",
			"from": [3.25408, 9.5, 0.25],
			"to": [4.74592, 10, 7.75],
			"rotation": {"angle": 0, "axis": "y", "origin": [4, 10, 4]},
			"faces": {
				"north": {"uv": [0, 0, 1.49184, 0.5], "texture": "#3"},
				"east": {"uv": [0, 0, 0, 0], "texture": "#3"},
				"south": {"uv": [0, 0, 1.49184, 0.5], "texture": "#3"},
				"west": {"uv": [0, 0, 0, 0], "texture": "#3"},
				"up": {"uv": [0, 0, 1.49184, 7.5], "texture": "#3"},
				"down": {"uv": [0, 0, 1.49184, 7.5], "texture": "#3"}
			}
		},
		{
			"name": "hexadecagon",
			"from": [3.25408, 9.5, 0.25],
			"to": [4.74592, 10, 7.75],
			"rotation": {"angle": 22.5, "axis": "y", "origin": [4, 10, 4]},
			"faces": {
				"north": {"uv": [0, 0, 1.49184, 0.5], "texture": "#3"},
				"east": {"uv": [0, 0, 0, 0], "texture": "#3"},
				"south": {"uv": [0, 0, 1.49184, 0.5], "texture": "#3"},
				"west": {"uv": [0, 0, 0, 0], "texture": "#3"},
				"up": {"uv": [0, 0, 1.49184, 7.5], "texture": "#3"},
				"down": {"uv": [0, 0, 1.49184, 7.5], "texture": "#3"}
			}
		},
		{
			"name": "hexadecagon",
			"from": [3.25408, 9.5, 0.25],
			"to": [4.74592, 10, 7.75],
			"rotation": {"angle": 45, "axis": "y", "origin": [4, 10, 4]},
			"faces": {
				"north": {"uv": [0, 0, 1.49184, 0.5], "texture": "#3"},
				"east": {"uv": [0, 0, 0, 0], "texture": "#3"},
				"south": {"uv": [0, 0, 1.49184, 0.5], "texture": "#3"},
				"west": {"uv": [0, 0, 0, 0], "texture": "#3"},
				"up": {"uv": [0, 0, 1.49184, 7.5], "texture": "#3"},
				"down": {"uv": [0, 0, 1.49184, 7.5], "texture": "#3"}
			}
		},
		{
			"name": "hexadecagon",
			"from": [0.25, 9.5, 3.25408],
			"to": [7.75, 10, 4.74592],
			"rotation": {"angle": -22.5, "axis": "y", "origin": [4, 10, 4]},
			"faces": {
				"north": {"uv": [0, 0, 0, 0], "texture": "#3"},
				"east": {"uv": [0, 0, 1.49184, 0.5], "texture": "#3"},
				"south": {"uv": [0, 0, 0, 0], "texture": "#3"},
				"west": {"uv": [0, 0, 1.49184, 0.5], "texture": "#3"},
				"up": {"uv": [0, 0, 7.5, 1.49184], "texture": "#3"},
				"down": {"uv": [0, 0, 7.5, 1.49184], "texture": "#3"}
			}
		},
		{
			"name": "hexadecagon",
			"from": [0.25, 9.5, 3.25408],
			"to": [7.75, 10, 4.74592],
			"rotation": {"angle": 0, "axis": "y", "origin": [4, 10, 4]},
			"faces": {
				"north": {"uv": [0, 0, 0, 0], "texture": "#3"},
				"east": {"uv": [0, 0, 1.49184, 0.5], "texture": "#3"},
				"south": {"uv": [0, 0, 0, 0], "texture": "#3"},
				"west": {"uv": [0, 0, 1.49184, 0.5], "texture": "#3"},
				"up": {"uv": [0, 0, 7.5, 1.49184], "texture": "#3"},
				"down": {"uv": [0, 0, 7.5, 1.49184], "texture": "#3"}
			}
		},
		{
			"name": "hexadecagon",
			"from": [0.25, 9.5, 3.25408],
			"to": [7.75, 10, 4.74592],
			"rotation": {"angle": 22.5, "axis": "y", "origin": [4, 10, 4]},
			"faces": {
				"north": {"uv": [0, 0, 0, 0], "texture": "#3"},
				"east": {"uv": [0, 0, 1.49184, 0.5], "texture": "#3"},
				"south": {"uv": [0, 0, 0, 0], "texture": "#3"},
				"west": {"uv": [0, 0, 1.49184, 0.5], "texture": "#3"},
				"up": {"uv": [0, 0, 7.5, 1.49184], "texture": "#3"},
				"down": {"uv": [0, 0, 7.5, 1.49184], "texture": "#3"}
			}
		},
		{
			"name": "hexadecagon",
			"from": [11.50272, 7.375, 9.5],
			"to": [12.49728, 8.625, 14.5],
			"rotation": {"angle": 45, "axis": "y", "origin": [12, 7.875, 12]},
			"faces": {
				"north": {"uv": [0, 0, 0.99456, 1.25], "texture": "#3"},
				"east": {"uv": [0, 0, 0, 0], "texture": "#3"},
				"south": {"uv": [0, 0, 0.99456, 1.25], "texture": "#3"},
				"west": {"uv": [0, 0, 0, 0], "texture": "#3"},
				"up": {"uv": [0, 0, 0.99456, 5], "texture": "#3"},
				"down": {"uv": [0, 0, 0, 0], "texture": "#3"}
			}
		},
		{
			"name": "hexadecagon",
			"from": [11.50272, 7.375, 9.5],
			"to": [12.49728, 8.625, 14.5],
			"rotation": {"angle": 22.5, "axis": "y", "origin": [12, 7.875, 12]},
			"faces": {
				"north": {"uv": [0, 0, 0.99456, 1.25], "texture": "#3"},
				"east": {"uv": [0, 0, 0, 0], "texture": "#3"},
				"south": {"uv": [0, 0, 0.99456, 1.25], "texture": "#3"},
				"west": {"uv": [0, 0, 0, 0], "texture": "#3"},
				"up": {"uv": [0, 0, 0.99456, 5], "texture": "#3"},
				"down": {"uv": [0, 0, 0, 0], "texture": "#3"}
			}
		},
		{
			"name": "hexadecagon",
			"from": [11.50272, 7.375, 9.5],
			"to": [12.49728, 8.625, 14.5],
			"rotation": {"angle": 0, "axis": "y", "origin": [12, 7.875, 12]},
			"faces": {
				"north": {"uv": [0, 0, 0.99456, 1.25], "texture": "#3"},
				"east": {"uv": [0, 0, 0, 0], "texture": "#3"},
				"south": {"uv": [0, 0, 0.99456, 1.25], "texture": "#3"},
				"west": {"uv": [0, 0, 0, 0], "texture": "#3"},
				"up": {"uv": [0, 0, 0.99456, 5], "texture": "#3"},
				"down": {"uv": [0, 0, 0, 0], "texture": "#3"}
			}
		},
		{
			"name": "hexadecagon",
			"from": [11.50272, 7.375, 9.5],
			"to": [12.49728, 8.625, 14.5],
			"rotation": {"angle": -22.5, "axis": "y", "origin": [12, 7.875, 12]},
			"faces": {
				"north": {"uv": [0, 0, 0.99456, 1.25], "texture": "#3"},
				"east": {"uv": [0, 0, 0, 0], "texture": "#3"},
				"south": {"uv": [0, 0, 0.99456, 1.25], "texture": "#3"},
				"west": {"uv": [0, 0, 0, 0], "texture": "#3"},
				"up": {"uv": [0, 0, 0.99456, 5], "texture": "#3"},
				"down": {"uv": [0, 0, 0, 0], "texture": "#3"}
			}
		},
		{
			"name": "hexadecagon",
			"from": [11.50272, 7.375, 9.5],
			"to": [12.49728, 8.625, 14.5],
			"rotation": {"angle": -45, "axis": "y", "origin": [12, 7.875, 12]},
			"faces": {
				"north": {"uv": [0, 0, 0.99456, 1.25], "texture": "#3"},
				"east": {"uv": [0, 0, 0, 0], "texture": "#3"},
				"south": {"uv": [0, 0, 0.99456, 1.25], "texture": "#3"},
				"west": {"uv": [0, 0, 0, 0], "texture": "#3"},
				"up": {"uv": [0, 0, 0.99456, 5], "texture": "#3"},
				"down": {"uv": [0, 0, 0, 0], "texture": "#3"}
			}
		},
		{
			"name": "hexadecagon",
			"from": [9.5, 7.375, 11.50272],
			"to": [14.5, 8.625, 12.49728],
			"rotation": {"angle": 22.5, "axis": "y", "origin": [12, 7.875, 12]},
			"faces": {
				"north": {"uv": [0, 0, 0, 0], "texture": "#3"},
				"east": {"uv": [0, 0, 0.99456, 1.25], "texture": "#3"},
				"south": {"uv": [0, 0, 0, 0], "texture": "#3"},
				"west": {"uv": [0, 0, 0.99456, 1.25], "texture": "#3"},
				"up": {"uv": [0, 0, 5, 0.99456], "texture": "#3"},
				"down": {"uv": [0, 0, 0, 0], "texture": "#3"}
			}
		},
		{
			"name": "hexadecagon",
			"from": [9.5, 7.375, 11.50272],
			"to": [14.5, 8.625, 12.49728],
			"rotation": {"angle": 0, "axis": "y", "origin": [12, 7.875, 12]},
			"faces": {
				"north": {"uv": [0, 0, 0, 0], "texture": "#3"},
				"east": {"uv": [0, 0, 0.99456, 1.25], "texture": "#3"},
				"south": {"uv": [0, 0, 0, 0], "texture": "#3"},
				"west": {"uv": [0, 0, 0.99456, 1.25], "texture": "#3"},
				"up": {"uv": [0, 0, 5, 0.99456], "texture": "#3"},
				"down": {"uv": [0, 0, 0, 0], "texture": "#3"}
			}
		},
		{
			"name": "hexadecagon",
			"from": [9.5, 7.375, 11.50272],
			"to": [14.5, 8.625, 12.49728],
			"rotation": {"angle": -22.5, "axis": "y", "origin": [12, 7.875, 12]},
			"faces": {
				"north": {"uv": [0, 0, 0, 0], "texture": "#3"},
				"east": {"uv": [0, 0, 0.99456, 1.25], "texture": "#3"},
				"south": {"uv": [0, 0, 0, 0], "texture": "#3"},
				"west": {"uv": [0, 0, 0.99456, 1.25], "texture": "#3"},
				"up": {"uv": [0, 0, 5, 0.99456], "texture": "#3"},
				"down": {"uv": [0, 0, 0, 0], "texture": "#3"}
			}
		},
		{
			"name": "hexadecagon",
			"from": [11.35353, 5.625, 8.75],
			"to": [12.64647, 6.875, 15.25],
			"rotation": {"angle": -45, "axis": "y", "origin": [12, 5.875, 12]},
			"faces": {
				"north": {"uv": [0, 0, 1.29293, 1.5], "texture": "#3"},
				"east": {"uv": [0, 0, 0, 0], "texture": "#3"},
				"south": {"uv": [0, 0, 1.29293, 1.5], "texture": "#3"},
				"west": {"uv": [0, 0, 0, 0], "texture": "#3"},
				"up": {"uv": [0, 0, 0, 0], "texture": "#3"},
				"down": {"uv": [0, 0, 1.29293, 6.5], "texture": "#3"}
			}
		},
		{
			"name": "hexadecagon",
			"from": [11.35353, 5.625, 8.75],
			"to": [12.64647, 6.875, 15.25],
			"rotation": {"angle": -22.5, "axis": "y", "origin": [12, 5.875, 12]},
			"faces": {
				"north": {"uv": [0, 0, 1.29293, 1.5], "texture": "#3"},
				"east": {"uv": [0, 0, 0, 0], "texture": "#3"},
				"south": {"uv": [0, 0, 1.29293, 1.5], "texture": "#3"},
				"west": {"uv": [0, 0, 0, 0], "texture": "#3"},
				"up": {"uv": [0, 0, 0, 0], "texture": "#3"},
				"down": {"uv": [0, 0, 1.29293, 6.5], "texture": "#3"}
			}
		},
		{
			"name": "hexadecagon",
			"from": [11.35353, 5.625, 8.75],
			"to": [12.64647, 6.875, 15.25],
			"rotation": {"angle": 0, "axis": "y", "origin": [12, 5.875, 12]},
			"faces": {
				"north": {"uv": [0, 0, 1.29293, 1.5], "texture": "#3"},
				"east": {"uv": [0, 0, 0, 0], "texture": "#3"},
				"south": {"uv": [0, 0, 1.29293, 1.5], "texture": "#3"},
				"west": {"uv": [0, 0, 0, 0], "texture": "#3"},
				"up": {"uv": [0, 0, 0, 0], "texture": "#3"},
				"down": {"uv": [0, 0, 1.29293, 6.5], "texture": "#3"}
			}
		},
		{
			"name": "hexadecagon",
			"from": [11.35353, 5.625, 8.75],
			"to": [12.64647, 6.875, 15.25],
			"rotation": {"angle": 22.5, "axis": "y", "origin": [12, 5.875, 12]},
			"faces": {
				"north": {"uv": [0, 0, 1.29293, 1.5], "texture": "#3"},
				"east": {"uv": [0, 0, 0, 0], "texture": "#3"},
				"south": {"uv": [0, 0, 1.29293, 1.5], "texture": "#3"},
				"west": {"uv": [0, 0, 0, 0], "texture": "#3"},
				"up": {"uv": [0, 0, 0, 0], "texture": "#3"},
				"down": {"uv": [0, 0, 1.29293, 6.5], "texture": "#3"}
			}
		},
		{
			"name": "hexadecagon",
			"from": [11.35353, 5.625, 8.75],
			"to": [12.64647, 6.875, 15.25],
			"rotation": {"angle": 45, "axis": "y", "origin": [12, 5.875, 12]},
			"faces": {
				"north": {"uv": [0, 0, 1.29293, 1.5], "texture": "#3"},
				"east": {"uv": [0, 0, 0, 0], "texture": "#3"},
				"south": {"uv": [0, 0, 1.29293, 1.5], "texture": "#3"},
				"west": {"uv": [0, 0, 0, 0], "texture": "#3"},
				"up": {"uv": [0, 0, 0, 0], "texture": "#3"},
				"down": {"uv": [0, 0, 1.29293, 6.5], "texture": "#3"}
			}
		},
		{
			"name": "hexadecagon",
			"from": [8.75, 5.625, 11.35353],
			"to": [15.25, 6.875, 12.64647],
			"rotation": {"angle": -22.5, "axis": "y", "origin": [12, 5.875, 12]},
			"faces": {
				"north": {"uv": [0, 0, 0, 0], "texture": "#3"},
				"east": {"uv": [0, 0, 1.29293, 1.5], "texture": "#3"},
				"south": {"uv": [0, 0, 0, 0], "texture": "#3"},
				"west": {"uv": [0, 0, 1.29293, 1.5], "texture": "#3"},
				"up": {"uv": [0, 0, 0, 0], "texture": "#3"},
				"down": {"uv": [0, 0, 6.5, 1.29293], "texture": "#3"}
			}
		},
		{
			"name": "hexadecagon",
			"from": [8.75, 5.625, 11.35353],
			"to": [15.25, 6.875, 12.64647],
			"rotation": {"angle": 0, "axis": "y", "origin": [12, 5.875, 12]},
			"faces": {
				"north": {"uv": [0, 0, 0, 0], "texture": "#3"},
				"east": {"uv": [0, 0, 1.29293, 1.5], "texture": "#3"},
				"south": {"uv": [0, 0, 0, 0], "texture": "#3"},
				"west": {"uv": [0, 0, 1.29293, 1.5], "texture": "#3"},
				"up": {"uv": [0, 0, 0, 0], "texture": "#3"},
				"down": {"uv": [0, 0, 6.5, 1.29293], "texture": "#3"}
			}
		},
		{
			"name": "hexadecagon",
			"from": [8.75, 5.625, 11.35353],
			"to": [15.25, 6.875, 12.64647],
			"rotation": {"angle": 22.5, "axis": "y", "origin": [12, 5.875, 12]},
			"faces": {
				"north": {"uv": [0, 0, 0, 0], "texture": "#3"},
				"east": {"uv": [0, 0, 1.29293, 1.5], "texture": "#3"},
				"south": {"uv": [0, 0, 0, 0], "texture": "#3"},
				"west": {"uv": [0, 0, 1.29293, 1.5], "texture": "#3"},
				"up": {"uv": [0, 0, 0, 0], "texture": "#3"},
				"down": {"uv": [0, 0, 6.5, 1.29293], "texture": "#3"}
			}
		},
		{
			"name": "hexadecagon",
			"from": [11.25408, 6.875, 8.25],
			"to": [12.74592, 7.375, 15.75],
			"rotation": {"angle": -45, "axis": "y", "origin": [12, 7.375, 12]},
			"faces": {
				"north": {"uv": [0, 0, 1.49184, 0.5], "texture": "#3"},
				"east": {"uv": [0, 0, 0, 0], "texture": "#3"},
				"south": {"uv": [0, 0, 1.49184, 0.5], "texture": "#3"},
				"west": {"uv": [0, 0, 0, 0], "texture": "#3"},
				"up": {"uv": [0, 0, 1.49184, 7.5], "texture": "#3"},
				"down": {"uv": [0, 0, 1.49184, 7.5], "texture": "#3"}
			}
		},
		{
			"name": "hexadecagon",
			"from": [11.25408, 6.875, 8.25],
			"to": [12.74592, 7.375, 15.75],
			"rotation": {"angle": -22.5, "axis": "y", "origin": [12, 7.375, 12]},
			"faces": {
				"north": {"uv": [0, 0, 1.49184, 0.5], "texture": "#3"},
				"east": {"uv": [0, 0, 0, 0], "texture": "#3"},
				"south": {"uv": [0, 0, 1.49184, 0.5], "texture": "#3"},
				"west": {"uv": [0, 0, 0, 0], "texture": "#3"},
				"up": {"uv": [0, 0, 1.49184, 7.5], "texture": "#3"},
				"down": {"uv": [0, 0, 1.49184, 7.5], "texture": "#3"}
			}
		},
		{
			"name": "hexadecagon",
			"from": [11.25408, 6.875, 8.25],
			"to": [12.74592, 7.375, 15.75],
			"rotation": {"angle": 0, "axis": "y", "origin": [12, 7.375, 12]},
			"faces": {
				"north": {"uv": [0, 0, 1.49184, 0.5], "texture": "#3"},
				"east": {"uv": [0, 0, 0, 0], "texture": "#3"},
				"south": {"uv": [0, 0, 1.49184, 0.5], "texture": "#3"},
				"west": {"uv": [0, 0, 0, 0], "texture": "#3"},
				"up": {"uv": [0, 0, 1.49184, 7.5], "texture": "#3"},
				"down": {"uv": [0, 0, 1.49184, 7.5], "texture": "#3"}
			}
		},
		{
			"name": "hexadecagon",
			"from": [11.25408, 6.875, 8.25],
			"to": [12.74592, 7.375, 15.75],
			"rotation": {"angle": 22.5, "axis": "y", "origin": [12, 7.375, 12]},
			"faces": {
				"north": {"uv": [0, 0, 1.49184, 0.5], "texture": "#3"},
				"east": {"uv": [0, 0, 0, 0], "texture": "#3"},
				"south": {"uv": [0, 0, 1.49184, 0.5], "texture": "#3"},
				"west": {"uv": [0, 0, 0, 0], "texture": "#3"},
				"up": {"uv": [0, 0, 1.49184, 7.5], "texture": "#3"},
				"down": {"uv": [0, 0, 1.49184, 7.5], "texture": "#3"}
			}
		},
		{
			"name": "hexadecagon",
			"from": [11.25408, 6.875, 8.25],
			"to": [12.74592, 7.375, 15.75],
			"rotation": {"angle": 45, "axis": "y", "origin": [12, 7.375, 12]},
			"faces": {
				"north": {"uv": [0, 0, 1.49184, 0.5], "texture": "#3"},
				"east": {"uv": [0, 0, 0, 0], "texture": "#3"},
				"south": {"uv": [0, 0, 1.49184, 0.5], "texture": "#3"},
				"west": {"uv": [0, 0, 0, 0], "texture": "#3"},
				"up": {"uv": [0, 0, 1.49184, 7.5], "texture": "#3"},
				"down": {"uv": [0, 0, 1.49184, 7.5], "texture": "#3"}
			}
		},
		{
			"name": "hexadecagon",
			"from": [8.25, 6.875, 11.25408],
			"to": [15.75, 7.375, 12.74592],
			"rotation": {"angle": -22.5, "axis": "y", "origin": [12, 7.375, 12]},
			"faces": {
				"north": {"uv": [0, 0, 0, 0], "texture": "#3"},
				"east": {"uv": [0, 0, 1.49184, 0.5], "texture": "#3"},
				"south": {"uv": [0, 0, 0, 0], "texture": "#3"},
				"west": {"uv": [0, 0, 1.49184, 0.5], "texture": "#3"},
				"up": {"uv": [0, 0, 7.5, 1.49184], "texture": "#3"},
				"down": {"uv": [0, 0, 7.5, 1.49184], "texture": "#3"}
			}
		},
		{
			"name": "hexadecagon",
			"from": [8.25, 6.875, 11.25408],
			"to": [15.75, 7.375, 12.74592],
			"rotation": {"angle": 0, "axis": "y", "origin": [12, 7.375, 12]},
			"faces": {
				"north": {"uv": [0, 0, 0, 0], "texture": "#3"},
				"east": {"uv": [0, 0, 1.49184, 0.5], "texture": "#3"},
				"south": {"uv": [0, 0, 0, 0], "texture": "#3"},
				"west": {"uv": [0, 0, 1.49184, 0.5], "texture": "#3"},
				"up": {"uv": [0, 0, 7.5, 1.49184], "texture": "#3"},
				"down": {"uv": [0, 0, 7.5, 1.49184], "texture": "#3"}
			}
		},
		{
			"name": "hexadecagon",
			"from": [8.25, 6.875, 11.25408],
			"to": [15.75, 7.375, 12.74592],
			"rotation": {"angle": 22.5, "axis": "y", "origin": [12, 7.375, 12]},
			"faces": {
				"north": {"uv": [0, 0, 0, 0], "texture": "#3"},
				"east": {"uv": [0, 0, 1.49184, 0.5], "texture": "#3"},
				"south": {"uv": [0, 0, 0, 0], "texture": "#3"},
				"west": {"uv": [0, 0, 1.49184, 0.5], "texture": "#3"},
				"up": {"uv": [0, 0, 7.5, 1.49184], "texture": "#3"},
				"down": {"uv": [0, 0, 7.5, 1.49184], "texture": "#3"}
			}
		}
	],
	"display": {
		"thirdperson_righthand": {
			"rotation": [75, 45, 0],
			"translation": [0, 2.5, 0],
			"scale": [0.375, 0.375, 0.375]
		},
		"thirdperson_lefthand": {
			"rotation": [75, 45, 0],
			"translation": [0, 2.5, 0],
			"scale": [0.375, 0.375, 0.375]
		},
		"firstperson_righthand": {
			"rotation": [0, 45, 0],
			"scale": [0.4, 0.4, 0.4]
		},
		"firstperson_lefthand": {
			"rotation": [0, 225, 0],
			"scale": [0.4, 0.4, 0.4]
		},
		"ground": {
			"translation": [0, 3, 0],
			"scale": [0.25, 0.25, 0.25]
		},
		"gui": {
			"rotation": [30, 225, 0],
			"scale": [0.625, 0.625, 0.625]
		},
		"fixed": {
			"scale": [0.5, 0.5, 0.5]
		}
	},
	"groups": [
		{
			"name": "group",
			"origin": [4, 3.0912, 4],
			"color": 0,
			"children": [0, 1, 2, 3, 4,
				{
					"name": "group",
					"origin": [4, 3.0912, 4],
					"color": 0,
					"children": [5, 6, 7, 8, 9, 10, 11, 12]
				}
			]
		},
		{
			"name": "group",
			"origin": [4, 3.0912, 4],
			"color": 0,
			"children": [13, 14, 15, 16, 17,
				{
					"name": "group",
					"origin": [12, 0.4994, 12],
					"color": 0,
					"children": [18, 19, 20, 21, 22, 23, 24, 25]
				}
			]
		},
		{
			"name": "little_nob",
			"origin": [8, 8, 8],
			"color": 0,
			"children": [
				{
					"name": "Little Nob",
					"origin": [8, 8, 8],
					"color": 0,
					"children": [
						{
							"name": "hexadecagon",
							"origin": [8, 8, 8],
							"color": 0,
							"children": [26, 27, 28, 29, 30, 31, 32, 33]
						},
						{
							"name": "hexadecagon",
							"origin": [8, 8, 8],
							"color": 0,
							"children": [34, 35, 36, 37, 38, 39, 40, 41]
						},
						{
							"name": "hexadecagon",
							"origin": [8, 8, 8],
							"color": 0,
							"children": [42, 43, 44, 45, 46, 47, 48, 49]
						}
					]
				}
			]
		},
		{
			"name": "little_nob",
			"origin": [8, 8, 8],
			"color": 0,
			"children": [
				{
					"name": "Little Nob",
					"origin": [8, 8, 8],
					"color": 0,
					"children": [
						{
							"name": "hexadecagon",
							"origin": [8, 8, 8],
							"color": 0,
							"children": [50, 51, 52, 53, 54, 55, 56, 57]
						},
						{
							"name": "hexadecagon",
							"origin": [8, 8, 8],
							"color": 0,
							"children": [58, 59, 60, 61, 62, 63, 64, 65]
						},
						{
							"name": "hexadecagon",
							"origin": [8, 8, 8],
							"color": 0,
							"children": [66, 67, 68, 69, 70, 71, 72, 73]
						}
					]
				}
			]
		}
	]
}