{
	"credit": "Made by Botany",
	"textures": {
		"0": "block/acacia_log",
		"2": "block/dark_oak_log",
		"particle": "block/dark_oak_log"
	},
	"elements": [
		{
			"from": [5, -3, 7],
			"to": [6, -2, 8],
			"rotation": {"angle": 22.5, "axis": "z", "origin": [0, 0, 0]},
			"faces": {
				"north": {"uv": [1, 2, 2, 3], "rotation": 270, "texture": "#2"},
				"east": {"uv": [0, 0, 1, 1], "rotation": 90, "texture": "#missing"},
				"south": {"uv": [1, 2, 2, 3], "rotation": 90, "texture": "#2"},
				"west": {"uv": [1, 2, 2, 3], "rotation": 90, "texture": "#2"},
				"up": {"uv": [1, 2, 2, 3], "rotation": 90, "texture": "#2"},
				"down": {"uv": [1, 2, 2, 3], "rotation": 90, "texture": "#2"}
			}
		},
		{
			"from": [11, -3, 7],
			"to": [12, -2, 8],
			"rotation": {"angle": 22.5, "axis": "z", "origin": [0, 0, 0]},
			"faces": {
				"north": {"uv": [0, 2, 1, 3], "rotation": 270, "texture": "#0"},
				"east": {"uv": [1, 0, 2, 1], "rotation": 90, "texture": "#0"},
				"south": {"uv": [1, 2, 2, 3], "rotation": 90, "texture": "#0"},
				"west": {"uv": [0, 0, 1, 1], "rotation": 90, "texture": "#0"},
				"up": {"uv": [2, 2, 3, 3], "rotation": 90, "texture": "#0"},
				"down": {"uv": [1, 2, 2, 3], "rotation": 90, "texture": "#0"}
			}
		},
		{
			"from": [12, -4, 7],
			"to": [13, -3, 8],
			"rotation": {"angle": 22.5, "axis": "z", "origin": [0, 0, 0]},
			"faces": {
				"north": {"uv": [0, 0, 1, 1], "rotation": 270, "texture": "#0"},
				"east": {"uv": [0, 0, 1, 1], "rotation": 90, "texture": "#0"},
				"south": {"uv": [0, 0, 1, 1], "rotation": 90, "texture": "#0"},
				"west": {"uv": [0, 0, 1, 1], "rotation": 90, "texture": "#0"},
				"up": {"uv": [0, 0, 1, 1], "rotation": 90, "texture": "#0"},
				"down": {"uv": [0, 0, 1, 1], "rotation": 90, "texture": "#0"}
			}
		},
		{
			"from": [7, -4, 6],
			"to": [9, -1, 9],
			"rotation": {"angle": 22.5, "axis": "z", "origin": [0, 0, 0]},
			"faces": {
				"north": {"uv": [8, 4, 11, 6], "rotation": 270, "texture": "#2"},
				"east": {"uv": [0, 0, 3, 3], "rotation": 90, "texture": "#missing"},
				"south": {"uv": [8, 4, 11, 6], "rotation": 90, "texture": "#2"},
				"west": {"uv": [4, 1, 5, 2], "rotation": 90, "texture": "#2"},
				"up": {"uv": [8, 4, 11, 6], "rotation": 90, "texture": "#2"},
				"down": {"uv": [8, 4, 11, 6], "rotation": 90, "texture": "#2"}
			}
		},
		{
			"from": [6, -3.75, 6.25],
			"to": [7, -1.25, 8.75],
			"rotation": {"angle": 22.5, "axis": "z", "origin": [0, 0, 0]},
			"faces": {
				"north": {"uv": [3, 1, 4, 2], "rotation": 270, "texture": "#2"},
				"east": {"uv": [0, 0, 2.5, 2.5], "rotation": 90, "texture": "#missing"},
				"south": {"uv": [3, 1, 4, 2], "rotation": 90, "texture": "#2"},
				"west": {"uv": [3, 1, 4, 2], "rotation": 90, "texture": "#2"},
				"up": {"uv": [3, 1, 4, 2], "rotation": 90, "texture": "#2"},
				"down": {"uv": [3, 1, 4, 2], "rotation": 90, "texture": "#2"}
			}
		},
		{
			"from": [9, -5, 5],
			"to": [10, 0, 10],
			"rotation": {"angle": 22.5, "axis": "z", "origin": [0, 0, 0]},
			"faces": {
				"north": {"uv": [0, 0, 5, 1], "rotation": 270, "texture": "#2"},
				"east": {"uv": [0, 0, 5, 5], "rotation": 90, "texture": "#2"},
				"south": {"uv": [0, 0, 5, 1], "rotation": 90, "texture": "#2"},
				"west": {"uv": [0, 0, 5, 5], "rotation": 90, "texture": "#2"},
				"up": {"uv": [0, 0, 5, 1], "rotation": 90, "texture": "#2"},
				"down": {"uv": [0, 0, 5, 1], "rotation": 90, "texture": "#2"}
			}
		},
		{
			"from": [10, -4, 6],
			"to": [11, -1, 9],
			"rotation": {"angle": 22.5, "axis": "z", "origin": [0, 0, 0]},
			"faces": {
				"north": {"uv": [0, 0, 3, 1], "rotation": 270, "texture": "#2"},
				"east": {"uv": [0, 0, 3, 3], "rotation": 90, "texture": "#2"},
				"south": {"uv": [0, 0, 3, 1], "rotation": 90, "texture": "#2"},
				"west": {"uv": [0, 0, 3, 3], "rotation": 90, "texture": "#missing"},
				"up": {"uv": [0, 0, 3, 1], "rotation": 90, "texture": "#2"},
				"down": {"uv": [0, 0, 3, 1], "rotation": 90, "texture": "#2"}
			}
		}
	]
}
