{
	"credit": "Made by Botany",
	"parent": "block/block",
	"textures": {
		"0": "block/acacia_leaves",
		"2": "block/acacia_log_top",
		"particle": "acacia_leaves"
	},
	"elements": [
		{
			"name": "normal_block",
			"from": [0, 0, 0],
			"to": [16, 16, 16],
			"faces": {
				"north": {"uv": [0, 0, 16, 16], "texture": "#0", "cullface": "north", "tintindex": 0},
				"east": {"uv": [0, 0, 16, 16], "texture": "#0", "cullface": "east", "tintindex": 0},
				"south": {"uv": [0, 0, 16, 16], "texture": "#0", "cullface": "south", "tintindex": 0},
				"west": {"uv": [0, 0, 16, 16], "texture": "#0", "cullface": "west", "tintindex": 0},
				"up": {"uv": [0, 0, 16, 16], "texture": "#0", "cullface": "up", "tintindex": 0},
				"down": {"uv": [0, 0, 16, 16], "texture": "#0", "cullface": "down", "tintindex": 0}
			}
		},
		{
			"from": [2.4, -6, 5.2],
			"to": [20.4, -3, 5.21],
			"shade": false,
			"rotation": {"angle": -22.5, "axis": "y", "origin": [2, 3, -2]},
			"faces": {
				"north": {"uv": [0, 8, 16, 11], "texture": "#0", "cullface": "down", "tintindex": 0},
				"south": {"uv": [0, 1, 16, 4], "texture": "#0", "cullface": "down", "tintindex": 0}
			}
		},
		{
			"from": [2.4, 20, 5.2],
			"to": [20.4, 23, 5.21],
			"shade": false,
			"rotation": {"angle": -22.5, "axis": "y", "origin": [2, 25, -2]},
			"faces": {
				"north": {"uv": [0, 3.05, 16, 5.95], "texture": "#0", "cullface": "up", "tintindex": 0},
				"south": {"uv": [0, 3.05, 16, 5.95], "texture": "#0", "cullface": "up", "tintindex": 0}
			}
		},
		{
			"from": [22.4, -1, 9.3],
			"to": [25.4, 18, 9.31],
			"shade": false,
			"rotation": {"angle": -22.5, "axis": "y", "origin": [12, 7, 2]},
			"faces": {
				"north": {"uv": [13, 0, 16, 16], "texture": "#0", "cullface": "east", "tintindex": 0},
				"south": {"uv": [0.05, 0, 2.95, 16], "texture": "#0", "cullface": "east", "tintindex": 0}
			}
		},
		{
			"from": [-2.6, -1, 0.5],
			"to": [0.4, 18, 0.51],
			"shade": false,
			"rotation": {"angle": -22.5, "axis": "y", "origin": [-9, 7, -7]},
			"faces": {
				"north": {"uv": [0.05, 0, 2.95, 16], "texture": "#0", "cullface": "west", "tintindex": 0},
				"south": {"uv": [0, 0, 3, 16], "texture": "#0", "cullface": "west", "tintindex": 0}
			}
		},
		{
			"from": [7, 4, 7.99],
			"to": [23, 20, 8],
			"shade": false,
			"rotation": {"angle": -22.5, "axis": "y", "origin": [9, 7, 0]},
			"faces": {
				"north": {"uv": [0, 0, 16, 16], "texture": "#0", "tintindex": 0},
				"south": {"uv": [0, 0, 16, 16], "texture": "#0", "tintindex": 0}
			}
		},
		{
			"from": [7, -3, 7.99],
			"to": [23, 4, 8],
			"shade": false,
			"rotation": {"angle": -22.5, "axis": "y", "origin": [9, 0, 0]},
			"faces": {
				"north": {"uv": [0, 0, 16, 7], "texture": "#0", "cullface": "down", "tintindex": 0},
				"south": {"uv": [0, 0, 16, 7], "texture": "#0", "cullface": "down", "tintindex": 0}
			}
		},
		{
			"from": [-1, -3, 7.99],
			"to": [7, 4, 8],
			"shade": false,
			"rotation": {"angle": -22.5, "axis": "y", "origin": [9, 0, 0]},
			"faces": {
				"north": {"uv": [0, 0, 8, 7], "texture": "#0", "cullface": "down", "tintindex": 0},
				"south": {"uv": [0, 0, 8, 7], "texture": "#0", "cullface": "down", "tintindex": 0}
			}
		},
		{
			"from": [-1, 4, 7.99],
			"to": [7, 20, 8],
			"shade": false,
			"rotation": {"angle": -22.5, "axis": "y", "origin": [9, 7, 0]},
			"faces": {
				"north": {"uv": [0.05, 0, 7.95, 16], "texture": "#0", "tintindex": 0},
				"south": {"uv": [0, 0, 8, 16], "texture": "#0", "tintindex": 0}
			}
		},
		{
			"from": [-5, -7, 16.6],
			"to": [14, -4, 16.61],
			"shade": false,
			"rotation": {"angle": 45, "axis": "y", "origin": [-5, 4, 8]},
			"faces": {
				"north": {"uv": [0, 12, 16, 15], "texture": "#0", "cullface": "down", "tintindex": 0},
				"south": {"uv": [0, 7, 16, 10], "texture": "#0", "cullface": "down", "tintindex": 0}
			}
		},
		{
			"from": [-5.6, 21, 17],
			"to": [13.4, 23, 17.01],
			"shade": false,
			"rotation": {"angle": 45, "axis": "y", "origin": [-6, 9, 7]},
			"faces": {
				"north": {"uv": [0, 14.05, 16, 15.95], "texture": "#0", "cullface": "up", "tintindex": 0},
				"south": {"uv": [0, 14.05, 16, 15.95], "texture": "#0", "cullface": "up", "tintindex": 0}
			}
		},
		{
			"from": [16, -2, 17],
			"to": [20, 19, 17.01],
			"shade": false,
			"rotation": {"angle": 45, "axis": "y", "origin": [-6, 4, 7]},
			"faces": {
				"north": {"uv": [0, 0, 4, 16], "texture": "#0", "tintindex": 0},
				"south": {"uv": [9.05, 0, 12.95, 16], "texture": "#0", "tintindex": 0}
			}
		},
		{
			"from": [-5.85, -2, 16.25],
			"to": [-2.85, 19, 16.26],
			"shade": false,
			"rotation": {"angle": 45, "axis": "y", "origin": [-2, 4, 14]},
			"faces": {
				"north": {"uv": [0.05, 0, 2.95, 16], "texture": "#0", "tintindex": 0},
				"south": {"uv": [13, 0, 16, 16], "texture": "#0", "tintindex": 0}
			}
		},
		{
			"from": [0, 5, 17],
			"to": [16, 21, 17.01],
			"shade": false,
			"rotation": {"angle": 45, "axis": "y", "origin": [-6, 4, 7]},
			"faces": {
				"north": {"uv": [0, 0, 16, 16], "texture": "#0", "tintindex": 0},
				"south": {"uv": [0, 0, 16, 16], "texture": "#0", "tintindex": 0}
			}
		},
		{
			"from": [0, -4, 17],
			"to": [16, 5, 17.01],
			"shade": false,
			"rotation": {"angle": 45, "axis": "y", "origin": [-6, -5, 7]},
			"faces": {
				"north": {"uv": [0, 0, 16, 9], "texture": "#0", "cullface": "down", "tintindex": 0},
				"south": {"uv": [0, 0, 16, 9], "texture": "#0", "cullface": "down", "tintindex": 0}
			}
		},
		{
			"from": [-5.675, -4, 25],
			"to": [3.325, 5, 25.01],
			"shade": false,
			"rotation": {"angle": 45, "axis": "y", "origin": [-14, -5, 15]},
			"faces": {
				"north": {"uv": [7, 7, 16, 16], "texture": "#0", "cullface": "down", "tintindex": 0},
				"south": {"uv": [7, 7, 16, 16], "texture": "#0", "cullface": "down", "tintindex": 0}
			}
		},
		{
			"from": [-5.675, 5, 25],
			"to": [3.325, 21, 25.01],
			"shade": false,
			"rotation": {"angle": 45, "axis": "y", "origin": [-14, 4, 15]},
			"faces": {
				"north": {"uv": [0, 0, 10, 16], "texture": "#0", "tintindex": 0},
				"south": {"uv": [7, 0, 16, 16], "texture": "#0", "tintindex": 0}
			}
		},
		{
			"from": [6, -6, 4],
			"to": [7, -1, 4],
			"rotation": {"angle": 0, "axis": "y", "origin": [-2, -5, -4]},
			"faces": {
				"north": {"uv": [2, 3, 3, 8], "texture": "#2"},
				"east": {"uv": [0, 0, 0, 5], "texture": "#2"},
				"south": {"uv": [2, 3, 3, 8], "texture": "#2"},
				"west": {"uv": [0, 0, 0, 5], "texture": "#2"},
				"up": {"uv": [0, 0, 1, 0], "texture": "#missing"},
				"down": {"uv": [0, 0, 1, 0], "texture": "#missing"}
			}
		},
		{
			"from": [8, -3, -6],
			"to": [9, 0, -6],
			"rotation": {"angle": -45, "axis": "y", "origin": [-2, -5, -4]},
			"faces": {
				"north": {"uv": [2, 3, 3, 6], "texture": "#2"},
				"east": {"uv": [0, 0, 0, 3], "texture": "#2"},
				"south": {"uv": [2, 3, 3, 6], "texture": "#2"},
				"west": {"uv": [0, 0, 0, 3], "texture": "#2"},
				"up": {"uv": [0, 0, 1, 0], "texture": "#missing"},
				"down": {"uv": [0, 0, 1, 0], "texture": "#missing"}
			}
		},
		{
			"from": [8, -3, 0],
			"to": [9, 0, 0],
			"rotation": {"angle": -45, "axis": "y", "origin": [-2, -5, -4]},
			"faces": {
				"north": {"uv": [2, 3, 3, 6], "texture": "#2"},
				"east": {"uv": [0, 0, 0, 3], "texture": "#2"},
				"south": {"uv": [2, 3, 3, 6], "texture": "#2"},
				"west": {"uv": [0, 0, 0, 3], "texture": "#2"},
				"up": {"uv": [0, 0, 1, 0], "texture": "#missing"},
				"down": {"uv": [0, 0, 1, 0], "texture": "#missing"}
			}
		},
		{
			"from": [0, -5, 7],
			"to": [1, -1, 7],
			"rotation": {"angle": 22.5, "axis": "y", "origin": [-2, -5, -4]},
			"faces": {
				"north": {"uv": [13, 3, 14, 7], "texture": "#2"},
				"east": {"uv": [0, 0, 0, 4], "texture": "#2"},
				"south": {"uv": [13, 3, 14, 7], "texture": "#2"},
				"west": {"uv": [0, 0, 0, 4], "texture": "#2"},
				"up": {"uv": [0, 0, 1, 0], "texture": "#missing"},
				"down": {"uv": [0, 0, 1, 0], "texture": "#missing"}
			}
		},
		{
			"from": [4, -5, 2],
			"to": [5, 1, 2],
			"rotation": {"angle": 0, "axis": "y", "origin": [-2, -5, -4]},
			"faces": {
				"north": {"uv": [13, 7, 14, 13], "texture": "#2"},
				"east": {"uv": [0, 0, 0, 6], "texture": "#2"},
				"south": {"uv": [13, 7, 14, 13], "texture": "#2"},
				"west": {"uv": [0, 0, 0, 6], "texture": "#2"},
				"up": {"uv": [0, 0, 1, 0], "texture": "#missing"},
				"down": {"uv": [0, 0, 1, 0], "texture": "#missing"}
			}
		},
		{
			"from": [5, -4, 1],
			"to": [6, 0, 1],
			"rotation": {"angle": -22.5, "axis": "y", "origin": [-2, -5, -4]},
			"faces": {
				"north": {"uv": [2, 3, 3, 7], "texture": "#2"},
				"east": {"uv": [0, 0, 0, 4], "texture": "#2"},
				"south": {"uv": [2, 3, 3, 7], "texture": "#2"},
				"west": {"uv": [0, 0, 0, 4], "texture": "#2"},
				"up": {"uv": [0, 0, 1, 0], "texture": "#missing"},
				"down": {"uv": [0, 0, 1, 0], "texture": "#missing"}
			}
		},
		{
			"from": [10, -4, 2],
			"to": [10, 0, 3],
			"rotation": {"angle": -22.5, "axis": "y", "origin": [-2, -5, -4]},
			"faces": {
				"north": {"uv": [0, 0, 0, 4], "texture": "#2"},
				"east": {"uv": [2, 3, 3, 7], "texture": "#2"},
				"south": {"uv": [0, 0, 0, 4], "texture": "#2"},
				"west": {"uv": [2, 3, 3, 7], "texture": "#2"},
				"up": {"uv": [0, 0, 1, 0], "rotation": 90, "texture": "#missing"},
				"down": {"uv": [0, 0, 1, 0], "rotation": 270, "texture": "#missing"}
			}
		}
	],
	"groups": [0,
		{
			"name": "lush_leaves",
			"origin": [8, 8, 8],
			"color": 0,
			"children": [1, 2, 3, 4, 5, 6, 7, 8]
		},
		{
			"name": "lush_leaves2",
			"origin": [8, 8, 8],
			"color": 0,
			"children": [9, 10, 11, 12, 13, 14, 15, 16]
		},
		{
			"name": "group",
			"origin": [1, 11, 0],
			"color": 0,
			"children": [17, 18, 19, 20, 21, 22, 23]
		}
	]
}
