{
"textures": {
		"1": "block/spruce_log",
		"3": "block/spruce_sapling_leaves",
		"particle": "block/spruce_log"
	},
	"elements": [
		{
			"from": [7, 0, 7],
			"to": [9, 17, 9],
			"faces": {
				"north": {"uv": [0, 0, 2, 10], "texture": "#1"},
				"east": {"uv": [2, 0, 4, 10], "texture": "#1"},
				"south": {"uv": [8, 0, 10, 10], "texture": "#1"},
				"west": {"uv": [14, 0, 16, 10], "texture": "#1"},
				"up": {"uv": [0, 0, 2, 2], "texture": "#1"},
				"down": {"uv": [0, 0, 2, 2], "texture": "#1"}
			}
		},
		{
			"from": [7, -3, 7],
			"to": [13, -1, 9],
			"rotation": {"angle": 45, "axis": "z", "origin": [0, 2, 0]},
			"faces": {
				"north": {"uv": [0, 0, 2, 10], "rotation": 270, "texture": "#1"},
				"east": {"uv": [0, 0, 2, 2], "rotation": 90, "texture": "#1"},
				"south": {"uv": [8, 0, 10, 10], "rotation": 90, "texture": "#1"},
				"west": {"uv": [0, 0, 2, 2], "rotation": 90, "texture": "#1"},
				"up": {"uv": [14, 0, 16, 10], "rotation": 90, "texture": "#1"},
				"down": {"uv": [2, 0, 4, 10], "rotation": 90, "texture": "#1"}
			}
		},
		{
			"from": [0, 9, 7],
			"to": [6, 11, 9],
			"rotation": {"angle": -22.5, "axis": "z", "origin": [0, 3, 0]},
			"faces": {
				"north": {"uv": [0, 0, 2, 10], "rotation": 90, "texture": "#1"},
				"east": {"uv": [0, 0, 2, 2], "rotation": 270, "texture": "#1"},
				"south": {"uv": [8, 0, 10, 10], "rotation": 270, "texture": "#1"},
				"west": {"uv": [0, 0, 2, 2], "rotation": 270, "texture": "#1"},
				"up": {"uv": [2, 0, 4, 10], "rotation": 270, "texture": "#1"},
				"down": {"uv": [14, 0, 16, 10], "rotation": 270, "texture": "#1"}
			}
		},
		{
			"from": [10, 5, 6],
			"to": [16, 11, 12],
			"rotation": {"angle": 0, "axis": "y", "origin": [0, 2, 0]},
			"faces": {
				"north": {"uv": [0, 0, 6, 6], "texture": "#3"},
				"east": {"uv": [0, 0, 6, 6], "texture": "#3"},
				"south": {"uv": [0, 0, 6, 6], "texture": "#3"},
				"west": {"uv": [0, 0, 6, 6], "texture": "#3"},
				"up": {"uv": [0, 0, 6, 6], "texture": "#3"},
				"down": {"uv": [0, 0, 6, 6], "texture": "#3"}
			}
		},
		{
			"from": [-1, 7, 5],
			"to": [4, 12, 10],
			"rotation": {"angle": 0, "axis": "y", "origin": [0, 3, 0]},
			"faces": {
				"north": {"uv": [0, 0, 5, 5], "texture": "#3"},
				"east": {"uv": [0, 0, 5, 5], "texture": "#3"},
				"south": {"uv": [0, 0, 5, 5], "texture": "#3"},
				"west": {"uv": [0, 0, 5, 5], "texture": "#3"},
				"up": {"uv": [0, 0, 5, 5], "texture": "#3"},
				"down": {"uv": [0, 0, 5, 5], "texture": "#3"}
			}
		},
		{
			"from": [6, 9, 0],
			"to": [11, 14, 5],
			"rotation": {"angle": 0, "axis": "y", "origin": [0, 2, 0]},
			"faces": {
				"north": {"uv": [0, 0, 5, 5], "texture": "#3"},
				"east": {"uv": [0, 0, 5, 5], "texture": "#3"},
				"south": {"uv": [0, 0, 5, 5], "texture": "#3"},
				"west": {"uv": [0, 0, 5, 5], "texture": "#3"},
				"up": {"uv": [0, 0, 5, 5], "texture": "#3"},
				"down": {"uv": [0, 0, 5, 5], "texture": "#3"}
			}
		},
		{
			"from": [7, 10, 0],
			"to": [9, 12, 5],
			"rotation": {"angle": 22.5, "axis": "x", "origin": [0, 2, 0]},
			"faces": {
				"north": {"uv": [0, 0, 2, 2], "texture": "#1"},
				"east": {"uv": [0, 0, 5, 2], "texture": "#1"},
				"south": {"uv": [0, 0, 2, 2], "texture": "#1"},
				"west": {"uv": [0, 0, 5, 2], "texture": "#1"},
				"up": {"uv": [0, 0, 2, 5], "texture": "#1"},
				"down": {"uv": [0, 0, 2, 5], "texture": "#1"}
			}
		},
		{
			"from": [5, 3, 12],
			"to": [9, 7, 16],
			"faces": {
				"north": {"uv": [0, 0, 4, 4], "texture": "#3"},
				"east": {"uv": [0, 0, 4, 4], "texture": "#3"},
				"south": {"uv": [0, 0, 4, 4], "texture": "#3"},
				"west": {"uv": [0, 0, 4, 4], "texture": "#3"},
				"up": {"uv": [0, 0, 4, 4], "texture": "#3"},
				"down": {"uv": [0, 0, 4, 4], "texture": "#3"}
			}
		},
		{
			"from": [7, 3, 2],
			"to": [9, 5, 7],
			"faces": {
				"north": {"uv": [0, 5, 2, 10], "texture": "#1"},
				"east": {"uv": [0, 0, 2, 5], "texture": "#1"},
				"south": {"uv": [0, 0, 2, 2], "rotation": 180, "texture": "#missing"},
				"west": {"uv": [5, 6, 11, 8], "rotation": 180, "texture": "#1"},
				"up": {"uv": [4, 4, 6, 9], "texture": "#1"},
				"down": {"uv": [11, 9, 13, 14], "texture": "#1"}
			}
		},
		{
			"from": [6, 2, 0],
			"to": [10, 6, 4],
			"faces": {
				"north": {"uv": [7, 0, 11, 4], "texture": "#3"},
				"east": {"uv": [10, 0, 14, 4], "texture": "#3"},
				"south": {"uv": [0, 0, 4, 4], "texture": "#3"},
				"west": {"uv": [3, 3, 7, 7], "texture": "#3"},
				"up": {"uv": [0, 0, 4, 4], "rotation": 180, "texture": "#3"},
				"down": {"uv": [0, 4, 4, 8], "rotation": 180, "texture": "#3"}
			}
		},
		{
			"from": [7, 4, 9],
			"to": [9, 6, 14],
			"faces": {
				"north": {"uv": [0, 0, 2, 2], "rotation": 180, "texture": "#1"},
				"east": {"uv": [0, 0, 5, 2], "rotation": 180, "texture": "#1"},
				"south": {"uv": [0, 0, 2, 2], "rotation": 180, "texture": "#1"},
				"west": {"uv": [0, 0, 5, 2], "rotation": 180, "texture": "#1"},
				"up": {"uv": [0, 0, 2, 5], "texture": "#1"},
				"down": {"uv": [0, 0, 2, 5], "texture": "#1"}
			}
		},
		{
			"from": [6, 15, 6],
			"to": [10, 19, 10],
			"faces": {
				"north": {"uv": [1, 9, 4, 12], "texture": "#3"},
				"east": {"uv": [0, 0, 3, 3], "texture": "#3"},
				"south": {"uv": [8, 4, 11, 7], "texture": "#3"},
				"west": {"uv": [4, 6, 7, 9], "texture": "#3"},
				"up": {"uv": [4, 0, 7, 3], "texture": "#3"},
				"down": {"uv": [7, 9, 10, 12], "texture": "#3"}
			}
		},
		{
			"from": [5, 8, 9],
			"to": [8, 11, 12],
			"faces": {
				"north": {"uv": [1, 12, 4, 15], "texture": "#3"},
				"east": {"uv": [5, 1, 8, 4], "texture": "#3"},
				"south": {"uv": [12, 3, 15, 6], "texture": "#3"},
				"west": {"uv": [4, 6, 7, 9], "texture": "#3"},
				"up": {"uv": [4, 0, 7, 3], "texture": "#3"},
				"down": {"uv": [6, 8, 9, 11], "texture": "#3"}
			}
		}
	]
}
