{
	"credit": "Made by Botany",
	"textures": {
		"1": "block/sugar_cane_face_1",
		"2": "block/sugar_cane_face_2",
		"3": "block/sugar_cane_face_3",
		"4": "block/sugar_cane_face_4",
		"particle": "block/sugar_cane_2"
	},
	"elements": [
		{
			"from": [3, 0, 3],
			"to": [5, 16, 5],
			"faces": {
				"north": {"uv": [0, 0, 2, 16], "texture": "#1"},
				"east": {"uv": [0, 0, 2, 16], "texture": "#1"},
				"south": {"uv": [0, 0, 2, 16], "texture": "#1"},
				"west": {"uv": [0, 0, 2, 16], "texture": "#1"},
				"up": {"uv": [0, 0, 2, 2], "texture": "#1"},
				"down": {"uv": [0, 0, 2, 2], "texture": "#1"}
			}
		},
		{
			"from": [5, 0, 12],
			"to": [7, 16, 14],
			"faces": {
				"north": {"uv": [0, 0, 2, 16], "texture": "#4"},
				"east": {"uv": [0, 0, 2, 16], "texture": "#4"},
				"south": {"uv": [0, 0, 2, 16], "texture": "#4"},
				"west": {"uv": [0, 0, 2, 16], "texture": "#4"},
				"up": {"uv": [0, 0, 2, 2], "texture": "#4"},
				"down": {"uv": [0, 0, 2, 2], "texture": "#4"}
			}
		},
		{
			"from": [7, 0, 6],
			"to": [9, 16, 8],
			"faces": {
				"north": {"uv": [0, 0, 2, 16], "texture": "#3"},
				"east": {"uv": [0, 0, 2, 16], "texture": "#3"},
				"south": {"uv": [0, 0, 2, 16], "texture": "#3"},
				"west": {"uv": [0, 0, 2, 16], "texture": "#3"},
				"up": {"uv": [0, 0, 2, 2], "texture": "#3"},
				"down": {"uv": [0, 0, 2, 2], "texture": "#3"}
			}
		},
		{
			"from": [12, 0, 2],
			"to": [14, 16, 4],
			"faces": {
				"north": {"uv": [0, 0, 2, 16], "texture": "#2"},
				"east": {"uv": [0, 0, 2, 16], "texture": "#2"},
				"south": {"uv": [0, 0, 2, 16], "texture": "#2"},
				"west": {"uv": [0, 0, 2, 16], "texture": "#2"},
				"up": {"uv": [0, 0, 2, 2], "texture": "#2"},
				"down": {"uv": [0, 0, 2, 2], "texture": "#2"}
			}
		},
		{
			"from": [11, 0, 10],
			"to": [13, 16, 12],
			"faces": {
				"north": {"uv": [0, 0, 2, 16], "texture": "#1"},
				"east": {"uv": [0, 0, 2, 16], "texture": "#1"},
				"south": {"uv": [0, 0, 2, 16], "texture": "#1"},
				"west": {"uv": [0, 0, 2, 16], "texture": "#1"},
				"up": {"uv": [0, 0, 2, 2], "texture": "#1"},
				"down": {"uv": [0, 0, 2, 2], "texture": "#1"}
			}
		},
		{
			"from": [2, 0, 7],
			"to": [4, 16, 9],
			"faces": {
				"north": {"uv": [0, 0, 2, 16], "texture": "#2"},
				"east": {"uv": [0, 0, 2, 16], "texture": "#2"},
				"south": {"uv": [0, 0, 2, 16], "texture": "#2"},
				"west": {"uv": [0, 0, 2, 16], "texture": "#2"},
				"up": {"uv": [0, 0, 2, 2], "texture": "#2"},
				"down": {"uv": [0, 0, 2, 2], "texture": "#2"}
			}
		},
		{
			"from": [1, 7, 7],
			"to": [2, 9, 8],
			"faces": {
				"north": {"uv": [0, 0, 1, 2], "texture": "#2"},
				"east": {"uv": [0, 0, 1, 2], "texture": "#missing"},
				"south": {"uv": [0, 0, 1, 2], "texture": "#2"},
				"west": {"uv": [0, 0, 1, 2], "texture": "#2"},
				"up": {"uv": [0, 0, 1, 1], "texture": "#2"},
				"down": {"uv": [0, 0, 1, 1], "texture": "#2"}
			}
		},
		{
			"from": [10, 1, 10],
			"to": [11, 3, 11],
			"faces": {
				"north": {"uv": [1, 9, 2, 11], "texture": "#1"},
				"east": {"uv": [0, 0, 1, 2], "texture": "#1"},
				"south": {"uv": [1, 1, 2, 3], "texture": "#1"},
				"west": {"uv": [0, 1, 1, 3], "texture": "#1"},
				"up": {"uv": [1, 0, 2, 1], "rotation": 180, "texture": "#1"},
				"down": {"uv": [1, 1, 2, 2], "rotation": 180, "texture": "#1"}
			}
		},
		{
			"from": [10, 11, 11],
			"to": [11, 13, 12],
			"faces": {
				"north": {"uv": [1, 9, 2, 11], "texture": "#1"},
				"east": {"uv": [0, 0, 1, 2], "texture": "#1"},
				"south": {"uv": [1, 1, 2, 3], "texture": "#1"},
				"west": {"uv": [0, 1, 1, 3], "texture": "#1"},
				"up": {"uv": [1, 0, 2, 1], "rotation": 180, "texture": "#1"},
				"down": {"uv": [1, 1, 2, 2], "rotation": 180, "texture": "#1"}
			}
		},
		{
			"from": [12, 7, 12],
			"to": [13, 9, 13],
			"faces": {
				"north": {"uv": [0, 0, 1, 2], "texture": "#1"},
				"east": {"uv": [1, 9, 2, 11], "texture": "#1"},
				"south": {"uv": [1, 1, 2, 3], "texture": "#1"},
				"west": {"uv": [0, 1, 1, 3], "texture": "#1"},
				"up": {"uv": [1, 0, 2, 1], "rotation": 180, "texture": "#1"},
				"down": {"uv": [1, 1, 2, 2], "rotation": 180, "texture": "#1"}
			}
		},
		{
			"from": [4, 11, 8],
			"to": [5, 13, 9],
			"faces": {
				"north": {"uv": [0, 0, 1, 2], "texture": "#2"},
				"east": {"uv": [0, 0, 1, 2], "texture": "#2"},
				"south": {"uv": [0, 0, 1, 2], "texture": "#2"},
				"west": {"uv": [0, 0, 1, 2], "texture": "#missing"},
				"up": {"uv": [0, 0, 1, 1], "texture": "#2"},
				"down": {"uv": [0, 0, 1, 1], "texture": "#2"}
			}
		},
		{
			"from": [3, 1, 9],
			"to": [4, 3, 10],
			"faces": {
				"north": {"uv": [0, 0, 1, 2], "texture": "#missing"},
				"east": {"uv": [0, 0, 1, 2], "texture": "#2"},
				"south": {"uv": [0, 0, 1, 2], "texture": "#2"},
				"west": {"uv": [0, 0, 1, 2], "texture": "#2"},
				"up": {"uv": [0, 0, 1, 1], "texture": "#2"},
				"down": {"uv": [0, 0, 1, 1], "texture": "#2"}
			}
		},
		{
			"from": [12, 7, 4],
			"to": [13, 9, 5],
			"faces": {
				"north": {"uv": [0, 0, 1, 2], "texture": "#4"},
				"east": {"uv": [0, 0, 1, 2], "texture": "#4"},
				"south": {"uv": [0, 0, 1, 2], "texture": "#4"},
				"west": {"uv": [0, 0, 1, 2], "texture": "#4"},
				"up": {"uv": [0, 0, 1, 1], "rotation": 270, "texture": "#4"},
				"down": {"uv": [0, 0, 1, 1], "rotation": 90, "texture": "#4"}
			}
		},
		{
			"from": [13, 11, 1],
			"to": [14, 13, 2],
			"faces": {
				"north": {"uv": [0, 0, 1, 2], "texture": "#4"},
				"east": {"uv": [0, 0, 1, 2], "texture": "#4"},
				"south": {"uv": [0, 0, 1, 2], "texture": "#missing"},
				"west": {"uv": [0, 0, 1, 2], "texture": "#4"},
				"up": {"uv": [0, 0, 1, 1], "rotation": 270, "texture": "#4"},
				"down": {"uv": [0, 0, 1, 1], "rotation": 90, "texture": "#4"}
			}
		},
		{
			"from": [14, 1, 2],
			"to": [15, 3, 3],
			"faces": {
				"north": {"uv": [0, 0, 1, 2], "texture": "#4"},
				"east": {"uv": [0, 0, 1, 2], "texture": "#4"},
				"south": {"uv": [0, 0, 1, 2], "texture": "#4"},
				"west": {"uv": [0, 0, 1, 2], "texture": "#4"},
				"up": {"uv": [0, 0, 1, 1], "rotation": 270, "texture": "#4"},
				"down": {"uv": [0, 0, 1, 1], "rotation": 90, "texture": "#4"}
			}
		}
	]
}
