{
    "variants": {
        "type=bottom": [
			{ "model": "block/dark_oak_slab" },
			{ "model": "block/planks/dark_oak/slab/l1" },
			{ "model": "block/planks/dark_oak/slab/l2" }
		],
        "type=top": [
			{ "model": "block/dark_oak_slab_top" },
			{ "model": "block/planks/dark_oak/slab/u1" },
			{ "model": "block/planks/dark_oak/slab/u2" }		
		],
		"type=double": [
			{ "model": "block/dark_oak_planks" },
			{ "model": "block/planks/dark_oak/1" },
			{ "model": "block/planks/dark_oak/2" }
		]
    }
}
