{
    "variants": {
        "facing=east,half=bottom,shape=straight": [
			{ "model": "block/deepslate_tile_stairs" },
			{ "model": "block/deepslate_tiles/stairs/1" },
			{ "model": "block/deepslate_tiles/stairs/2" },
			{ "model": "block/deepslate_tiles/stairs/3" },
			{ "model": "block/deepslate_tiles/stairs/4" }
		],
        "facing=west,half=bottom,shape=straight": [
			{ "model": "block/deepslate_tile_stairs", "y": 180, "uvlock": true },
			{ "model": "block/deepslate_tiles/stairs/1", "y": 180, "uvlock": true  },
			{ "model": "block/deepslate_tiles/stairs/2", "y": 180, "uvlock": true  },
			{ "model": "block/deepslate_tiles/stairs/3", "y": 180, "uvlock": true  },
			{ "model": "block/deepslate_tiles/stairs/4", "y": 180, "uvlock": true  }
		],
        "facing=south,half=bottom,shape=straight": [
			{ "model": "block/deepslate_tile_stairs", "y": 90, "uvlock": true },
			{ "model": "block/deepslate_tiles/stairs/1", "y": 90, "uvlock": true },
			{ "model": "block/deepslate_tiles/stairs/2", "y": 90, "uvlock": true },
			{ "model": "block/deepslate_tiles/stairs/3", "y": 90, "uvlock": true },
			{ "model": "block/deepslate_tiles/stairs/4", "y": 90, "uvlock": true }
		],
        "facing=north,half=bottom,shape=straight": [
			{ "model": "block/deepslate_tile_stairs", "y": 270, "uvlock": true },
			{ "model": "block/deepslate_tiles/stairs/1", "y": 270, "uvlock": true },
			{ "model": "block/deepslate_tiles/stairs/2", "y": 270, "uvlock": true },
			{ "model": "block/deepslate_tiles/stairs/3", "y": 270, "uvlock": true },
			{ "model": "block/deepslate_tiles/stairs/4", "y": 270, "uvlock": true }
		],
        "facing=east,half=bottom,shape=outer_right": [
			{ "model": "block/deepslate_tile_stairs_outer" },
			{ "model": "block/deepslate_tiles/stairs/o1" },
			{ "model": "block/deepslate_tiles/stairs/o2" },
			{ "model": "block/deepslate_tiles/stairs/o3" },
			{ "model": "block/deepslate_tiles/stairs/o4" }
		],
        "facing=west,half=bottom,shape=outer_right": [
			{ "model": "block/deepslate_tile_stairs_outer", "y": 180, "uvlock": true },
			{ "model": "block/deepslate_tiles/stairs/o1", "y": 180, "uvlock": true },
			{ "model": "block/deepslate_tiles/stairs/o2", "y": 180, "uvlock": true },
			{ "model": "block/deepslate_tiles/stairs/o3", "y": 180, "uvlock": true },
			{ "model": "block/deepslate_tiles/stairs/o4", "y": 180, "uvlock": true }
		],
        "facing=south,half=bottom,shape=outer_right": [
			{ "model": "block/deepslate_tile_stairs_outer", "y": 90, "uvlock": true },
			{ "model": "block/deepslate_tiles/stairs/o1", "y": 90, "uvlock": true },
			{ "model": "block/deepslate_tiles/stairs/o2", "y": 90, "uvlock": true },
			{ "model": "block/deepslate_tiles/stairs/o3", "y": 90, "uvlock": true },
			{ "model": "block/deepslate_tiles/stairs/o4", "y": 90, "uvlock": true }
		],
        "facing=north,half=bottom,shape=outer_right": [
			{ "model": "block/deepslate_tile_stairs_outer", "y": 270, "uvlock": true },
			{ "model": "block/deepslate_tiles/stairs/o1", "y": 270, "uvlock": true },
			{ "model": "block/deepslate_tiles/stairs/o2", "y": 270, "uvlock": true },
			{ "model": "block/deepslate_tiles/stairs/o3", "y": 270, "uvlock": true },
			{ "model": "block/deepslate_tiles/stairs/o4", "y": 270, "uvlock": true }
		],
        "facing=east,half=bottom,shape=outer_left": [
			{ "model": "block/deepslate_tile_stairs_outer", "y": 270, "uvlock": true },
			{ "model": "block/deepslate_tiles/stairs/o1", "y": 270, "uvlock": true },
			{ "model": "block/deepslate_tiles/stairs/o2", "y": 270, "uvlock": true },
			{ "model": "block/deepslate_tiles/stairs/o3", "y": 270, "uvlock": true },
			{ "model": "block/deepslate_tiles/stairs/o4", "y": 270, "uvlock": true }
		],
        "facing=west,half=bottom,shape=outer_left": [
			{ "model": "block/deepslate_tile_stairs_outer", "y": 90, "uvlock": true },
			{ "model": "block/deepslate_tiles/stairs/o1", "y": 90, "uvlock": true },
			{ "model": "block/deepslate_tiles/stairs/o2", "y": 90, "uvlock": true },
			{ "model": "block/deepslate_tiles/stairs/o3", "y": 90, "uvlock": true },
			{ "model": "block/deepslate_tiles/stairs/o4", "y": 90, "uvlock": true }
		],
        "facing=south,half=bottom,shape=outer_left": [
			{ "model": "block/deepslate_tile_stairs_outer" },
			{ "model": "block/deepslate_tiles/stairs/o1" },
			{ "model": "block/deepslate_tiles/stairs/o2" },
			{ "model": "block/deepslate_tiles/stairs/o3" },
			{ "model": "block/deepslate_tiles/stairs/o4" }
		],
        "facing=north,half=bottom,shape=outer_left": [
			{ "model": "block/deepslate_tile_stairs_outer", "y": 180, "uvlock": true },
			{ "model": "block/deepslate_tiles/stairs/o1", "y": 180, "uvlock": true },
			{ "model": "block/deepslate_tiles/stairs/o2", "y": 180, "uvlock": true },
			{ "model": "block/deepslate_tiles/stairs/o3", "y": 180, "uvlock": true },
			{ "model": "block/deepslate_tiles/stairs/o4", "y": 180, "uvlock": true }
		],
        "facing=east,half=bottom,shape=inner_right": [
			{ "model": "block/deepslate_tile_stairs_inner" },
			{ "model": "block/deepslate_tiles/stairs/i1" },
			{ "model": "block/deepslate_tiles/stairs/i2" },
			{ "model": "block/deepslate_tiles/stairs/i3" },
			{ "model": "block/deepslate_tiles/stairs/i4" }
		],
        "facing=west,half=bottom,shape=inner_right": [
			{ "model": "block/deepslate_tile_stairs_inner", "y": 180, "uvlock": true },
			{ "model": "block/deepslate_tiles/stairs/i1", "y": 180, "uvlock": true },
			{ "model": "block/deepslate_tiles/stairs/i2", "y": 180, "uvlock": true },
			{ "model": "block/deepslate_tiles/stairs/i3", "y": 180, "uvlock": true },
			{ "model": "block/deepslate_tiles/stairs/i4", "y": 180, "uvlock": true }
		],
        "facing=south,half=bottom,shape=inner_right": [
			{ "model": "block/deepslate_tile_stairs_inner", "y": 90, "uvlock": true },
			{ "model": "block/deepslate_tiles/stairs/i1", "y": 90, "uvlock": true },
			{ "model": "block/deepslate_tiles/stairs/i2", "y": 90, "uvlock": true },
			{ "model": "block/deepslate_tiles/stairs/i3", "y": 90, "uvlock": true },
			{ "model": "block/deepslate_tiles/stairs/i4", "y": 90, "uvlock": true }
		],
        "facing=north,half=bottom,shape=inner_right": [
			{ "model": "block/deepslate_tile_stairs_inner", "y": 270, "uvlock": true },
			{ "model": "block/deepslate_tiles/stairs/i1", "y": 270, "uvlock": true },
			{ "model": "block/deepslate_tiles/stairs/i2", "y": 270, "uvlock": true },
			{ "model": "block/deepslate_tiles/stairs/i3", "y": 270, "uvlock": true },
			{ "model": "block/deepslate_tiles/stairs/i4", "y": 270, "uvlock": true }
		],
        "facing=east,half=bottom,shape=inner_left": [
			{ "model": "block/deepslate_tile_stairs_inner", "y": 270, "uvlock": true },
			{ "model": "block/deepslate_tiles/stairs/i1", "y": 270, "uvlock": true },
			{ "model": "block/deepslate_tiles/stairs/i2", "y": 270, "uvlock": true },
			{ "model": "block/deepslate_tiles/stairs/i3", "y": 270, "uvlock": true },
			{ "model": "block/deepslate_tiles/stairs/i4", "y": 270, "uvlock": true }
		],
        "facing=west,half=bottom,shape=inner_left": [
			{ "model": "block/deepslate_tile_stairs_inner", "y": 90, "uvlock": true },
			{ "model": "block/deepslate_tiles/stairs/i1", "y": 90, "uvlock": true },
			{ "model": "block/deepslate_tiles/stairs/i2", "y": 90, "uvlock": true },
			{ "model": "block/deepslate_tiles/stairs/i3", "y": 90, "uvlock": true },
			{ "model": "block/deepslate_tiles/stairs/i4", "y": 90, "uvlock": true }
		],
        "facing=south,half=bottom,shape=inner_left": [
			{ "model": "block/deepslate_tile_stairs_inner" },
			{ "model": "block/deepslate_tiles/stairs/i1" },
			{ "model": "block/deepslate_tiles/stairs/i2" },
			{ "model": "block/deepslate_tiles/stairs/i3" },
			{ "model": "block/deepslate_tiles/stairs/i4" }
		],
        "facing=north,half=bottom,shape=inner_left": [
			{ "model": "block/deepslate_tile_stairs_inner", "y": 180, "uvlock": true },
			{ "model": "block/deepslate_tiles/stairs/i1", "y": 180, "uvlock": true },
			{ "model": "block/deepslate_tiles/stairs/i2", "y": 180, "uvlock": true },
			{ "model": "block/deepslate_tiles/stairs/i3", "y": 180, "uvlock": true },
			{ "model": "block/deepslate_tiles/stairs/i4", "y": 180, "uvlock": true }
		],
        "facing=east,half=top,shape=straight": [
			{ "model": "block/deepslate_tile_stairs", "x": 180, "uvlock": true },
			{ "model": "block/deepslate_tiles/stairs/1", "x": 180, "uvlock": true },
			{ "model": "block/deepslate_tiles/stairs/2", "x": 180, "uvlock": true },
			{ "model": "block/deepslate_tiles/stairs/3", "x": 180, "uvlock": true },
			{ "model": "block/deepslate_tiles/stairs/4", "x": 180, "uvlock": true }
		],
        "facing=west,half=top,shape=straight": [
			{ "model": "block/deepslate_tile_stairs", "x": 180, "y": 180, "uvlock": true },
			{ "model": "block/deepslate_tiles/stairs/1", "x": 180, "y": 180, "uvlock": true },
			{ "model": "block/deepslate_tiles/stairs/2", "x": 180, "y": 180, "uvlock": true },
			{ "model": "block/deepslate_tiles/stairs/3", "x": 180, "y": 180, "uvlock": true },
			{ "model": "block/deepslate_tiles/stairs/4", "x": 180, "y": 180, "uvlock": true }
		],
        "facing=south,half=top,shape=straight": [
			{ "model": "block/deepslate_tile_stairs", "x": 180, "y": 90, "uvlock": true },
			{ "model": "block/deepslate_tiles/stairs/1", "x": 180, "y": 90, "uvlock": true },
			{ "model": "block/deepslate_tiles/stairs/2", "x": 180, "y": 90, "uvlock": true },
			{ "model": "block/deepslate_tiles/stairs/3", "x": 180, "y": 90, "uvlock": true },
			{ "model": "block/deepslate_tiles/stairs/4", "x": 180, "y": 90, "uvlock": true }
		],
        "facing=north,half=top,shape=straight": [
			{ "model": "block/deepslate_tile_stairs", "x": 180, "y": 270, "uvlock": true },
			{ "model": "block/deepslate_tiles/stairs/1", "x": 180, "y": 270, "uvlock": true },
			{ "model": "block/deepslate_tiles/stairs/2", "x": 180, "y": 270, "uvlock": true },
			{ "model": "block/deepslate_tiles/stairs/3", "x": 180, "y": 270, "uvlock": true },
			{ "model": "block/deepslate_tiles/stairs/4", "x": 180, "y": 270, "uvlock": true }
		],
        "facing=east,half=top,shape=outer_right": [
			{ "model": "block/deepslate_tile_stairs_outer", "x": 180, "y": 90, "uvlock": true },
			{ "model": "block/deepslate_tiles/stairs/o1", "x": 180, "y": 90, "uvlock": true },
			{ "model": "block/deepslate_tiles/stairs/o2", "x": 180, "y": 90, "uvlock": true },
			{ "model": "block/deepslate_tiles/stairs/o3", "x": 180, "y": 90, "uvlock": true },
			{ "model": "block/deepslate_tiles/stairs/o4", "x": 180, "y": 90, "uvlock": true }
		],
        "facing=west,half=top,shape=outer_right": [
			{ "model": "block/deepslate_tile_stairs_outer", "x": 180, "y": 270, "uvlock": true },
			{ "model": "block/deepslate_tiles/stairs/o1", "x": 180, "y": 270, "uvlock": true },
			{ "model": "block/deepslate_tiles/stairs/o2", "x": 180, "y": 270, "uvlock": true },
			{ "model": "block/deepslate_tiles/stairs/o3", "x": 180, "y": 270, "uvlock": true },
			{ "model": "block/deepslate_tiles/stairs/o4", "x": 180, "y": 270, "uvlock": true }
		],
        "facing=south,half=top,shape=outer_right": [
			{ "model": "block/deepslate_tile_stairs_outer", "x": 180, "y": 180, "uvlock": true },
			{ "model": "block/deepslate_tiles/stairs/o1", "x": 180, "y": 180, "uvlock": true },
			{ "model": "block/deepslate_tiles/stairs/o2", "x": 180, "y": 180, "uvlock": true },
			{ "model": "block/deepslate_tiles/stairs/o3", "x": 180, "y": 180, "uvlock": true },
			{ "model": "block/deepslate_tiles/stairs/o4", "x": 180, "y": 180, "uvlock": true }
		],
        "facing=north,half=top,shape=outer_right": [
			{ "model": "block/deepslate_tile_stairs_outer", "x": 180, "uvlock": true },
			{ "model": "block/deepslate_tiles/stairs/o1", "x": 180, "uvlock": true },
			{ "model": "block/deepslate_tiles/stairs/o2", "x": 180, "uvlock": true },
			{ "model": "block/deepslate_tiles/stairs/o3", "x": 180, "uvlock": true },
			{ "model": "block/deepslate_tiles/stairs/o4", "x": 180, "uvlock": true }
		],
        "facing=east,half=top,shape=outer_left": [
			{ "model": "block/deepslate_tile_stairs_outer", "x": 180, "uvlock": true },
			{ "model": "block/deepslate_tiles/stairs/o1", "x": 180, "uvlock": true },
			{ "model": "block/deepslate_tiles/stairs/o2", "x": 180, "uvlock": true },
			{ "model": "block/deepslate_tiles/stairs/o3", "x": 180, "uvlock": true },
			{ "model": "block/deepslate_tiles/stairs/o4", "x": 180, "uvlock": true }
		],
        "facing=west,half=top,shape=outer_left": [
			{ "model": "block/deepslate_tile_stairs_outer", "x": 180, "y": 180, "uvlock": true },
			{ "model": "block/deepslate_tiles/stairs/o1", "x": 180, "y": 180, "uvlock": true },
			{ "model": "block/deepslate_tiles/stairs/o2", "x": 180, "y": 180, "uvlock": true },
			{ "model": "block/deepslate_tiles/stairs/o3", "x": 180, "y": 180, "uvlock": true },
			{ "model": "block/deepslate_tiles/stairs/o4", "x": 180, "y": 180, "uvlock": true }
		],
        "facing=south,half=top,shape=outer_left": [
			{ "model": "block/deepslate_tile_stairs_outer", "x": 180, "y": 90, "uvlock": true },
			{ "model": "block/deepslate_tiles/stairs/o1", "x": 180, "y": 90, "uvlock": true },
			{ "model": "block/deepslate_tiles/stairs/o2", "x": 180, "y": 90, "uvlock": true },
			{ "model": "block/deepslate_tiles/stairs/o3", "x": 180, "y": 90, "uvlock": true },
			{ "model": "block/deepslate_tiles/stairs/o4", "x": 180, "y": 90, "uvlock": true }
		],
        "facing=north,half=top,shape=outer_left": [
			{ "model": "block/deepslate_tile_stairs_outer", "x": 180, "y": 270, "uvlock": true },
			{ "model": "block/deepslate_tiles/stairs/o1", "x": 180, "y": 270, "uvlock": true },
			{ "model": "block/deepslate_tiles/stairs/o2", "x": 180, "y": 270, "uvlock": true },
			{ "model": "block/deepslate_tiles/stairs/o3", "x": 180, "y": 270, "uvlock": true },
			{ "model": "block/deepslate_tiles/stairs/o4", "x": 180, "y": 270, "uvlock": true }
		],	
        "facing=east,half=top,shape=inner_right": [
			{ "model": "block/deepslate_tile_stairs_inner", "x": 180, "y": 90, "uvlock": true },
			{ "model": "block/deepslate_tiles/stairs/i1", "x": 180, "y": 90, "uvlock": true },
			{ "model": "block/deepslate_tiles/stairs/i2", "x": 180, "y": 90, "uvlock": true },
			{ "model": "block/deepslate_tiles/stairs/i3", "x": 180, "y": 90, "uvlock": true },
			{ "model": "block/deepslate_tiles/stairs/i4", "x": 180, "y": 90, "uvlock": true }
		],
        "facing=west,half=top,shape=inner_right": [
			{ "model": "block/deepslate_tile_stairs_inner", "x": 180, "y": 270, "uvlock": true },
			{ "model": "block/deepslate_tiles/stairs/i1", "x": 180, "y": 270, "uvlock": true },
			{ "model": "block/deepslate_tiles/stairs/i2", "x": 180, "y": 270, "uvlock": true },
			{ "model": "block/deepslate_tiles/stairs/i3", "x": 180, "y": 270, "uvlock": true },
			{ "model": "block/deepslate_tiles/stairs/i4", "x": 180, "y": 270, "uvlock": true }
		],
        "facing=south,half=top,shape=inner_right": [
			{ "model": "block/deepslate_tile_stairs_inner", "x": 180, "y": 180, "uvlock": true },
			{ "model": "block/deepslate_tiles/stairs/i1", "x": 180, "y": 180, "uvlock": true },
			{ "model": "block/deepslate_tiles/stairs/i2", "x": 180, "y": 180, "uvlock": true },
			{ "model": "block/deepslate_tiles/stairs/i3", "x": 180, "y": 180, "uvlock": true },
			{ "model": "block/deepslate_tiles/stairs/i4", "x": 180, "y": 180, "uvlock": true }
		],
        "facing=north,half=top,shape=inner_right": [
			{ "model": "block/deepslate_tile_stairs_inner", "x": 180, "uvlock": true },
			{ "model": "block/deepslate_tiles/stairs/i1", "x": 180, "uvlock": true },
			{ "model": "block/deepslate_tiles/stairs/i2", "x": 180, "uvlock": true },
			{ "model": "block/deepslate_tiles/stairs/i3", "x": 180, "uvlock": true },
			{ "model": "block/deepslate_tiles/stairs/i4", "x": 180, "uvlock": true }
		],
        "facing=east,half=top,shape=inner_left": [
			{ "model": "block/deepslate_tile_stairs_inner", "x": 180, "uvlock": true },
			{ "model": "block/deepslate_tiles/stairs/i1", "x": 180, "uvlock": true },
			{ "model": "block/deepslate_tiles/stairs/i2", "x": 180, "uvlock": true },
			{ "model": "block/deepslate_tiles/stairs/i3", "x": 180, "uvlock": true },
			{ "model": "block/deepslate_tiles/stairs/i4", "x": 180, "uvlock": true }
		],
        "facing=west,half=top,shape=inner_left": [
			{ "model": "block/deepslate_tile_stairs_inner", "x": 180, "y": 180, "uvlock": true },
			{ "model": "block/deepslate_tiles/stairs/i1", "x": 180, "y": 180, "uvlock": true },
			{ "model": "block/deepslate_tiles/stairs/i2", "x": 180, "y": 180, "uvlock": true },
			{ "model": "block/deepslate_tiles/stairs/i3", "x": 180, "y": 180, "uvlock": true },
			{ "model": "block/deepslate_tiles/stairs/i4", "x": 180, "y": 180, "uvlock": true }
		],
        "facing=south,half=top,shape=inner_left": [
			{ "model": "block/deepslate_tile_stairs_inner", "x": 180, "y": 90, "uvlock": true },
			{ "model": "block/deepslate_tiles/stairs/i1", "x": 180, "y": 90, "uvlock": true },
			{ "model": "block/deepslate_tiles/stairs/i2", "x": 180, "y": 90, "uvlock": true },
			{ "model": "block/deepslate_tiles/stairs/i3", "x": 180, "y": 90, "uvlock": true },
			{ "model": "block/deepslate_tiles/stairs/i4", "x": 180, "y": 90, "uvlock": true }
		],
        "facing=north,half=top,shape=inner_left": [
			{ "model": "block/deepslate_tile_stairs_inner", "x": 180, "y": 270, "uvlock": true },
			{ "model": "block/deepslate_tiles/stairs/i1", "x": 180, "y": 270, "uvlock": true },
			{ "model": "block/deepslate_tiles/stairs/i2", "x": 180, "y": 270, "uvlock": true },
			{ "model": "block/deepslate_tiles/stairs/i3", "x": 180, "y": 270, "uvlock": true },
			{ "model": "block/deepslate_tiles/stairs/i4", "x": 180, "y": 270, "uvlock": true }
		]
    }
}
