{
  "variants": {
    "facing=down": [
	{ "model": "minecraft:block/large_amethyst_bud", "x": 180},
	{ "model": "minecraft:block/large_amethyst_bud1", "x": 180},
	{ "model": "minecraft:block/large_amethyst_bud", "x": 180},
	{ "model": "minecraft:block/large_amethyst_bud3", "x": 180}
	],
	
    "facing=east": [
	{ "model": "minecraft:block/large_amethyst_bud", "x": 90, "y": 90},
	{ "model": "minecraft:block/large_amethyst_bud1", "x": 90, "y": 90},
	{ "model": "minecraft:block/large_amethyst_bud2", "x": 90, "y": 90},
	{ "model": "minecraft:block/large_amethyst_bud3", "x": 90, "y": 90}
	],
	
    "facing=north": [
	{ "model": "minecraft:block/large_amethyst_bud", "x": 90},
	{ "model": "minecraft:block/large_amethyst_bud1", "x": 90},
	{ "model": "minecraft:block/large_amethyst_bud2", "x": 90},
	{ "model": "minecraft:block/large_amethyst_bud3", "x": 90}
	],
	
    "facing=south": [
	{ "model": "minecraft:block/large_amethyst_bud", "x": 90, "y": 180},
	{ "model": "minecraft:block/large_amethyst_bud1", "x": 90, "y": 180},
	{ "model": "minecraft:block/large_amethyst_bud2", "x": 90, "y": 180},
	{ "model": "minecraft:block/large_amethyst_bud", "x": 90, "y": 180}
	],
	
    "facing=up": [ 
	{ "model": "minecraft:block/large_amethyst_bud", "weight": 15},
	{ "model": "minecraft:block/large_amethyst_bud1","weight": 15},
	{ "model": "minecraft:block/large_amethyst_bud2","weight": 15},
	{ "model": "minecraft:block/large_amethyst_bud3","weight": 15}
	],
	
    "facing=west": [
	{ "model": "minecraft:block/large_amethyst_bud", "x": 90, "y": 270, "weight": 15},
	{ "model": "minecraft:block/large_amethyst_bud1", "x": 90, "y": 270, "weight": 15},
	{ "model": "minecraft:block/large_amethyst_bud2", "x": 90, "y": 270, "weight": 15},
	{ "model": "minecraft:block/large_amethyst_bud3", "x": 90, "y": 270, "weight": 15}
	]
  }
}