{
    "variants": {
        "type=bottom": [
			{ "model": "block/mossy_stone_brick_slab" },
			{ "model": "block/mossy_stone_bricks/slab/l1" },
			{ "model": "block/mossy_stone_bricks/slab/l2" },
			{ "model": "block/mossy_stone_bricks/slab/l3" },
			{ "model": "block/mossy_stone_bricks/slab/l4" }
		],
        "type=top": [
			{ "model": "block/mossy_stone_brick_slab_top" },
			{ "model": "block/mossy_stone_bricks/slab/u1" },
			{ "model": "block/mossy_stone_bricks/slab/u2" },
			{ "model": "block/mossy_stone_bricks/slab/u3" },
			{ "model": "block/mossy_stone_bricks/slab/u4" }
		],
        "type=double": [
			{ "model": "block/mossy_stone_bricks" },
			{ "model": "block/mossy_stone_bricks/1" },
			{ "model": "block/mossy_stone_bricks/2" },
			{ "model": "block/mossy_stone_bricks/3" },
			{ "model": "block/mossy_stone_bricks/4" }
		]
    }
}
