{
	"credit": "Made with Blockbench",
	"textures": {
		"0": "block/normal_lantern_lit",
		"1": "block/normal_lantern_lit_misc",
		"2": "block/normal_lantern_misc",
		"particle": "block/normal_lantern_lit"
	},
	"elements": [
		{
			"from": [2.5, 1, 2.5],
			"to": [13.5, 3, 13.5],
			"faces": {
				"north": {"uv": [0, 14, 11, 16], "texture": "#0"},
				"east": {"uv": [0, 14, 11, 16], "texture": "#0"},
				"south": {"uv": [0, 14, 11, 16], "texture": "#0"},
				"west": {"uv": [0, 14, 11, 16], "texture": "#0"},
				"up": {"uv": [1, 1, 12, 12], "texture": "#1"},
				"down": {"uv": [0, 0, 11, 11], "texture": "#2"}
			}
		},
		{
			"from": [2.5, 9, 2.5],
			"to": [13.5, 12, 13.5],
			"faces": {
				"north": {"uv": [0, 5, 11, 8], "texture": "#0"},
				"east": {"uv": [0, 5, 11, 8], "texture": "#0"},
				"south": {"uv": [0, 5, 11, 8], "texture": "#0"},
				"west": {"uv": [0, 5, 11, 8], "texture": "#0"},
				"up": {"uv": [0, 0, 11, 11], "texture": "#2"},
				"down": {"uv": [1, 1, 12, 12], "texture": "#1"}
			}
		},
		{
			"from": [4, 13, 4],
			"to": [8, 15, 12],
			"faces": {
				"north": {"uv": [5, 2, 9, 4], "texture": "#0"},
				"south": {"uv": [1, 2, 5, 4], "texture": "#0"},
				"west": {"uv": [1, 2, 9, 4], "texture": "#0"},
				"up": {"uv": [12, 0, 16, 8], "texture": "#2"},
				"down": {"uv": [12, 0, 16, 8], "texture": "#2"}
			}
		},
		{
			"from": [8, 13, 4],
			"to": [12, 15, 12],
			"faces": {
				"north": {"uv": [1, 2, 5, 4], "texture": "#0"},
				"east": {"uv": [1, 2, 9, 4], "texture": "#0"},
				"south": {"uv": [5, 2, 9, 4], "texture": "#0"},
				"up": {"uv": [12, 8, 16, 16], "texture": "#2"},
				"down": {"uv": [12, 8, 16, 16], "texture": "#2"}
			}
		},
		{
			"from": [5, 12, 5],
			"to": [11, 13, 11],
			"faces": {
				"north": {"uv": [2, 4, 8, 5], "texture": "#0"},
				"east": {"uv": [2, 4, 8, 5], "texture": "#0"},
				"south": {"uv": [2, 4, 8, 5], "texture": "#0"},
				"west": {"uv": [2, 4, 8, 5], "texture": "#0"}
			}
		},
		{
			"from": [11, 3, 11],
			"to": [13, 9, 13],
			"faces": {
				"north": {"uv": [10, 8, 12, 14], "texture": "#0"},
				"east": {"uv": [0, 8, 2, 14], "texture": "#0"},
				"south": {"uv": [8, 8, 10, 14], "texture": "#0"},
				"west": {"uv": [10, 8, 12, 14], "texture": "#0"}
			}
		},
		{
			"from": [11, 3, 3],
			"to": [13, 9, 5],
			"faces": {
				"north": {"uv": [0, 8, 2, 14], "texture": "#0"},
				"east": {"uv": [8, 8, 10, 14], "texture": "#0"},
				"south": {"uv": [10, 8, 12, 14], "texture": "#0"},
				"west": {"uv": [10, 8, 12, 14], "texture": "#0"}
			}
		},
		{
			"from": [3, 3, 3],
			"to": [5, 9, 5],
			"faces": {
				"north": {"uv": [8, 8, 10, 14], "texture": "#0"},
				"east": {"uv": [10, 8, 12, 14], "texture": "#0"},
				"south": {"uv": [10, 8, 12, 14], "texture": "#0"},
				"west": {"uv": [0, 8, 2, 14], "texture": "#0"}
			}
		},
		{
			"from": [3, 3, 11],
			"to": [5, 9, 13],
			"faces": {
				"north": {"uv": [10, 8, 12, 14], "texture": "#0"},
				"east": {"uv": [10, 8, 12, 14], "texture": "#0"},
				"south": {"uv": [0, 8, 2, 14], "texture": "#0"},
				"west": {"uv": [8, 8, 10, 14], "texture": "#0"}
			}
		},
		{
			"from": [4, 3, 4],
			"to": [12, 9, 12],
			"faces": {
				"north": {"uv": [1, 8, 9, 14], "texture": "#0"},
				"east": {"uv": [1, 8, 9, 14], "texture": "#0"},
				"south": {"uv": [1, 8, 9, 14], "texture": "#0"},
				"west": {"uv": [1, 8, 9, 14], "texture": "#0"}
			}
		},
		{
			"from": [8, 15, 6.5],
			"to": [8, 16, 9.5],
			"rotation": {"angle": -45, "axis": "y", "origin": [8, 15, 8]},
			"faces": {
				"east": {"uv": [13, 1, 16, 2], "texture": "#0"},
				"west": {"uv": [13, 1, 16, 2], "texture": "#0"}
			}
		}
	]
}