{
	"credit": "Made with Blockbench",
	"parent": "minecraft:block/orientable",
	"textures": {
		"3": "block/g2",
		"4": "block/anvil",
		"5": "block/blast_furnace_front",
		"7": "block/blast_furnace_side",
		"8": "block/blast_furnace_top",
		"particle": "block/g2"
	},
	"elements": [
		{
			"from": [0, 0, 0],
			"to": [16, 4, 16],
			"faces": {
				"north": {"uv": [0, 12, 16, 16], "texture": "#7"},
				"east": {"uv": [0, 12, 16, 16], "texture": "#7"},
				"south": {"uv": [0, 0, 16, 4], "texture": "#7"},
				"west": {"uv": [0, 12, 16, 16], "texture": "#7"},
				"up": {"uv": [0, 16, 16, 0], "texture": "#5"},
				"down": {"uv": [0, 0, 16, 16], "texture": "#8"}
			}
		},
		{
			"from": [0, 15, 0],
			"to": [1, 16, 16],
			"faces": {
				"north": {"uv": [0, 0, 1, 1], "texture": "#8"},
				"east": {"uv": [0, 0, 16, 1], "texture": "#8"},
				"south": {"uv": [0, 0, 1, 1], "texture": "#8"},
				"west": {"uv": [0, 0, 16, 1], "texture": "#8"},
				"up": {"uv": [0, 0, 1, 16], "texture": "#8"},
				"down": {"uv": [0, 0, 1, 16], "texture": "#8"}
			}
		},
		{
			"from": [15, 15, 0],
			"to": [16, 16, 16],
			"faces": {
				"north": {"uv": [0, 0, 1, 1], "texture": "#8"},
				"east": {"uv": [0, 0, 16, 1], "texture": "#8"},
				"south": {"uv": [0, 0, 1, 1], "texture": "#8"},
				"west": {"uv": [0, 0, 16, 1], "texture": "#8"},
				"up": {"uv": [0, 0, 1, 16], "texture": "#8"},
				"down": {"uv": [0, 0, 1, 16], "texture": "#8"}
			}
		},
		{
			"from": [1, 15, 15],
			"to": [15, 16, 16],
			"faces": {
				"north": {"uv": [0, 0, 14, 1], "texture": "#8"},
				"east": {"uv": [0, 0, 1, 1], "texture": "#8"},
				"south": {"uv": [0, 0, 14, 1], "texture": "#8"},
				"west": {"uv": [0, 0, 1, 1], "texture": "#8"},
				"up": {"uv": [0, 0, 14, 1], "texture": "#8"},
				"down": {"uv": [0, 0, 14, 1], "texture": "#8"}
			}
		},
		{
			"from": [1, 15, 0],
			"to": [15, 16, 1],
			"faces": {
				"north": {"uv": [0, 0, 14, 1], "texture": "#8"},
				"east": {"uv": [0, 0, 1, 1], "texture": "#8"},
				"south": {"uv": [0, 0, 14, 1], "texture": "#8"},
				"west": {"uv": [0, 0, 1, 1], "texture": "#8"},
				"up": {"uv": [0, 0, 14, 1], "texture": "#8"},
				"down": {"uv": [0, 0, 14, 1], "texture": "#8"}
			}
		},
		{
			"from": [9, 15, 2],
			"to": [14, 16, 7],
			"faces": {
				"north": {"uv": [0, 0, 5, 1], "texture": "#8"},
				"east": {"uv": [0, 0, 5, 1], "texture": "#8"},
				"south": {"uv": [0, 0, 5, 1], "texture": "#8"},
				"west": {"uv": [0, 0, 5, 1], "texture": "#8"},
				"up": {"uv": [7, 7, 12, 12], "texture": "#5"},
				"down": {"uv": [0, 0, 5, 5], "texture": "#8"}
			}
		},
		{
			"from": [2, 15, 2],
			"to": [7, 16, 7],
			"faces": {
				"north": {"uv": [0, 0, 5, 1], "texture": "#8"},
				"east": {"uv": [0, 0, 5, 1], "texture": "#8"},
				"south": {"uv": [0, 0, 5, 1], "texture": "#8"},
				"west": {"uv": [0, 0, 5, 1], "texture": "#8"},
				"up": {"uv": [7, 7, 12, 12], "texture": "#5"},
				"down": {"uv": [0, 0, 5, 5], "texture": "#8"}
			}
		},
		{
			"from": [2, 15, 9],
			"to": [7, 16, 14],
			"faces": {
				"north": {"uv": [0, 0, 5, 1], "texture": "#8"},
				"east": {"uv": [0, 0, 5, 1], "texture": "#8"},
				"south": {"uv": [0, 0, 5, 1], "texture": "#8"},
				"west": {"uv": [0, 0, 5, 1], "texture": "#8"},
				"up": {"uv": [7, 7, 12, 12], "texture": "#5"},
				"down": {"uv": [0, 0, 5, 5], "texture": "#8"}
			}
		},
		{
			"from": [9, 15, 9],
			"to": [14, 16, 14],
			"faces": {
				"north": {"uv": [0, 0, 5, 1], "texture": "#8"},
				"east": {"uv": [0, 0, 5, 1], "texture": "#8"},
				"south": {"uv": [0, 0, 5, 1], "texture": "#8"},
				"west": {"uv": [0, 0, 5, 1], "texture": "#8"},
				"up": {"uv": [7, 7, 12, 12], "texture": "#5"},
				"down": {"uv": [0, 0, 5, 5], "texture": "#8"}
			}
		},
		{
			"from": [2, 13, 0],
			"to": [14, 15, 14],
			"faces": {
				"north": {"uv": [2, 4, 14, 6], "texture": "#5"},
				"east": {"uv": [0, 0, 14, 2], "texture": "#missing"},
				"south": {"uv": [0, 0, 12, 2], "texture": "#missing"},
				"west": {"uv": [0, 0, 14, 2], "texture": "#missing"},
				"up": {"uv": [2, 1, 14, 15], "texture": "#8"},
				"down": {"uv": [0, 0, 12, 14], "texture": "#4"}
			}
		},
		{
			"from": [0, 4, 0],
			"to": [2, 15, 16],
			"faces": {
				"north": {"uv": [14, 3, 16, 14], "texture": "#7"},
				"east": {"uv": [0, 0, 16, 11], "texture": "#4"},
				"south": {"uv": [0, 0, 2, 11], "texture": "#7"},
				"west": {"uv": [0, 3, 16, 14], "texture": "#7"},
				"up": {"uv": [14, 0, 16, 16], "texture": "#8"},
				"down": {"uv": [0, 0, 2, 16], "texture": "#missing"}
			}
		},
		{
			"from": [14, 4, 0],
			"to": [16, 15, 16],
			"faces": {
				"north": {"uv": [0, 3, 2, 14], "texture": "#7"},
				"east": {"uv": [0, 3, 16, 14], "texture": "#7"},
				"south": {"uv": [14, 0, 16, 11], "texture": "#7"},
				"west": {"uv": [0, 0, 16, 11], "texture": "#4"},
				"up": {"uv": [0, 0, 2, 16], "texture": "#8"},
				"down": {"uv": [0, 0, 2, 16], "texture": "#missing"}
			}
		},
		{
			"from": [2, 4, 14],
			"to": [14, 15, 16],
			"faces": {
				"north": {"uv": [0, 0, 12, 11], "texture": "#4"},
				"east": {"uv": [0, 0, 2, 11], "texture": "#missing"},
				"south": {"uv": [2, 0, 14, 11], "texture": "#7"},
				"west": {"uv": [0, 0, 2, 11], "texture": "#missing"},
				"up": {"uv": [2, 0, 14, 2], "texture": "#8"},
				"down": {"uv": [0, 0, 12, 2], "texture": "#missing"}
			}
		},
		{
			"from": [2, 4, 0],
			"to": [14, 13, 0],
			"faces": {
				"north": {"uv": [2, 3, 14, 12], "texture": "#3"},
				"east": {"uv": [0, 0, 0, 9], "texture": "#missing"},
				"south": {"uv": [0, 0, 12, 9], "texture": "#missing"},
				"west": {"uv": [0, 0, 0, 9], "texture": "#missing"},
				"up": {"uv": [0, 0, 12, 0], "texture": "#missing"},
				"down": {"uv": [0, 0, 12, 0], "texture": "#missing"}
			}
		},
		{
			"from": [6, 3, -0.5],
			"to": [10, 4, 0],
			"faces": {
				"north": {"uv": [0, 0, 4, 1], "texture": "#4"},
				"east": {"uv": [0, 0, 0.5, 1], "texture": "#4"},
				"south": {"uv": [0, 0, 4, 1], "texture": "#4"},
				"west": {"uv": [0, 0, 0.5, 1], "texture": "#4"},
				"up": {"uv": [0, 0, 4, 0.5], "texture": "#4"},
				"down": {"uv": [0, 0, 4, 0.5], "texture": "#4"}
			}
		},
		{
			"from": [4, 12, -0.5],
			"to": [12, 13, 0],
			"faces": {
				"north": {"uv": [0, 0, 8, 1], "texture": "#4"},
				"east": {"uv": [0, 0, 0.5, 1], "texture": "#4"},
				"south": {"uv": [0, 0, 8, 1], "texture": "#4"},
				"west": {"uv": [0, 0, 0.5, 1], "texture": "#4"},
				"up": {"uv": [0, 0, 8, 0.5], "texture": "#4"},
				"down": {"uv": [0, 0, 8, 0.5], "texture": "#4"}
			}
		},
		{
			"from": [13, 14, -1],
			"to": [14, 15, -0.5],
			"faces": {
				"north": {"uv": [0, 0, 1, 1], "texture": "#4"},
				"east": {"uv": [0, 0, 0.5, 1], "texture": "#4"},
				"south": {"uv": [0, 0, 1, 1], "texture": "#4"},
				"west": {"uv": [0, 0, 0.5, 1], "texture": "#4"},
				"up": {"uv": [0, 0, 1, 0.5], "texture": "#4"},
				"down": {"uv": [0, 0, 1, 0.5], "texture": "#4"}
			}
		},
		{
			"from": [12, 14, -0.5],
			"to": [14, 15, 0],
			"faces": {
				"north": {"uv": [2, 9, 4, 10], "texture": "#7"},
				"east": {"uv": [2, 9, 2.5, 10], "texture": "#7"},
				"south": {"uv": [2, 9, 4, 10], "texture": "#7"},
				"west": {"uv": [2, 9, 2.5, 10], "texture": "#7"},
				"up": {"uv": [2, 9, 4, 9.5], "texture": "#7"},
				"down": {"uv": [2, 9, 4, 9.5], "texture": "#7"}
			}
		},
		{
			"from": [9, 14, -0.5],
			"to": [11, 15, 0],
			"faces": {
				"north": {"uv": [2, 9, 4, 10], "texture": "#7"},
				"east": {"uv": [2, 9, 2.5, 10], "texture": "#7"},
				"south": {"uv": [2, 9, 4, 10], "texture": "#7"},
				"west": {"uv": [2, 9, 2.5, 10], "texture": "#7"},
				"up": {"uv": [2, 9, 4, 9.5], "texture": "#7"},
				"down": {"uv": [2, 9, 4, 9.5], "texture": "#7"}
			}
		},
		{
			"from": [10, 14, -1],
			"to": [11, 15, -0.5],
			"faces": {
				"north": {"uv": [0, 0, 1, 1], "texture": "#4"},
				"east": {"uv": [0, 0, 0.5, 1], "texture": "#4"},
				"south": {"uv": [0, 0, 1, 1], "texture": "#4"},
				"west": {"uv": [0, 0, 0.5, 1], "texture": "#4"},
				"up": {"uv": [0, 0, 1, 0.5], "texture": "#4"},
				"down": {"uv": [0, 0, 1, 0.5], "texture": "#4"}
			}
		},
		{
			"from": [5, 14, -0.5],
			"to": [7, 15, 0],
			"faces": {
				"north": {"uv": [2, 9, 4, 10], "texture": "#7"},
				"east": {"uv": [2, 9, 2.5, 10], "texture": "#7"},
				"south": {"uv": [2, 9, 4, 10], "texture": "#7"},
				"west": {"uv": [2, 9, 2.5, 10], "texture": "#7"},
				"up": {"uv": [2, 9, 4, 9.5], "texture": "#7"},
				"down": {"uv": [2, 9, 4, 9.5], "texture": "#7"}
			}
		},
		{
			"from": [6, 14, -1],
			"to": [7, 15, -0.5],
			"faces": {
				"north": {"uv": [0, 0, 1, 1], "texture": "#4"},
				"east": {"uv": [0, 0, 0.5, 1], "texture": "#4"},
				"south": {"uv": [0, 0, 1, 1], "texture": "#4"},
				"west": {"uv": [0, 0, 0.5, 1], "texture": "#4"},
				"up": {"uv": [0, 0, 1, 0.5], "texture": "#4"},
				"down": {"uv": [0, 0, 1, 0.5], "texture": "#4"}
			}
		},
		{
			"from": [2, 14, -0.5],
			"to": [4, 15, 0],
			"faces": {
				"north": {"uv": [2, 9, 4, 10], "texture": "#7"},
				"east": {"uv": [2, 9, 2.5, 10], "texture": "#7"},
				"south": {"uv": [2, 9, 4, 10], "texture": "#7"},
				"west": {"uv": [2, 9, 2.5, 10], "texture": "#7"},
				"up": {"uv": [2, 9, 4, 9.5], "texture": "#7"},
				"down": {"uv": [2, 9, 4, 9.5], "texture": "#7"}
			}
		},
		{
			"from": [3, 14, -1],
			"to": [4, 15, -0.5],
			"faces": {
				"north": {"uv": [0, 0, 1, 1], "texture": "#4"},
				"east": {"uv": [0, 0, 0.5, 1], "texture": "#4"},
				"south": {"uv": [0, 0, 1, 1], "texture": "#4"},
				"west": {"uv": [0, 0, 0.5, 1], "texture": "#4"},
				"up": {"uv": [0, 0, 1, 0.5], "texture": "#4"},
				"down": {"uv": [0, 0, 1, 0.5], "texture": "#4"}
			}
		}
	]
}