{
	"credit": "Made by Botany",
	"textures": {
		"0": "block/allium",
		"particle": "block/allium"
	},
	"elements": [
		{
			"from": [8, 0, 8],
			"to": [9, 7, 9],
			"faces": {
				"north": {"uv": [7, 9, 8, 16], "texture": "#0"},
				"east": {"uv": [7, 9, 8, 16], "texture": "#0"},
				"south": {"uv": [7, 9, 8, 16], "texture": "#0"},
				"west": {"uv": [7, 9, 8, 16], "texture": "#0"},
				"up": {"uv": [7, 14, 8, 15], "texture": "#0"},
				"down": {"uv": [7, 15, 8, 16], "texture": "#0"}
			}
		},
		{
			"from": [7, 7, 7],
			"to": [10, 8, 10],
			"faces": {
				"north": {"uv": [6, 2, 9, 3], "texture": "#0"},
				"east": {"uv": [6, 2, 9, 3], "texture": "#0"},
				"south": {"uv": [6, 2, 9, 3], "texture": "#0"},
				"west": {"uv": [6, 2, 9, 3], "texture": "#0"},
				"up": {"uv": [0, 0, 3, 3], "texture": "#missing"},
				"down": {"uv": [6, 2, 9, 5], "texture": "#0"}
			}
		},
		{
			"from": [6, 12, 6],
			"to": [11, 13, 11],
			"faces": {
				"north": {"uv": [5, 6, 10, 7], "texture": "#0"},
				"east": {"uv": [5, 6, 10, 7], "texture": "#0"},
				"south": {"uv": [5, 6, 10, 7], "texture": "#0"},
				"west": {"uv": [5, 6, 10, 7], "texture": "#0"},
				"up": {"uv": [5, 3, 9, 7], "texture": "#0"},
				"down": {"uv": [0, 0, 5, 5], "texture": "#missing"}
			}
		},
		{
			"from": [7, 13, 7],
			"to": [10, 14, 10],
			"faces": {
				"north": {"uv": [6, 2, 9, 3], "texture": "#0"},
				"east": {"uv": [6, 2, 9, 3], "texture": "#0"},
				"south": {"uv": [6, 2, 9, 3], "texture": "#0"},
				"west": {"uv": [6, 2, 9, 3], "texture": "#0"},
				"up": {"uv": [6, 2, 9, 5], "texture": "#0"},
				"down": {"uv": [0, 0, 3, 3], "texture": "#missing"}
			}
		},
		{
			"from": [6, 8, 6],
			"to": [11, 9, 11],
			"faces": {
				"north": {"uv": [5, 6, 10, 7], "texture": "#0"},
				"east": {"uv": [5, 6, 10, 7], "texture": "#0"},
				"south": {"uv": [5, 6, 10, 7], "texture": "#0"},
				"west": {"uv": [5, 6, 10, 7], "texture": "#0"},
				"up": {"uv": [0, 0, 5, 5], "texture": "#missing"},
				"down": {"uv": [5, 3, 9, 7], "texture": "#0"}
			}
		},
		{
			"from": [5, 10, 5],
			"to": [12, 12, 12],
			"faces": {
				"north": {"uv": [4, 4, 11, 6], "texture": "#0"},
				"east": {"uv": [4, 4, 11, 6], "texture": "#0"},
				"south": {"uv": [4, 4, 11, 6], "texture": "#0"},
				"west": {"uv": [4, 4, 11, 6], "texture": "#0"},
				"up": {"uv": [5, 3, 9, 7], "texture": "#0"},
				"down": {"uv": [5, 3, 9, 7], "texture": "#0"}
			}
		},
		{
			"from": [5, 9, 5],
			"to": [12, 10, 12],
			"faces": {
				"north": {"uv": [4, 4, 11, 5], "texture": "#0"},
				"east": {"uv": [4, 4, 11, 5], "texture": "#0"},
				"south": {"uv": [4, 4, 11, 5], "texture": "#0"},
				"west": {"uv": [4, 4, 11, 5], "texture": "#0"},
				"up": {"uv": [5, 3, 9, 7], "texture": "#missing"},
				"down": {"uv": [5, 3, 9, 7], "texture": "#0"}
			}
		}
	]
}
