{
	"credit": "Made by Botany",
	"textures": {
		"1": "block/azure_bluet",
		"particle": "block/azure_bluet"
	},
	"elements": [
		{
			"from": [8, 0, 8],
			"to": [9, 4, 9],
			"faces": {
				"north": {"uv": [7, 12, 8, 16], "texture": "#1"},
				"east": {"uv": [7, 12, 8, 16], "texture": "#1"},
				"south": {"uv": [7, 12, 8, 16], "texture": "#1"},
				"west": {"uv": [7, 12, 8, 16], "texture": "#1"},
				"up": {"uv": [7, 15, 8, 16], "texture": "#1"},
				"down": {"uv": [7, 15, 8, 16], "texture": "#1"}
			}
		},
		{
			"from": [8, 4, 8],
			"to": [9, 8, 9],
			"faces": {
				"north": {"uv": [7, 12, 8, 16], "texture": "#1"},
				"east": {"uv": [7, 12, 8, 16], "texture": "#1"},
				"south": {"uv": [7, 12, 8, 16], "texture": "#1"},
				"west": {"uv": [7, 12, 8, 16], "texture": "#1"},
				"up": {"uv": [7, 15, 8, 16], "texture": "#1"},
				"down": {"uv": [7, 15, 8, 16], "texture": "#missing"}
			}
		},
		{
			"from": [8.05, -5, 6.4],
			"to": [8.95, -1, 7.3],
			"rotation": {"angle": -45, "axis": "x", "origin": [0, 0, 0]},
			"faces": {
				"north": {"uv": [7, 12, 8, 16], "texture": "#1"},
				"east": {"uv": [7, 12, 8, 16], "texture": "#1"},
				"south": {"uv": [7, 12, 8, 16], "texture": "#1"},
				"west": {"uv": [7, 12, 8, 16], "texture": "#1"},
				"up": {"uv": [7, 15, 8, 16], "texture": "#1"},
				"down": {"uv": [7, 15, 8, 16], "texture": "#missing"}
			}
		},
		{
			"from": [8.05, 7.8, 3.9],
			"to": [8.95, 11.8, 4.8],
			"rotation": {"angle": 45, "axis": "x", "origin": [0, 0, 0]},
			"faces": {
				"north": {"uv": [7, 12, 8, 16], "texture": "#1"},
				"east": {"uv": [7, 12, 8, 16], "texture": "#1"},
				"south": {"uv": [7, 12, 8, 16], "texture": "#1"},
				"west": {"uv": [7, 12, 8, 16], "texture": "#1"},
				"up": {"uv": [7, 15, 8, 16], "texture": "#1"},
				"down": {"uv": [7, 15, 8, 16], "texture": "#missing"}
			}
		},
		{
			"from": [7.45, -3.9, 8.05],
			"to": [8.35, 0.1, 8.95],
			"rotation": {"angle": 45, "axis": "z", "origin": [0, 0, 0]},
			"faces": {
				"north": {"uv": [7, 12, 8, 16], "texture": "#1"},
				"east": {"uv": [7, 12, 8, 16], "texture": "#1"},
				"south": {"uv": [7, 12, 8, 16], "texture": "#1"},
				"west": {"uv": [7, 12, 8, 16], "texture": "#1"},
				"up": {"uv": [7, 15, 8, 16], "texture": "#1"},
				"down": {"uv": [7, 15, 8, 16], "texture": "#missing"}
			}
		},
		{
			"from": [4.05, 7.5, 8.05],
			"to": [4.95, 11, 8.95],
			"rotation": {"angle": -45, "axis": "z", "origin": [0, 0, 0]},
			"faces": {
				"north": {"uv": [7, 12, 8, 16], "texture": "#1"},
				"east": {"uv": [7, 12, 8, 16], "texture": "#1"},
				"south": {"uv": [7, 12, 8, 16], "texture": "#1"},
				"west": {"uv": [7, 12, 8, 16], "texture": "#1"},
				"up": {"uv": [7, 15, 8, 16], "texture": "#1"},
				"down": {"uv": [7, 15, 8, 16], "texture": "#missing"}
			}
		},
		{
			"from": [9, 2, 9],
			"to": [11, 4, 11],
			"faces": {
				"north": {"uv": [5, 12, 7, 14], "texture": "#1"},
				"east": {"uv": [5, 12, 7, 14], "texture": "#1"},
				"south": {"uv": [5, 12, 7, 14], "texture": "#1"},
				"west": {"uv": [5, 12, 7, 14], "texture": "#1"},
				"up": {"uv": [5, 12, 7, 14], "texture": "#1"},
				"down": {"uv": [5, 12, 7, 14], "texture": "#1"}
			}
		},
		{
			"from": [10, 4, 7.5],
			"to": [12, 6, 9.5],
			"faces": {
				"north": {"uv": [7, 9, 9, 11], "texture": "#1"},
				"east": {"uv": [7, 9, 9, 11], "texture": "#1"},
				"south": {"uv": [7, 9, 9, 11], "texture": "#1"},
				"west": {"uv": [7, 9, 9, 11], "texture": "#1"},
				"up": {"uv": [7, 9, 9, 11], "texture": "#1"},
				"down": {"uv": [7, 9, 9, 11], "texture": "#1"}
			}
		},
		{
			"from": [7.5, 3, 4.5],
			"to": [9.5, 5, 6.5],
			"faces": {
				"north": {"uv": [5, 12, 7, 14], "texture": "#1"},
				"east": {"uv": [5, 12, 7, 14], "texture": "#1"},
				"south": {"uv": [5, 12, 7, 14], "texture": "#1"},
				"west": {"uv": [5, 12, 7, 14], "texture": "#1"},
				"up": {"uv": [5, 12, 7, 14], "texture": "#1"},
				"down": {"uv": [5, 12, 7, 14], "texture": "#1"}
			}
		},
		{
			"from": [4.1, 5.3, 7.5],
			"to": [6.1, 7.3, 9.5],
			"faces": {
				"north": {"uv": [7, 9, 9, 11], "texture": "#1"},
				"east": {"uv": [7, 9, 9, 11], "texture": "#1"},
				"south": {"uv": [7, 9, 9, 11], "texture": "#1"},
				"west": {"uv": [7, 9, 9, 11], "texture": "#1"},
				"up": {"uv": [7, 9, 9, 11], "texture": "#1"},
				"down": {"uv": [7, 9, 9, 11], "texture": "#1"}
			}
		},
		{
			"from": [7.5, 6.3, 7.5],
			"to": [9.5, 8.3, 9.5],
			"faces": {
				"north": {"uv": [5, 12, 7, 14], "texture": "#1"},
				"east": {"uv": [5, 12, 7, 14], "texture": "#1"},
				"south": {"uv": [5, 12, 7, 14], "texture": "#1"},
				"west": {"uv": [5, 12, 7, 14], "texture": "#1"},
				"up": {"uv": [5, 12, 7, 14], "texture": "#1"},
				"down": {"uv": [5, 12, 7, 14], "texture": "#1"}
			}
		},
		{
			"from": [7.5, 5, 11],
			"to": [9.5, 7, 13],
			"faces": {
				"north": {"uv": [5, 12, 7, 14], "texture": "#1"},
				"east": {"uv": [5, 12, 7, 14], "texture": "#1"},
				"south": {"uv": [5, 12, 7, 14], "texture": "#1"},
				"west": {"uv": [5, 12, 7, 14], "texture": "#1"},
				"up": {"uv": [5, 12, 7, 14], "texture": "#1"},
				"down": {"uv": [5, 12, 7, 14], "texture": "#1"}
			}
		}
	]
}
