{
	"credit": "Made by Botany",
	"textures": {
		"0": "block/blue_orchid",
		"particle": "block/blue_orchid"
	},
	"elements": [
		{
			"from": [6, 0, 7],
			"to": [7, 3, 8],
			"rotation": {"angle": 0, "axis": "y", "origin": [-2, 0, -1]},
			"faces": {
				"north": {"uv": [8, 13, 9, 16], "texture": "#0"},
				"east": {"uv": [8, 13, 9, 16], "texture": "#0"},
				"south": {"uv": [8, 13, 9, 16], "texture": "#0"},
				"west": {"uv": [8, 13, 9, 16], "texture": "#0"},
				"up": {"uv": [8, 15, 9, 16], "texture": "#0"},
				"down": {"uv": [8, 15, 9, 16], "texture": "#0"}
			}
		},
		{
			"from": [6, 3, 7],
			"to": [7, 6, 8],
			"rotation": {"angle": 0, "axis": "y", "origin": [-2, 0, -1]},
			"faces": {
				"north": {"uv": [8, 13, 9, 16], "texture": "#0"},
				"east": {"uv": [8, 13, 9, 16], "texture": "#0"},
				"south": {"uv": [8, 13, 9, 16], "texture": "#0"},
				"west": {"uv": [8, 13, 9, 16], "texture": "#0"},
				"up": {"uv": [8, 15, 9, 16], "texture": "#0"},
				"down": {"uv": [8, 15, 9, 16], "texture": "#missing"}
			}
		},
		{
			"from": [6, 5, 6],
			"to": [7, 8, 7],
			"rotation": {"angle": 0, "axis": "y", "origin": [-2, 0, -1]},
			"faces": {
				"north": {"uv": [8, 13, 9, 16], "texture": "#0"},
				"east": {"uv": [8, 13, 9, 16], "texture": "#0"},
				"south": {"uv": [8, 13, 9, 16], "texture": "#0"},
				"west": {"uv": [8, 13, 9, 16], "texture": "#0"},
				"up": {"uv": [8, 15, 9, 16], "texture": "#0"},
				"down": {"uv": [8, 15, 9, 16], "texture": "#0"}
			}
		},
		{
			"from": [6.05, -5, 5.4],
			"to": [6.95, -1, 6.3],
			"rotation": {"angle": -45, "axis": "x", "origin": [-2, 0, -1]},
			"faces": {
				"north": {"uv": [8, 13, 9, 16], "texture": "#0"},
				"east": {"uv": [8, 13, 9, 16], "texture": "#0"},
				"south": {"uv": [8, 13, 9, 16], "texture": "#0"},
				"west": {"uv": [8, 13, 9, 16], "texture": "#0"},
				"up": {"uv": [7, 15, 8, 16], "texture": "#missing"},
				"down": {"uv": [7, 15, 8, 16], "texture": "#missing"}
			}
		},
		{
			"from": [6.05, 7.8, 2.9],
			"to": [6.95, 11.8, 3.8],
			"rotation": {"angle": 45, "axis": "x", "origin": [-2, 0, -1]},
			"faces": {
				"north": {"uv": [8, 13, 9, 16], "texture": "#0"},
				"east": {"uv": [8, 13, 9, 16], "texture": "#0"},
				"south": {"uv": [8, 13, 9, 16], "texture": "#0"},
				"west": {"uv": [8, 13, 9, 16], "texture": "#0"},
				"up": {"uv": [7, 15, 8, 16], "texture": "#missing"},
				"down": {"uv": [7, 15, 8, 16], "texture": "#missing"}
			}
		},
		{
			"from": [5.45, -3.9, 7.05],
			"to": [6.35, 0.1, 7.95],
			"rotation": {"angle": 45, "axis": "z", "origin": [-2, 0, -1]},
			"faces": {
				"north": {"uv": [8, 13, 9, 16], "texture": "#0"},
				"east": {"uv": [8, 13, 9, 16], "texture": "#0"},
				"south": {"uv": [8, 13, 9, 16], "texture": "#0"},
				"west": {"uv": [8, 13, 9, 16], "texture": "#0"},
				"up": {"uv": [7, 15, 8, 16], "texture": "#missing"},
				"down": {"uv": [7, 15, 8, 16], "texture": "#missing"}
			}
		},
		{
			"from": [2.05, 7.5, 7.05],
			"to": [2.95, 11, 7.95],
			"rotation": {"angle": -45, "axis": "z", "origin": [-2, 0, -1]},
			"faces": {
				"north": {"uv": [8, 13, 9, 16], "texture": "#0"},
				"east": {"uv": [8, 13, 9, 16], "texture": "#0"},
				"south": {"uv": [8, 13, 9, 16], "texture": "#0"},
				"west": {"uv": [8, 13, 9, 16], "texture": "#0"},
				"up": {"uv": [7, 15, 8, 16], "texture": "#missing"},
				"down": {"uv": [7, 15, 8, 16], "texture": "#missing"}
			}
		},
		{
			"from": [8, 4, 6.5],
			"to": [10, 6, 8.5],
			"rotation": {"angle": 0, "axis": "y", "origin": [-2, 0, -1]},
			"faces": {
				"north": {"uv": [8, 10, 10, 12], "texture": "#0"},
				"east": {"uv": [8, 10, 10, 12], "texture": "#0"},
				"south": {"uv": [8, 10, 10, 12], "texture": "#0"},
				"west": {"uv": [8, 10, 10, 12], "texture": "#0"},
				"up": {"uv": [8, 10, 10, 12], "texture": "#0"},
				"down": {"uv": [8, 10, 10, 12], "texture": "#0"}
			}
		},
		{
			"from": [5.5, 3, 3.5],
			"to": [7.5, 5, 5.5],
			"rotation": {"angle": 0, "axis": "y", "origin": [-2, 0, -1]},
			"faces": {
				"north": {"uv": [8, 10, 10, 12], "texture": "#0"},
				"east": {"uv": [8, 10, 10, 12], "texture": "#0"},
				"south": {"uv": [8, 10, 10, 12], "texture": "#0"},
				"west": {"uv": [8, 10, 10, 12], "texture": "#0"},
				"up": {"uv": [8, 10, 10, 12], "texture": "#0"},
				"down": {"uv": [8, 10, 10, 12], "texture": "#0"}
			}
		},
		{
			"from": [2.1, 4.05, 6.5],
			"to": [4.1, 6.05, 8.5],
			"rotation": {"angle": 0, "axis": "y", "origin": [-2, 0, -1]},
			"faces": {
				"north": {"uv": [8, 10, 10, 12], "texture": "#0"},
				"east": {"uv": [8, 10, 10, 12], "texture": "#0"},
				"south": {"uv": [8, 10, 10, 12], "texture": "#0"},
				"west": {"uv": [8, 10, 10, 12], "texture": "#0"},
				"up": {"uv": [8, 10, 10, 12], "texture": "#0"},
				"down": {"uv": [8, 10, 10, 12], "texture": "#0"}
			}
		},
		{
			"from": [5.5, 6.25, 4.5],
			"to": [7.5, 8.25, 6.5],
			"rotation": {"angle": 0, "axis": "y", "origin": [-2, 0, -1]},
			"faces": {
				"north": {"uv": [6, 4, 8, 6], "texture": "#0"},
				"east": {"uv": [6, 4, 8, 6], "texture": "#0"},
				"south": {"uv": [6, 4, 8, 6], "texture": "#0"},
				"west": {"uv": [6, 4, 8, 6], "texture": "#0"},
				"up": {"uv": [6, 4, 8, 6], "texture": "#0"},
				"down": {"uv": [6, 4, 8, 6], "texture": "#0"}
			}
		},
		{
			"from": [5.5, 3.7, 10],
			"to": [7.5, 5.7, 12],
			"rotation": {"angle": 0, "axis": "y", "origin": [-2, 0, -1]},
			"faces": {
				"north": {"uv": [8, 10, 10, 12], "texture": "#0"},
				"east": {"uv": [8, 10, 10, 12], "texture": "#0"},
				"south": {"uv": [8, 10, 10, 12], "texture": "#0"},
				"west": {"uv": [8, 10, 10, 12], "texture": "#0"},
				"up": {"uv": [8, 10, 10, 12], "texture": "#0"},
				"down": {"uv": [8, 10, 10, 12], "texture": "#0"}
			}
		}
	]
}
