{
	"credit": "Made by Botany",
	"textures": {
		"1": "block/cornflower",
		"2": "block/cornflower_2",
		"3": "block/cornflower_3",
		"particle": "block/cornflower_3"
	},
	"elements": [
		{
			"from": [8, 0, 8],
			"to": [9, 9, 9],
			"rotation": {"angle": 0, "axis": "y", "origin": [-2, 0, -1]},
			"faces": {
				"north": {"uv": [8, 7, 9, 16], "texture": "#1"},
				"east": {"uv": [8, 7, 9, 16], "texture": "#1"},
				"south": {"uv": [8, 7, 9, 16], "texture": "#1"},
				"west": {"uv": [8, 7, 9, 16], "texture": "#1"},
				"up": {"uv": [8, 7, 9, 8], "texture": "#1"},
				"down": {"uv": [8, 15, 9, 16], "texture": "#1"}
			}
		},
		{
			"from": [8, 7, 7],
			"to": [9, 9, 8],
			"faces": {
				"north": {"uv": [7, 7, 8, 9], "texture": "#1"},
				"east": {"uv": [7, 7, 8, 9], "texture": "#1"},
				"south": {"uv": [7, 7, 8, 9], "texture": "#1"},
				"west": {"uv": [7, 7, 8, 9], "texture": "#1"},
				"up": {"uv": [8, 15, 9, 16], "texture": "#1"},
				"down": {"uv": [8, 15, 9, 16], "texture": "#1"}
			}
		},
		{
			"from": [6, 9.05, 6],
			"to": [11, 11.05, 11],
			"faces": {
				"north": {"uv": [6, 5, 11, 7], "texture": "#1"},
				"east": {"uv": [6, 5, 11, 7], "texture": "#1"},
				"south": {"uv": [6, 5, 11, 7], "texture": "#1"},
				"west": {"uv": [6, 5, 11, 7], "texture": "#1"},
				"up": {"uv": [6, 4, 11, 9], "texture": "#2"},
				"down": {"uv": [6, 4, 11, 9], "texture": "#3"}
			}
		},
		{
			"from": [7, 11.05, 7],
			"to": [10, 12.05, 10],
			"faces": {
				"north": {"uv": [8, 8, 11, 9], "texture": "#2"},
				"east": {"uv": [8, 8, 11, 9], "texture": "#2"},
				"south": {"uv": [8, 8, 11, 9], "texture": "#2"},
				"west": {"uv": [8, 8, 11, 9], "texture": "#2"},
				"up": {"uv": [7, 6, 10, 9], "texture": "#2"},
				"down": {"uv": [8, 10, 10, 12], "texture": "#missing"}
			}
		},
		{
			"from": [7.5, 7.05, 5],
			"to": [9.5, 9.05, 7],
			"faces": {
				"north": {"uv": [6, 5, 8, 7], "texture": "#2"},
				"east": {"uv": [6, 5, 8, 7], "texture": "#2"},
				"south": {"uv": [6, 5, 8, 7], "texture": "#2"},
				"west": {"uv": [6, 5, 8, 7], "texture": "#2"},
				"up": {"uv": [6, 5, 8, 7], "texture": "#2"},
				"down": {"uv": [6, 5, 8, 7], "texture": "#2"}
			}
		}
	]
}
