{
	"credit": "Made with Blockbench",
	"textures": {
		"1": "block/dandelion_2",
		"4": "block/dandelion",
		"particle": "block/dandelion_2"
	},
	"elements": [
		{
			"from": [8, 0, 8],
			"to": [9, 5, 9],
			"rotation": {"angle": 0, "axis": "y", "origin": [-2, 0, -1]},
			"faces": {
				"north": {"uv": [8, 11, 9, 16], "texture": "#4"},
				"east": {"uv": [8, 11, 9, 16], "texture": "#4"},
				"south": {"uv": [8, 11, 9, 16], "texture": "#4"},
				"west": {"uv": [8, 11, 9, 16], "texture": "#4"},
				"up": {"uv": [8, 15, 9, 16], "texture": "#4"},
				"down": {"uv": [8, 15, 9, 16], "texture": "#4"}
			}
		},
		{
			"from": [8, 2, 7],
			"to": [9, 4, 8],
			"rotation": {"angle": 0, "axis": "y", "origin": [-2, 0, -1]},
			"faces": {
				"north": {"uv": [9, 13, 10, 15], "texture": "#4"},
				"east": {"uv": [9, 13, 10, 15], "texture": "#4"},
				"south": {"uv": [6, 12, 7, 14], "texture": "#4"},
				"west": {"uv": [9, 13, 10, 15], "texture": "#4"},
				"up": {"uv": [9, 13, 10, 14], "texture": "#4"},
				"down": {"uv": [8, 15, 9, 16], "texture": "#4"}
			}
		},
		{
			"from": [8, 1, 9],
			"to": [9, 3, 10],
			"rotation": {"angle": 0, "axis": "y", "origin": [-2, 0, -1]},
			"faces": {
				"north": {"uv": [6, 12, 7, 14], "texture": "#4"},
				"east": {"uv": [9, 13, 10, 15], "texture": "#4"},
				"south": {"uv": [6, 12, 7, 14], "texture": "#4"},
				"west": {"uv": [9, 13, 10, 15], "texture": "#4"},
				"up": {"uv": [9, 13, 10, 14], "texture": "#4"},
				"down": {"uv": [8, 15, 9, 16], "texture": "#4"}
			}
		},
		{
			"from": [6.5, 5, 6.5],
			"to": [10.5, 6, 10.5],
			"rotation": {"angle": 0, "axis": "y", "origin": [-2, 0, -1]},
			"faces": {
				"north": {"uv": [6, 10, 10, 11], "texture": "#4"},
				"east": {"uv": [6, 10, 10, 11], "texture": "#4"},
				"south": {"uv": [6, 10, 10, 11], "texture": "#4"},
				"west": {"uv": [6, 10, 10, 11], "texture": "#4"},
				"up": {"uv": [9, 13, 10, 14], "texture": "#missing"},
				"down": {"uv": [6, 8, 10, 12], "texture": "#1"}
			}
		},
		{
			"from": [6.5, 7, 6.5],
			"to": [10.5, 8, 10.5],
			"rotation": {"angle": 0, "axis": "y", "origin": [-2, 0, -1]},
			"faces": {
				"north": {"uv": [6, 8, 10, 9], "texture": "#4"},
				"east": {"uv": [6, 8, 10, 9], "texture": "#4"},
				"south": {"uv": [6, 8, 10, 9], "texture": "#4"},
				"west": {"uv": [6, 8, 10, 9], "texture": "#4"},
				"up": {"uv": [6, 8, 10, 12], "texture": "#1"},
				"down": {"uv": [8, 15, 9, 16], "texture": "#missing"}
			}
		},
		{
			"from": [5.5, 6, 5.5],
			"to": [11.5, 7, 11.5],
			"rotation": {"angle": 0, "axis": "y", "origin": [-2, 0, -1]},
			"faces": {
				"north": {"uv": [5, 9, 11, 10], "texture": "#4"},
				"east": {"uv": [5, 9, 11, 10], "texture": "#4"},
				"south": {"uv": [5, 9, 11, 10], "texture": "#4"},
				"west": {"uv": [5, 9, 11, 10], "texture": "#4"},
				"up": {"uv": [6, 8, 12, 14], "texture": "#1"},
				"down": {"uv": [6, 8, 12, 14], "texture": "#1"}
			}
		}
	]
}