{
	"credit": "Made by Botany",
	"texture_size": [16, 32],
	"textures": {
		"0": "block/lilac_bottom",
		"1": "block/lilac_top",
		"particle": "block/lilac_bottom"
	},
	"elements": [
		{
			"from": [7, 10, 7],
			"to": [8, 16, 8],
			"faces": {
				"north": {"uv": [7, 8, 8, 14], "texture": "#0"},
				"east": {"uv": [7, 8, 8, 14], "texture": "#0"},
				"south": {"uv": [7, 8, 8, 14], "texture": "#0"},
				"west": {"uv": [7, 8, 8, 14], "texture": "#0"},
				"up": {"uv": [7, 13.5, 8, 14], "texture": "#0"},
				"down": {"uv": [7, 13.5, 8, 14], "texture": "#0"}
			}
		},
		{
			"from": [7, 0, 8],
			"to": [8, 16, 9],
			"faces": {
				"north": {"uv": [7, 8, 8, 14], "texture": "#0"},
				"east": {"uv": [7, 8, 8, 14], "texture": "#0"},
				"south": {"uv": [7, 8, 8, 14], "texture": "#0"},
				"west": {"uv": [7, 8, 8, 14], "texture": "#0"},
				"up": {"uv": [7, 13.5, 8, 14], "texture": "#0"},
				"down": {"uv": [7, 13.5, 8, 14], "texture": "#0"}
			}
		},
		{
			"from": [6.5, 8, 10],
			"to": [8.5, 13, 12],
			"rotation": {"angle": -22.5, "axis": "x", "origin": [0, 0, 0]},
			"faces": {
				"north": {"uv": [10, 3, 12, 5], "texture": "#1"},
				"east": {"uv": [10, 3, 12, 5], "texture": "#1"},
				"south": {"uv": [10, 3, 12, 5], "texture": "#1"},
				"west": {"uv": [10, 3, 12, 5], "texture": "#1"},
				"up": {"uv": [10, 4, 12, 5], "texture": "#1"},
				"down": {"uv": [10, 4, 12, 5], "texture": "#1"}
			}
		},
		{
			"from": [7, 3, 9],
			"to": [8, 9, 10],
			"faces": {
				"north": {"uv": [7, 8, 8, 14], "texture": "#0"},
				"east": {"uv": [7, 8, 8, 14], "texture": "#0"},
				"south": {"uv": [7, 8, 8, 14], "texture": "#0"},
				"west": {"uv": [7, 8, 8, 14], "texture": "#0"},
				"up": {"uv": [7, 13.5, 8, 14], "texture": "#0"},
				"down": {"uv": [7, 13.5, 8, 14], "texture": "#0"}
			}
		},
		{
			"from": [-4.8, 13, 7.5],
			"to": [0.2, 15, 9.5],
			"rotation": {"angle": -22.5, "axis": "z", "origin": [0, 0, 0]},
			"faces": {
				"north": {"uv": [10, 3, 12, 5], "rotation": 90, "texture": "#1"},
				"east": {"uv": [10, 4, 12, 5], "rotation": 270, "texture": "#1"},
				"south": {"uv": [10, 3, 12, 5], "rotation": 270, "texture": "#1"},
				"west": {"uv": [10, 4, 12, 5], "rotation": 270, "texture": "#1"},
				"up": {"uv": [10, 3, 12, 5], "rotation": 270, "texture": "#1"},
				"down": {"uv": [10, 3, 12, 5], "rotation": 270, "texture": "#1"}
			}
		},
		{
			"from": [6.5, 10, 6],
			"to": [8.5, 15, 8],
			"rotation": {"angle": 22.5, "axis": "x", "origin": [0, 0, 0]},
			"faces": {
				"north": {"uv": [10, 3, 12, 5], "texture": "#1"},
				"east": {"uv": [10, 3, 12, 5], "texture": "#1"},
				"south": {"uv": [10, 3, 12, 5], "texture": "#1"},
				"west": {"uv": [10, 3, 12, 5], "texture": "#1"},
				"up": {"uv": [10, 4, 12, 5], "texture": "#1"},
				"down": {"uv": [10, 4, 12, 5], "texture": "#1"}
			}
		},
		{
			"from": [10, 5.8, 8.025],
			"to": [10.95, 11.8, 8.975],
			"rotation": {"angle": 22.5, "axis": "z", "origin": [0, 0, 0]},
			"faces": {
				"north": {"uv": [7, 8, 8, 14], "texture": "#0"},
				"east": {"uv": [7, 8, 8, 14], "texture": "#0"},
				"south": {"uv": [7, 8, 8, 14], "texture": "#0"},
				"west": {"uv": [7, 8, 8, 14], "texture": "#0"},
				"up": {"uv": [7, 13.5, 8, 14], "texture": "#0"},
				"down": {"uv": [7, 13.5, 8, 14], "texture": "#0"}
			}
		},
		{
			"from": [6, 3, 6],
			"to": [8, 8, 8],
			"faces": {
				"north": {"uv": [10, 3, 12, 5], "texture": "#1"},
				"east": {"uv": [10, 3, 12, 5], "texture": "#1"},
				"south": {"uv": [10, 3, 12, 5], "texture": "#1"},
				"west": {"uv": [10, 3, 12, 5], "texture": "#1"},
				"up": {"uv": [10, 4, 12, 5], "texture": "#1"},
				"down": {"uv": [10, 4, 12, 5], "texture": "#1"}
			}
		},
		{
			"from": [10.8, 7.05, 8.025],
			"to": [16.8, 8, 8.975],
			"rotation": {"angle": 22.5, "axis": "z", "origin": [0, 0, 0]},
			"faces": {
				"north": {"uv": [7, 8, 8, 14], "rotation": 270, "texture": "#0"},
				"east": {"uv": [7, 13.5, 8, 14], "rotation": 90, "texture": "#0"},
				"south": {"uv": [7, 8, 8, 14], "rotation": 90, "texture": "#0"},
				"west": {"uv": [7, 13.5, 8, 14], "rotation": 90, "texture": "#0"},
				"up": {"uv": [7, 8, 8, 14], "rotation": 90, "texture": "#0"},
				"down": {"uv": [7, 8, 8, 14], "rotation": 90, "texture": "#0"}
			}
		},
		{
			"from": [10, 7.5, 7.5],
			"to": [12, 12.5, 9.5],
			"faces": {
				"north": {"uv": [10, 3, 12, 5], "texture": "#1"},
				"east": {"uv": [10, 3, 12, 5], "texture": "#1"},
				"south": {"uv": [10, 3, 12, 5], "texture": "#1"},
				"west": {"uv": [10, 3, 12, 5], "texture": "#1"},
				"up": {"uv": [10, 4, 12, 5], "texture": "#1"},
				"down": {"uv": [10, 4, 12, 5], "texture": "#1"}
			}
		},
		{
			"from": [7, 14, 9],
			"to": [9, 16, 14],
			"faces": {
				"north": {"uv": [10, 4, 12, 5], "rotation": 180, "texture": "#1"},
				"east": {"uv": [10, 3, 12, 5], "rotation": 270, "texture": "#1"},
				"south": {"uv": [10, 4, 12, 5], "texture": "#1"},
				"west": {"uv": [10, 3, 12, 5], "rotation": 90, "texture": "#1"},
				"up": {"uv": [10, 3, 12, 5], "rotation": 180, "texture": "#1"},
				"down": {"uv": [10, 3, 12, 5], "texture": "#1"}
			}
		}
	]
}
