{
	"credit": "Made by Botany",
	"texture_size": [16, 32],
	"textures": {
		"0": "block/lilac_bottom",
		"1": "block/lilac_top",
		"particle": "block/lilac_bottom"
	},
	"elements": [
		{
			"from": [8, 1, 8],
			"to": [9, 7, 9],
			"rotation": {"angle": 0, "axis": "y", "origin": [0, -16, 0]},
			"faces": {
				"north": {"uv": [7, 8, 8, 14], "texture": "#0"},
				"east": {"uv": [7, 8, 8, 14], "texture": "#0"},
				"south": {"uv": [7, 8, 8, 14], "texture": "#0"},
				"west": {"uv": [7, 8, 8, 14], "texture": "#0"},
				"up": {"uv": [7, 13.5, 8, 14], "texture": "#0"},
				"down": {"uv": [7, 13.5, 8, 14], "texture": "#0"}
			}
		},
		{
			"from": [7, 0, 8],
			"to": [8, 3, 9],
			"rotation": {"angle": 0, "axis": "y", "origin": [0, -16, 0]},
			"faces": {
				"north": {"uv": [7, 8, 8, 9.5], "texture": "#0"},
				"east": {"uv": [7, 8, 8, 9.5], "texture": "#0"},
				"south": {"uv": [7, 8, 8, 9.5], "texture": "#0"},
				"west": {"uv": [7, 8, 8, 9.5], "texture": "#0"},
				"up": {"uv": [7, 13.5, 8, 14], "texture": "#0"},
				"down": {"uv": [7, 13.5, 8, 14], "texture": "#0"}
			}
		},
		{
			"from": [12.2, 1, 7.6],
			"to": [14.2, 6, 9.6],
			"rotation": {"angle": 22.5, "axis": "z", "origin": [0, -16, 0]},
			"faces": {
				"north": {"uv": [10, 3, 12, 5], "texture": "#1"},
				"east": {"uv": [10, 3, 12, 5], "texture": "#1"},
				"south": {"uv": [10, 3, 12, 5], "texture": "#1"},
				"west": {"uv": [10, 3, 12, 5], "texture": "#1"},
				"up": {"uv": [10, 4, 12, 5], "texture": "#1"},
				"down": {"uv": [10, 4, 12, 5], "texture": "#1"}
			}
		},
		{
			"from": [0.5, 5, 7.5],
			"to": [2.5, 10, 9.5],
			"rotation": {"angle": -22.5, "axis": "z", "origin": [0, -16, 0]},
			"faces": {
				"north": {"uv": [10, 3, 12, 5], "texture": "#1"},
				"east": {"uv": [10, 3, 12, 5], "texture": "#1"},
				"south": {"uv": [10, 3, 12, 5], "texture": "#1"},
				"west": {"uv": [10, 3, 12, 5], "texture": "#1"},
				"up": {"uv": [10, 4, 12, 5], "texture": "#1"},
				"down": {"uv": [10, 4, 12, 5], "texture": "#1"}
			}
		},
		{
			"from": [6, 2, 8],
			"to": [7, 8, 9],
			"rotation": {"angle": 0, "axis": "y", "origin": [0, -16, 0]},
			"faces": {
				"north": {"uv": [7, 8, 8, 14], "texture": "#0"},
				"east": {"uv": [7, 8, 8, 14], "texture": "#0"},
				"south": {"uv": [7, 8, 8, 14], "texture": "#0"},
				"west": {"uv": [7, 8, 8, 14], "texture": "#0"},
				"up": {"uv": [7, 13.5, 8, 14], "texture": "#0"},
				"down": {"uv": [7, 13.5, 8, 14], "texture": "#0"}
			}
		}
	]
}
