{
	"credit": "Made by Botany",
	"textures": {
		"0": "block/lily_of_the_valley",
		"particle": "block/lily_of_the_valley"
	},
	"elements": [
		{
			"from": [8, 10, 8],
			"to": [9, 11, 9],
			"faces": {
				"north": {"uv": [7, 5, 8, 6], "texture": "#0"},
				"east": {"uv": [7, 5, 8, 6], "texture": "#0"},
				"south": {"uv": [7, 5, 8, 6], "texture": "#0"},
				"west": {"uv": [7, 5, 8, 6], "texture": "#0"},
				"up": {"uv": [7, 5, 8, 6], "texture": "#0"},
				"down": {"uv": [7, 5, 8, 6], "texture": "#0"}
			}
		},
		{
			"from": [8, 0, 7],
			"to": [9, 10, 8],
			"faces": {
				"north": {"uv": [8, 6, 9, 16], "texture": "#0"},
				"east": {"uv": [8, 6, 9, 16], "texture": "#0"},
				"south": {"uv": [8, 6, 9, 16], "texture": "#0"},
				"west": {"uv": [8, 6, 9, 16], "texture": "#0"},
				"up": {"uv": [10, 10, 11, 11], "texture": "#0"},
				"down": {"uv": [9, 9, 10, 10], "texture": "#0"}
			}
		},
		{
			"from": [8, 11, 9],
			"to": [9, 12, 11],
			"faces": {
				"north": {"uv": [4, 4, 5, 5], "texture": "#0"},
				"east": {"uv": [4, 4, 6, 5], "texture": "#0"},
				"south": {"uv": [4, 4, 5, 5], "texture": "#0"},
				"west": {"uv": [4, 4, 6, 5], "texture": "#0"},
				"up": {"uv": [4, 4, 6, 5], "texture": "#0"},
				"down": {"uv": [4, 4, 6, 5], "texture": "#0"}
			}
		},
		{
			"from": [7, 7, 7],
			"to": [8, 8, 8],
			"faces": {
				"north": {"uv": [7, 5, 8, 6], "texture": "#0"},
				"east": {"uv": [7, 5, 8, 6], "texture": "#0"},
				"south": {"uv": [7, 5, 8, 6], "texture": "#0"},
				"west": {"uv": [7, 5, 8, 6], "texture": "#0"},
				"up": {"uv": [7, 5, 8, 6], "texture": "#0"},
				"down": {"uv": [7, 5, 8, 6], "texture": "#0"}
			}
		},
		{
			"from": [9, 3, 7],
			"to": [11, 4, 8],
			"faces": {
				"north": {"uv": [8, 11, 10, 12], "texture": "#0"},
				"east": {"uv": [8, 11, 9, 12], "texture": "#0"},
				"south": {"uv": [8, 11, 10, 12], "texture": "#0"},
				"west": {"uv": [4, 4, 5, 5], "texture": "#0"},
				"up": {"uv": [8, 11, 10, 12], "texture": "#0"},
				"down": {"uv": [8, 11, 10, 12], "texture": "#0"}
			}
		},
		{
			"from": [6, 6, 7],
			"to": [7, 7, 8],
			"faces": {
				"north": {"uv": [7, 5, 8, 6], "texture": "#0"},
				"east": {"uv": [7, 5, 8, 6], "texture": "#0"},
				"south": {"uv": [7, 5, 8, 6], "texture": "#0"},
				"west": {"uv": [7, 5, 8, 6], "texture": "#0"},
				"up": {"uv": [7, 5, 8, 6], "texture": "#0"},
				"down": {"uv": [7, 5, 8, 6], "texture": "#0"}
			}
		},
		{
			"from": [7.5, 9, 10],
			"to": [9.5, 11, 12],
			"faces": {
				"north": {"uv": [3, 5, 5, 7], "texture": "#0"},
				"east": {"uv": [3, 5, 5, 7], "texture": "#0"},
				"south": {"uv": [3, 5, 5, 7], "texture": "#0"},
				"west": {"uv": [3, 5, 5, 7], "texture": "#0"},
				"up": {"uv": [3, 5, 5, 7], "texture": "#0"},
				"down": {"uv": [3, 5, 5, 7], "texture": "#0"}
			}
		},
		{
			"from": [5, 4, 6],
			"to": [7, 6, 8],
			"faces": {
				"north": {"uv": [3, 5, 5, 7], "texture": "#0"},
				"east": {"uv": [3, 5, 5, 7], "texture": "#0"},
				"south": {"uv": [3, 5, 5, 7], "texture": "#0"},
				"west": {"uv": [3, 5, 5, 7], "texture": "#0"},
				"up": {"uv": [3, 5, 5, 7], "texture": "#0"},
				"down": {"uv": [3, 5, 5, 7], "texture": "#0"}
			}
		},
		{
			"from": [10, 1, 7],
			"to": [12, 3, 9],
			"faces": {
				"north": {"uv": [3, 5, 5, 7], "texture": "#0"},
				"east": {"uv": [3, 5, 5, 7], "texture": "#0"},
				"south": {"uv": [3, 5, 5, 7], "texture": "#0"},
				"west": {"uv": [3, 5, 5, 7], "texture": "#0"},
				"up": {"uv": [3, 5, 5, 7], "texture": "#0"},
				"down": {"uv": [3, 5, 5, 7], "texture": "#0"}
			}
		},
		{
			"from": [8, 6, 8],
			"to": [10, 8, 10],
			"faces": {
				"north": {"uv": [3, 5, 5, 7], "texture": "#0"},
				"east": {"uv": [3, 5, 5, 7], "texture": "#0"},
				"south": {"uv": [3, 5, 5, 7], "texture": "#0"},
				"west": {"uv": [3, 5, 5, 7], "texture": "#0"},
				"up": {"uv": [3, 5, 5, 7], "texture": "#0"},
				"down": {"uv": [3, 5, 5, 7], "texture": "#0"}
			}
		},
		{
			"from": [8, 5, 5],
			"to": [9, 6, 7],
			"faces": {
				"north": {"uv": [8, 11, 9, 12], "texture": "#0"},
				"east": {"uv": [8, 11, 10, 12], "texture": "#0"},
				"south": {"uv": [4, 4, 5, 5], "texture": "#0"},
				"west": {"uv": [8, 11, 10, 12], "texture": "#0"},
				"up": {"uv": [8, 11, 10, 12], "rotation": 270, "texture": "#0"},
				"down": {"uv": [8, 11, 10, 12], "rotation": 90, "texture": "#0"}
			}
		},
		{
			"from": [8, 3, 4],
			"to": [10, 5, 6],
			"faces": {
				"north": {"uv": [3, 5, 5, 7], "texture": "#0"},
				"east": {"uv": [3, 5, 5, 7], "texture": "#0"},
				"south": {"uv": [3, 5, 5, 7], "texture": "#0"},
				"west": {"uv": [3, 5, 5, 7], "texture": "#0"},
				"up": {"uv": [3, 5, 5, 7], "texture": "#0"},
				"down": {"uv": [3, 5, 5, 7], "texture": "#0"}
			}
		},
		{
			"from": [6, 2, 8],
			"to": [8, 4, 10],
			"faces": {
				"north": {"uv": [3, 5, 5, 7], "texture": "#0"},
				"east": {"uv": [3, 5, 5, 7], "texture": "#0"},
				"south": {"uv": [3, 5, 5, 7], "texture": "#0"},
				"west": {"uv": [3, 5, 5, 7], "texture": "#0"},
				"up": {"uv": [3, 5, 5, 7], "texture": "#0"},
				"down": {"uv": [3, 5, 5, 7], "texture": "#0"}
			}
		},
		{
			"from": [7.5, 7, 5],
			"to": [9.5, 9, 7],
			"faces": {
				"north": {"uv": [3, 5, 5, 7], "texture": "#0"},
				"east": {"uv": [3, 5, 5, 7], "texture": "#0"},
				"south": {"uv": [3, 5, 5, 7], "texture": "#0"},
				"west": {"uv": [3, 5, 5, 7], "texture": "#0"},
				"up": {"uv": [3, 5, 5, 7], "texture": "#0"},
				"down": {"uv": [3, 5, 5, 7], "texture": "#0"}
			}
		}
	]
}
