{
	"credit": "Made by Botany",
	"textures": {
		"0": "block/peony_bottom",
		"particle": "block/peony_bottom"
	},
	"elements": [
		{
			"from": [7, 3, 9],
			"to": [8, 9, 10],
			"faces": {
				"north": {"uv": [6, 3, 7, 9], "texture": "#0"},
				"east": {"uv": [6, 3, 7, 9], "texture": "#0"},
				"south": {"uv": [6, 3, 7, 9], "texture": "#0"},
				"west": {"uv": [6, 3, 7, 9], "texture": "#0"},
				"up": {"uv": [6, 8, 7, 9], "texture": "#0"},
				"down": {"uv": [6, 8, 7, 9], "texture": "#0"}
			}
		},
		{
			"from": [7, 0, 8],
			"to": [8, 16, 9],
			"faces": {
				"north": {"uv": [7, 0, 8, 16], "texture": "#0"},
				"east": {"uv": [7, 0, 8, 16], "texture": "#0"},
				"south": {"uv": [7, 0, 8, 16], "texture": "#0"},
				"west": {"uv": [7, 0, 8, 16], "texture": "#0"},
				"up": {"uv": [6, 8, 7, 9], "texture": "#0"},
				"down": {"uv": [7, 27, 8, 28], "texture": "#missing"}
			}
		},
		{
			"from": [7, 10, 7],
			"to": [8, 16, 8],
			"faces": {
				"north": {"uv": [6, 3, 7, 9], "texture": "#0"},
				"east": {"uv": [6, 3, 7, 9], "texture": "#0"},
				"south": {"uv": [6, 3, 7, 9], "texture": "#0"},
				"west": {"uv": [6, 3, 7, 9], "texture": "#0"},
				"up": {"uv": [6, 8, 7, 9], "texture": "#0"},
				"down": {"uv": [6, 8, 7, 9], "texture": "#0"}
			}
		},
		{
			"from": [10.9, 6.05, 8.025],
			"to": [14.9, 7, 8.975],
			"rotation": {"angle": 22.5, "axis": "z", "origin": [0, -1, 0]},
			"faces": {
				"north": {"uv": [6, 8, 10, 9], "texture": "#0"},
				"east": {"uv": [6, 8, 7, 9], "texture": "#0"},
				"south": {"uv": [6, 8, 10, 9], "texture": "#0"},
				"west": {"uv": [6, 8, 7, 9], "texture": "#0"},
				"up": {"uv": [6, 8, 10, 9], "texture": "#0"},
				"down": {"uv": [6, 8, 10, 9], "texture": "#0"}
			}
		},
		{
			"from": [9.6, 4.8, 8.025],
			"to": [10.55, 10.8, 8.975],
			"rotation": {"angle": 22.5, "axis": "z", "origin": [0, 0, 0]},
			"faces": {
				"north": {"uv": [6, 3, 7, 9], "texture": "#0"},
				"east": {"uv": [6, 3, 7, 9], "texture": "#0"},
				"south": {"uv": [6, 3, 7, 9], "texture": "#0"},
				"west": {"uv": [6, 3, 7, 9], "texture": "#0"},
				"up": {"uv": [6, 8, 7, 9], "texture": "#0"},
				"down": {"uv": [6, 8, 7, 9], "texture": "#0"}
			}
		},
		{
			"from": [7, 7, 5],
			"to": [8, 8, 8],
			"faces": {
				"north": {"uv": [6, 8, 7, 9], "texture": "#0"},
				"east": {"uv": [6, 8, 9, 9], "texture": "#0"},
				"south": {"uv": [6, 8, 7, 9], "texture": "#0"},
				"west": {"uv": [6, 8, 9, 9], "texture": "#0"},
				"up": {"uv": [7, 6, 8, 9], "texture": "#0"},
				"down": {"uv": [7, 6, 8, 9], "texture": "#0"}
			}
		},
		{
			"from": [8, 4, 8],
			"to": [11, 5, 9],
			"faces": {
				"north": {"uv": [6, 8, 9, 9], "texture": "#0"},
				"east": {"uv": [6, 8, 7, 9], "texture": "#0"},
				"south": {"uv": [6, 8, 9, 9], "texture": "#0"},
				"west": {"uv": [6, 8, 7, 9], "texture": "#0"},
				"up": {"uv": [6, 8, 9, 9], "texture": "#0"},
				"down": {"uv": [6, 8, 9, 9], "texture": "#0"}
			}
		},
		{
			"from": [6, 6, 4],
			"to": [9, 9, 7],
			"faces": {
				"north": {"uv": [9, 4, 12, 7], "texture": "#0"},
				"east": {"uv": [9, 4, 12, 7], "texture": "#0"},
				"south": {"uv": [9, 4, 12, 7], "texture": "#0"},
				"west": {"uv": [9, 4, 12, 7], "texture": "#0"},
				"up": {"uv": [9, 4, 12, 7], "texture": "#0"},
				"down": {"uv": [9, 4, 12, 7], "texture": "#0"}
			}
		},
		{
			"from": [5, 3, 10],
			"to": [8, 6, 13],
			"faces": {
				"north": {"uv": [9, 4, 12, 7], "texture": "#0"},
				"east": {"uv": [9, 4, 12, 7], "texture": "#0"},
				"south": {"uv": [9, 4, 12, 7], "texture": "#0"},
				"west": {"uv": [9, 4, 12, 7], "texture": "#0"},
				"up": {"uv": [9, 4, 12, 7], "texture": "#0"},
				"down": {"uv": [9, 4, 12, 7], "texture": "#0"}
			}
		},
		{
			"from": [10, 3, 7],
			"to": [13, 6, 10],
			"faces": {
				"north": {"uv": [9, 4, 12, 7], "texture": "#0"},
				"east": {"uv": [9, 4, 12, 7], "texture": "#0"},
				"south": {"uv": [9, 4, 12, 7], "texture": "#0"},
				"west": {"uv": [9, 4, 12, 7], "texture": "#0"},
				"up": {"uv": [9, 4, 12, 7], "texture": "#0"},
				"down": {"uv": [9, 4, 12, 7], "texture": "#0"}
			}
		},
		{
			"from": [3, 12, 7],
			"to": [6, 15, 10],
			"faces": {
				"north": {"uv": [9, 4, 12, 7], "texture": "#0"},
				"east": {"uv": [9, 4, 12, 7], "texture": "#0"},
				"south": {"uv": [9, 4, 12, 7], "texture": "#0"},
				"west": {"uv": [9, 4, 12, 7], "texture": "#0"},
				"up": {"uv": [9, 4, 12, 7], "texture": "#0"},
				"down": {"uv": [9, 4, 12, 7], "texture": "#0"}
			}
		},
		{
			"from": [9.2, 10.1, 7.5],
			"to": [11.2, 12.1, 9.5],
			"rotation": {"angle": 0, "axis": "y", "origin": [0, -1, 0]},
			"faces": {
				"north": {"uv": [9, 4, 11, 6], "texture": "#0"},
				"east": {"uv": [9, 4, 11, 6], "texture": "#0"},
				"south": {"uv": [9, 4, 11, 6], "texture": "#0"},
				"west": {"uv": [9, 4, 11, 6], "texture": "#0"},
				"up": {"uv": [9, 4, 11, 6], "texture": "#0"},
				"down": {"uv": [9, 4, 11, 6], "texture": "#0"}
			}
		},
		{
			"from": [6, 1.1, 6],
			"to": [8, 3.1, 8],
			"faces": {
				"north": {"uv": [9, 4, 11, 6], "texture": "#0"},
				"east": {"uv": [9, 4, 11, 6], "texture": "#0"},
				"south": {"uv": [9, 4, 11, 6], "texture": "#0"},
				"west": {"uv": [9, 4, 11, 6], "texture": "#0"},
				"up": {"uv": [9, 4, 11, 6], "texture": "#0"},
				"down": {"uv": [9, 4, 11, 6], "texture": "#0"}
			}
		},
		{
			"from": [6.5, 7.4, 9.5],
			"to": [8.5, 9.4, 11.5],
			"faces": {
				"north": {"uv": [9, 4, 11, 6], "texture": "#0"},
				"east": {"uv": [9, 4, 11, 6], "texture": "#0"},
				"south": {"uv": [9, 4, 11, 6], "texture": "#0"},
				"west": {"uv": [9, 4, 11, 6], "texture": "#0"},
				"up": {"uv": [9, 4, 11, 6], "texture": "#0"},
				"down": {"uv": [9, 4, 11, 6], "texture": "#0"}
			}
		},
		{
			"from": [7, 12.1, 4.9],
			"to": [9, 14.1, 6.9],
			"faces": {
				"north": {"uv": [9, 4, 11, 6], "texture": "#0"},
				"east": {"uv": [9, 4, 11, 6], "texture": "#0"},
				"south": {"uv": [9, 4, 11, 6], "texture": "#0"},
				"west": {"uv": [9, 4, 11, 6], "texture": "#0"},
				"up": {"uv": [9, 4, 11, 6], "texture": "#0"},
				"down": {"uv": [9, 4, 11, 6], "texture": "#0"}
			}
		}
	]
}
