{
	"credit": "Made by Botany",
	"textures": {
		"0": "block/peony_bottom",
		"1": "block/peony_top",
		"particle": "block/peony_bottom"
	},
	"elements": [
		{
			"from": [7, 2, 9],
			"to": [8, 8, 10],
			"faces": {
				"north": {"uv": [6, 3, 7, 9], "texture": "#0"},
				"east": {"uv": [6, 3, 7, 9], "texture": "#0"},
				"south": {"uv": [6, 3, 7, 9], "texture": "#0"},
				"west": {"uv": [6, 3, 7, 9], "texture": "#0"},
				"up": {"uv": [6, 8, 7, 9], "texture": "#0"},
				"down": {"uv": [6, 8, 7, 9], "texture": "#0"}
			}
		},
		{
			"from": [7, 0, 8],
			"to": [8, 9, 9],
			"faces": {
				"north": {"uv": [9, 7, 10, 16], "texture": "#1"},
				"east": {"uv": [9, 7, 10, 16], "texture": "#1"},
				"south": {"uv": [9, 7, 10, 16], "texture": "#1"},
				"west": {"uv": [9, 7, 10, 16], "texture": "#1"},
				"up": {"uv": [6, 8, 7, 9], "texture": "#0"},
				"down": {"uv": [7, 27, 8, 28], "texture": "#missing"}
			}
		},
		{
			"from": [7, 7, 5],
			"to": [8, 8, 8],
			"faces": {
				"north": {"uv": [6, 8, 7, 9], "texture": "#0"},
				"east": {"uv": [6, 8, 9, 9], "texture": "#0"},
				"south": {"uv": [6, 8, 7, 9], "texture": "#0"},
				"west": {"uv": [6, 8, 9, 9], "texture": "#0"},
				"up": {"uv": [7, 6, 8, 9], "texture": "#0"},
				"down": {"uv": [7, 6, 8, 9], "texture": "#0"}
			}
		},
		{
			"from": [5.4, 6.6, 4],
			"to": [8.4, 9.6, 7],
			"faces": {
				"north": {"uv": [9, 4, 12, 7], "texture": "#0"},
				"east": {"uv": [9, 4, 12, 7], "texture": "#0"},
				"south": {"uv": [9, 4, 12, 7], "texture": "#0"},
				"west": {"uv": [9, 4, 12, 7], "texture": "#0"},
				"up": {"uv": [9, 4, 12, 7], "texture": "#0"},
				"down": {"uv": [9, 4, 12, 7], "texture": "#0"}
			}
		},
		{
			"from": [8, 2, 8],
			"to": [11, 5, 11],
			"faces": {
				"north": {"uv": [9, 4, 12, 7], "texture": "#0"},
				"east": {"uv": [9, 4, 12, 7], "texture": "#0"},
				"south": {"uv": [9, 4, 12, 7], "texture": "#0"},
				"west": {"uv": [9, 4, 12, 7], "texture": "#0"},
				"up": {"uv": [9, 4, 12, 7], "texture": "#0"},
				"down": {"uv": [9, 4, 12, 7], "texture": "#0"}
			}
		},
		{
			"from": [6.5, 1, 5],
			"to": [8.5, 3, 7],
			"faces": {
				"north": {"uv": [9, 4, 11, 6], "texture": "#0"},
				"east": {"uv": [9, 4, 11, 6], "texture": "#0"},
				"south": {"uv": [9, 4, 11, 6], "texture": "#0"},
				"west": {"uv": [9, 4, 11, 6], "texture": "#0"},
				"up": {"uv": [9, 4, 11, 6], "texture": "#0"},
				"down": {"uv": [9, 4, 11, 6], "texture": "#0"}
			}
		},
		{
			"from": [7, 3, 5],
			"to": [8, 4, 8],
			"faces": {
				"north": {"uv": [6, 8, 7, 9], "texture": "#0"},
				"east": {"uv": [6, 8, 9, 9], "texture": "#0"},
				"south": {"uv": [6, 8, 7, 9], "texture": "#0"},
				"west": {"uv": [6, 8, 9, 9], "texture": "#0"},
				"up": {"uv": [7, 6, 8, 9], "texture": "#0"},
				"down": {"uv": [7, 6, 8, 9], "texture": "#0"}
			}
		},
		{
			"from": [6.6, 5.7, 10],
			"to": [9.6, 8.7, 13],
			"faces": {
				"north": {"uv": [9, 4, 12, 7], "texture": "#0"},
				"east": {"uv": [9, 4, 12, 7], "texture": "#0"},
				"south": {"uv": [9, 4, 12, 7], "texture": "#0"},
				"west": {"uv": [9, 4, 12, 7], "texture": "#0"},
				"up": {"uv": [9, 4, 12, 7], "texture": "#0"},
				"down": {"uv": [9, 4, 12, 7], "texture": "#0"}
			}
		},
		{
			"from": [5, 3, 8],
			"to": [7, 5, 10],
			"faces": {
				"north": {"uv": [9, 4, 11, 6], "texture": "#0"},
				"east": {"uv": [9, 4, 11, 6], "texture": "#0"},
				"south": {"uv": [9, 4, 11, 6], "texture": "#0"},
				"west": {"uv": [9, 4, 11, 6], "texture": "#0"},
				"up": {"uv": [9, 4, 11, 6], "texture": "#0"},
				"down": {"uv": [9, 4, 11, 6], "texture": "#0"}
			}
		}
	]
}
