{
	"credit": "Made by Botany",
	"textures": {
		"0": "block/poppy",
		"particle": "block/poppy"
	},
	"elements": [
		{
			"from": [8, 0, 7],
			"to": [9, 7, 8],
			"faces": {
				"north": {"uv": [8, 9, 9, 16], "texture": "#0"},
				"east": {"uv": [8, 9, 9, 16], "texture": "#0"},
				"south": {"uv": [8, 9, 9, 16], "texture": "#0"},
				"west": {"uv": [8, 9, 9, 16], "texture": "#0"},
				"up": {"uv": [7, 15, 8, 16], "texture": "#0"},
				"down": {"uv": [7, 15, 8, 16], "texture": "#0"}
			}
		},
		{
			"from": [8, 6, 8],
			"to": [9, 7, 9],
			"faces": {
				"north": {"uv": [7, 9, 8, 10], "texture": "#0"},
				"east": {"uv": [7, 9, 8, 10], "texture": "#0"},
				"south": {"uv": [7, 9, 8, 10], "texture": "#0"},
				"west": {"uv": [7, 9, 8, 10], "texture": "#0"},
				"up": {"uv": [7, 9, 8, 10], "texture": "#0"},
				"down": {"uv": [7, 9, 8, 10], "texture": "#0"}
			}
		},
		{
			"from": [8, 0, 8],
			"to": [9, 1, 9],
			"faces": {
				"north": {"uv": [7, 15, 8, 16], "texture": "#0"},
				"east": {"uv": [7, 15, 8, 16], "texture": "#0"},
				"south": {"uv": [7, 15, 8, 16], "texture": "#0"},
				"west": {"uv": [7, 15, 8, 16], "texture": "#0"},
				"up": {"uv": [7, 15, 8, 16], "texture": "#0"},
				"down": {"uv": [7, 15, 8, 16], "texture": "#0"}
			}
		},
		{
			"from": [8, 2, 10],
			"to": [9, 3, 11],
			"faces": {
				"north": {"uv": [7, 15, 8, 16], "texture": "#0"},
				"east": {"uv": [7, 15, 8, 16], "texture": "#0"},
				"south": {"uv": [7, 15, 8, 16], "texture": "#0"},
				"west": {"uv": [7, 15, 8, 16], "texture": "#0"},
				"up": {"uv": [7, 15, 8, 16], "texture": "#0"},
				"down": {"uv": [7, 15, 8, 16], "texture": "#0"}
			}
		},
		{
			"from": [8, 1, 9],
			"to": [9, 3, 10],
			"faces": {
				"north": {"uv": [6, 13, 7, 15], "texture": "#0"},
				"east": {"uv": [6, 13, 7, 15], "texture": "#0"},
				"south": {"uv": [6, 13, 7, 15], "texture": "#0"},
				"west": {"uv": [6, 13, 7, 15], "texture": "#0"},
				"up": {"uv": [6, 13, 7, 14], "texture": "#0"},
				"down": {"uv": [7, 15, 8, 16], "texture": "#0"}
			}
		},
		{
			"from": [7, 0, 6],
			"to": [8, 2, 7],
			"faces": {
				"north": {"uv": [9, 14, 10, 16], "texture": "#0"},
				"east": {"uv": [9, 14, 10, 16], "texture": "#0"},
				"south": {"uv": [9, 14, 10, 16], "texture": "#0"},
				"west": {"uv": [9, 14, 10, 16], "texture": "#0"},
				"up": {"uv": [0, 0, 1, 1], "texture": "#missing"},
				"down": {"uv": [9, 14, 10, 16], "texture": "#0"}
			}
		},
		{
			"from": [6, 2, 6],
			"to": [8, 3, 7],
			"faces": {
				"north": {"uv": [10, 13, 12, 14], "texture": "#0"},
				"east": {"uv": [10, 13, 12, 14], "texture": "#0"},
				"south": {"uv": [10, 13, 12, 14], "texture": "#0"},
				"west": {"uv": [10, 13, 12, 14], "texture": "#0"},
				"up": {"uv": [10, 13, 12, 14], "texture": "#0"},
				"down": {"uv": [10, 13, 12, 14], "texture": "#0"}
			}
		},
		{
			"from": [7, 7, 7],
			"to": [10, 8, 10],
			"faces": {
				"north": {"uv": [6, 7, 9, 8], "texture": "#0"},
				"east": {"uv": [6, 7, 9, 8], "texture": "#0"},
				"south": {"uv": [6, 7, 9, 8], "texture": "#0"},
				"west": {"uv": [6, 7, 9, 8], "texture": "#0"},
				"up": {"uv": [6, 6, 9, 9], "texture": "#0"},
				"down": {"uv": [6, 6, 9, 9], "texture": "#0"}
			}
		},
		{
			"from": [10, 8, 6],
			"to": [12, 9, 10],
			"faces": {
				"north": {"uv": [8, 7, 9, 8], "texture": "#0"},
				"east": {"uv": [6, 7, 10, 8], "texture": "#0"},
				"south": {"uv": [8, 7, 9, 8], "texture": "#0"},
				"west": {"uv": [6, 7, 10, 8], "texture": "#0"},
				"up": {"uv": [8, 5, 10, 9], "texture": "#0"},
				"down": {"uv": [8, 5, 10, 9], "texture": "#0"}
			}
		},
		{
			"from": [6, 8, 5],
			"to": [10, 9, 7],
			"faces": {
				"north": {"uv": [6, 7, 10, 8], "texture": "#0"},
				"east": {"uv": [9, 7, 10, 8], "texture": "#0"},
				"south": {"uv": [6, 7, 10, 8], "texture": "#0"},
				"west": {"uv": [9, 7, 10, 8], "texture": "#0"},
				"up": {"uv": [6, 6, 10, 8], "texture": "#0"},
				"down": {"uv": [6, 6, 10, 8], "texture": "#0"}
			}
		},
		{
			"from": [7, 8, 10],
			"to": [11, 9, 12],
			"faces": {
				"north": {"uv": [6, 7, 10, 8], "texture": "#0"},
				"east": {"uv": [9, 7, 10, 8], "texture": "#0"},
				"south": {"uv": [6, 7, 10, 8], "texture": "#0"},
				"west": {"uv": [8, 7, 9, 8], "texture": "#0"},
				"up": {"uv": [6, 6, 10, 8], "texture": "#0"},
				"down": {"uv": [6, 6, 10, 8], "texture": "#0"}
			}
		},
		{
			"from": [5, 8, 7],
			"to": [7, 9, 11],
			"faces": {
				"north": {"uv": [9, 7, 10, 8], "texture": "#0"},
				"east": {"uv": [6, 7, 10, 8], "texture": "#0"},
				"south": {"uv": [9, 7, 10, 8], "texture": "#0"},
				"west": {"uv": [6, 7, 10, 8], "texture": "#0"},
				"up": {"uv": [8, 5, 10, 9], "texture": "#0"},
				"down": {"uv": [8, 5, 10, 9], "texture": "#0"}
			}
		},
		{
			"from": [6, 9, 6],
			"to": [10, 10, 7],
			"faces": {
				"north": {"uv": [6, 8, 10, 9], "texture": "#0"},
				"east": {"uv": [9, 7, 10, 8], "texture": "#0"},
				"south": {"uv": [6, 8, 10, 9], "texture": "#0"},
				"west": {"uv": [9, 7, 10, 8], "texture": "#0"},
				"up": {"uv": [6, 8, 10, 9], "texture": "#0"},
				"down": {"uv": [6, 8, 10, 9], "texture": "#0"}
			}
		},
		{
			"from": [6, 9, 10],
			"to": [10, 10, 11],
			"faces": {
				"north": {"uv": [6, 7, 10, 8], "texture": "#0"},
				"east": {"uv": [8, 7, 9, 8], "texture": "#0"},
				"south": {"uv": [6, 8, 10, 9], "texture": "#0"},
				"west": {"uv": [9, 7, 10, 8], "texture": "#0"},
				"up": {"uv": [6, 8, 10, 9], "texture": "#0"},
				"down": {"uv": [6, 8, 10, 9], "texture": "#0"}
			}
		},
		{
			"from": [10, 9, 6],
			"to": [11, 10, 9],
			"faces": {
				"north": {"uv": [9, 7, 10, 8], "texture": "#0"},
				"east": {"uv": [8, 7, 11, 8], "texture": "#0"},
				"south": {"uv": [8, 7, 9, 8], "texture": "#0"},
				"west": {"uv": [7, 7, 10, 8], "texture": "#0"},
				"up": {"uv": [9, 6, 10, 9], "texture": "#0"},
				"down": {"uv": [0, 0, 1, 3], "texture": "#missing"}
			}
		},
		{
			"from": [6, 9, 8],
			"to": [7, 10, 10],
			"faces": {
				"north": {"uv": [5, 7, 6, 9], "texture": "#0"},
				"east": {"uv": [5, 7, 6, 9], "texture": "#0"},
				"south": {"uv": [5, 7, 6, 9], "texture": "#0"},
				"west": {"uv": [5, 7, 6, 9], "texture": "#0"},
				"up": {"uv": [5, 7, 6, 9], "texture": "#0"},
				"down": {"uv": [5, 7, 6, 9], "texture": "#0"}
			}
		}
	]
}
