{
	"credit": "Made by Botany",
	"textures": {
		"2": "block/rose_bush_1",
		"particle": "block/rose_bush_1"
	},
	"elements": [
		{
			"from": [4, 0, 3],
			"to": [13, 9, 12],
			"rotation": {"angle": 0, "axis": "y", "origin": [16, 0, 16]},
			"faces": {
				"north": {"uv": [4, 1, 13, 10], "rotation": 180, "texture": "#2"},
				"east": {"uv": [4, 1, 13, 10], "rotation": 180, "texture": "#2"},
				"south": {"uv": [4, 1, 13, 10], "rotation": 180, "texture": "#2"},
				"west": {"uv": [4, 1, 13, 10], "rotation": 180, "texture": "#2"},
				"up": {"uv": [12, 14, 3, 5], "texture": "#2"},
				"down": {"uv": [12, 14, 3, 5], "texture": "#2"}
			}
		},
		{
			"from": [7, 5, 2],
			"to": [10, 8, 3],
			"rotation": {"angle": 0, "axis": "y", "origin": [16, 0, 0]},
			"faces": {
				"north": {"uv": [10, 7, 7, 10], "texture": "#2"},
				"east": {"uv": [9, 7, 8, 10], "texture": "#2"},
				"south": {"uv": [10, 7, 7, 10], "texture": "#2"},
				"west": {"uv": [9, 7, 8, 10], "texture": "#2"},
				"up": {"uv": [10, 8, 7, 9], "texture": "#2"},
				"down": {"uv": [10, 8, 7, 9], "texture": "#2"}
			}
		},
		{
			"from": [11, 1, 2],
			"to": [13, 3, 3],
			"rotation": {"angle": 0, "axis": "y", "origin": [16, 0, 0]},
			"faces": {
				"north": {"uv": [13, 2, 11, 4], "texture": "#2"},
				"east": {"uv": [12, 2, 11, 4], "texture": "#2"},
				"south": {"uv": [13, 2, 11, 4], "texture": "#2"},
				"west": {"uv": [12, 2, 11, 4], "texture": "#2"},
				"up": {"uv": [13, 3, 11, 4], "texture": "#2"},
				"down": {"uv": [13, 3, 11, 4], "texture": "#2"}
			}
		},
		{
			"from": [13, 5, 6],
			"to": [14, 8, 9],
			"rotation": {"angle": 0, "axis": "y", "origin": [0, 0, 16]},
			"faces": {
				"north": {"uv": [9, 7, 8, 10], "texture": "#2"},
				"east": {"uv": [10, 7, 7, 10], "texture": "#2"},
				"south": {"uv": [9, 7, 8, 10], "texture": "#2"},
				"west": {"uv": [10, 7, 7, 10], "texture": "#2"},
				"up": {"uv": [10, 8, 7, 9], "rotation": 90, "texture": "#2"},
				"down": {"uv": [10, 8, 7, 9], "rotation": 270, "texture": "#2"}
			}
		},
		{
			"from": [13, 1, 10],
			"to": [14, 3, 12],
			"rotation": {"angle": 0, "axis": "y", "origin": [0, 0, 16]},
			"faces": {
				"north": {"uv": [12, 2, 11, 4], "texture": "#2"},
				"east": {"uv": [13, 2, 11, 4], "texture": "#2"},
				"south": {"uv": [12, 2, 11, 4], "texture": "#2"},
				"west": {"uv": [13, 2, 11, 4], "texture": "#2"},
				"up": {"uv": [13, 3, 11, 4], "rotation": 90, "texture": "#2"},
				"down": {"uv": [13, 3, 11, 4], "rotation": 270, "texture": "#2"}
			}
		},
		{
			"from": [7, 5, 12],
			"to": [10, 8, 13],
			"faces": {
				"north": {"uv": [7, 7, 10, 10], "texture": "#2"},
				"east": {"uv": [8, 7, 9, 10], "texture": "#2"},
				"south": {"uv": [7, 7, 10, 10], "texture": "#2"},
				"west": {"uv": [8, 7, 9, 10], "texture": "#2"},
				"up": {"uv": [7, 8, 10, 9], "texture": "#2"},
				"down": {"uv": [7, 8, 10, 9], "texture": "#2"}
			}
		},
		{
			"from": [4, 1, 12],
			"to": [6, 3, 13],
			"faces": {
				"north": {"uv": [11, 2, 13, 4], "texture": "#2"},
				"east": {"uv": [11, 2, 12, 4], "texture": "#2"},
				"south": {"uv": [11, 2, 13, 4], "texture": "#2"},
				"west": {"uv": [11, 2, 12, 4], "texture": "#2"},
				"up": {"uv": [11, 3, 13, 4], "texture": "#2"},
				"down": {"uv": [11, 3, 13, 4], "texture": "#2"}
			}
		},
		{
			"from": [3, 5, 6],
			"to": [4, 8, 9],
			"faces": {
				"north": {"uv": [8, 7, 9, 10], "texture": "#2"},
				"east": {"uv": [7, 7, 10, 10], "texture": "#2"},
				"south": {"uv": [8, 7, 9, 10], "texture": "#2"},
				"west": {"uv": [7, 7, 10, 10], "texture": "#2"},
				"up": {"uv": [7, 8, 10, 9], "rotation": 90, "texture": "#2"},
				"down": {"uv": [7, 8, 10, 9], "rotation": 270, "texture": "#2"}
			}
		},
		{
			"from": [3, 1, 3],
			"to": [4, 3, 5],
			"faces": {
				"north": {"uv": [11, 2, 12, 4], "texture": "#2"},
				"east": {"uv": [11, 2, 13, 4], "texture": "#2"},
				"south": {"uv": [11, 2, 12, 4], "texture": "#2"},
				"west": {"uv": [11, 2, 13, 4], "texture": "#2"},
				"up": {"uv": [11, 3, 13, 4], "rotation": 90, "texture": "#2"},
				"down": {"uv": [11, 3, 13, 4], "rotation": 270, "texture": "#2"}
			}
		},
		{
			"from": [6, 9, 7],
			"to": [9, 10, 10],
			"faces": {
				"north": {"uv": [7, 8, 10, 9], "rotation": 180, "texture": "#2"},
				"east": {"uv": [8, 7, 9, 10], "rotation": 270, "texture": "#2"},
				"south": {"uv": [7, 8, 10, 9], "texture": "#2"},
				"west": {"uv": [8, 7, 9, 10], "rotation": 90, "texture": "#2"},
				"up": {"uv": [7, 7, 10, 10], "rotation": 180, "texture": "#2"},
				"down": {"uv": [7, 7, 10, 10], "texture": "#2"}
			}
		}
	]
}
