{
	"credit": "Made by Botany",
	"textures": {
		"0": "block/rose_bush_bottom",
		"particle": "block/rose_bush_bottom"
	},
	"elements": [
		{
			"from": [4, 0, 3],
			"to": [13, 16, 12],
			"faces": {
				"north": {"uv": [4, 0, 13, 16], "texture": "#0"},
				"east": {"uv": [4, 0, 13, 16], "texture": "#0"},
				"south": {"uv": [4, 0, 13, 16], "texture": "#0"},
				"west": {"uv": [4, 0, 13, 16], "texture": "#0"},
				"up": {"uv": [3, 5, 12, 14], "texture": "#0"},
				"down": {"uv": [3, 5, 12, 14], "texture": "#0"}
			}
		},
		{
			"from": [8, 0, 7],
			"to": [10, 11, 9],
			"faces": {
				"north": {"uv": [4, 5, 6, 16], "texture": "#0"},
				"east": {"uv": [4, 5, 6, 16], "texture": "#0"},
				"south": {"uv": [4, 5, 6, 16], "texture": "#0"},
				"west": {"uv": [4, 5, 6, 16], "texture": "#0"},
				"up": {"uv": [4, 5, 6, 7], "texture": "#0"},
				"down": {"uv": [4, 14, 6, 16], "texture": "#0"}
			}
		},
		{
			"from": [7, 6, 2],
			"to": [10, 9, 3],
			"faces": {
				"north": {"uv": [7, 7, 10, 10], "texture": "#0"},
				"east": {"uv": [8, 7, 9, 10], "texture": "#0"},
				"south": {"uv": [7, 7, 10, 10], "texture": "#0"},
				"west": {"uv": [8, 7, 9, 10], "texture": "#0"},
				"up": {"uv": [7, 8, 10, 9], "texture": "#0"},
				"down": {"uv": [7, 8, 10, 9], "texture": "#0"}
			}
		},
		{
			"from": [4, 12, 2],
			"to": [6, 14, 3],
			"faces": {
				"north": {"uv": [11, 2, 13, 4], "texture": "#0"},
				"east": {"uv": [11, 2, 12, 4], "texture": "#0"},
				"south": {"uv": [11, 2, 13, 4], "texture": "#0"},
				"west": {"uv": [11, 2, 12, 4], "texture": "#0"},
				"up": {"uv": [11, 3, 13, 4], "texture": "#0"},
				"down": {"uv": [11, 3, 13, 4], "texture": "#0"}
			}
		},
		{
			"from": [13, 6, 6],
			"to": [14, 9, 9],
			"faces": {
				"north": {"uv": [8, 7, 9, 10], "texture": "#0"},
				"east": {"uv": [7, 7, 10, 10], "texture": "#0"},
				"south": {"uv": [8, 7, 9, 10], "texture": "#0"},
				"west": {"uv": [7, 7, 10, 10], "texture": "#0"},
				"up": {"uv": [7, 8, 10, 9], "rotation": 90, "texture": "#0"},
				"down": {"uv": [7, 8, 10, 9], "rotation": 270, "texture": "#0"}
			}
		},
		{
			"from": [13, 12, 3],
			"to": [14, 14, 5],
			"faces": {
				"north": {"uv": [11, 2, 12, 4], "texture": "#0"},
				"east": {"uv": [11, 2, 13, 4], "texture": "#0"},
				"south": {"uv": [11, 2, 12, 4], "texture": "#0"},
				"west": {"uv": [11, 2, 13, 4], "texture": "#0"},
				"up": {"uv": [11, 3, 13, 4], "rotation": 90, "texture": "#0"},
				"down": {"uv": [11, 3, 13, 4], "rotation": 270, "texture": "#0"}
			}
		},
		{
			"from": [7, 6, 12],
			"to": [10, 9, 13],
			"rotation": {"angle": 0, "axis": "y", "origin": [16, 0, 0]},
			"faces": {
				"north": {"uv": [10, 7, 7, 10], "texture": "#0"},
				"east": {"uv": [9, 7, 8, 10], "texture": "#0"},
				"south": {"uv": [10, 7, 7, 10], "texture": "#0"},
				"west": {"uv": [9, 7, 8, 10], "texture": "#0"},
				"up": {"uv": [10, 8, 7, 9], "texture": "#0"},
				"down": {"uv": [10, 8, 7, 9], "texture": "#0"}
			}
		},
		{
			"from": [11, 12, 12],
			"to": [13, 14, 13],
			"rotation": {"angle": 0, "axis": "y", "origin": [16, 0, 0]},
			"faces": {
				"north": {"uv": [13, 2, 11, 4], "texture": "#0"},
				"east": {"uv": [12, 2, 11, 4], "texture": "#0"},
				"south": {"uv": [13, 2, 11, 4], "texture": "#0"},
				"west": {"uv": [12, 2, 11, 4], "texture": "#0"},
				"up": {"uv": [13, 3, 11, 4], "texture": "#0"},
				"down": {"uv": [13, 3, 11, 4], "texture": "#0"}
			}
		},
		{
			"from": [3, 6, 6],
			"to": [4, 9, 9],
			"rotation": {"angle": 0, "axis": "y", "origin": [0, 0, 16]},
			"faces": {
				"north": {"uv": [9, 7, 8, 10], "texture": "#0"},
				"east": {"uv": [10, 7, 7, 10], "texture": "#0"},
				"south": {"uv": [9, 7, 8, 10], "texture": "#0"},
				"west": {"uv": [10, 7, 7, 10], "texture": "#0"},
				"up": {"uv": [10, 8, 7, 9], "rotation": 90, "texture": "#0"},
				"down": {"uv": [10, 8, 7, 9], "rotation": 270, "texture": "#0"}
			}
		},
		{
			"from": [3, 12, 10],
			"to": [4, 14, 12],
			"rotation": {"angle": 0, "axis": "y", "origin": [0, 0, 16]},
			"faces": {
				"north": {"uv": [12, 2, 11, 4], "texture": "#0"},
				"east": {"uv": [13, 2, 11, 4], "texture": "#0"},
				"south": {"uv": [12, 2, 11, 4], "texture": "#0"},
				"west": {"uv": [13, 2, 11, 4], "texture": "#0"},
				"up": {"uv": [13, 3, 11, 4], "rotation": 90, "texture": "#0"},
				"down": {"uv": [13, 3, 11, 4], "rotation": 270, "texture": "#0"}
			}
		}
	]
}
