{
	"credit": "Made by Botany",
	"textures": {
		"0": "block/sunflower_bottom",
		"particle": "block/sunflower_bottom"
	},
	"elements": [
		{
			"from": [7, 0, 7],
			"to": [9, 16, 9],
			"faces": {
				"north": {"uv": [7, 0, 9, 16], "texture": "#0"},
				"east": {"uv": [7, 0, 9, 16], "texture": "#0"},
				"south": {"uv": [7, 0, 9, 16], "texture": "#0"},
				"west": {"uv": [7, 0, 9, 16], "texture": "#0"},
				"up": {"uv": [7, 0, 9, 2], "texture": "#0"},
				"down": {"uv": [7, 14, 9, 16], "texture": "#0"}
			}
		},
		{
			"from": [7, 14, 6],
			"to": [8, 15, 7],
			"faces": {
				"north": {"uv": [9, 8, 10, 9], "texture": "#0"},
				"east": {"uv": [9, 8, 10, 9], "texture": "#0"},
				"south": {"uv": [9, 8, 10, 9], "texture": "#0"},
				"west": {"uv": [9, 8, 10, 9], "texture": "#0"},
				"up": {"uv": [9, 8, 10, 9], "texture": "#0"},
				"down": {"uv": [9, 8, 10, 9], "texture": "#0"}
			}
		},
		{
			"from": [8, 15, 9],
			"to": [9, 16, 10],
			"faces": {
				"north": {"uv": [9, 8, 10, 9], "texture": "#0"},
				"east": {"uv": [9, 8, 10, 9], "texture": "#0"},
				"south": {"uv": [9, 8, 10, 9], "texture": "#0"},
				"west": {"uv": [9, 8, 10, 9], "texture": "#0"},
				"up": {"uv": [9, 8, 10, 9], "texture": "#0"},
				"down": {"uv": [9, 8, 10, 9], "texture": "#0"}
			}
		},
		{
			"from": [8, 8, 6],
			"to": [9, 9, 7],
			"faces": {
				"north": {"uv": [9, 8, 10, 9], "texture": "#0"},
				"east": {"uv": [9, 8, 10, 9], "texture": "#0"},
				"south": {"uv": [9, 8, 10, 9], "texture": "#0"},
				"west": {"uv": [9, 8, 10, 9], "texture": "#0"},
				"up": {"uv": [9, 8, 10, 9], "texture": "#0"},
				"down": {"uv": [9, 8, 10, 9], "texture": "#0"}
			}
		},
		{
			"from": [7, 7, 9],
			"to": [8, 8, 10],
			"faces": {
				"north": {"uv": [9, 8, 10, 9], "texture": "#0"},
				"east": {"uv": [9, 8, 10, 9], "texture": "#0"},
				"south": {"uv": [9, 8, 10, 9], "texture": "#0"},
				"west": {"uv": [9, 8, 10, 9], "texture": "#0"},
				"up": {"uv": [9, 8, 10, 9], "texture": "#0"},
				"down": {"uv": [9, 8, 10, 9], "texture": "#0"}
			}
		},
		{
			"from": [7, 3, 5],
			"to": [8, 4, 7],
			"faces": {
				"north": {"uv": [5, 12, 7, 13], "texture": "#0"},
				"east": {"uv": [5, 12, 7, 13], "texture": "#0"},
				"south": {"uv": [5, 12, 7, 13], "texture": "#0"},
				"west": {"uv": [5, 12, 7, 13], "texture": "#0"},
				"up": {"uv": [5, 12, 7, 13], "texture": "#0"},
				"down": {"uv": [5, 12, 7, 13], "texture": "#0"}
			}
		},
		{
			"from": [8, 4, 4],
			"to": [9, 6, 7],
			"faces": {
				"north": {"uv": [4, 10, 5, 12], "texture": "#0"},
				"east": {"uv": [4, 10, 7, 12], "texture": "#0"},
				"south": {"uv": [6, 10, 7, 12], "texture": "#0"},
				"west": {"uv": [4, 10, 7, 12], "texture": "#0"},
				"up": {"uv": [4, 9, 5, 12], "texture": "#0"},
				"down": {"uv": [4, 9, 5, 12], "texture": "#0"}
			}
		},
		{
			"from": [7, 6, 3],
			"to": [8, 7, 5],
			"faces": {
				"north": {"uv": [4, 9, 6, 10], "texture": "#0"},
				"east": {"uv": [4, 9, 6, 10], "texture": "#0"},
				"south": {"uv": [4, 9, 6, 10], "texture": "#0"},
				"west": {"uv": [4, 9, 6, 10], "texture": "#0"},
				"up": {"uv": [4, 9, 6, 10], "texture": "#0"},
				"down": {"uv": [4, 9, 6, 10], "texture": "#0"}
			}
		},
		{
			"from": [8, 2, 9],
			"to": [9, 4, 10],
			"faces": {
				"north": {"uv": [9, 12, 10, 14], "texture": "#0"},
				"east": {"uv": [9, 12, 10, 14], "texture": "#0"},
				"south": {"uv": [9, 12, 10, 14], "texture": "#0"},
				"west": {"uv": [9, 12, 10, 14], "texture": "#0"},
				"up": {"uv": [9, 12, 10, 13], "texture": "#0"},
				"down": {"uv": [9, 13, 10, 14], "texture": "#0"}
			}
		},
		{
			"from": [8, 9, 9],
			"to": [9, 12, 10],
			"faces": {
				"north": {"uv": [9, 4, 10, 7], "texture": "#0"},
				"east": {"uv": [9, 4, 10, 7], "texture": "#0"},
				"south": {"uv": [9, 4, 10, 7], "texture": "#0"},
				"west": {"uv": [9, 4, 10, 7], "texture": "#0"},
				"up": {"uv": [9, 4, 10, 5], "texture": "#0"},
				"down": {"uv": [9, 4, 10, 5], "texture": "#0"}
			}
		},
		{
			"from": [7, 10, 10],
			"to": [8, 13, 12],
			"faces": {
				"north": {"uv": [10, 3, 11, 6], "texture": "#0"},
				"east": {"uv": [10, 3, 12, 6], "texture": "#0"},
				"south": {"uv": [11, 3, 12, 6], "texture": "#0"},
				"west": {"uv": [10, 3, 12, 6], "texture": "#0"},
				"up": {"uv": [11, 3, 12, 5], "texture": "#0"},
				"down": {"uv": [10, 4, 11, 6], "texture": "#0"}
			}
		}
	]
}
