{
	"credit": "Made by Botany",
	"textures": {
		"0": "block/sunflower_bottom",
		"2": "block/sunflower_front",
		"3": "block/sunflower_top",
		"5": "block/sunflower_back",
		"particle": "block/sunflower_bottom"
	},
	"elements": [
		{
			"from": [7, 0, 7],
			"to": [9, 10, 9],
			"faces": {
				"north": {"uv": [7, 6, 9, 16], "texture": "#3"},
				"east": {"uv": [7, 6, 9, 16], "texture": "#3"},
				"south": {"uv": [7, 6, 9, 16], "texture": "#3"},
				"west": {"uv": [7, 6, 9, 16], "texture": "#3"},
				"up": {"uv": [7, 6, 9, 8], "texture": "#3"},
				"down": {"uv": [7, 14, 9, 16], "texture": "#3"}
			}
		},
		{
			"from": [8, 4, 5],
			"to": [9, 6, 7],
			"faces": {
				"north": {"uv": [5, 10, 6, 12], "texture": "#0"},
				"east": {"uv": [5, 10, 7, 12], "texture": "#0"},
				"south": {"uv": [5, 10, 6, 12], "texture": "#0"},
				"west": {"uv": [5, 10, 7, 12], "texture": "#0"},
				"up": {"uv": [5, 10, 6, 12], "texture": "#0"},
				"down": {"uv": [5, 10, 6, 12], "texture": "#0"}
			}
		},
		{
			"from": [8, 6, 4],
			"to": [9, 7, 6],
			"faces": {
				"north": {"uv": [4, 9, 6, 10], "texture": "#0"},
				"east": {"uv": [4, 9, 6, 10], "texture": "#0"},
				"south": {"uv": [4, 9, 6, 10], "texture": "#0"},
				"west": {"uv": [4, 9, 6, 10], "texture": "#0"},
				"up": {"uv": [4, 9, 6, 10], "texture": "#0"},
				"down": {"uv": [4, 9, 6, 10], "texture": "#0"}
			}
		},
		{
			"from": [8, 5, 4],
			"to": [9, 6, 5],
			"faces": {
				"north": {"uv": [4, 9, 6, 10], "texture": "#0"},
				"east": {"uv": [4, 9, 6, 10], "texture": "#0"},
				"south": {"uv": [4, 9, 6, 10], "texture": "#0"},
				"west": {"uv": [4, 9, 6, 10], "texture": "#0"},
				"up": {"uv": [4, 9, 6, 10], "texture": "#0"},
				"down": {"uv": [4, 9, 6, 10], "texture": "#0"}
			}
		},
		{
			"from": [8, 4, 9],
			"to": [9, 6, 10],
			"faces": {
				"north": {"uv": [9, 12, 10, 14], "texture": "#0"},
				"east": {"uv": [9, 12, 10, 14], "texture": "#0"},
				"south": {"uv": [9, 12, 10, 14], "texture": "#0"},
				"west": {"uv": [9, 12, 10, 14], "texture": "#0"},
				"up": {"uv": [9, 12, 10, 13], "texture": "#0"},
				"down": {"uv": [9, 13, 10, 14], "texture": "#0"}
			}
		},
		{
			"from": [7, 3, 6],
			"to": [8, 4, 7],
			"faces": {
				"north": {"uv": [9, 13, 10, 14], "texture": "#0"},
				"east": {"uv": [9, 13, 10, 14], "texture": "#0"},
				"south": {"uv": [9, 13, 10, 14], "texture": "#0"},
				"west": {"uv": [9, 13, 10, 14], "texture": "#0"},
				"up": {"uv": [9, 13, 10, 14], "texture": "#0"},
				"down": {"uv": [9, 13, 10, 14], "texture": "#0"}
			}
		},
		{
			"from": [8, 5, 10],
			"to": [9, 6, 11],
			"faces": {
				"north": {"uv": [9, 13, 10, 14], "texture": "#0"},
				"east": {"uv": [9, 13, 10, 14], "texture": "#0"},
				"south": {"uv": [9, 13, 10, 14], "texture": "#0"},
				"west": {"uv": [9, 13, 10, 14], "texture": "#0"},
				"up": {"uv": [9, 13, 10, 14], "texture": "#0"},
				"down": {"uv": [9, 13, 10, 14], "texture": "#0"}
			}
		},
		{
			"from": [6, 5, 5],
			"to": [7, 6, 11],
			"faces": {
				"north": {"uv": [11, 6, 12, 7], "texture": "#5"},
				"east": {"uv": [5, 5, 11, 6], "texture": "#5"},
				"south": {"uv": [11, 6, 12, 7], "texture": "#5"},
				"west": {"uv": [5, 5, 11, 6], "texture": "#5"},
				"up": {"uv": [11, 6, 12, 7], "texture": "#5"},
				"down": {"uv": [11, 6, 12, 7], "texture": "#5"}
			}
		},
		{
			"from": [6, 10, 5],
			"to": [7, 11, 11],
			"faces": {
				"north": {"uv": [11, 6, 12, 7], "texture": "#5"},
				"east": {"uv": [5, 5, 11, 6], "texture": "#5"},
				"south": {"uv": [11, 6, 12, 7], "texture": "#5"},
				"west": {"uv": [5, 5, 11, 6], "texture": "#5"},
				"up": {"uv": [11, 6, 12, 7], "texture": "#5"},
				"down": {"uv": [11, 6, 12, 7], "texture": "#5"}
			}
		},
		{
			"from": [6, 11, 6],
			"to": [7, 12, 10],
			"faces": {
				"north": {"uv": [6, 4, 7, 5], "texture": "#5"},
				"east": {"uv": [6, 4, 7, 5], "texture": "#5"},
				"south": {"uv": [6, 4, 7, 5], "texture": "#5"},
				"west": {"uv": [6, 4, 7, 5], "texture": "#5"},
				"up": {"uv": [6, 4, 7, 5], "texture": "#5"},
				"down": {"uv": [6, 4, 7, 5], "texture": "#5"}
			}
		},
		{
			"from": [6, 4, 6],
			"to": [7, 5, 10],
			"faces": {
				"north": {"uv": [6, 4, 7, 5], "texture": "#5"},
				"east": {"uv": [6, 4, 7, 5], "texture": "#5"},
				"south": {"uv": [6, 4, 7, 5], "texture": "#5"},
				"west": {"uv": [6, 4, 7, 5], "texture": "#5"},
				"up": {"uv": [6, 4, 7, 5], "texture": "#5"},
				"down": {"uv": [6, 4, 7, 5], "texture": "#5"}
			}
		},
		{
			"from": [6, 6, 4],
			"to": [7, 10, 12],
			"faces": {
				"north": {"uv": [11, 6, 12, 7], "texture": "#5"},
				"east": {"uv": [4, 6, 12, 10], "texture": "#5"},
				"south": {"uv": [11, 6, 12, 7], "texture": "#5"},
				"west": {"uv": [4, 6, 12, 10], "texture": "#5"},
				"up": {"uv": [11, 6, 12, 7], "texture": "#5"},
				"down": {"uv": [11, 6, 12, 7], "texture": "#5"}
			}
		},
		{
			"from": [5, 3.5, 4.5],
			"to": [6, 12.5, 11.5],
			"faces": {
				"north": {"uv": [11, 3, 12, 12], "texture": "#2"},
				"east": {"uv": [5, 3, 12, 12], "texture": "#2"},
				"south": {"uv": [11, 3, 12, 12], "texture": "#2"},
				"west": {"uv": [5, 3, 12, 12], "texture": "#2"},
				"up": {"uv": [12, 10, 13, 11], "texture": "#2"},
				"down": {"uv": [12, 10, 13, 11], "texture": "#2"}
			}
		},
		{
			"from": [5, 8.5, 12.5],
			"to": [6, 10.5, 13.5],
			"faces": {
				"north": {"uv": [12, 10, 13, 12], "texture": "#2"},
				"east": {"uv": [12, 10, 13, 11], "texture": "#2"},
				"south": {"uv": [12, 10, 13, 11], "texture": "#2"},
				"west": {"uv": [12, 10, 13, 11], "texture": "#2"},
				"up": {"uv": [12, 10, 13, 11], "texture": "#2"},
				"down": {"uv": [12, 10, 13, 11], "texture": "#2"}
			}
		},
		{
			"from": [5, 4.5, 11.5],
			"to": [6, 11.5, 12.5],
			"faces": {
				"north": {"uv": [12, 4, 13, 11], "texture": "#2"},
				"east": {"uv": [12, 4, 13, 11], "texture": "#2"},
				"south": {"uv": [12, 10, 13, 11], "texture": "#2"},
				"west": {"uv": [12, 4, 13, 11], "texture": "#2"},
				"up": {"uv": [12, 10, 13, 11], "texture": "#2"},
				"down": {"uv": [12, 10, 13, 11], "texture": "#2"}
			}
		},
		{
			"from": [5, 5.5, 12.5],
			"to": [6, 7.5, 13.5],
			"faces": {
				"north": {"uv": [12, 10, 13, 12], "texture": "#2"},
				"east": {"uv": [12, 10, 13, 11], "texture": "#2"},
				"south": {"uv": [12, 10, 13, 11], "texture": "#2"},
				"west": {"uv": [12, 10, 13, 11], "texture": "#2"},
				"up": {"uv": [12, 10, 13, 11], "texture": "#2"},
				"down": {"uv": [12, 10, 13, 11], "texture": "#2"}
			}
		},
		{
			"from": [5, 4.5, 3.5],
			"to": [6, 11.5, 4.5],
			"faces": {
				"north": {"uv": [12, 10, 13, 11], "texture": "#2"},
				"east": {"uv": [12, 4, 13, 11], "texture": "#2"},
				"south": {"uv": [12, 4, 13, 11], "texture": "#2"},
				"west": {"uv": [12, 4, 13, 11], "texture": "#2"},
				"up": {"uv": [12, 10, 13, 11], "texture": "#2"},
				"down": {"uv": [12, 10, 13, 11], "texture": "#2"}
			}
		},
		{
			"from": [5, 8.5, 2.5],
			"to": [6, 10.5, 3.5],
			"faces": {
				"north": {"uv": [12, 10, 13, 11], "texture": "#2"},
				"east": {"uv": [12, 10, 13, 11], "texture": "#2"},
				"south": {"uv": [9, 12, 10, 14], "texture": "#2"},
				"west": {"uv": [12, 10, 13, 11], "texture": "#2"},
				"up": {"uv": [12, 10, 13, 11], "texture": "#2"},
				"down": {"uv": [12, 10, 13, 11], "texture": "#2"}
			}
		},
		{
			"from": [5, 5.5, 2.5],
			"to": [6, 7.5, 3.5],
			"faces": {
				"north": {"uv": [12, 10, 13, 11], "texture": "#2"},
				"east": {"uv": [12, 10, 13, 11], "texture": "#2"},
				"south": {"uv": [9, 12, 10, 14], "texture": "#2"},
				"west": {"uv": [12, 10, 13, 11], "texture": "#2"},
				"up": {"uv": [12, 10, 13, 11], "texture": "#2"},
				"down": {"uv": [12, 10, 13, 11], "texture": "#2"}
			}
		},
		{
			"from": [5, 12.5, 5.5],
			"to": [6, 13.5, 7.5],
			"faces": {
				"north": {"uv": [12, 10, 13, 11], "texture": "#2"},
				"east": {"uv": [9, 12, 11, 13], "texture": "#2"},
				"south": {"uv": [9, 12, 10, 13], "texture": "#2"},
				"west": {"uv": [12, 10, 13, 11], "texture": "#2"},
				"up": {"uv": [12, 10, 13, 11], "texture": "#2"},
				"down": {"uv": [12, 10, 13, 12], "texture": "#2"}
			}
		},
		{
			"from": [5, 12.5, 8.5],
			"to": [6, 13.5, 10.5],
			"faces": {
				"north": {"uv": [12, 10, 13, 11], "texture": "#2"},
				"east": {"uv": [9, 12, 11, 13], "texture": "#2"},
				"south": {"uv": [9, 12, 11, 13], "texture": "#2"},
				"west": {"uv": [12, 10, 13, 11], "texture": "#2"},
				"up": {"uv": [12, 10, 13, 11], "texture": "#2"},
				"down": {"uv": [12, 10, 13, 11], "texture": "#2"}
			}
		},
		{
			"from": [5, 2.5, 8.5],
			"to": [6, 3.5, 10.5],
			"faces": {
				"north": {"uv": [12, 10, 13, 11], "texture": "#2"},
				"east": {"uv": [9, 12, 11, 13], "texture": "#2"},
				"south": {"uv": [12, 10, 13, 11], "texture": "#2"},
				"west": {"uv": [12, 10, 13, 11], "texture": "#2"},
				"up": {"uv": [12, 10, 13, 11], "texture": "#2"},
				"down": {"uv": [12, 10, 13, 11], "texture": "#2"}
			}
		},
		{
			"from": [5, 2.5, 5.5],
			"to": [6, 3.5, 7.5],
			"faces": {
				"north": {"uv": [12, 10, 13, 11], "texture": "#2"},
				"east": {"uv": [9, 12, 11, 13], "texture": "#2"},
				"south": {"uv": [12, 10, 13, 11], "texture": "#2"},
				"west": {"uv": [12, 10, 13, 11], "texture": "#2"},
				"up": {"uv": [12, 10, 13, 11], "texture": "#2"},
				"down": {"uv": [12, 10, 13, 11], "texture": "#2"}
			}
		}
	],
	"groups": [
		{
			"name": "group",
			"origin": [0, 0, 0],
			"color": 0,
			"children": [0, 1, 2, 3, 4, 5, 6]
		},
		{
			"name": "group_1",
			"origin": [0, 0, 0],
			"color": 0,
			"children": [7, 8, 9, 10, 11]
		},
		{
			"name": "group_2",
			"origin": [0, 0, 0],
			"color": 0,
			"children": [12, 13, 14, 15, 16, 17, 18, 19, 20, 21, 22]
		}
	]
}
