{
	"credit": "Made by Botany",
	"textures": {
		"0": "block/white_tulip",
		"particle": "block/white_tulip"
	},
	"elements": [
		{
			"from": [8, 0, 7],
			"to": [9, 9, 8],
			"faces": {
				"north": {"uv": [7, 7, 8, 16], "texture": "#0"},
				"east": {"uv": [7, 7, 8, 16], "texture": "#0"},
				"south": {"uv": [7, 7, 8, 16], "texture": "#0"},
				"west": {"uv": [7, 7, 8, 16], "texture": "#0"},
				"up": {"uv": [7, 15, 8, 16], "texture": "#0"},
				"down": {"uv": [7, 15, 8, 16], "texture": "#0"}
			}
		},
		{
			"from": [8, 1, 8],
			"to": [9, 6, 9],
			"faces": {
				"north": {"uv": [8, 10, 9, 15], "texture": "#0"},
				"east": {"uv": [8, 10, 9, 15], "texture": "#0"},
				"south": {"uv": [8, 10, 9, 15], "texture": "#0"},
				"west": {"uv": [8, 10, 9, 15], "texture": "#0"},
				"up": {"uv": [8, 10, 9, 11], "texture": "#0"},
				"down": {"uv": [7, 15, 8, 16], "texture": "#0"}
			}
		},
		{
			"from": [9, 1, 9],
			"to": [10, 6, 10],
			"faces": {
				"north": {"uv": [8, 10, 9, 15], "texture": "#0"},
				"east": {"uv": [8, 10, 9, 15], "texture": "#0"},
				"south": {"uv": [8, 10, 9, 15], "texture": "#0"},
				"west": {"uv": [9, 8, 10, 13], "texture": "#0"},
				"up": {"uv": [8, 10, 9, 11], "texture": "#0"},
				"down": {"uv": [7, 15, 8, 16], "texture": "#0"}
			}
		},
		{
			"from": [9, 2, 10],
			"to": [10, 6, 11],
			"faces": {
				"north": {"uv": [10, 8, 11, 12], "texture": "#0"},
				"east": {"uv": [10, 8, 11, 12], "texture": "#0"},
				"south": {"uv": [10, 8, 11, 12], "texture": "#0"},
				"west": {"uv": [10, 8, 11, 12], "texture": "#0"},
				"up": {"uv": [10, 8, 11, 9], "texture": "#0"},
				"down": {"uv": [7, 15, 8, 16], "texture": "#0"}
			}
		},
		{
			"from": [10, 4, 11],
			"to": [11, 7, 12],
			"faces": {
				"north": {"uv": [11, 7, 12, 10], "texture": "#0"},
				"east": {"uv": [11, 7, 12, 10], "texture": "#0"},
				"south": {"uv": [11, 7, 12, 10], "texture": "#0"},
				"west": {"uv": [11, 7, 12, 10], "texture": "#0"},
				"up": {"uv": [11, 7, 12, 8], "texture": "#0"},
				"down": {"uv": [7, 15, 8, 16], "texture": "#0"}
			}
		},
		{
			"from": [7, 1, 6],
			"to": [8, 5, 7],
			"faces": {
				"north": {"uv": [6, 11, 7, 15], "texture": "#0"},
				"east": {"uv": [6, 11, 7, 15], "texture": "#0"},
				"south": {"uv": [6, 11, 7, 15], "texture": "#0"},
				"west": {"uv": [6, 11, 7, 15], "texture": "#0"},
				"up": {"uv": [6, 11, 7, 12], "texture": "#0"},
				"down": {"uv": [7, 15, 8, 16], "texture": "#0"}
			}
		},
		{
			"from": [7, 3, 5],
			"to": [8, 6, 6],
			"faces": {
				"north": {"uv": [5, 10, 6, 13], "texture": "#0"},
				"east": {"uv": [5, 10, 6, 13], "texture": "#0"},
				"south": {"uv": [5, 10, 6, 13], "texture": "#0"},
				"west": {"uv": [5, 10, 6, 13], "texture": "#0"},
				"up": {"uv": [8, 10, 9, 11], "texture": "#0"},
				"down": {"uv": [7, 15, 8, 16], "texture": "#0"}
			}
		},
		{
			"from": [6, 4, 4],
			"to": [7, 7, 5],
			"faces": {
				"north": {"uv": [4, 9, 5, 12], "texture": "#0"},
				"east": {"uv": [4, 9, 5, 12], "texture": "#0"},
				"south": {"uv": [4, 9, 5, 12], "texture": "#0"},
				"west": {"uv": [4, 9, 5, 12], "texture": "#0"},
				"up": {"uv": [8, 10, 9, 11], "texture": "#0"},
				"down": {"uv": [7, 15, 8, 16], "texture": "#0"}
			}
		},
		{
			"from": [5, 6, 3],
			"to": [6, 8, 4],
			"faces": {
				"north": {"uv": [3, 8, 4, 10], "texture": "#0"},
				"east": {"uv": [3, 8, 4, 10], "texture": "#0"},
				"south": {"uv": [3, 8, 4, 10], "texture": "#0"},
				"west": {"uv": [3, 8, 4, 10], "texture": "#0"},
				"up": {"uv": [8, 10, 9, 11], "texture": "#0"},
				"down": {"uv": [7, 15, 8, 16], "texture": "#0"}
			}
		},
		{
			"from": [7, 9, 6],
			"to": [10, 10, 9],
			"faces": {
				"north": {"uv": [6, 6, 9, 7], "texture": "#0"},
				"east": {"uv": [6, 6, 9, 7], "texture": "#0"},
				"south": {"uv": [6, 6, 9, 7], "texture": "#0"},
				"west": {"uv": [6, 6, 9, 7], "texture": "#0"},
				"up": {"uv": [6, 4, 9, 7], "texture": "#0"},
				"down": {"uv": [6, 4, 9, 7], "texture": "#0"}
			}
		},
		{
			"from": [6, 10, 6],
			"to": [7, 13, 10],
			"faces": {
				"north": {"uv": [5, 4, 6, 5], "texture": "#0"},
				"east": {"uv": [5, 3, 9, 6], "texture": "#0"},
				"south": {"uv": [5, 3, 6, 6], "texture": "#0"},
				"west": {"uv": [6, 3, 10, 6], "texture": "#0"},
				"up": {"uv": [5, 4, 9, 5], "rotation": 270, "texture": "#0"},
				"down": {"uv": [5, 4, 9, 5], "rotation": 90, "texture": "#0"}
			}
		},
		{
			"from": [10, 10, 5],
			"to": [11, 13, 9],
			"faces": {
				"north": {"uv": [5, 3, 6, 6], "texture": "#0"},
				"east": {"uv": [6, 3, 10, 6], "texture": "#0"},
				"south": {"uv": [5, 4, 6, 5], "texture": "#0"},
				"west": {"uv": [5, 3, 9, 6], "texture": "#0"},
				"up": {"uv": [5, 4, 9, 5], "rotation": 270, "texture": "#0"},
				"down": {"uv": [5, 4, 9, 5], "rotation": 90, "texture": "#0"}
			}
		},
		{
			"from": [6, 10, 5],
			"to": [10, 13, 6],
			"faces": {
				"north": {"uv": [6, 3, 10, 6], "texture": "#0"},
				"east": {"uv": [5, 4, 6, 5], "texture": "#0"},
				"south": {"uv": [5, 3, 9, 6], "texture": "#0"},
				"west": {"uv": [5, 3, 6, 6], "texture": "#0"},
				"up": {"uv": [5, 4, 9, 5], "rotation": 180, "texture": "#0"},
				"down": {"uv": [5, 4, 9, 5], "rotation": 180, "texture": "#0"}
			}
		},
		{
			"from": [7, 10, 9],
			"to": [11, 13, 10],
			"faces": {
				"north": {"uv": [5, 3, 9, 6], "texture": "#0"},
				"east": {"uv": [5, 3, 6, 6], "texture": "#0"},
				"south": {"uv": [6, 3, 10, 6], "texture": "#0"},
				"west": {"uv": [5, 4, 6, 5], "texture": "#0"},
				"up": {"uv": [5, 4, 9, 5], "rotation": 180, "texture": "#0"},
				"down": {"uv": [5, 4, 9, 5], "rotation": 180, "texture": "#0"}
			}
		},
		{
			"from": [10, 13, 9],
			"to": [12, 14, 10],
			"faces": {
				"north": {"uv": [5, 2, 7, 3], "texture": "#0"},
				"east": {"uv": [5, 4, 6, 5], "texture": "#0"},
				"south": {"uv": [5, 2, 7, 3], "texture": "#0"},
				"west": {"uv": [5, 4, 6, 5], "texture": "#0"},
				"up": {"uv": [5, 2, 7, 3], "texture": "#0"},
				"down": {"uv": [5, 2, 7, 3], "texture": "#0"}
			}
		},
		{
			"from": [11, 13, 7],
			"to": [12, 14, 9],
			"faces": {
				"north": {"uv": [5, 4, 6, 5], "texture": "#0"},
				"east": {"uv": [5, 2, 7, 3], "texture": "#0"},
				"south": {"uv": [5, 4, 6, 5], "texture": "#0"},
				"west": {"uv": [5, 2, 7, 3], "texture": "#0"},
				"up": {"uv": [5, 2, 7, 3], "rotation": 270, "texture": "#0"},
				"down": {"uv": [5, 2, 7, 3], "rotation": 90, "texture": "#0"}
			}
		},
		{
			"from": [5, 13, 6],
			"to": [6, 14, 8],
			"faces": {
				"north": {"uv": [5, 4, 6, 5], "texture": "#0"},
				"east": {"uv": [5, 2, 7, 3], "texture": "#0"},
				"south": {"uv": [5, 4, 6, 5], "texture": "#0"},
				"west": {"uv": [5, 2, 7, 3], "texture": "#0"},
				"up": {"uv": [5, 2, 7, 3], "rotation": 90, "texture": "#0"},
				"down": {"uv": [5, 2, 7, 3], "rotation": 270, "texture": "#0"}
			}
		},
		{
			"from": [5, 13, 5],
			"to": [7, 14, 6],
			"faces": {
				"north": {"uv": [5, 2, 7, 3], "texture": "#0"},
				"east": {"uv": [5, 4, 6, 5], "texture": "#0"},
				"south": {"uv": [5, 2, 7, 3], "texture": "#0"},
				"west": {"uv": [5, 4, 6, 5], "texture": "#0"},
				"up": {"uv": [5, 2, 7, 3], "rotation": 180, "texture": "#0"},
				"down": {"uv": [5, 2, 7, 3], "rotation": 180, "texture": "#0"}
			}
		},
		{
			"from": [7, 13, 10],
			"to": [9, 14, 11],
			"faces": {
				"north": {"uv": [5, 2, 7, 3], "texture": "#0"},
				"east": {"uv": [5, 4, 6, 5], "texture": "#0"},
				"south": {"uv": [5, 2, 7, 3], "texture": "#0"},
				"west": {"uv": [5, 4, 6, 5], "texture": "#0"},
				"up": {"uv": [5, 2, 7, 3], "texture": "#0"},
				"down": {"uv": [5, 2, 7, 3], "texture": "#0"}
			}
		},
		{
			"from": [6, 13, 9],
			"to": [7, 14, 11],
			"faces": {
				"north": {"uv": [5, 4, 6, 5], "texture": "#0"},
				"east": {"uv": [5, 2, 7, 3], "texture": "#0"},
				"south": {"uv": [5, 4, 6, 5], "texture": "#0"},
				"west": {"uv": [5, 2, 7, 3], "texture": "#0"},
				"up": {"uv": [5, 2, 7, 3], "rotation": 90, "texture": "#0"},
				"down": {"uv": [5, 2, 7, 3], "rotation": 270, "texture": "#0"}
			}
		},
		{
			"from": [10, 13, 4],
			"to": [11, 14, 6],
			"faces": {
				"north": {"uv": [5, 4, 6, 5], "texture": "#0"},
				"east": {"uv": [5, 2, 7, 3], "texture": "#0"},
				"south": {"uv": [5, 4, 6, 5], "texture": "#0"},
				"west": {"uv": [5, 2, 7, 3], "texture": "#0"},
				"up": {"uv": [5, 2, 7, 3], "rotation": 270, "texture": "#0"},
				"down": {"uv": [5, 2, 7, 3], "rotation": 90, "texture": "#0"}
			}
		},
		{
			"from": [8, 13, 4],
			"to": [10, 14, 5],
			"faces": {
				"north": {"uv": [5, 2, 7, 3], "texture": "#0"},
				"east": {"uv": [5, 4, 6, 5], "texture": "#0"},
				"south": {"uv": [5, 2, 7, 3], "texture": "#0"},
				"west": {"uv": [5, 4, 6, 5], "texture": "#0"},
				"up": {"uv": [5, 2, 7, 3], "rotation": 180, "texture": "#0"},
				"down": {"uv": [5, 2, 7, 3], "rotation": 180, "texture": "#0"}
			}
		}
	]
}
