{
    "parent": "item/handheld",
    "textures": {
        "layer0": "item/netherite_pickaxe"
    },
        "overrides": [
	    { "predicate": {"damaged": 1, "damage": 0}, "model": "item/netherite_pickaxe"},
	    { "predicate": {"damaged": 0, "damage": 0}, "model": "item/netherite_pickaxe"},
	    { "predicate": {"damaged": 0, "damage": 0.88}, "model": "item/degradation/netherite_pickaxe2"},
	    { "predicate": {"damaged": 0, "damage": 0.96}, "model": "item/degradation/netherite_pickaxe3"}
    ]
}