{
	"credit": "Made by Ecorn",
	"parent": "minecraft:block/cross",
	"textures": {
		"particle": "block/crimson_fungus",
		"cross": "block/crimson_fungus"
	},
	"elements": [
		{
			"from": [7, 0, 7],
			"to": [9, 5, 9],
			"rotation": {"angle": 0, "axis": "y", "origin": [8, 6.66667, 8]},
			"faces": {
				"north": {"uv": [0, 11, 2, 16], "texture": "#cross"},
				"east": {"uv": [0, 11, 2, 16], "texture": "#cross"},
				"south": {"uv": [0, 11, 2, 16], "texture": "#cross"},
				"west": {"uv": [0, 11, 2, 16], "texture": "#cross"},
				"up": {"uv": [0, 11, 2, 13], "rotation": 270, "texture": "#cross"},
				"down": {"uv": [0, 11, 2, 13], "rotation": 90, "texture": "#cross"}
			}
		},
		{
			"from": [4, 5, 4],
			"to": [12, 9, 12],
			"rotation": {"angle": 0, "axis": "y", "origin": [8, 6.66667, 8]},
			"faces": {
				"north": {"uv": [0, 7, 8, 11], "texture": "#cross"},
				"east": {"uv": [0, 7, 8, 11], "texture": "#cross"},
				"south": {"uv": [0, 7, 8, 11], "texture": "#cross"},
				"west": {"uv": [0, 7, 8, 11], "texture": "#cross"},
				"up": {"uv": [8, 0, 16, 8], "rotation": 270, "texture": "#cross"},
				"down": {"uv": [8, 8, 16, 16], "rotation": 90, "texture": "#cross"}
			}
		},
		{
			"from": [6, 9, 6],
			"to": [10, 12, 10],
			"rotation": {"angle": 0, "axis": "y", "origin": [8, 6.66667, 8]},
			"faces": {
				"north": {"uv": [3, 5, 7, 8], "texture": "#cross"},
				"east": {"uv": [3, 5, 7, 8], "texture": "#cross"},
				"south": {"uv": [3, 5, 7, 8], "texture": "#cross"},
				"west": {"uv": [3, 5, 7, 8], "texture": "#cross"},
				"up": {"uv": [3, 4, 7, 8], "rotation": 270, "texture": "#cross"},
				"down": {"uv": [2, 4, 6, 8], "rotation": 90, "texture": "#cross"}
			}
		}
	],
	"display": {
		"thirdperson_righthand": {
			"translation": [0, 3, 1],
			"scale": [0.55, 0.55, 0.55]
		},
		"thirdperson_lefthand": {
			"translation": [0, 3, 1],
			"scale": [0.55, 0.55, 0.55]
		},
		"firstperson_righthand": {
			"rotation": [0, -90, 25],
			"translation": [1.13, 3.45, 1.13],
			"scale": [0.5, 0.5, 0.5]
		},
		"firstperson_lefthand": {
			"rotation": [0, -90, 25],
			"translation": [1.13, 3.45, 1.13],
			"scale": [0.5, 0.5, 0.5]
		},
		"ground": {
			"translation": [0, 2, 0],
			"scale": [0.5, 0.5, 0.5]
		},
		"gui": {
			"rotation": [30, 225, 0],
			"scale": [0.85, 0.85, 0.85]
		},
		"head": {
			"rotation": [0, 180, 0],
			"translation": [0, 13, 7]
		},
		"fixed": {
			"rotation": [0, 180, 0]
		}
	}
}