{
	"credit": "Made with Blockbench",
	"textures": {
		"0": "block/deepslate_iron_ore",
		"1": "block/raw_iron_block",
		"particle": "block/deepslate_iron_ore"
	},
	"elements": [
		{
			"from": [0, 0, 0],
			"to": [1, 16, 1],
			"faces": {
				"north": {"uv": [15, 0, 16, 16], "texture": "#1", "cullface": "north" },
				"west": {"uv": [0, 0, 1, 16], "texture": "#1", "cullface": "west" },
				"up": {"uv": [0, 0, 1, 1], "texture": "#1", "cullface": "up" },
				"down": {"uv": [0, 15, 1, 16], "texture": "#1", "cullface": "down" }
			}
		},
		{
			"from": [15, 0, 15],
			"to": [16, 16, 16],
			"faces": {
				"east": {"uv": [0, 0, 1, 16], "texture": "#1", "cullface": "east" },
				"south": {"uv": [15, 0, 16, 16], "texture": "#1", "cullface": "south" },
				"up": {"uv": [15, 15, 16, 16], "rotation": 180, "texture": "#1", "cullface": "up" },
				"down": {"uv": [15, 0, 16, 1], "rotation": 180, "texture": "#1", "cullface": "down" }
			}
		},
		{
			"from": [15, 0, 0],
			"to": [16, 16, 1],
			"faces": {
				"north": {"uv": [0, 0, 1, 16], "texture": "#1", "cullface": "north" },
				"east": {"uv": [15, 0, 16, 16], "texture": "#1", "cullface": "east" },
				"up": {"uv": [15, 0, 16, 1], "texture": "#1", "cullface": "up" },
				"down": {"uv": [15, 15, 16, 16], "texture": "#1", "cullface": "down" }
			}
		},
		{
			"from": [0, 0, 15],
			"to": [1, 16, 16],
			"faces": {
				"south": {"uv": [0, 0, 1, 16], "texture": "#1", "cullface": "south" },
				"west": {"uv": [15, 0, 16, 16], "texture": "#1", "cullface": "west" },
				"up": {"uv": [0, 15, 1, 16], "rotation": 180, "texture": "#1", "cullface": "up" },
				"down": {"uv": [0, 0, 1, 1], "rotation": 180, "texture": "#1", "cullface": "down" }
			}
		},
		{
			"from": [1, 0, 0],
			"to": [15, 1, 1],
			"faces": {
				"north": {"uv": [1, 15, 15, 16], "texture": "#1", "cullface": "north" },
				"down": {"uv": [1, 15, 15, 16], "texture": "#1", "cullface": "down" }
			}
		},
		{
			"from": [1, 0, 15],
			"to": [15, 1, 16],
			"faces": {
				"south": {"uv": [1, 15, 15, 16], "texture": "#1", "cullface": "south" },
				"down": {"uv": [1, 0, 15, 1], "rotation": 180, "texture": "#1", "cullface": "down" }
			}
		},
		{
			"from": [1, 15, 0],
			"to": [15, 16, 1],
			"faces": {
				"north": {"uv": [1, 0, 15, 1], "texture": "#1", "cullface": "north" },
				"up": {"uv": [1, 0, 15, 1], "texture": "#1", "cullface": "up" }
			}
		},
		{
			"from": [1, 15, 15],
			"to": [15, 16, 16],
			"faces": {
				"south": {"uv": [1, 0, 15, 1], "texture": "#1", "cullface": "south" },
				"up": {"uv": [1, 15, 15, 16], "rotation": 180, "texture": "#1", "cullface": "up" }
			}
		},
		{
			"from": [15, 15, 1],
			"to": [16, 16, 15],
			"faces": {
				"east": {"uv": [1, 0, 15, 1], "texture": "#1", "cullface": "east" },
				"up": {"uv": [15, 1, 16, 15], "texture": "#1", "cullface": "up" }
			}
		},
		{
			"from": [15, 0, 1],
			"to": [16, 1, 15],
			"faces": {
				"east": {"uv": [1, 15, 15, 16], "texture": "#1", "cullface": "east" },
				"down": {"uv": [15, 1, 16, 15], "texture": "#1", "cullface": "down" }
			}
		},
		{
			"from": [0, 15, 1],
			"to": [1, 16, 15],
			"faces": {
				"west": {"uv": [1, 0, 15, 1], "texture": "#1", "cullface": "west" },
				"up": {"uv": [0, 1, 1, 15], "texture": "#1", "cullface": "up" }
			}
		},
		{
			"from": [0, 0, 1],
			"to": [1, 1, 15],
			"faces": {
				"west": {"uv": [1, 15, 15, 16], "texture": "#1", "cullface": "west" },
				"down": {"uv": [0, 1, 1, 15], "texture": "#1", "cullface": "down" }
			}
		},
		{
			"from": [0, 1, 1],
			"to": [1, 15, 15],
			"faces": {
				"west": {"uv": [1, 1, 15, 15], "texture": "#0", "cullface": "west" }
			}
		},
		{
			"from": [15, 1, 1],
			"to": [16, 15, 15],
			"faces": {
				"east": {"uv": [1, 1, 15, 15], "texture": "#0", "cullface": "east" }
			}
		},
		{
			"from": [1, 1, 0],
			"to": [15, 15, 1],
			"faces": {
				"north": {"uv": [1, 1, 15, 15], "texture": "#0", "cullface": "north" }
			}
		},
		{
			"from": [1, 1, 15],
			"to": [15, 15, 16],
			"faces": {
				"south": {"uv": [1, 1, 15, 15], "texture": "#0", "cullface": "south" }
			}
		},
		{
			"from": [1, 15, 1],
			"to": [15, 16, 15],
			"faces": {
				"up": {"uv": [1, 1, 15, 15], "texture": "#0", "cullface": "up" }
			}
		},
		{
			"from": [1, 0, 1],
			"to": [15, 1, 15],
			"faces": {
				"down": {"uv": [1, 1, 15, 15], "texture": "#0", "cullface": "down" }
			}
		}
	],
	"display": {
		"thirdperson_righthand": {
			"rotation": [75, 45, 0],
			"translation": [0, 2.5, 0],
			"scale": [0.375, 0.375, 0.375]
		},
		"thirdperson_lefthand": {
			"rotation": [75, 45, 0],
			"translation": [0, 2.5, 0],
			"scale": [0.375, 0.375, 0.375]
		},
		"firstperson_righthand": {
			"rotation": [0, 45, 0],
			"scale": [0.4, 0.4, 0.4]
		},
		"firstperson_lefthand": {
			"rotation": [0, 225, 0],
			"scale": [0.4, 0.4, 0.4]
		},
		"ground": {
			"translation": [0, 3, 0],
			"scale": [0.25, 0.25, 0.25]
		},
		"gui": {
			"rotation": [30, 225, 0],
			"scale": [0.625, 0.625, 0.625]
		},
		"fixed": {
			"scale": [0.5, 0.5, 0.5]
		}
	},
	"groups": [
		{
			"name": "outline",
			"origin": [8, 8, 8],
			"children": [0, 1, 2, 3, 4, 5, 6, 7, 8, 9, 10, 11]
		},
		{
			"name": "ore",
			"origin": [0, 0, 0],
			"children": [12, 13, 14, 15, 16, 17]
		}
	]
}