{
	"credit": "Made by Ecorn",
	"parent": "minecraft:block/template_rail_raised_sw",
	"textures": {
		"particle": "block/activator_rail",
		"rail": "block/activator_rail"
	},
	"elements": [
		{
			"from": [2, 9.92893, -3.65685],
			"to": [4, 10.92893, 19.34315],
			"rotation": {"angle": -45, "axis": "x", "origin": [2, 9.92893, 10.34315]},
			"faces": {
				"north": {"uv": [12, 15, 14, 16], "texture": "#rail"},
				"east": {"uv": [12, 16, 13, 0], "rotation": 90, "texture": "#rail"},
				"south": {"uv": [12, 0, 14, 1], "texture": "#rail"},
				"west": {"uv": [13, 0, 14, 16], "rotation": 270, "texture": "#rail"},
				"up": {"uv": [14, 0, 12, 16], "texture": "#rail"},
				"down": {"uv": [14, 0, 12, 16], "texture": "#rail"}
			}
		},
		{
			"from": [1, 9.92893, 15.34315],
			"to": [2, 10.42893, 17.34315],
			"rotation": {"angle": -45, "axis": "x", "origin": [2, 9.92893, 10.34315]},
			"faces": {
				"north": {"uv": [14, 3, 15, 2], "texture": "#rail"},
				"east": {"uv": [14, 3, 15, 1], "rotation": 90, "texture": "#rail"},
				"south": {"uv": [14, 1, 15, 2], "texture": "#rail"},
				"west": {"uv": [15, 3, 14, 1], "rotation": 270, "texture": "#rail"},
				"up": {"uv": [14, 3, 15, 1], "texture": "#rail"},
				"down": {"uv": [15, 1, 14, 3], "texture": "#rail"}
			}
		},
		{
			"from": [1, 9.92893, 9.59315],
			"to": [2, 10.42893, 11.59315],
			"rotation": {"angle": -45, "axis": "x", "origin": [2, 9.92893, 10.34315]},
			"faces": {
				"north": {"uv": [14, 3, 15, 2], "texture": "#rail"},
				"east": {"uv": [14, 3, 15, 1], "rotation": 90, "texture": "#rail"},
				"south": {"uv": [14, 1, 15, 2], "texture": "#rail"},
				"west": {"uv": [15, 3, 14, 1], "rotation": 270, "texture": "#rail"},
				"up": {"uv": [14, 3, 15, 1], "texture": "#rail"},
				"down": {"uv": [15, 1, 14, 3], "texture": "#rail"}
			}
		},
		{
			"from": [1, 9.92893, 3.84315],
			"to": [2, 10.42893, 5.84315],
			"rotation": {"angle": -45, "axis": "x", "origin": [2, 9.92893, 10.34315]},
			"faces": {
				"north": {"uv": [14, 3, 15, 2], "texture": "#rail"},
				"east": {"uv": [14, 3, 15, 1], "rotation": 90, "texture": "#rail"},
				"south": {"uv": [14, 1, 15, 2], "texture": "#rail"},
				"west": {"uv": [15, 3, 14, 1], "rotation": 270, "texture": "#rail"},
				"up": {"uv": [14, 3, 15, 1], "texture": "#rail"},
				"down": {"uv": [15, 1, 14, 3], "texture": "#rail"}
			}
		},
		{
			"from": [1, 9.92893, -1.90685],
			"to": [2, 10.42893, 0.09315],
			"rotation": {"angle": -45, "axis": "x", "origin": [2, 9.92893, 10.34315]},
			"faces": {
				"north": {"uv": [14, 3, 15, 2], "texture": "#rail"},
				"east": {"uv": [14, 3, 15, 1], "rotation": 90, "texture": "#rail"},
				"south": {"uv": [14, 1, 15, 2], "texture": "#rail"},
				"west": {"uv": [15, 3, 14, 1], "rotation": 270, "texture": "#rail"},
				"up": {"uv": [14, 3, 15, 1], "texture": "#rail"},
				"down": {"uv": [15, 1, 14, 3], "texture": "#rail"}
			}
		},
		{
			"from": [14, 9.92893, 3.84315],
			"to": [15, 10.42893, 5.84315],
			"rotation": {"angle": -45, "axis": "x", "origin": [2, 9.92893, 10.34315]},
			"faces": {
				"north": {"uv": [14, 3, 15, 2], "texture": "#rail"},
				"east": {"uv": [14, 3, 15, 1], "rotation": 90, "texture": "#rail"},
				"south": {"uv": [14, 1, 15, 2], "texture": "#rail"},
				"west": {"uv": [15, 3, 14, 1], "rotation": 270, "texture": "#rail"},
				"up": {"uv": [14, 3, 15, 1], "texture": "#rail"},
				"down": {"uv": [15, 1, 14, 3], "texture": "#rail"}
			}
		},
		{
			"from": [14, 9.92893, -1.90685],
			"to": [15, 10.42893, 0.09315],
			"rotation": {"angle": -45, "axis": "x", "origin": [2, 9.92893, 10.34315]},
			"faces": {
				"north": {"uv": [14, 3, 15, 2], "texture": "#rail"},
				"east": {"uv": [14, 3, 15, 1], "rotation": 90, "texture": "#rail"},
				"south": {"uv": [14, 1, 15, 2], "texture": "#rail"},
				"west": {"uv": [15, 3, 14, 1], "rotation": 270, "texture": "#rail"},
				"up": {"uv": [14, 3, 15, 1], "texture": "#rail"},
				"down": {"uv": [15, 1, 14, 3], "texture": "#rail"}
			}
		},
		{
			"from": [14, 9.92893, 9.59315],
			"to": [15, 10.42893, 11.59315],
			"rotation": {"angle": -45, "axis": "x", "origin": [2, 9.92893, 10.34315]},
			"faces": {
				"north": {"uv": [14, 3, 15, 2], "texture": "#rail"},
				"east": {"uv": [14, 3, 15, 1], "rotation": 90, "texture": "#rail"},
				"south": {"uv": [14, 1, 15, 2], "texture": "#rail"},
				"west": {"uv": [15, 3, 14, 1], "rotation": 270, "texture": "#rail"},
				"up": {"uv": [14, 3, 15, 1], "texture": "#rail"},
				"down": {"uv": [15, 1, 14, 3], "texture": "#rail"}
			}
		},
		{
			"from": [14, 9.92893, 15.34315],
			"to": [15, 10.42893, 17.34315],
			"rotation": {"angle": -45, "axis": "x", "origin": [2, 9.92893, 10.34315]},
			"faces": {
				"north": {"uv": [14, 3, 15, 2], "texture": "#rail"},
				"east": {"uv": [14, 3, 15, 1], "rotation": 90, "texture": "#rail"},
				"south": {"uv": [14, 1, 15, 2], "texture": "#rail"},
				"west": {"uv": [15, 3, 14, 1], "rotation": 270, "texture": "#rail"},
				"up": {"uv": [14, 3, 15, 1], "texture": "#rail"},
				"down": {"uv": [15, 1, 14, 3], "texture": "#rail"}
			}
		},
		{
			"from": [4, 9.92893, 15.34315],
			"to": [12, 10.42893, 17.34315],
			"rotation": {"angle": -45, "axis": "x", "origin": [2, 9.92893, 10.34315]},
			"faces": {
				"north": {"uv": [4, 3, 12, 2], "texture": "#rail"},
				"east": {"uv": [14, 3, 15, 1], "rotation": 90, "texture": "#rail"},
				"south": {"uv": [12, 1, 4, 2], "texture": "#rail"},
				"west": {"uv": [15, 3, 14, 1], "rotation": 270, "texture": "#rail"},
				"up": {"uv": [12, 3, 4, 1], "texture": "#rail"},
				"down": {"uv": [12, 1, 4, 3], "texture": "#rail"}
			}
		},
		{
			"from": [4, 9.92893, 9.59315],
			"to": [12, 10.42893, 11.59315],
			"rotation": {"angle": -45, "axis": "x", "origin": [2, 9.92893, 10.34315]},
			"faces": {
				"north": {"uv": [4, 7, 12, 6], "texture": "#rail"},
				"east": {"uv": [14, 3, 15, 1], "rotation": 90, "texture": "#rail"},
				"south": {"uv": [12, 5, 4, 6], "texture": "#rail"},
				"west": {"uv": [15, 3, 14, 1], "rotation": 270, "texture": "#rail"},
				"up": {"uv": [12, 7, 4, 5], "texture": "#rail"},
				"down": {"uv": [12, 5, 4, 7], "texture": "#rail"}
			}
		},
		{
			"from": [4, 9.92893, 3.84315],
			"to": [12, 10.42893, 5.84315],
			"rotation": {"angle": -45, "axis": "x", "origin": [2, 9.92893, 10.34315]},
			"faces": {
				"north": {"uv": [4, 11, 12, 10], "texture": "#rail"},
				"east": {"uv": [14, 3, 15, 1], "rotation": 90, "texture": "#rail"},
				"south": {"uv": [12, 9, 4, 10], "texture": "#rail"},
				"west": {"uv": [15, 3, 14, 1], "rotation": 270, "texture": "#rail"},
				"up": {"uv": [12, 11, 4, 9], "texture": "#rail"},
				"down": {"uv": [12, 9, 4, 11], "texture": "#rail"}
			}
		},
		{
			"from": [4, 9.92893, -1.90685],
			"to": [12, 10.42893, 0.09315],
			"rotation": {"angle": -45, "axis": "x", "origin": [2, 9.92893, 10.34315]},
			"faces": {
				"north": {"uv": [4, 15, 12, 14], "texture": "#rail"},
				"east": {"uv": [14, 3, 15, 1], "rotation": 90, "texture": "#rail"},
				"south": {"uv": [12, 13, 4, 14], "texture": "#rail"},
				"west": {"uv": [15, 3, 14, 1], "rotation": 270, "texture": "#rail"},
				"up": {"uv": [12, 15, 4, 13], "texture": "#rail"},
				"down": {"uv": [12, 13, 4, 15], "texture": "#rail"}
			}
		},
		{
			"from": [12, 9.92893, -3.65685],
			"to": [14, 10.92893, 19.34315],
			"rotation": {"angle": -45, "axis": "x", "origin": [2, 9.92893, 10.34315]},
			"faces": {
				"north": {"uv": [2, 15, 4, 16], "texture": "#rail"},
				"east": {"uv": [2, 16, 3, 0], "rotation": 90, "texture": "#rail"},
				"south": {"uv": [2, 0, 4, 1], "texture": "#rail"},
				"west": {"uv": [3, 0, 4, 16], "rotation": 270, "texture": "#rail"},
				"up": {"uv": [4, 0, 2, 16], "texture": "#rail"},
				"down": {"uv": [4, 0, 2, 16], "texture": "#rail"}
			}
		}
	]
}