{
	"credit": "Made by Ecorn",
	"parent": "minecraft:block/template_rail_raised_ne",
	"textures": {
		"particle": "block/detector_rail",
		"rail": "block/detector_rail"
	},
	"elements": [
		{
			"from": [2, -11.26346, 10.29289],
			"to": [4, 11.73654, 11.29289],
			"rotation": {"angle": -45, "axis": "x", "origin": [0, 0.73654, -0.70711]},
			"faces": {
				"north": {"uv": [4, 0, 2, 16], "texture": "#rail"},
				"east": {"uv": [3, 16, 4, 0], "texture": "#rail"},
				"south": {"uv": [2, 0, 4, 16], "texture": "#rail"},
				"west": {"uv": [2, 16, 3, 0], "texture": "#rail"},
				"up": {"uv": [2, 0, 4, 1], "texture": "#rail"},
				"down": {"uv": [2, 0, 4, 1], "texture": "#rail"}
			}
		},
		{
			"from": [1, 7.75, 11],
			"to": [2, 9.75, 11.5],
			"rotation": {"angle": -45, "axis": "x", "origin": [0, 0, 0]},
			"faces": {
				"north": {"uv": [2, 1, 1, 3], "texture": "#rail"},
				"east": {"uv": [1, 1, 2, 3], "texture": "#rail"},
				"south": {"uv": [1, 1, 2, 3], "texture": "#rail"},
				"west": {"uv": [1, 1, 2, 3], "texture": "#rail"},
				"up": {"uv": [1, 1, 2, 2], "texture": "#rail"},
				"down": {"uv": [1, 2, 2, 3], "texture": "#rail"}
			}
		},
		{
			"from": [14, 7.75, 11],
			"to": [15, 9.75, 11.5],
			"rotation": {"angle": -45, "axis": "x", "origin": [0, 0, 0]},
			"faces": {
				"north": {"uv": [2, 1, 1, 3], "texture": "#rail"},
				"east": {"uv": [1, 1, 2, 3], "texture": "#rail"},
				"south": {"uv": [1, 1, 2, 3], "texture": "#rail"},
				"west": {"uv": [1, 1, 2, 3], "texture": "#rail"},
				"up": {"uv": [1, 1, 2, 2], "texture": "#rail"},
				"down": {"uv": [1, 2, 2, 3], "texture": "#rail"}
			}
		},
		{
			"from": [1, 2.5, 11],
			"to": [2, 4.5, 11.5],
			"rotation": {"angle": -45, "axis": "x", "origin": [0, 0, 0]},
			"faces": {
				"north": {"uv": [2, 1, 1, 3], "texture": "#rail"},
				"east": {"uv": [1, 1, 2, 3], "texture": "#rail"},
				"south": {"uv": [1, 1, 2, 3], "texture": "#rail"},
				"west": {"uv": [1, 1, 2, 3], "texture": "#rail"},
				"up": {"uv": [1, 1, 2, 2], "texture": "#rail"},
				"down": {"uv": [1, 2, 2, 3], "texture": "#rail"}
			}
		},
		{
			"from": [14, 2.5, 11],
			"to": [15, 4.5, 11.5],
			"rotation": {"angle": -45, "axis": "x", "origin": [0, 0, 0]},
			"faces": {
				"north": {"uv": [2, 1, 1, 3], "texture": "#rail"},
				"east": {"uv": [1, 1, 2, 3], "texture": "#rail"},
				"south": {"uv": [1, 1, 2, 3], "texture": "#rail"},
				"west": {"uv": [1, 1, 2, 3], "texture": "#rail"},
				"up": {"uv": [1, 1, 2, 2], "texture": "#rail"},
				"down": {"uv": [1, 2, 2, 3], "texture": "#rail"}
			}
		},
		{
			"from": [1, -3.25, 11],
			"to": [2, -1.25, 11.5],
			"rotation": {"angle": -45, "axis": "x", "origin": [0, 0, 0]},
			"faces": {
				"north": {"uv": [2, 1, 1, 3], "texture": "#rail"},
				"east": {"uv": [1, 1, 2, 3], "texture": "#rail"},
				"south": {"uv": [1, 1, 2, 3], "texture": "#rail"},
				"west": {"uv": [1, 1, 2, 3], "texture": "#rail"},
				"up": {"uv": [1, 1, 2, 2], "texture": "#rail"},
				"down": {"uv": [1, 2, 2, 3], "texture": "#rail"}
			}
		},
		{
			"from": [14, -3.25, 11],
			"to": [15, -1.25, 11.5],
			"rotation": {"angle": -45, "axis": "x", "origin": [0, 0, 0]},
			"faces": {
				"north": {"uv": [2, 1, 1, 3], "texture": "#rail"},
				"east": {"uv": [1, 1, 2, 3], "texture": "#rail"},
				"south": {"uv": [1, 1, 2, 3], "texture": "#rail"},
				"west": {"uv": [1, 1, 2, 3], "texture": "#rail"},
				"up": {"uv": [1, 1, 2, 2], "texture": "#rail"},
				"down": {"uv": [1, 2, 2, 3], "texture": "#rail"}
			}
		},
		{
			"from": [1, -9, 11],
			"to": [2, -7, 11.5],
			"rotation": {"angle": -45, "axis": "x", "origin": [0, 0, 0]},
			"faces": {
				"north": {"uv": [2, 1, 1, 3], "texture": "#rail"},
				"east": {"uv": [1, 1, 2, 3], "texture": "#rail"},
				"south": {"uv": [1, 1, 2, 3], "texture": "#rail"},
				"west": {"uv": [1, 1, 2, 3], "texture": "#rail"},
				"up": {"uv": [1, 1, 2, 2], "texture": "#rail"},
				"down": {"uv": [1, 2, 2, 3], "texture": "#rail"}
			}
		},
		{
			"from": [4, -9, 11],
			"to": [12, -7, 11.5],
			"rotation": {"angle": -45, "axis": "x", "origin": [0, 0, 0]},
			"faces": {
				"north": {"uv": [12, 13, 4, 15], "texture": "#rail"},
				"east": {"uv": [4, 13, 5, 15], "texture": "#rail"},
				"south": {"uv": [4, 13, 12, 15], "texture": "#rail"},
				"west": {"uv": [4, 13, 5, 15], "texture": "#rail"},
				"up": {"uv": [4, 13, 12, 14], "texture": "#rail"},
				"down": {"uv": [4, 14, 12, 15], "texture": "#rail"}
			}
		},
		{
			"from": [4, -3.25, 11],
			"to": [12, -1.25, 11.5],
			"rotation": {"angle": -45, "axis": "x", "origin": [0, 0, 0]},
			"faces": {
				"north": {"uv": [12, 1, 4, 3], "texture": "#rail"},
				"east": {"uv": [4, 1, 5, 3], "texture": "#rail"},
				"south": {"uv": [4, 1, 12, 3], "texture": "#rail"},
				"west": {"uv": [4, 1, 5, 3], "texture": "#rail"},
				"up": {"uv": [4, 1, 12, 2], "texture": "#rail"},
				"down": {"uv": [4, 2, 12, 3], "texture": "#rail"}
			}
		},
		{
			"from": [4, 2.5, 11],
			"to": [12, 4.5, 11.5],
			"rotation": {"angle": -45, "axis": "x", "origin": [0, 0, 0]},
			"faces": {
				"north": {"uv": [12, 13, 4, 15], "texture": "#rail"},
				"east": {"uv": [4, 13, 5, 15], "texture": "#rail"},
				"south": {"uv": [4, 13, 12, 15], "texture": "#rail"},
				"west": {"uv": [4, 13, 5, 15], "texture": "#rail"},
				"up": {"uv": [4, 13, 12, 14], "texture": "#rail"},
				"down": {"uv": [4, 14, 12, 15], "texture": "#rail"}
			}
		},
		{
			"from": [5, -2.35, 11.05],
			"to": [11, 3.65, 12],
			"rotation": {"angle": -45, "axis": "x", "origin": [0, 0, 0]},
			"faces": {
				"north": {"uv": [5, 5, 11, 11], "texture": "#rail"},
				"east": {"uv": [11, 5, 10, 11], "texture": "#rail"},
				"south": {"uv": [5, 5, 11, 11], "texture": "#rail"},
				"west": {"uv": [6, 5, 5, 11], "texture": "#rail"},
				"up": {"uv": [5, 5, 11, 6], "texture": "#rail"},
				"down": {"uv": [5, 10, 11, 11], "texture": "#rail"}
			}
		},
		{
			"from": [6, -1.35, 12],
			"to": [10, 2.65, 12.5],
			"rotation": {"angle": -45, "axis": "x", "origin": [0, 0, 0]},
			"faces": {
				"north": {"uv": [5, 5, 11, 11], "texture": "#rail"},
				"east": {"uv": [10, 6, 9, 10], "texture": "#rail"},
				"south": {"uv": [6, 6, 10, 10], "texture": "#rail"},
				"west": {"uv": [7, 6, 6, 10], "texture": "#rail"},
				"up": {"uv": [6, 6, 10, 7], "texture": "#rail"},
				"down": {"uv": [6, 9, 10, 10], "texture": "#rail"}
			}
		},
		{
			"from": [4, 7.75, 11],
			"to": [12, 9.75, 11.5],
			"rotation": {"angle": -45, "axis": "x", "origin": [0, 0, 0]},
			"faces": {
				"north": {"uv": [12, 1, 4, 3], "texture": "#rail"},
				"east": {"uv": [4, 1, 5, 3], "texture": "#rail"},
				"south": {"uv": [4, 1, 12, 3], "texture": "#rail"},
				"west": {"uv": [4, 1, 5, 3], "texture": "#rail"},
				"up": {"uv": [4, 1, 12, 2], "texture": "#rail"},
				"down": {"uv": [4, 2, 12, 3], "texture": "#rail"}
			}
		},
		{
			"from": [14, -9, 11],
			"to": [15, -7, 11.5],
			"rotation": {"angle": -45, "axis": "x", "origin": [0, 0, 0]},
			"faces": {
				"north": {"uv": [2, 1, 1, 3], "texture": "#rail"},
				"east": {"uv": [1, 1, 2, 3], "texture": "#rail"},
				"south": {"uv": [1, 1, 2, 3], "texture": "#rail"},
				"west": {"uv": [1, 1, 2, 3], "texture": "#rail"},
				"up": {"uv": [1, 1, 2, 2], "texture": "#rail"},
				"down": {"uv": [1, 2, 2, 3], "texture": "#rail"}
			}
		},
		{
			"from": [12, -12.38478, 11.58579],
			"to": [14, 10.61522, 12.58579],
			"rotation": {"angle": -45, "axis": "x", "origin": [0, -1.38478, -1.41421]},
			"faces": {
				"north": {"uv": [14, 0, 12, 16], "texture": "#rail"},
				"east": {"uv": [13, 16, 14, 0], "texture": "#rail"},
				"south": {"uv": [12, 0, 14, 16], "texture": "#rail"},
				"west": {"uv": [12, 16, 13, 0], "texture": "#rail"},
				"up": {"uv": [12, 0, 14, 1], "texture": "#rail"},
				"down": {"uv": [12, 0, 14, 1], "texture": "#rail"}
			}
		}
	]
}