{
	"credit": "Made by Ecorn",
	"parent": "minecraft:block/orientable",
	"textures": {
		"2": "block/dispenser_front",
		"3": "block/furnace_top",
		"particle": "block/furnace_top",
		"top": "block/dispenser_side"
	},
	"elements": [
		{
			"from": [0, 0, 0],
			"to": [16, 16, 16],
			"faces": {
				"north": {"uv": [0, 0, 16, 16], "texture": "#2"},
				"east": {"uv": [16, 0, 0, 16], "texture": "#top"},
				"south": {"uv": [0, 0, 16, 16], "texture": "#3"},
				"west": {"uv": [0, 0, 16, 16], "texture": "#top"},
				"up": {"uv": [0, 16, 16, 0], "rotation": 90, "texture": "#top"},
				"down": {"uv": [16, 16, 0, 0], "rotation": 90, "texture": "#top"}
			}
		}
	]
}