{
	"credit": "Made with Blockbench",
	"ambientocclusion": false,
	"textures": {
		"particle": "block/iron_bars",
		"bars": "block/iron_bars"
	},
	"elements": [
		{
			"from": [7.5, 0, 7.5],
			"to": [8.5, 16, 8.5],
			"faces": {
				"north": {"uv": [8, 0, 9, 16], "texture": "#bars"},
				"east": {"uv": [8, 0, 9, 16], "texture": "#bars"},
				"south": {"uv": [7, 0, 8, 16], "texture": "#bars"},
				"west": {"uv": [7, 0, 8, 16], "texture": "#bars"},
				"up": {"uv": [7, 0, 8, 1], "texture": "#bars"},
				"down": {"uv": [7, 15, 8, 16], "texture": "#bars"}
			}
		}
	]
}