{
	"credit": "Made with Blockbench",
	"ambientocclusion": false,
	"textures": {
		"particle": "block/iron_bars",
		"bars": "block/iron_bars"
	},
	"elements": [
		{
			"from": [7.5, 0, 2.25],
			"to": [8.5, 16, 4.25],
			"faces": {
				"north": {"uv": [13, 0, 14, 16], "texture": "#bars"},
				"east": {"uv": [12, 0, 14, 16], "texture": "#bars"},
				"south": {"uv": [12, 0, 13, 16], "texture": "#bars"},
				"west": {"uv": [14, 0, 12, 16], "texture": "#bars"},
				"up": {"uv": [12, 0, 13, 2], "texture": "#bars"},
				"down": {"uv": [12, 0, 13, 2], "texture": "#bars"}
			}
		},
		{
			"from": [7.5, 0, 7.5],
			"to": [8.5, 16, 8.5],
			"faces": {
				"north": {"uv": [7, 0, 8, 16], "texture": "#bars"},
				"east": {"uv": [7, 0, 8, 16], "texture": "#bars"},
				"south": {"uv": [7, 0, 8, 16], "texture": "#bars"},
				"west": {"uv": [8, 0, 7, 16], "texture": "#bars"},
				"up": {"uv": [7, 0, 8, 1], "texture": "#bars"},
				"down": {"uv": [7, 15, 8, 16], "texture": "#bars"}
			}
		},
		{
			"from": [7.5, 2, 4.25],
			"to": [8.5, 4, 7.5],
			"faces": {
				"north": {"uv": [8, 0, 9, 16], "texture": "#bars"},
				"east": {"uv": [9, 12, 12, 14], "texture": "#bars"},
				"south": {"uv": [8, 0, 9, 16], "texture": "#bars"},
				"west": {"uv": [12, 12, 9, 14], "texture": "#bars"},
				"up": {"uv": [12, 12, 9, 13], "rotation": 90, "texture": "#bars"},
				"down": {"uv": [9, 13, 12, 14], "rotation": 90, "texture": "#bars"}
			}
		},
		{
			"from": [7.5, 7, 0],
			"to": [8.5, 9, 2.25],
			"faces": {
				"north": {"uv": [8, 0, 9, 16], "texture": "#bars"},
				"east": {"uv": [4, 2, 6, 4], "texture": "#bars"},
				"south": {"uv": [8, 0, 9, 16], "texture": "#bars"},
				"west": {"uv": [6, 2, 4, 4], "texture": "#bars"},
				"up": {"uv": [6, 2, 4, 3], "rotation": 90, "texture": "#bars"},
				"down": {"uv": [4, 3, 6, 4], "rotation": 90, "texture": "#bars"}
			}
		}
	]
}