{
	"credit": "Made by Ecorn",
	"parent": "block/observer",
	"textures": {
		"1": "block/observer_front",
		"2": "block/observer_side_on",
		"3": "block/observer_top_on",
		"bottom": "block/observer_back_on",
		"particle": "block/observer_front"
	},
	"elements": [
		{
			"from": [0, 0, 0],
			"to": [16, 16, 16],
			"faces": {
				"north": {"uv": [0, 0, 16, 16], "texture": "#1", "cullface": "north"},
				"east": {"uv": [16, 0, 0, 16], "texture": "#2", "cullface": "east"},
				"south": {"uv": [0, 0, 16, 16], "texture": "#bottom", "cullface": "south"},
				"west": {"uv": [0, 0, 16, 16], "texture": "#2", "cullface": "west"},
				"up": {"uv": [0, 16, 16, 0], "texture": "#3", "cullface": "up"},
				"down": {"uv": [0, 0, 16, 16], "texture": "#3", "cullface": "down"}
			}
		}
	]
}