{
	"credit": "Made by Ecorn",
	"parent": "minecraft:block/template_rail_raised_sw",
	"textures": {
		"particle": "block/powered_rail_on",
		"rail": "block/powered_rail_on"
	},
	"elements": [
		{
			"from": [2, 9.92893, -3.65685],
			"to": [4, 10.92893, 19.34315],
			"rotation": {"angle": -45, "axis": "x", "origin": [2, 9.92893, 10.34315]},
			"faces": {
				"north": {"uv": [12, 15, 14, 16], "texture": "#rail"},
				"east": {"uv": [12, 16, 13, 0], "rotation": 90, "texture": "#rail"},
				"south": {"uv": [12, 0, 14, 1], "texture": "#rail"},
				"west": {"uv": [13, 0, 14, 16], "rotation": 270, "texture": "#rail"},
				"up": {"uv": [14, 0, 12, 16], "texture": "#rail"},
				"down": {"uv": [14, 0, 12, 16], "texture": "#rail"}
			}
		},
		{
			"from": [1, 9.92893, 15.34315],
			"to": [2, 10.42893, 17.34315],
			"rotation": {"angle": -45, "axis": "x", "origin": [2, 9.92893, 10.34315]},
			"faces": {
				"north": {"uv": [14, 3, 15, 2], "texture": "#rail"},
				"east": {"uv": [14, 3, 15, 1], "rotation": 90, "texture": "#rail"},
				"south": {"uv": [14, 1, 15, 2], "texture": "#rail"},
				"west": {"uv": [15, 3, 14, 1], "rotation": 270, "texture": "#rail"},
				"up": {"uv": [14, 3, 15, 1], "texture": "#rail"},
				"down": {"uv": [15, 1, 14, 3], "texture": "#rail"}
			}
		},
		{
			"from": [1, 9.92893, 9.59315],
			"to": [2, 10.42893, 11.59315],
			"rotation": {"angle": -45, "axis": "x", "origin": [2, 9.92893, 10.34315]},
			"faces": {
				"north": {"uv": [14, 3, 15, 2], "texture": "#rail"},
				"east": {"uv": [14, 3, 15, 1], "rotation": 90, "texture": "#rail"},
				"south": {"uv": [14, 1, 15, 2], "texture": "#rail"},
				"west": {"uv": [15, 3, 14, 1], "rotation": 270, "texture": "#rail"},
				"up": {"uv": [14, 3, 15, 1], "texture": "#rail"},
				"down": {"uv": [15, 1, 14, 3], "texture": "#rail"}
			}
		},
		{
			"from": [1, 9.92893, 3.84315],
			"to": [2, 10.42893, 5.84315],
			"rotation": {"angle": -45, "axis": "x", "origin": [2, 9.92893, 10.34315]},
			"faces": {
				"north": {"uv": [14, 3, 15, 2], "texture": "#rail"},
				"east": {"uv": [14, 3, 15, 1], "rotation": 90, "texture": "#rail"},
				"south": {"uv": [14, 1, 15, 2], "texture": "#rail"},
				"west": {"uv": [15, 3, 14, 1], "rotation": 270, "texture": "#rail"},
				"up": {"uv": [14, 3, 15, 1], "texture": "#rail"},
				"down": {"uv": [15, 1, 14, 3], "texture": "#rail"}
			}
		},
		{
			"from": [1, 9.92893, -1.90685],
			"to": [2, 10.42893, 0.09315],
			"rotation": {"angle": -45, "axis": "x", "origin": [2, 9.92893, 10.34315]},
			"faces": {
				"north": {"uv": [14, 3, 15, 2], "texture": "#rail"},
				"east": {"uv": [14, 3, 15, 1], "rotation": 90, "texture": "#rail"},
				"south": {"uv": [14, 1, 15, 2], "texture": "#rail"},
				"west": {"uv": [15, 3, 14, 1], "rotation": 270, "texture": "#rail"},
				"up": {"uv": [14, 3, 15, 1], "texture": "#rail"},
				"down": {"uv": [15, 1, 14, 3], "texture": "#rail"}
			}
		},
		{
			"from": [14, 9.92893, 3.84315],
			"to": [15, 10.42893, 5.84315],
			"rotation": {"angle": -45, "axis": "x", "origin": [2, 9.92893, 10.34315]},
			"faces": {
				"north": {"uv": [14, 3, 15, 2], "texture": "#rail"},
				"east": {"uv": [14, 3, 15, 1], "rotation": 90, "texture": "#rail"},
				"south": {"uv": [14, 1, 15, 2], "texture": "#rail"},
				"west": {"uv": [15, 3, 14, 1], "rotation": 270, "texture": "#rail"},
				"up": {"uv": [14, 3, 15, 1], "texture": "#rail"},
				"down": {"uv": [15, 1, 14, 3], "texture": "#rail"}
			}
		},
		{
			"from": [14, 9.92893, -1.90685],
			"to": [15, 10.42893, 0.09315],
			"rotation": {"angle": -45, "axis": "x", "origin": [2, 9.92893, 10.34315]},
			"faces": {
				"north": {"uv": [14, 3, 15, 2], "texture": "#rail"},
				"east": {"uv": [14, 3, 15, 1], "rotation": 90, "texture": "#rail"},
				"south": {"uv": [14, 1, 15, 2], "texture": "#rail"},
				"west": {"uv": [15, 3, 14, 1], "rotation": 270, "texture": "#rail"},
				"up": {"uv": [14, 3, 15, 1], "texture": "#rail"},
				"down": {"uv": [15, 1, 14, 3], "texture": "#rail"}
			}
		},
		{
			"from": [14, 9.92893, 9.59315],
			"to": [15, 10.42893, 11.59315],
			"rotation": {"angle": -45, "axis": "x", "origin": [2, 9.92893, 10.34315]},
			"faces": {
				"north": {"uv": [14, 3, 15, 2], "texture": "#rail"},
				"east": {"uv": [14, 3, 15, 1], "rotation": 90, "texture": "#rail"},
				"south": {"uv": [14, 1, 15, 2], "texture": "#rail"},
				"west": {"uv": [15, 3, 14, 1], "rotation": 270, "texture": "#rail"},
				"up": {"uv": [14, 3, 15, 1], "texture": "#rail"},
				"down": {"uv": [15, 1, 14, 3], "texture": "#rail"}
			}
		},
		{
			"from": [14, 9.92893, 15.34315],
			"to": [15, 10.42893, 17.34315],
			"rotation": {"angle": -45, "axis": "x", "origin": [2, 9.92893, 10.34315]},
			"faces": {
				"north": {"uv": [14, 3, 15, 2], "texture": "#rail"},
				"east": {"uv": [14, 3, 15, 1], "rotation": 90, "texture": "#rail"},
				"south": {"uv": [14, 1, 15, 2], "texture": "#rail"},
				"west": {"uv": [15, 3, 14, 1], "rotation": 270, "texture": "#rail"},
				"up": {"uv": [14, 3, 15, 1], "texture": "#rail"},
				"down": {"uv": [15, 1, 14, 3], "texture": "#rail"}
			}
		},
		{
			"from": [5, 9.92893, 15.34315],
			"to": [11, 10.42893, 17.34315],
			"rotation": {"angle": -45, "axis": "x", "origin": [2, 9.92893, 10.34315]},
			"faces": {
				"north": {"uv": [5, 3, 11, 2], "texture": "#rail"},
				"east": {"uv": [10, 3, 11, 1], "rotation": 90, "texture": "#rail"},
				"south": {"uv": [11, 1, 5, 2], "texture": "#rail"},
				"west": {"uv": [11, 3, 10, 1], "rotation": 270, "texture": "#rail"},
				"up": {"uv": [11, 3, 5, 1], "texture": "#rail"},
				"down": {"uv": [11, 1, 5, 3], "texture": "#rail"}
			}
		},
		{
			"from": [5, 9.92893, 9.59315],
			"to": [11, 10.42893, 11.59315],
			"rotation": {"angle": -45, "axis": "x", "origin": [2, 9.92893, 10.34315]},
			"faces": {
				"north": {"uv": [5, 7, 11, 6], "texture": "#rail"},
				"east": {"uv": [5, 7, 6, 5], "rotation": 90, "texture": "#rail"},
				"south": {"uv": [11, 5, 5, 6], "texture": "#rail"},
				"west": {"uv": [11, 7, 10, 5], "rotation": 270, "texture": "#rail"},
				"up": {"uv": [11, 7, 5, 5], "texture": "#rail"},
				"down": {"uv": [11, 5, 5, 7], "texture": "#rail"}
			}
		},
		{
			"from": [5, 9.92893, 3.84315],
			"to": [11, 10.42893, 5.84315],
			"rotation": {"angle": -45, "axis": "x", "origin": [2, 9.92893, 10.34315]},
			"faces": {
				"north": {"uv": [5, 11, 11, 10], "texture": "#rail"},
				"east": {"uv": [5, 11, 6, 9], "rotation": 90, "texture": "#rail"},
				"south": {"uv": [11, 9, 5, 10], "texture": "#rail"},
				"west": {"uv": [11, 11, 10, 9], "rotation": 270, "texture": "#rail"},
				"up": {"uv": [11, 11, 5, 9], "texture": "#rail"},
				"down": {"uv": [11, 9, 5, 11], "texture": "#rail"}
			}
		},
		{
			"from": [5, 9.92893, -1.90685],
			"to": [11, 10.42893, 0.09315],
			"rotation": {"angle": -45, "axis": "x", "origin": [2, 9.92893, 10.34315]},
			"faces": {
				"north": {"uv": [5, 15, 11, 14], "texture": "#rail"},
				"east": {"uv": [5, 15, 6, 13], "rotation": 90, "texture": "#rail"},
				"south": {"uv": [11, 13, 5, 14], "texture": "#rail"},
				"west": {"uv": [11, 15, 10, 13], "rotation": 270, "texture": "#rail"},
				"up": {"uv": [11, 15, 5, 13], "texture": "#rail"},
				"down": {"uv": [11, 13, 5, 15], "texture": "#rail"}
			}
		},
		{
			"from": [12, 9.92893, -3.65685],
			"to": [14, 10.92893, 19.34315],
			"rotation": {"angle": -45, "axis": "x", "origin": [2, 9.92893, 10.34315]},
			"faces": {
				"north": {"uv": [2, 15, 4, 16], "texture": "#rail"},
				"east": {"uv": [2, 16, 3, 0], "rotation": 90, "texture": "#rail"},
				"south": {"uv": [2, 0, 4, 1], "texture": "#rail"},
				"west": {"uv": [3, 0, 4, 16], "rotation": 270, "texture": "#rail"},
				"up": {"uv": [4, 0, 2, 16], "texture": "#rail"},
				"down": {"uv": [4, 0, 2, 16], "texture": "#rail"}
			}
		},
		{
			"from": [11, 10.92728, -0.8052],
			"to": [12, 11.77728, 21.9948],
			"rotation": {"angle": -45, "axis": "x", "origin": [2, 7.02728, 12.9948]},
			"faces": {
				"north": {"uv": [11, 15, 12, 16], "texture": "#rail"},
				"east": {"uv": [4, 0, 5, 16], "rotation": 90, "texture": "#rail"},
				"south": {"uv": [4, 0, 5, 1], "texture": "#rail"},
				"west": {"uv": [4, 0, 5, 16], "rotation": 270, "texture": "#rail"},
				"up": {"uv": [5, 0, 4, 16], "texture": "#rail"},
				"down": {"uv": [5, 16, 4, 0], "texture": "#rail"}
			}
		},
		{
			"from": [4, 10.92728, -0.8552],
			"to": [5, 11.77728, 21.9948],
			"rotation": {"angle": -45, "axis": "x", "origin": [2, 7.02728, 12.9948]},
			"faces": {
				"north": {"uv": [11, 15, 12, 16], "texture": "#rail"},
				"east": {"uv": [12, 0, 11, 16], "rotation": 90, "texture": "#rail"},
				"south": {"uv": [11, 0, 12, 1], "texture": "#rail"},
				"west": {"uv": [11, 0, 12, 16], "rotation": 270, "texture": "#rail"},
				"up": {"uv": [12, 0, 11, 16], "texture": "#rail"},
				"down": {"uv": [12, 16, 11, 0], "texture": "#rail"}
			}
		}
	]
}