{
	"credit": "Made by Ecorn",
	"parent": "minecraft:block/rail_flat",
	"textures": {
		"particle": "block/powered_rail",
		"rail": "block/powered_rail"
	},
	"elements": [
		{
			"from": [2, 0, 0],
			"to": [4, 1, 16],
			"faces": {
				"north": {"uv": [12, 0, 14, 1], "texture": "#rail"},
				"east": {"uv": [12, 16, 13, 0], "rotation": 90, "texture": "#rail"},
				"south": {"uv": [14, 15, 12, 16], "texture": "#rail"},
				"west": {"uv": [14, 16, 13, 0], "rotation": 270, "texture": "#rail"},
				"up": {"uv": [14, 0, 12, 16], "texture": "#rail"},
				"down": {"uv": [14, 16, 12, 0], "texture": "#rail"}
			}
		},
		{
			"from": [12, 0, 0],
			"to": [14, 1, 16],
			"faces": {
				"north": {"uv": [14, 0, 12, 1], "texture": "#rail"},
				"east": {"uv": [2, 16, 3, 0], "rotation": 90, "texture": "#rail"},
				"south": {"uv": [12, 15, 14, 16], "texture": "#rail"},
				"west": {"uv": [4, 16, 3, 0], "rotation": 270, "texture": "#rail"},
				"up": {"uv": [4, 0, 2, 16], "texture": "#rail"},
				"down": {"uv": [4, 16, 2, 0], "texture": "#rail"}
			}
		},
		{
			"from": [1, 0, 1],
			"to": [2, 0.5, 3],
			"faces": {
				"north": {"uv": [14, 13, 15, 13.5], "texture": "#rail"},
				"east": {"uv": [14, 13, 15, 15], "rotation": 90, "texture": "#rail"},
				"south": {"uv": [14, 14, 15, 15], "texture": "#rail"},
				"west": {"uv": [14, 13, 15, 15], "rotation": 270, "texture": "#rail"},
				"up": {"uv": [14, 13, 15, 15], "texture": "#rail"},
				"down": {"uv": [15, 15, 14, 13], "texture": "#rail"}
			}
		},
		{
			"from": [14, 0, 1],
			"to": [15, 0.5, 3],
			"faces": {
				"north": {"uv": [14, 13, 15, 13.5], "texture": "#rail"},
				"east": {"uv": [14, 13, 15, 15], "rotation": 90, "texture": "#rail"},
				"south": {"uv": [14, 14, 15, 15], "texture": "#rail"},
				"west": {"uv": [14, 13, 15, 15], "rotation": 270, "texture": "#rail"},
				"up": {"uv": [14, 13, 15, 15], "texture": "#rail"},
				"down": {"uv": [15, 15, 14, 13], "texture": "#rail"}
			}
		},
		{
			"from": [5, 0, 1],
			"to": [11, 0.5, 3],
			"faces": {
				"north": {"uv": [5, 1, 11, 1.5], "texture": "#rail"},
				"east": {"uv": [5, 1, 6, 3], "rotation": 90, "texture": "#rail"},
				"south": {"uv": [5, 2.5, 11, 3], "texture": "#rail"},
				"west": {"uv": [10, 1, 11, 3], "rotation": 270, "texture": "#rail"},
				"up": {"uv": [5, 1, 11, 3], "texture": "#rail"},
				"down": {"uv": [11, 3, 5, 1], "texture": "#rail"}
			}
		},
		{
			"from": [7, 0, 3],
			"to": [9, 0.25, 5],
			"faces": {
				"north": {"uv": [7, 3, 9, 4], "texture": "#rail"},
				"east": {"uv": [8, 3, 9, 5], "rotation": 90, "texture": "#rail"},
				"south": {"uv": [7, 4, 9, 5], "texture": "#rail"},
				"west": {"uv": [7, 3, 8, 5], "rotation": 270, "texture": "#rail"},
				"up": {"uv": [7, 3, 9, 5], "texture": "#rail"},
				"down": {"uv": [7, 5, 9, 3], "texture": "#rail"}
			}
		},
		{
			"from": [4, 0, 0],
			"to": [5, 0.75, 16],
			"faces": {
				"north": {"uv": [4, 0, 5, 1], "texture": "#rail"},
				"east": {"uv": [5, 0, 4, 16], "rotation": 90, "texture": "#rail"},
				"south": {"uv": [4, 15, 5, 16], "texture": "#rail"},
				"west": {"uv": [4, 0, 5, 16], "rotation": 270, "texture": "#rail"},
				"up": {"uv": [4, 0, 5, 16], "texture": "#rail"},
				"down": {"uv": [4, 16, 5, 0], "texture": "#rail"}
			}
		},
		{
			"from": [11, 0, 0],
			"to": [12, 0.75, 16],
			"faces": {
				"north": {"uv": [11, 0, 12, 1], "texture": "#rail"},
				"east": {"uv": [12, 0, 11, 16], "rotation": 90, "texture": "#rail"},
				"south": {"uv": [11, 15, 12, 16], "texture": "#rail"},
				"west": {"uv": [11, 0, 12, 16], "rotation": 270, "texture": "#rail"},
				"up": {"uv": [11, 0, 12, 16], "texture": "#rail"},
				"down": {"uv": [11, 16, 12, 0], "texture": "#rail"}
			}
		},
		{
			"from": [7, 0, 7],
			"to": [9, 0.25, 9],
			"faces": {
				"north": {"uv": [7, 3, 9, 4], "texture": "#rail"},
				"east": {"uv": [8, 3, 9, 5], "rotation": 90, "texture": "#rail"},
				"south": {"uv": [7, 4, 9, 5], "texture": "#rail"},
				"west": {"uv": [7, 3, 8, 5], "rotation": 270, "texture": "#rail"},
				"up": {"uv": [7, 3, 9, 5], "texture": "#rail"},
				"down": {"uv": [7, 5, 9, 3], "texture": "#rail"}
			}
		},
		{
			"from": [7, 0, 11],
			"to": [9, 0.25, 13],
			"faces": {
				"north": {"uv": [7, 3, 9, 4], "texture": "#rail"},
				"east": {"uv": [8, 3, 9, 5], "rotation": 90, "texture": "#rail"},
				"south": {"uv": [7, 4, 9, 5], "texture": "#rail"},
				"west": {"uv": [7, 3, 8, 5], "rotation": 270, "texture": "#rail"},
				"up": {"uv": [7, 3, 9, 5], "texture": "#rail"},
				"down": {"uv": [7, 5, 9, 3], "texture": "#rail"}
			}
		},
		{
			"from": [5, 0, 5],
			"to": [11, 0.5, 7],
			"faces": {
				"north": {"uv": [5, 1, 11, 1.5], "texture": "#rail"},
				"east": {"uv": [5, 1, 6, 3], "rotation": 90, "texture": "#rail"},
				"south": {"uv": [5, 2.5, 11, 3], "texture": "#rail"},
				"west": {"uv": [10, 1, 11, 3], "rotation": 270, "texture": "#rail"},
				"up": {"uv": [5, 1, 11, 3], "texture": "#rail"},
				"down": {"uv": [11, 3, 5, 1], "texture": "#rail"}
			}
		},
		{
			"from": [5, 0, 9],
			"to": [11, 0.5, 11],
			"faces": {
				"north": {"uv": [5, 1, 11, 1.5], "texture": "#rail"},
				"east": {"uv": [5, 1, 6, 3], "rotation": 90, "texture": "#rail"},
				"south": {"uv": [5, 2.5, 11, 3], "texture": "#rail"},
				"west": {"uv": [10, 1, 11, 3], "rotation": 270, "texture": "#rail"},
				"up": {"uv": [5, 1, 11, 3], "texture": "#rail"},
				"down": {"uv": [11, 3, 5, 1], "texture": "#rail"}
			}
		},
		{
			"from": [5, 0, 13],
			"to": [11, 0.5, 15],
			"faces": {
				"north": {"uv": [5, 1, 11, 1.5], "texture": "#rail"},
				"east": {"uv": [5, 1, 6, 3], "rotation": 90, "texture": "#rail"},
				"south": {"uv": [5, 2.5, 11, 3], "texture": "#rail"},
				"west": {"uv": [10, 1, 11, 3], "rotation": 270, "texture": "#rail"},
				"up": {"uv": [5, 1, 11, 3], "texture": "#rail"},
				"down": {"uv": [11, 3, 5, 1], "texture": "#rail"}
			}
		},
		{
			"from": [1, 0, 5],
			"to": [2, 0.5, 7],
			"faces": {
				"north": {"uv": [14, 13, 15, 13.5], "texture": "#rail"},
				"east": {"uv": [14, 13, 15, 15], "rotation": 90, "texture": "#rail"},
				"south": {"uv": [14, 14, 15, 15], "texture": "#rail"},
				"west": {"uv": [14, 13, 15, 15], "rotation": 270, "texture": "#rail"},
				"up": {"uv": [14, 13, 15, 15], "texture": "#rail"},
				"down": {"uv": [15, 15, 14, 13], "texture": "#rail"}
			}
		},
		{
			"from": [14, 0, 5],
			"to": [15, 0.5, 7],
			"faces": {
				"north": {"uv": [14, 13, 15, 13.5], "texture": "#rail"},
				"east": {"uv": [14, 13, 15, 15], "rotation": 90, "texture": "#rail"},
				"south": {"uv": [14, 14, 15, 15], "texture": "#rail"},
				"west": {"uv": [14, 13, 15, 15], "rotation": 270, "texture": "#rail"},
				"up": {"uv": [14, 13, 15, 15], "texture": "#rail"},
				"down": {"uv": [15, 15, 14, 13], "texture": "#rail"}
			}
		},
		{
			"from": [1, 0, 9],
			"to": [2, 0.5, 11],
			"faces": {
				"north": {"uv": [14, 13, 15, 13.5], "texture": "#rail"},
				"east": {"uv": [14, 13, 15, 15], "rotation": 90, "texture": "#rail"},
				"south": {"uv": [14, 14, 15, 15], "texture": "#rail"},
				"west": {"uv": [14, 13, 15, 15], "rotation": 270, "texture": "#rail"},
				"up": {"uv": [14, 13, 15, 15], "texture": "#rail"},
				"down": {"uv": [15, 15, 14, 13], "texture": "#rail"}
			}
		},
		{
			"from": [14, 0, 9],
			"to": [15, 0.5, 11],
			"faces": {
				"north": {"uv": [14, 13, 15, 13.5], "texture": "#rail"},
				"east": {"uv": [14, 13, 15, 15], "rotation": 90, "texture": "#rail"},
				"south": {"uv": [14, 14, 15, 15], "texture": "#rail"},
				"west": {"uv": [14, 13, 15, 15], "rotation": 270, "texture": "#rail"},
				"up": {"uv": [14, 13, 15, 15], "texture": "#rail"},
				"down": {"uv": [15, 15, 14, 13], "texture": "#rail"}
			}
		},
		{
			"from": [1, 0, 13],
			"to": [2, 0.5, 15],
			"faces": {
				"north": {"uv": [14, 13, 15, 13.5], "texture": "#rail"},
				"east": {"uv": [14, 13, 15, 15], "rotation": 90, "texture": "#rail"},
				"south": {"uv": [14, 14, 15, 15], "texture": "#rail"},
				"west": {"uv": [14, 13, 15, 15], "rotation": 270, "texture": "#rail"},
				"up": {"uv": [14, 13, 15, 15], "texture": "#rail"},
				"down": {"uv": [15, 15, 14, 13], "texture": "#rail"}
			}
		},
		{
			"from": [14, 0, 13],
			"to": [15, 0.5, 15],
			"faces": {
				"north": {"uv": [14, 13, 15, 13.5], "texture": "#rail"},
				"east": {"uv": [14, 13, 15, 15], "rotation": 90, "texture": "#rail"},
				"south": {"uv": [14, 14, 15, 15], "texture": "#rail"},
				"west": {"uv": [14, 13, 15, 15], "rotation": 270, "texture": "#rail"},
				"up": {"uv": [14, 13, 15, 15], "texture": "#rail"},
				"down": {"uv": [15, 15, 14, 13], "texture": "#rail"}
			}
		}
	],
	"display": {
		"thirdperson_righthand": {
			"rotation": [78, 27, 29],
			"translation": [-1.75, 0.25, 3.5],
			"scale": [0.4, 0.4, 0.4]
		},
		"thirdperson_lefthand": {
			"rotation": [78, 27, 29],
			"translation": [-1.75, 0.25, 3.5],
			"scale": [0.4, 0.4, 0.4]
		},
		"firstperson_righthand": {
			"rotation": [75, 6, 75],
			"translation": [-3.75, 1.5, 1],
			"scale": [0.68, 0.68, 0.68]
		},
		"firstperson_lefthand": {
			"rotation": [75, 6, 75],
			"translation": [-3.75, 1.5, 1],
			"scale": [0.68, 0.68, 0.68]
		},
		"ground": {
			"translation": [0, 2, 0],
			"scale": [0.6, 0.6, 0.6]
		},
		"gui": {
			"rotation": [30, 225, 0],
			"scale": [0.625, 0.625, 0.625]
		},
		"head": {
			"rotation": [0, 180, 0],
			"translation": [0, 13, 7]
		},
		"fixed": {
			"rotation": [0, 180, 0],
			"translation": [0, 8, 0]
		}
	}
}