{
	"credit": "Made by Ecorn",
	"ambientocclusion": false,
	"textures": {
		"1": "block/redstone_lamp",
		"2": "block/redstone_dust_line0",
		"particle": "block/redstone_dust_line0"
	},
	"elements": [
		{
			"from": [6.5, 0.5, 0],
			"to": [9.5, 1, 8],
			"faces": {
				"north": {"uv": [6, 0, 10, 0.25], "texture": "#2", "tintindex": 0},
				"east": {"uv": [6, 0, 6.25, 8], "rotation": 90, "texture": "#2", "tintindex": 0},
				"south": {"uv": [6, 0, 10, 0.25], "texture": "#2", "tintindex": 0},
				"west": {"uv": [9.75, 0, 10, 8], "rotation": 90, "texture": "#2", "tintindex": 0},
				"up": {"uv": [6, 0, 10, 8], "texture": "#2", "tintindex": 0},
				"down": {"uv": [6, 0, 10, 8], "texture": "#2", "tintindex": 0}
			}
		},
		{
			"from": [6, 0, 0],
			"to": [10, 0.5, 8],
			"rotation": {"angle": 0, "axis": "y", "origin": [8, 0.25, 12]},
			"faces": {
				"north": {"uv": [9, 15.5, 7, 16], "texture": "#1"},
				"east": {"uv": [9, 8, 8.5, 16], "rotation": 270, "texture": "#1"},
				"south": {"uv": [9, 8, 7, 8.5], "texture": "#1"},
				"west": {"uv": [7.5, 8, 7, 16], "rotation": 90, "texture": "#1"},
				"up": {"uv": [9, 8, 7, 16], "rotation": 180, "texture": "#1"},
				"down": {"uv": [9, 8, 7, 16], "rotation": 180, "texture": "#1"}
			}
		}
	]
}