{
	"credit": "Made by Ecorn",
	"ambientocclusion": false,
	"textures": {
		"1": "block/redstone_lamp",
		"2": "block/redstone_dust_line1",
		"particle": "block/redstone_dust_line1"
	},
	"elements": [
		{
			"from": [6, 0, 8],
			"to": [10, 0.5, 16],
			"faces": {
				"north": {"uv": [7, 8, 9, 8.5], "texture": "#1"},
				"east": {"uv": [8, 8, 8.5, 16], "rotation": 90, "texture": "#1"},
				"south": {"uv": [7, 15.5, 9, 16], "texture": "#1"},
				"west": {"uv": [7.5, 8, 8, 16], "rotation": 270, "texture": "#1"},
				"up": {"uv": [7, 8, 9, 16], "texture": "#1"},
				"down": {"uv": [7, 8, 9, 16], "texture": "#1"}
			}
		},
		{
			"from": [6.5, 0.5, 8],
			"to": [9.5, 1, 16],
			"faces": {
				"north": {"uv": [6, 0, 10, 0.25], "texture": "#2", "tintindex": 0},
				"east": {"uv": [6, 0, 6.25, 8], "texture": "#2", "tintindex": 0},
				"south": {"uv": [6, 0, 10, 0.25], "texture": "#2", "tintindex": 0},
				"west": {"uv": [9.75, 0, 10, 8], "rotation": 90, "texture": "#2", "tintindex": 0},
				"up": {"uv": [6, 0, 10, 8], "texture": "#2", "tintindex": 0},
				"down": {"uv": [6, 0, 10, 8], "texture": "#2", "tintindex": 0}
			}
		}
	]
}