{
	"credit": "Made by Ecorn",
	"ambientocclusion": false,
	"textures": {
		"1": "block/redstone_lamp",
		"particle": "block/redstone_lamp",
		"line": "block/redstone_dust_line1"
	},
	"elements": [
		{
			"from": [6, 0, 0],
			"to": [10, 16, 0.5],
			"faces": {
				"north": {"uv": [7, 0, 9, 16], "texture": "#1"},
				"east": {"uv": [8, 0, 8.5, 16], "texture": "#1"},
				"south": {"uv": [7, 0, 9, 16], "texture": "#1"},
				"west": {"uv": [7, 0, 7.5, 16], "texture": "#1"},
				"up": {"uv": [7, 0, 9, 0.5], "texture": "#1"},
				"down": {"uv": [7, 15.5, 9, 16], "texture": "#1"}
			}
		},
		{
			"from": [6, 16, 0],
			"to": [10, 16.5, 0.5],
			"faces": {
				"north": {"uv": [7, 0, 9, 0.5], "texture": "#1"},
				"east": {"uv": [8, 0, 8.5, 0.5], "texture": "#1"},
				"south": {"uv": [7, 0, 9, 0.5], "texture": "#1"},
				"west": {"uv": [7, 0, 7.5, 0.5], "texture": "#1"},
				"up": {"uv": [7, 0, 9, 0.5], "texture": "#1"},
				"down": {"uv": [7, 0.5, 9, 1], "texture": "#1"}
			}
		},
		{
			"from": [6.5, 0, 0.5],
			"to": [9.5, 17, 1],
			"faces": {
				"north": {"uv": [6, 0, 10, 16], "texture": "#line", "tintindex": 0},
				"east": {"uv": [6, 0, 6.25, 16], "texture": "#line", "tintindex": 0},
				"south": {"uv": [6, 0, 10, 16], "texture": "#line", "tintindex": 0},
				"west": {"uv": [6, 0, 6.25, 16], "texture": "#line", "tintindex": 0},
				"up": {"uv": [6, 0, 10, 0.25], "texture": "#line", "tintindex": 0},
				"down": {"uv": [6, 0, 10, 0.25], "texture": "#line", "tintindex": 0}
			}
		},
		{
			"from": [6.5, 16.5, 0],
			"to": [9.5, 17, 0.5],
			"faces": {
				"north": {"uv": [6, 0, 10, 16], "texture": "#line", "tintindex": 0},
				"east": {"uv": [6, 0, 6.25, 16], "texture": "#line", "tintindex": 0},
				"south": {"uv": [6, 0, 10, 16], "texture": "#line", "tintindex": 0},
				"west": {"uv": [6, 0, 6.25, 16], "texture": "#line", "tintindex": 0},
				"up": {"uv": [6, 0, 10, 0.25], "texture": "#line", "tintindex": 0},
				"down": {"uv": [6, 0, 10, 0.25], "texture": "#line", "tintindex": 0}
			}
		}
	]
}