{
	"credit": "Made by Ecorn",
	"ambientocclusion": false,
	"textures": {
		"1": "block/redstone_lamp",
		"particle": "block/redstone_dust_dot",
		"line": "block/redstone_dust_dot"
	},
	"elements": [
		{
			"from": [6, 1, 6],
			"to": [10, 1.5, 10],
			"faces": {
				"north": {"uv": [6, 6, 10, 6.5], "texture": "#line", "tintindex": 0},
				"east": {"uv": [6, 6, 10, 6.5], "texture": "#line", "tintindex": 0},
				"south": {"uv": [6, 6, 10, 6.5], "texture": "#line", "tintindex": 0},
				"west": {"uv": [6, 6, 10, 6.5], "texture": "#line", "tintindex": 0},
				"up": {"uv": [6, 6, 10, 10], "texture": "#line", "tintindex": 0},
				"down": {"uv": [6, 6, 10, 10], "texture": "#line", "tintindex": 0}
			}
		},
		{
			"from": [5.5, 0, 5.5],
			"to": [10.5, 0.99, 10.5],
			"faces": {
				"north": {"uv": [14, 16, 16, 15], "texture": "#1"},
				"east": {"uv": [7, 16, 9, 15], "texture": "#1"},
				"south": {"uv": [4, 16, 6, 15], "texture": "#1"},
				"west": {"uv": [2, 1, 4, 0], "texture": "#1"},
				"up": {"uv": [7, 0, 9, 2], "texture": "#1"},
				"down": {"uv": [7, 14, 9, 16], "texture": "#1"}
			}
		},
		{
			"from": [5.5, 1, 7.5],
			"to": [10.5, 2, 8.5],
			"rotation": {"angle": 0, "axis": "y", "origin": [8, 1.5, 8]},
			"faces": {
				"north": {"uv": [4, 0, 10, 1], "texture": "#1"},
				"east": {"uv": [0, 0, 1, 1], "texture": "#1"},
				"south": {"uv": [0, 0, 6, 1], "texture": "#1"},
				"west": {"uv": [0, 0, 1, 1], "texture": "#1"},
				"up": {"uv": [0, 4, 1, 10], "rotation": 90, "texture": "#1"},
				"down": {"uv": [0, 0, 6, 1], "texture": "#1"}
			}
		},
		{
			"from": [7.5, 1, 5.5],
			"to": [8.5, 2, 10.5],
			"rotation": {"angle": 0, "axis": "y", "origin": [8, 1.5, 8]},
			"faces": {
				"north": {"uv": [9, 0, 10, 1], "texture": "#1"},
				"east": {"uv": [8, 0, 14, 1], "texture": "#1"},
				"south": {"uv": [9, 0, 10, 1], "texture": "#1"},
				"west": {"uv": [8, 15, 14, 16], "texture": "#1"},
				"up": {"uv": [0, 3, 1, 9], "rotation": 180, "texture": "#1"},
				"down": {"uv": [9, 0, 15, 1], "rotation": 90, "texture": "#1"}
			}
		}
	]
}